<?xml version="1.0" encoding="utf-8"?>
<gpx version="1.1" creator="Track4Trek sample library" xmlns="http://www.topografix.com/GPX/1/1">
  <metadata>
    <name>珠峰东坡</name>
  </metadata>
  <rte>
    <name>珠峰东坡</name>
    <rtept lat="28.080197" lon="87.314361">
      <ele>3755.0</ele>
    </rtept>
    <rtept lat="28.08013" lon="87.314365">
      <ele>3756.0</ele>
    </rtept>
    <rtept lat="28.08013" lon="87.314365">
      <ele>3756.0</ele>
    </rtept>
    <rtept lat="28.080009" lon="87.31431">
      <ele>3756.0</ele>
    </rtept>
    <rtept lat="28.080009" lon="87.31431">
      <ele>3756.0</ele>
    </rtept>
    <rtept lat="28.079973" lon="87.314282">
      <ele>3755.0</ele>
    </rtept>
    <rtept lat="28.079898" lon="87.314211">
      <ele>3755.0</ele>
    </rtept>
    <rtept lat="28.079832" lon="87.314128">
      <ele>3757.0</ele>
    </rtept>
    <rtept lat="28.079772" lon="87.314031">
      <ele>3757.0</ele>
    </rtept>
    <rtept lat="28.079742" lon="87.313978">
      <ele>3757.0</ele>
    </rtept>
    <rtept lat="28.079696" lon="87.313897">
      <ele>3757.0</ele>
    </rtept>
    <rtept lat="28.079655" lon="87.313802">
      <ele>3757.0</ele>
    </rtept>
    <rtept lat="28.079619" lon="87.313697">
      <ele>3763.0</ele>
    </rtept>
    <rtept lat="28.079593" lon="87.313587">
      <ele>3763.0</ele>
    </rtept>
    <rtept lat="28.079574" lon="87.313473">
      <ele>3753.0</ele>
    </rtept>
    <rtept lat="28.079558" lon="87.313357">
      <ele>3755.0</ele>
    </rtept>
    <rtept lat="28.079539" lon="87.313252">
      <ele>3755.0</ele>
    </rtept>
    <rtept lat="28.079521" lon="87.313149">
      <ele>3756.0</ele>
    </rtept>
    <rtept lat="28.079507" lon="87.313046">
      <ele>3756.0</ele>
    </rtept>
    <rtept lat="28.079496" lon="87.312933">
      <ele>3756.0</ele>
    </rtept>
    <rtept lat="28.079478" lon="87.312824">
      <ele>3757.0</ele>
    </rtept>
    <rtept lat="28.079463" lon="87.312714">
      <ele>3757.0</ele>
    </rtept>
    <rtept lat="28.079451" lon="87.312602">
      <ele>3753.0</ele>
    </rtept>
    <rtept lat="28.079443" lon="87.31249">
      <ele>3753.0</ele>
    </rtept>
    <rtept lat="28.079432" lon="87.312381">
      <ele>3753.0</ele>
    </rtept>
    <rtept lat="28.079423" lon="87.312273">
      <ele>3753.0</ele>
    </rtept>
    <rtept lat="28.079418" lon="87.312155">
      <ele>3753.0</ele>
    </rtept>
    <rtept lat="28.079408" lon="87.312049">
      <ele>3751.0</ele>
    </rtept>
    <rtept lat="28.079397" lon="87.311971">
      <ele>3751.0</ele>
    </rtept>
    <rtept lat="28.079369" lon="87.311871">
      <ele>3751.0</ele>
    </rtept>
    <rtept lat="28.07933" lon="87.311771">
      <ele>3752.0</ele>
    </rtept>
    <rtept lat="28.079288" lon="87.311677">
      <ele>3757.0</ele>
    </rtept>
    <rtept lat="28.079221" lon="87.311586">
      <ele>3757.0</ele>
    </rtept>
    <rtept lat="28.079142" lon="87.311507">
      <ele>3759.0</ele>
    </rtept>
    <rtept lat="28.079065" lon="87.311417">
      <ele>3759.0</ele>
    </rtept>
    <rtept lat="28.079017" lon="87.311325">
      <ele>3763.0</ele>
    </rtept>
    <rtept lat="28.07899" lon="87.311212">
      <ele>3768.0</ele>
    </rtept>
    <rtept lat="28.078988" lon="87.311094">
      <ele>3768.0</ele>
    </rtept>
    <rtept lat="28.078996" lon="87.310971">
      <ele>3764.0</ele>
    </rtept>
    <rtept lat="28.079014" lon="87.310848">
      <ele>3764.0</ele>
    </rtept>
    <rtept lat="28.079033" lon="87.310722">
      <ele>3761.0</ele>
    </rtept>
    <rtept lat="28.079049" lon="87.310615">
      <ele>3758.0</ele>
    </rtept>
    <rtept lat="28.079061" lon="87.310501">
      <ele>3758.0</ele>
    </rtept>
    <rtept lat="28.07908" lon="87.310388">
      <ele>3761.0</ele>
    </rtept>
    <rtept lat="28.079096" lon="87.310281">
      <ele>3761.0</ele>
    </rtept>
    <rtept lat="28.079109" lon="87.310175">
      <ele>3761.0</ele>
    </rtept>
    <rtept lat="28.07912" lon="87.310065">
      <ele>3762.0</ele>
    </rtept>
    <rtept lat="28.079134" lon="87.309953">
      <ele>3762.0</ele>
    </rtept>
    <rtept lat="28.079144" lon="87.30984">
      <ele>3765.0</ele>
    </rtept>
    <rtept lat="28.079154" lon="87.309726">
      <ele>3765.0</ele>
    </rtept>
    <rtept lat="28.079165" lon="87.309614">
      <ele>3765.0</ele>
    </rtept>
    <rtept lat="28.07918" lon="87.309503">
      <ele>3770.0</ele>
    </rtept>
    <rtept lat="28.079153" lon="87.309403">
      <ele>3770.0</ele>
    </rtept>
    <rtept lat="28.079094" lon="87.309325">
      <ele>3770.0</ele>
    </rtept>
    <rtept lat="28.079012" lon="87.30927">
      <ele>3775.0</ele>
    </rtept>
    <rtept lat="28.078951" lon="87.309186">
      <ele>3775.0</ele>
    </rtept>
    <rtept lat="28.078919" lon="87.309078">
      <ele>3775.0</ele>
    </rtept>
    <rtept lat="28.078918" lon="87.30897">
      <ele>3773.0</ele>
    </rtept>
    <rtept lat="28.0789" lon="87.308868">
      <ele>3773.0</ele>
    </rtept>
    <rtept lat="28.078861" lon="87.308774">
      <ele>3773.0</ele>
    </rtept>
    <rtept lat="28.078812" lon="87.308672">
      <ele>3768.0</ele>
    </rtept>
    <rtept lat="28.078751" lon="87.308575">
      <ele>3768.0</ele>
    </rtept>
    <rtept lat="28.078696" lon="87.308474">
      <ele>3781.0</ele>
    </rtept>
    <rtept lat="28.078655" lon="87.308367">
      <ele>3777.0</ele>
    </rtept>
    <rtept lat="28.078612" lon="87.308263">
      <ele>3777.0</ele>
    </rtept>
    <rtept lat="28.078571" lon="87.308166">
      <ele>3773.0</ele>
    </rtept>
    <rtept lat="28.078537" lon="87.30807">
      <ele>3773.0</ele>
    </rtept>
    <rtept lat="28.078508" lon="87.307965">
      <ele>3773.0</ele>
    </rtept>
    <rtept lat="28.078468" lon="87.307868">
      <ele>3778.0</ele>
    </rtept>
    <rtept lat="28.078443" lon="87.307757">
      <ele>3778.0</ele>
    </rtept>
    <rtept lat="28.078441" lon="87.307652">
      <ele>3778.0</ele>
    </rtept>
    <rtept lat="28.078443" lon="87.307546">
      <ele>3780.0</ele>
    </rtept>
    <rtept lat="28.078436" lon="87.307438">
      <ele>3780.0</ele>
    </rtept>
    <rtept lat="28.078422" lon="87.307329">
      <ele>3776.0</ele>
    </rtept>
    <rtept lat="28.078408" lon="87.307216">
      <ele>3776.0</ele>
    </rtept>
    <rtept lat="28.078392" lon="87.307102">
      <ele>3776.0</ele>
    </rtept>
    <rtept lat="28.078374" lon="87.306993">
      <ele>3788.0</ele>
    </rtept>
    <rtept lat="28.078355" lon="87.306886">
      <ele>3788.0</ele>
    </rtept>
    <rtept lat="28.078324" lon="87.306783">
      <ele>3789.0</ele>
    </rtept>
    <rtept lat="28.078288" lon="87.306685">
      <ele>3789.0</ele>
    </rtept>
    <rtept lat="28.078251" lon="87.306586">
      <ele>3789.0</ele>
    </rtept>
    <rtept lat="28.078227" lon="87.306485">
      <ele>3786.0</ele>
    </rtept>
    <rtept lat="28.078213" lon="87.306375">
      <ele>3786.0</ele>
    </rtept>
    <rtept lat="28.078214" lon="87.30626">
      <ele>3786.0</ele>
    </rtept>
    <rtept lat="28.078227" lon="87.306146">
      <ele>3786.0</ele>
    </rtept>
    <rtept lat="28.078241" lon="87.306034">
      <ele>3786.0</ele>
    </rtept>
    <rtept lat="28.07825" lon="87.305925">
      <ele>3787.0</ele>
    </rtept>
    <rtept lat="28.078252" lon="87.305812">
      <ele>3787.0</ele>
    </rtept>
    <rtept lat="28.07825" lon="87.305697">
      <ele>3787.0</ele>
    </rtept>
    <rtept lat="28.078244" lon="87.305582">
      <ele>3785.0</ele>
    </rtept>
    <rtept lat="28.078231" lon="87.305471">
      <ele>3785.0</ele>
    </rtept>
    <rtept lat="28.0782" lon="87.30537">
      <ele>3780.0</ele>
    </rtept>
    <rtept lat="28.078184" lon="87.305309">
      <ele>3789.0</ele>
    </rtept>
    <rtept lat="28.078159" lon="87.305221">
      <ele>3789.0</ele>
    </rtept>
    <rtept lat="28.078132" lon="87.305114">
      <ele>3782.0</ele>
    </rtept>
    <rtept lat="28.078117" lon="87.304999">
      <ele>3782.0</ele>
    </rtept>
    <rtept lat="28.078119" lon="87.304877">
      <ele>3782.0</ele>
    </rtept>
    <rtept lat="28.07813" lon="87.304759">
      <ele>3780.0</ele>
    </rtept>
    <rtept lat="28.078152" lon="87.304651">
      <ele>3780.0</ele>
    </rtept>
    <rtept lat="28.078163" lon="87.304617">
      <ele>3780.0</ele>
    </rtept>
    <rtept lat="28.078211" lon="87.304556">
      <ele>3781.0</ele>
    </rtept>
    <rtept lat="28.078236" lon="87.304465">
      <ele>3781.0</ele>
    </rtept>
    <rtept lat="28.078243" lon="87.304354">
      <ele>3781.0</ele>
    </rtept>
    <rtept lat="28.078237" lon="87.304234">
      <ele>3795.0</ele>
    </rtept>
    <rtept lat="28.078256" lon="87.304124">
      <ele>3795.0</ele>
    </rtept>
    <rtept lat="28.078249" lon="87.30402">
      <ele>3806.0</ele>
    </rtept>
    <rtept lat="28.078237" lon="87.303918">
      <ele>3806.0</ele>
    </rtept>
    <rtept lat="28.078217" lon="87.303815">
      <ele>3806.0</ele>
    </rtept>
    <rtept lat="28.078175" lon="87.303723">
      <ele>3816.0</ele>
    </rtept>
    <rtept lat="28.078117" lon="87.30363">
      <ele>3816.0</ele>
    </rtept>
    <rtept lat="28.078054" lon="87.303539">
      <ele>3816.0</ele>
    </rtept>
    <rtept lat="28.077978" lon="87.303468">
      <ele>3821.0</ele>
    </rtept>
    <rtept lat="28.077905" lon="87.303383">
      <ele>3830.0</ele>
    </rtept>
    <rtept lat="28.077842" lon="87.303292">
      <ele>3830.0</ele>
    </rtept>
    <rtept lat="28.07779" lon="87.303195">
      <ele>3830.0</ele>
    </rtept>
    <rtept lat="28.077735" lon="87.303102">
      <ele>3826.0</ele>
    </rtept>
    <rtept lat="28.077697" lon="87.302998">
      <ele>3826.0</ele>
    </rtept>
    <rtept lat="28.077682" lon="87.302888">
      <ele>3807.0</ele>
    </rtept>
    <rtept lat="28.077685" lon="87.302819">
      <ele>3807.0</ele>
    </rtept>
    <rtept lat="28.077686" lon="87.302722">
      <ele>3807.0</ele>
    </rtept>
    <rtept lat="28.077682" lon="87.302608">
      <ele>3809.0</ele>
    </rtept>
    <rtept lat="28.077686" lon="87.302489">
      <ele>3809.0</ele>
    </rtept>
    <rtept lat="28.077709" lon="87.302375">
      <ele>3809.0</ele>
    </rtept>
    <rtept lat="28.077729" lon="87.302267">
      <ele>3803.0</ele>
    </rtept>
    <rtept lat="28.07776" lon="87.302166">
      <ele>3803.0</ele>
    </rtept>
    <rtept lat="28.077802" lon="87.302059">
      <ele>3812.0</ele>
    </rtept>
    <rtept lat="28.07784" lon="87.301947">
      <ele>3812.0</ele>
    </rtept>
    <rtept lat="28.077879" lon="87.301841">
      <ele>3812.0</ele>
    </rtept>
    <rtept lat="28.077934" lon="87.301744">
      <ele>3806.0</ele>
    </rtept>
    <rtept lat="28.077976" lon="87.301645">
      <ele>3806.0</ele>
    </rtept>
    <rtept lat="28.077995" lon="87.301542">
      <ele>3806.0</ele>
    </rtept>
    <rtept lat="28.07799" lon="87.30143">
      <ele>3810.0</ele>
    </rtept>
    <rtept lat="28.077953" lon="87.301325">
      <ele>3810.0</ele>
    </rtept>
    <rtept lat="28.077883" lon="87.301248">
      <ele>3817.0</ele>
    </rtept>
    <rtept lat="28.077851" lon="87.301215">
      <ele>3817.0</ele>
    </rtept>
    <rtept lat="28.077781" lon="87.301184">
      <ele>3817.0</ele>
    </rtept>
    <rtept lat="28.077691" lon="87.301173">
      <ele>3817.0</ele>
    </rtept>
    <rtept lat="28.077587" lon="87.301163">
      <ele>3817.0</ele>
    </rtept>
    <rtept lat="28.07749" lon="87.30113">
      <ele>3817.0</ele>
    </rtept>
    <rtept lat="28.077403" lon="87.301084">
      <ele>3817.0</ele>
    </rtept>
    <rtept lat="28.077327" lon="87.301018">
      <ele>3818.0</ele>
    </rtept>
    <rtept lat="28.077259" lon="87.300936">
      <ele>3820.0</ele>
    </rtept>
    <rtept lat="28.077197" lon="87.300849">
      <ele>3820.0</ele>
    </rtept>
    <rtept lat="28.077136" lon="87.300754">
      <ele>3820.0</ele>
    </rtept>
    <rtept lat="28.077086" lon="87.300657">
      <ele>3818.0</ele>
    </rtept>
    <rtept lat="28.077051" lon="87.300559">
      <ele>3823.0</ele>
    </rtept>
    <rtept lat="28.077022" lon="87.300457">
      <ele>3823.0</ele>
    </rtept>
    <rtept lat="28.077005" lon="87.300341">
      <ele>3814.0</ele>
    </rtept>
    <rtept lat="28.076998" lon="87.30022">
      <ele>3814.0</ele>
    </rtept>
    <rtept lat="28.077002" lon="87.3001">
      <ele>3809.0</ele>
    </rtept>
    <rtept lat="28.077002" lon="87.299982">
      <ele>3809.0</ele>
    </rtept>
    <rtept lat="28.076991" lon="87.299876">
      <ele>3809.0</ele>
    </rtept>
    <rtept lat="28.076969" lon="87.299769">
      <ele>3811.0</ele>
    </rtept>
    <rtept lat="28.076938" lon="87.299665">
      <ele>3811.0</ele>
    </rtept>
    <rtept lat="28.076913" lon="87.299564">
      <ele>3813.0</ele>
    </rtept>
    <rtept lat="28.076899" lon="87.299451">
      <ele>3813.0</ele>
    </rtept>
    <rtept lat="28.076882" lon="87.299346">
      <ele>3813.0</ele>
    </rtept>
    <rtept lat="28.076859" lon="87.299247">
      <ele>3821.0</ele>
    </rtept>
    <rtept lat="28.076859" lon="87.299247">
      <ele>3821.0</ele>
    </rtept>
    <rtept lat="28.076832" lon="87.299141">
      <ele>3821.0</ele>
    </rtept>
    <rtept lat="28.076832" lon="87.299141">
      <ele>3821.0</ele>
    </rtept>
    <rtept lat="28.076777" lon="87.299044">
      <ele>3820.0</ele>
    </rtept>
    <rtept lat="28.076714" lon="87.298955">
      <ele>3826.0</ele>
    </rtept>
    <rtept lat="28.076643" lon="87.298866">
      <ele>3826.0</ele>
    </rtept>
    <rtept lat="28.076575" lon="87.298787">
      <ele>3826.0</ele>
    </rtept>
    <rtept lat="28.076513" lon="87.298709">
      <ele>3828.0</ele>
    </rtept>
    <rtept lat="28.076442" lon="87.298626">
      <ele>3828.0</ele>
    </rtept>
    <rtept lat="28.076387" lon="87.298541">
      <ele>3828.0</ele>
    </rtept>
    <rtept lat="28.076384" lon="87.298486">
      <ele>3828.0</ele>
    </rtept>
    <rtept lat="28.076332" lon="87.298419">
      <ele>3820.0</ele>
    </rtept>
    <rtept lat="28.076284" lon="87.298335">
      <ele>3820.0</ele>
    </rtept>
    <rtept lat="28.076233" lon="87.298241">
      <ele>3828.0</ele>
    </rtept>
    <rtept lat="28.076162" lon="87.298154">
      <ele>3828.0</ele>
    </rtept>
    <rtept lat="28.076092" lon="87.298058">
      <ele>3828.0</ele>
    </rtept>
    <rtept lat="28.076032" lon="87.297968">
      <ele>3828.0</ele>
    </rtept>
    <rtept lat="28.075992" lon="87.29787">
      <ele>3824.0</ele>
    </rtept>
    <rtept lat="28.075981" lon="87.297811">
      <ele>3824.0</ele>
    </rtept>
    <rtept lat="28.075961" lon="87.297727">
      <ele>3832.0</ele>
    </rtept>
    <rtept lat="28.075929" lon="87.297631">
      <ele>3828.0</ele>
    </rtept>
    <rtept lat="28.075887" lon="87.297532">
      <ele>3828.0</ele>
    </rtept>
    <rtept lat="28.075855" lon="87.297426">
      <ele>3828.0</ele>
    </rtept>
    <rtept lat="28.075826" lon="87.297318">
      <ele>3829.0</ele>
    </rtept>
    <rtept lat="28.075811" lon="87.29721">
      <ele>3829.0</ele>
    </rtept>
    <rtept lat="28.075796" lon="87.297097">
      <ele>3829.0</ele>
    </rtept>
    <rtept lat="28.075793" lon="87.29699">
      <ele>3831.0</ele>
    </rtept>
    <rtept lat="28.075774" lon="87.296887">
      <ele>3831.0</ele>
    </rtept>
    <rtept lat="28.075739" lon="87.296784">
      <ele>3833.0</ele>
    </rtept>
    <rtept lat="28.075699" lon="87.29668">
      <ele>3833.0</ele>
    </rtept>
    <rtept lat="28.075655" lon="87.296579">
      <ele>3846.0</ele>
    </rtept>
    <rtept lat="28.075613" lon="87.296477">
      <ele>3845.0</ele>
    </rtept>
    <rtept lat="28.075572" lon="87.296374">
      <ele>3845.0</ele>
    </rtept>
    <rtept lat="28.075558" lon="87.296257">
      <ele>3845.0</ele>
    </rtept>
    <rtept lat="28.075524" lon="87.296152">
      <ele>3844.0</ele>
    </rtept>
    <rtept lat="28.075472" lon="87.296053">
      <ele>3844.0</ele>
    </rtept>
    <rtept lat="28.075416" lon="87.295952">
      <ele>3856.0</ele>
    </rtept>
    <rtept lat="28.075385" lon="87.295843">
      <ele>3856.0</ele>
    </rtept>
    <rtept lat="28.075362" lon="87.295738">
      <ele>3856.0</ele>
    </rtept>
    <rtept lat="28.07534" lon="87.295636">
      <ele>3849.0</ele>
    </rtept>
    <rtept lat="28.07532" lon="87.29553">
      <ele>3849.0</ele>
    </rtept>
    <rtept lat="28.075295" lon="87.295426">
      <ele>3849.0</ele>
    </rtept>
    <rtept lat="28.075261" lon="87.295317">
      <ele>3845.0</ele>
    </rtept>
    <rtept lat="28.075214" lon="87.295221">
      <ele>3845.0</ele>
    </rtept>
    <rtept lat="28.075214" lon="87.295221">
      <ele>3845.0</ele>
    </rtept>
    <rtept lat="28.075209" lon="87.295105">
      <ele>3836.0</ele>
    </rtept>
    <rtept lat="28.075209" lon="87.295105">
      <ele>3836.0</ele>
    </rtept>
    <rtept lat="28.075183" lon="87.295005">
      <ele>3836.0</ele>
    </rtept>
    <rtept lat="28.075149" lon="87.294905">
      <ele>3836.0</ele>
    </rtept>
    <rtept lat="28.075134" lon="87.294792">
      <ele>3844.0</ele>
    </rtept>
    <rtept lat="28.075114" lon="87.294683">
      <ele>3844.0</ele>
    </rtept>
    <rtept lat="28.075108" lon="87.29457">
      <ele>3843.0</ele>
    </rtept>
    <rtept lat="28.075127" lon="87.294459">
      <ele>3843.0</ele>
    </rtept>
    <rtept lat="28.07515" lon="87.294352">
      <ele>3830.0</ele>
    </rtept>
    <rtept lat="28.075174" lon="87.294239">
      <ele>3838.0</ele>
    </rtept>
    <rtept lat="28.075193" lon="87.29413">
      <ele>3838.0</ele>
    </rtept>
    <rtept lat="28.075204" lon="87.294025">
      <ele>3842.0</ele>
    </rtept>
    <rtept lat="28.075209" lon="87.29391">
      <ele>3842.0</ele>
    </rtept>
    <rtept lat="28.075225" lon="87.293802">
      <ele>3842.0</ele>
    </rtept>
    <rtept lat="28.075232" lon="87.293693">
      <ele>3848.0</ele>
    </rtept>
    <rtept lat="28.075223" lon="87.29358">
      <ele>3848.0</ele>
    </rtept>
    <rtept lat="28.075195" lon="87.293471">
      <ele>3852.0</ele>
    </rtept>
    <rtept lat="28.075162" lon="87.293363">
      <ele>3852.0</ele>
    </rtept>
    <rtept lat="28.075112" lon="87.293273">
      <ele>3861.0</ele>
    </rtept>
    <rtept lat="28.075067" lon="87.293183">
      <ele>3863.0</ele>
    </rtept>
    <rtept lat="28.075005" lon="87.293093">
      <ele>3863.0</ele>
    </rtept>
    <rtept lat="28.074948" lon="87.293002">
      <ele>3863.0</ele>
    </rtept>
    <rtept lat="28.074907" lon="87.292899">
      <ele>3859.0</ele>
    </rtept>
    <rtept lat="28.074863" lon="87.292806">
      <ele>3859.0</ele>
    </rtept>
    <rtept lat="28.074809" lon="87.292722">
      <ele>3870.0</ele>
    </rtept>
    <rtept lat="28.074758" lon="87.292634">
      <ele>3864.0</ele>
    </rtept>
    <rtept lat="28.074697" lon="87.292547">
      <ele>3864.0</ele>
    </rtept>
    <rtept lat="28.074639" lon="87.292455">
      <ele>3864.0</ele>
    </rtept>
    <rtept lat="28.074585" lon="87.292361">
      <ele>3864.0</ele>
    </rtept>
    <rtept lat="28.074549" lon="87.29226">
      <ele>3876.0</ele>
    </rtept>
    <rtept lat="28.074505" lon="87.292158">
      <ele>3876.0</ele>
    </rtept>
    <rtept lat="28.074459" lon="87.29205">
      <ele>3871.0</ele>
    </rtept>
    <rtept lat="28.0744" lon="87.291959">
      <ele>3871.0</ele>
    </rtept>
    <rtept lat="28.074328" lon="87.291888">
      <ele>3871.0</ele>
    </rtept>
    <rtept lat="28.074255" lon="87.291825">
      <ele>3874.0</ele>
    </rtept>
    <rtept lat="28.074183" lon="87.291759">
      <ele>3865.0</ele>
    </rtept>
    <rtept lat="28.074107" lon="87.291698">
      <ele>3865.0</ele>
    </rtept>
    <rtept lat="28.07403" lon="87.291633">
      <ele>3865.0</ele>
    </rtept>
    <rtept lat="28.07396" lon="87.291565">
      <ele>3869.0</ele>
    </rtept>
    <rtept lat="28.073885" lon="87.291495">
      <ele>3865.0</ele>
    </rtept>
    <rtept lat="28.07382" lon="87.291417">
      <ele>3865.0</ele>
    </rtept>
    <rtept lat="28.073755" lon="87.291344">
      <ele>3865.0</ele>
    </rtept>
    <rtept lat="28.073698" lon="87.291265">
      <ele>3876.0</ele>
    </rtept>
    <rtept lat="28.073698" lon="87.291265">
      <ele>3876.0</ele>
    </rtept>
    <rtept lat="28.073634" lon="87.291193">
      <ele>3871.0</ele>
    </rtept>
    <rtept lat="28.073634" lon="87.291193">
      <ele>3871.0</ele>
    </rtept>
    <rtept lat="28.073566" lon="87.291113">
      <ele>3871.0</ele>
    </rtept>
    <rtept lat="28.073507" lon="87.291015">
      <ele>3871.0</ele>
    </rtept>
    <rtept lat="28.073464" lon="87.290912">
      <ele>3869.0</ele>
    </rtept>
    <rtept lat="28.073446" lon="87.290809">
      <ele>3869.0</ele>
    </rtept>
    <rtept lat="28.07344" lon="87.290702">
      <ele>3869.0</ele>
    </rtept>
    <rtept lat="28.073443" lon="87.290596">
      <ele>3864.0</ele>
    </rtept>
    <rtept lat="28.073441" lon="87.290485">
      <ele>3864.0</ele>
    </rtept>
    <rtept lat="28.073449" lon="87.290376">
      <ele>3860.0</ele>
    </rtept>
    <rtept lat="28.073442" lon="87.290273">
      <ele>3860.0</ele>
    </rtept>
    <rtept lat="28.073412" lon="87.290173">
      <ele>3860.0</ele>
    </rtept>
    <rtept lat="28.073362" lon="87.290074">
      <ele>3862.0</ele>
    </rtept>
    <rtept lat="28.073314" lon="87.289978">
      <ele>3862.0</ele>
    </rtept>
    <rtept lat="28.073276" lon="87.289871">
      <ele>3862.0</ele>
    </rtept>
    <rtept lat="28.073249" lon="87.289758">
      <ele>3866.0</ele>
    </rtept>
    <rtept lat="28.073238" lon="87.289644">
      <ele>3866.0</ele>
    </rtept>
    <rtept lat="28.073223" lon="87.289533">
      <ele>3872.0</ele>
    </rtept>
    <rtept lat="28.073228" lon="87.289426">
      <ele>3872.0</ele>
    </rtept>
    <rtept lat="28.073221" lon="87.289321">
      <ele>3872.0</ele>
    </rtept>
    <rtept lat="28.073217" lon="87.289211">
      <ele>3879.0</ele>
    </rtept>
    <rtept lat="28.073208" lon="87.289107">
      <ele>3879.0</ele>
    </rtept>
    <rtept lat="28.073195" lon="87.288999">
      <ele>3884.0</ele>
    </rtept>
    <rtept lat="28.073175" lon="87.288888">
      <ele>3886.0</ele>
    </rtept>
    <rtept lat="28.073148" lon="87.288773">
      <ele>3886.0</ele>
    </rtept>
    <rtept lat="28.073116" lon="87.288666">
      <ele>3891.0</ele>
    </rtept>
    <rtept lat="28.073081" lon="87.288552">
      <ele>3891.0</ele>
    </rtept>
    <rtept lat="28.073037" lon="87.288447">
      <ele>3895.0</ele>
    </rtept>
    <rtept lat="28.072988" lon="87.288352">
      <ele>3895.0</ele>
    </rtept>
    <rtept lat="28.072935" lon="87.288258">
      <ele>3895.0</ele>
    </rtept>
    <rtept lat="28.072879" lon="87.288169">
      <ele>3893.0</ele>
    </rtept>
    <rtept lat="28.072815" lon="87.288084">
      <ele>3893.0</ele>
    </rtept>
    <rtept lat="28.072745" lon="87.288006">
      <ele>3893.0</ele>
    </rtept>
    <rtept lat="28.072662" lon="87.287933">
      <ele>3893.0</ele>
    </rtept>
    <rtept lat="28.072585" lon="87.287866">
      <ele>3905.0</ele>
    </rtept>
    <rtept lat="28.072511" lon="87.287793">
      <ele>3905.0</ele>
    </rtept>
    <rtept lat="28.07244" lon="87.287718">
      <ele>3905.0</ele>
    </rtept>
    <rtept lat="28.072371" lon="87.287636">
      <ele>3898.0</ele>
    </rtept>
    <rtept lat="28.0723" lon="87.287548">
      <ele>3910.0</ele>
    </rtept>
    <rtept lat="28.072235" lon="87.287465">
      <ele>3910.0</ele>
    </rtept>
    <rtept lat="28.072181" lon="87.287381">
      <ele>3910.0</ele>
    </rtept>
    <rtept lat="28.072132" lon="87.287294">
      <ele>3900.0</ele>
    </rtept>
    <rtept lat="28.072086" lon="87.287196">
      <ele>3900.0</ele>
    </rtept>
    <rtept lat="28.072055" lon="87.287085">
      <ele>3911.0</ele>
    </rtept>
    <rtept lat="28.072025" lon="87.286968">
      <ele>3909.0</ele>
    </rtept>
    <rtept lat="28.071982" lon="87.286857">
      <ele>3909.0</ele>
    </rtept>
    <rtept lat="28.071923" lon="87.286766">
      <ele>3906.0</ele>
    </rtept>
    <rtept lat="28.071854" lon="87.286691">
      <ele>3906.0</ele>
    </rtept>
    <rtept lat="28.07178" lon="87.286624">
      <ele>3913.0</ele>
    </rtept>
    <rtept lat="28.071694" lon="87.286557">
      <ele>3913.0</ele>
    </rtept>
    <rtept lat="28.071614" lon="87.286491">
      <ele>3919.0</ele>
    </rtept>
    <rtept lat="28.071537" lon="87.286418">
      <ele>3919.0</ele>
    </rtept>
    <rtept lat="28.07147" lon="87.286333">
      <ele>3921.0</ele>
    </rtept>
    <rtept lat="28.071412" lon="87.286237">
      <ele>3918.0</ele>
    </rtept>
    <rtept lat="28.071357" lon="87.286137">
      <ele>3918.0</ele>
    </rtept>
    <rtept lat="28.071301" lon="87.286045">
      <ele>3918.0</ele>
    </rtept>
    <rtept lat="28.071245" lon="87.285957">
      <ele>3920.0</ele>
    </rtept>
    <rtept lat="28.071182" lon="87.285883">
      <ele>3920.0</ele>
    </rtept>
    <rtept lat="28.071108" lon="87.285805">
      <ele>3920.0</ele>
    </rtept>
    <rtept lat="28.07104" lon="87.285729">
      <ele>3920.0</ele>
    </rtept>
    <rtept lat="28.070975" lon="87.285656">
      <ele>3920.0</ele>
    </rtept>
    <rtept lat="28.070912" lon="87.285561">
      <ele>3931.0</ele>
    </rtept>
    <rtept lat="28.070877" lon="87.285502">
      <ele>3931.0</ele>
    </rtept>
    <rtept lat="28.070874" lon="87.285402">
      <ele>3926.0</ele>
    </rtept>
    <rtept lat="28.070875" lon="87.285296">
      <ele>3926.0</ele>
    </rtept>
    <rtept lat="28.07091" lon="87.285191">
      <ele>3926.0</ele>
    </rtept>
    <rtept lat="28.070946" lon="87.285082">
      <ele>3932.0</ele>
    </rtept>
    <rtept lat="28.070975" lon="87.284966">
      <ele>3912.0</ele>
    </rtept>
    <rtept lat="28.07099" lon="87.284855">
      <ele>3912.0</ele>
    </rtept>
    <rtept lat="28.071014" lon="87.284742">
      <ele>3912.0</ele>
    </rtept>
    <rtept lat="28.071043" lon="87.284629">
      <ele>3912.0</ele>
    </rtept>
    <rtept lat="28.071086" lon="87.284515">
      <ele>3925.0</ele>
    </rtept>
    <rtept lat="28.071122" lon="87.284444">
      <ele>3925.0</ele>
    </rtept>
    <rtept lat="28.071172" lon="87.284363">
      <ele>3925.0</ele>
    </rtept>
    <rtept lat="28.071228" lon="87.284282">
      <ele>3934.0</ele>
    </rtept>
    <rtept lat="28.071303" lon="87.284215">
      <ele>3915.0</ele>
    </rtept>
    <rtept lat="28.071367" lon="87.284136">
      <ele>3915.0</ele>
    </rtept>
    <rtept lat="28.071407" lon="87.284044">
      <ele>3915.0</ele>
    </rtept>
    <rtept lat="28.071403" lon="87.28394">
      <ele>3931.0</ele>
    </rtept>
    <rtept lat="28.07137" lon="87.283831">
      <ele>3931.0</ele>
    </rtept>
    <rtept lat="28.071324" lon="87.283722">
      <ele>3945.0</ele>
    </rtept>
    <rtept lat="28.071292" lon="87.283612">
      <ele>3945.0</ele>
    </rtept>
    <rtept lat="28.071275" lon="87.283493">
      <ele>3945.0</ele>
    </rtept>
    <rtept lat="28.071269" lon="87.283385">
      <ele>3943.0</ele>
    </rtept>
    <rtept lat="28.071278" lon="87.283283">
      <ele>3943.0</ele>
    </rtept>
    <rtept lat="28.071286" lon="87.283179">
      <ele>3947.0</ele>
    </rtept>
    <rtept lat="28.071286" lon="87.283075">
      <ele>3947.0</ele>
    </rtept>
    <rtept lat="28.071267" lon="87.282965">
      <ele>3947.0</ele>
    </rtept>
    <rtept lat="28.071215" lon="87.282871">
      <ele>3962.0</ele>
    </rtept>
    <rtept lat="28.071153" lon="87.282785">
      <ele>3962.0</ele>
    </rtept>
    <rtept lat="28.071085" lon="87.282705">
      <ele>3962.0</ele>
    </rtept>
    <rtept lat="28.071042" lon="87.282614">
      <ele>3967.0</ele>
    </rtept>
    <rtept lat="28.071014" lon="87.282518">
      <ele>3967.0</ele>
    </rtept>
    <rtept lat="28.070965" lon="87.282429">
      <ele>3974.0</ele>
    </rtept>
    <rtept lat="28.070901" lon="87.282354">
      <ele>3977.0</ele>
    </rtept>
    <rtept lat="28.070841" lon="87.282276">
      <ele>3977.0</ele>
    </rtept>
    <rtept lat="28.07078" lon="87.2822">
      <ele>3977.0</ele>
    </rtept>
    <rtept lat="28.070714" lon="87.282125">
      <ele>3977.0</ele>
    </rtept>
    <rtept lat="28.070641" lon="87.282062">
      <ele>3985.0</ele>
    </rtept>
    <rtept lat="28.070577" lon="87.281987">
      <ele>3985.0</ele>
    </rtept>
    <rtept lat="28.070511" lon="87.28191">
      <ele>3985.0</ele>
    </rtept>
    <rtept lat="28.070438" lon="87.281838">
      <ele>3985.0</ele>
    </rtept>
    <rtept lat="28.07037" lon="87.281761">
      <ele>3983.0</ele>
    </rtept>
    <rtept lat="28.07029" lon="87.281696">
      <ele>3983.0</ele>
    </rtept>
    <rtept lat="28.070222" lon="87.281619">
      <ele>3983.0</ele>
    </rtept>
    <rtept lat="28.070152" lon="87.281541">
      <ele>3983.0</ele>
    </rtept>
    <rtept lat="28.070085" lon="87.281467">
      <ele>3984.0</ele>
    </rtept>
    <rtept lat="28.070044" lon="87.281367">
      <ele>3984.0</ele>
    </rtept>
    <rtept lat="28.070001" lon="87.28126">
      <ele>3984.0</ele>
    </rtept>
    <rtept lat="28.069965" lon="87.281162">
      <ele>3992.0</ele>
    </rtept>
    <rtept lat="28.069947" lon="87.28105">
      <ele>3992.0</ele>
    </rtept>
    <rtept lat="28.069958" lon="87.280939">
      <ele>4003.0</ele>
    </rtept>
    <rtept lat="28.069977" lon="87.280818">
      <ele>4003.0</ele>
    </rtept>
    <rtept lat="28.069997" lon="87.280703">
      <ele>4003.0</ele>
    </rtept>
    <rtept lat="28.07" lon="87.280596">
      <ele>4011.0</ele>
    </rtept>
    <rtept lat="28.069936" lon="87.280531">
      <ele>4011.0</ele>
    </rtept>
    <rtept lat="28.069839" lon="87.280529">
      <ele>4020.0</ele>
    </rtept>
    <rtept lat="28.06974" lon="87.280514">
      <ele>4020.0</ele>
    </rtept>
    <rtept lat="28.069652" lon="87.280468">
      <ele>4020.0</ele>
    </rtept>
    <rtept lat="28.069585" lon="87.280388">
      <ele>4024.0</ele>
    </rtept>
    <rtept lat="28.069529" lon="87.280301">
      <ele>4036.0</ele>
    </rtept>
    <rtept lat="28.069479" lon="87.280204">
      <ele>4036.0</ele>
    </rtept>
    <rtept lat="28.069434" lon="87.280107">
      <ele>4046.0</ele>
    </rtept>
    <rtept lat="28.069384" lon="87.280017">
      <ele>4046.0</ele>
    </rtept>
    <rtept lat="28.069318" lon="87.279943">
      <ele>4046.0</ele>
    </rtept>
    <rtept lat="28.069252" lon="87.279871">
      <ele>4057.0</ele>
    </rtept>
    <rtept lat="28.069199" lon="87.279785">
      <ele>4064.0</ele>
    </rtept>
    <rtept lat="28.069147" lon="87.279701">
      <ele>4064.0</ele>
    </rtept>
    <rtept lat="28.069088" lon="87.27962">
      <ele>4064.0</ele>
    </rtept>
    <rtept lat="28.069025" lon="87.279545">
      <ele>4071.0</ele>
    </rtept>
    <rtept lat="28.068967" lon="87.279457">
      <ele>4071.0</ele>
    </rtept>
    <rtept lat="28.068911" lon="87.279373">
      <ele>4071.0</ele>
    </rtept>
    <rtept lat="28.068863" lon="87.279284">
      <ele>4065.0</ele>
    </rtept>
    <rtept lat="28.068835" lon="87.279187">
      <ele>4065.0</ele>
    </rtept>
    <rtept lat="28.068807" lon="87.279089">
      <ele>4065.0</ele>
    </rtept>
    <rtept lat="28.068769" lon="87.278994">
      <ele>4061.0</ele>
    </rtept>
    <rtept lat="28.068738" lon="87.278895">
      <ele>4065.0</ele>
    </rtept>
    <rtept lat="28.068702" lon="87.278801">
      <ele>4065.0</ele>
    </rtept>
    <rtept lat="28.068673" lon="87.278699">
      <ele>4069.0</ele>
    </rtept>
    <rtept lat="28.068627" lon="87.278607">
      <ele>4069.0</ele>
    </rtept>
    <rtept lat="28.06856" lon="87.278535">
      <ele>4069.0</ele>
    </rtept>
    <rtept lat="28.068496" lon="87.278458">
      <ele>4073.0</ele>
    </rtept>
    <rtept lat="28.068439" lon="87.278376">
      <ele>4089.0</ele>
    </rtept>
    <rtept lat="28.06838" lon="87.278298">
      <ele>4089.0</ele>
    </rtept>
    <rtept lat="28.068323" lon="87.278212">
      <ele>4089.0</ele>
    </rtept>
    <rtept lat="28.068266" lon="87.278129">
      <ele>4090.0</ele>
    </rtept>
    <rtept lat="28.068203" lon="87.278052">
      <ele>4090.0</ele>
    </rtept>
    <rtept lat="28.068147" lon="87.277964">
      <ele>4097.0</ele>
    </rtept>
    <rtept lat="28.06809" lon="87.27788">
      <ele>4092.0</ele>
    </rtept>
    <rtept lat="28.068044" lon="87.27779">
      <ele>4092.0</ele>
    </rtept>
    <rtept lat="28.067996" lon="87.277695">
      <ele>4092.0</ele>
    </rtept>
    <rtept lat="28.06794" lon="87.277604">
      <ele>4080.0</ele>
    </rtept>
    <rtept lat="28.067891" lon="87.277513">
      <ele>4075.0</ele>
    </rtept>
    <rtept lat="28.067818" lon="87.277586">
      <ele>4075.0</ele>
    </rtept>
    <rtept lat="28.067715" lon="87.277586">
      <ele>4075.0</ele>
    </rtept>
    <rtept lat="28.067622" lon="87.277599">
      <ele>4070.0</ele>
    </rtept>
    <rtept lat="28.067523" lon="87.277608">
      <ele>4070.0</ele>
    </rtept>
    <rtept lat="28.067427" lon="87.277625">
      <ele>4070.0</ele>
    </rtept>
    <rtept lat="28.067427" lon="87.277625">
      <ele>4070.0</ele>
    </rtept>
    <rtept lat="28.067427" lon="87.277625">
      <ele>4070.0</ele>
    </rtept>
    <rtept lat="28.067427" lon="87.277625">
      <ele>4070.0</ele>
    </rtept>
    <rtept lat="28.067337" lon="87.277632">
      <ele>4069.0</ele>
    </rtept>
    <rtept lat="28.067337" lon="87.277632">
      <ele>4069.0</ele>
    </rtept>
    <rtept lat="28.067228" lon="87.277638">
      <ele>4069.0</ele>
    </rtept>
    <rtept lat="28.067118" lon="87.277642">
      <ele>4079.0</ele>
    </rtept>
    <rtept lat="28.067021" lon="87.277639">
      <ele>4081.0</ele>
    </rtept>
    <rtept lat="28.066931" lon="87.277617">
      <ele>4065.0</ele>
    </rtept>
    <rtept lat="28.06683" lon="87.2776">
      <ele>4065.0</ele>
    </rtept>
    <rtept lat="28.066726" lon="87.277605">
      <ele>4070.0</ele>
    </rtept>
    <rtept lat="28.06669" lon="87.277611">
      <ele>4070.0</ele>
    </rtept>
    <rtept lat="28.066609" lon="87.27763">
      <ele>4070.0</ele>
    </rtept>
    <rtept lat="28.066521" lon="87.277656">
      <ele>4081.0</ele>
    </rtept>
    <rtept lat="28.066417" lon="87.277679">
      <ele>4081.0</ele>
    </rtept>
    <rtept lat="28.066316" lon="87.277698">
      <ele>4081.0</ele>
    </rtept>
    <rtept lat="28.066221" lon="87.277711">
      <ele>4081.0</ele>
    </rtept>
    <rtept lat="28.066121" lon="87.277719">
      <ele>4081.0</ele>
    </rtept>
    <rtept lat="28.066026" lon="87.277715">
      <ele>4081.0</ele>
    </rtept>
    <rtept lat="28.065925" lon="87.27772">
      <ele>4084.0</ele>
    </rtept>
    <rtept lat="28.065827" lon="87.277723">
      <ele>4084.0</ele>
    </rtept>
    <rtept lat="28.065732" lon="87.277719">
      <ele>4084.0</ele>
    </rtept>
    <rtept lat="28.065634" lon="87.277702">
      <ele>4084.0</ele>
    </rtept>
    <rtept lat="28.06559" lon="87.277682">
      <ele>4084.0</ele>
    </rtept>
    <rtept lat="28.065515" lon="87.27768">
      <ele>4084.0</ele>
    </rtept>
    <rtept lat="28.065419" lon="87.277688">
      <ele>4084.0</ele>
    </rtept>
    <rtept lat="28.065325" lon="87.277671">
      <ele>4088.0</ele>
    </rtept>
    <rtept lat="28.065233" lon="87.277668">
      <ele>4088.0</ele>
    </rtept>
    <rtept lat="28.065133" lon="87.277671">
      <ele>4099.0</ele>
    </rtept>
    <rtept lat="28.065039" lon="87.277647">
      <ele>4099.0</ele>
    </rtept>
    <rtept lat="28.064957" lon="87.277596">
      <ele>4098.0</ele>
    </rtept>
    <rtept lat="28.064889" lon="87.277523">
      <ele>4098.0</ele>
    </rtept>
    <rtept lat="28.064804" lon="87.277484">
      <ele>4096.0</ele>
    </rtept>
    <rtept lat="28.064708" lon="87.277478">
      <ele>4096.0</ele>
    </rtept>
    <rtept lat="28.064613" lon="87.277484">
      <ele>4096.0</ele>
    </rtept>
    <rtept lat="28.064521" lon="87.277508">
      <ele>4107.0</ele>
    </rtept>
    <rtept lat="28.064427" lon="87.277514">
      <ele>4107.0</ele>
    </rtept>
    <rtept lat="28.064334" lon="87.277531">
      <ele>4107.0</ele>
    </rtept>
    <rtept lat="28.064232" lon="87.277532">
      <ele>4106.0</ele>
    </rtept>
    <rtept lat="28.064168" lon="87.277466">
      <ele>4106.0</ele>
    </rtept>
    <rtept lat="28.064098" lon="87.277397">
      <ele>4106.0</ele>
    </rtept>
    <rtept lat="28.064021" lon="87.27734">
      <ele>4128.0</ele>
    </rtept>
    <rtept lat="28.06393" lon="87.27731">
      <ele>4128.0</ele>
    </rtept>
    <rtept lat="28.063844" lon="87.277262">
      <ele>4128.0</ele>
    </rtept>
    <rtept lat="28.063767" lon="87.277191">
      <ele>4128.0</ele>
    </rtept>
    <rtept lat="28.063693" lon="87.27712">
      <ele>4130.0</ele>
    </rtept>
    <rtept lat="28.063612" lon="87.277058">
      <ele>4133.0</ele>
    </rtept>
    <rtept lat="28.063546" lon="87.276983">
      <ele>4133.0</ele>
    </rtept>
    <rtept lat="28.063476" lon="87.276917">
      <ele>4133.0</ele>
    </rtept>
    <rtept lat="28.063389" lon="87.276873">
      <ele>4144.0</ele>
    </rtept>
    <rtept lat="28.063292" lon="87.276844">
      <ele>4144.0</ele>
    </rtept>
    <rtept lat="28.063194" lon="87.27684">
      <ele>4149.0</ele>
    </rtept>
    <rtept lat="28.063105" lon="87.276814">
      <ele>4149.0</ele>
    </rtept>
    <rtept lat="28.063014" lon="87.276781">
      <ele>4144.0</ele>
    </rtept>
    <rtept lat="28.062926" lon="87.276733">
      <ele>4144.0</ele>
    </rtept>
    <rtept lat="28.062838" lon="87.27669">
      <ele>4153.0</ele>
    </rtept>
    <rtept lat="28.062745" lon="87.276666">
      <ele>4153.0</ele>
    </rtept>
    <rtept lat="28.062648" lon="87.276655">
      <ele>4153.0</ele>
    </rtept>
    <rtept lat="28.062554" lon="87.276659">
      <ele>4166.0</ele>
    </rtept>
    <rtept lat="28.062462" lon="87.276665">
      <ele>4166.0</ele>
    </rtept>
    <rtept lat="28.062368" lon="87.276657">
      <ele>4166.0</ele>
    </rtept>
    <rtept lat="28.062273" lon="87.276645">
      <ele>4172.0</ele>
    </rtept>
    <rtept lat="28.062182" lon="87.276632">
      <ele>4172.0</ele>
    </rtept>
    <rtept lat="28.062087" lon="87.276623">
      <ele>4172.0</ele>
    </rtept>
    <rtept lat="28.061992" lon="87.276617">
      <ele>4190.0</ele>
    </rtept>
    <rtept lat="28.061896" lon="87.276599">
      <ele>4190.0</ele>
    </rtept>
    <rtept lat="28.061802" lon="87.27659">
      <ele>4196.0</ele>
    </rtept>
    <rtept lat="28.061709" lon="87.27656">
      <ele>4196.0</ele>
    </rtept>
    <rtept lat="28.061619" lon="87.276521">
      <ele>4186.0</ele>
    </rtept>
    <rtept lat="28.06153" lon="87.276473">
      <ele>4186.0</ele>
    </rtept>
    <rtept lat="28.061441" lon="87.27644">
      <ele>4196.0</ele>
    </rtept>
    <rtept lat="28.06135" lon="87.276402">
      <ele>4196.0</ele>
    </rtept>
    <rtept lat="28.061305" lon="87.276317">
      <ele>4196.0</ele>
    </rtept>
    <rtept lat="28.061266" lon="87.276215">
      <ele>4202.0</ele>
    </rtept>
    <rtept lat="28.061266" lon="87.276215">
      <ele>4202.0</ele>
    </rtept>
    <rtept lat="28.061199" lon="87.276147">
      <ele>4206.0</ele>
    </rtept>
    <rtept lat="28.061199" lon="87.276147">
      <ele>4206.0</ele>
    </rtept>
    <rtept lat="28.061129" lon="87.276081">
      <ele>4206.0</ele>
    </rtept>
    <rtept lat="28.061129" lon="87.276081">
      <ele>4206.0</ele>
    </rtept>
    <rtept lat="28.061057" lon="87.276">
      <ele>4206.0</ele>
    </rtept>
    <rtept lat="28.061057" lon="87.276">
      <ele>4206.0</ele>
    </rtept>
    <rtept lat="28.060982" lon="87.275936">
      <ele>4206.0</ele>
    </rtept>
    <rtept lat="28.060895" lon="87.275895">
      <ele>4215.0</ele>
    </rtept>
    <rtept lat="28.060799" lon="87.27587">
      <ele>4215.0</ele>
    </rtept>
    <rtept lat="28.0607" lon="87.275857">
      <ele>4215.0</ele>
    </rtept>
    <rtept lat="28.060609" lon="87.275835">
      <ele>4215.0</ele>
    </rtept>
    <rtept lat="28.060517" lon="87.275798">
      <ele>4215.0</ele>
    </rtept>
    <rtept lat="28.060427" lon="87.275773">
      <ele>4215.0</ele>
    </rtept>
    <rtept lat="28.060334" lon="87.275743">
      <ele>4224.0</ele>
    </rtept>
    <rtept lat="28.060245" lon="87.275708">
      <ele>4224.0</ele>
    </rtept>
    <rtept lat="28.060148" lon="87.275696">
      <ele>4224.0</ele>
    </rtept>
    <rtept lat="28.060047" lon="87.275686">
      <ele>4224.0</ele>
    </rtept>
    <rtept lat="28.059951" lon="87.275669">
      <ele>4224.0</ele>
    </rtept>
    <rtept lat="28.059857" lon="87.275653">
      <ele>4222.0</ele>
    </rtept>
    <rtept lat="28.059767" lon="87.275647">
      <ele>4222.0</ele>
    </rtept>
    <rtept lat="28.059678" lon="87.275624">
      <ele>4222.0</ele>
    </rtept>
    <rtept lat="28.059592" lon="87.275658">
      <ele>4222.0</ele>
    </rtept>
    <rtept lat="28.059497" lon="87.275687">
      <ele>4221.0</ele>
    </rtept>
    <rtept lat="28.059408" lon="87.275673">
      <ele>4221.0</ele>
    </rtept>
    <rtept lat="28.05934" lon="87.275598">
      <ele>4221.0</ele>
    </rtept>
    <rtept lat="28.059263" lon="87.275535">
      <ele>4224.0</ele>
    </rtept>
    <rtept lat="28.059174" lon="87.275501">
      <ele>4224.0</ele>
    </rtept>
    <rtept lat="28.059075" lon="87.275471">
      <ele>4224.0</ele>
    </rtept>
    <rtept lat="28.058972" lon="87.275476">
      <ele>4235.0</ele>
    </rtept>
    <rtept lat="28.058874" lon="87.275458">
      <ele>4235.0</ele>
    </rtept>
    <rtept lat="28.058777" lon="87.275433">
      <ele>4235.0</ele>
    </rtept>
    <rtept lat="28.058671" lon="87.27542">
      <ele>4240.0</ele>
    </rtept>
    <rtept lat="28.058573" lon="87.275402">
      <ele>4240.0</ele>
    </rtept>
    <rtept lat="28.058478" lon="87.275388">
      <ele>4240.0</ele>
    </rtept>
    <rtept lat="28.058385" lon="87.275379">
      <ele>4240.0</ele>
    </rtept>
    <rtept lat="28.05829" lon="87.275349">
      <ele>4240.0</ele>
    </rtept>
    <rtept lat="28.058203" lon="87.275306">
      <ele>4240.0</ele>
    </rtept>
    <rtept lat="28.05812" lon="87.275261">
      <ele>4248.0</ele>
    </rtept>
    <rtept lat="28.058027" lon="87.275237">
      <ele>4248.0</ele>
    </rtept>
    <rtept lat="28.057929" lon="87.275212">
      <ele>4248.0</ele>
    </rtept>
    <rtept lat="28.057835" lon="87.275174">
      <ele>4252.0</ele>
    </rtept>
    <rtept lat="28.057734" lon="87.275138">
      <ele>4255.0</ele>
    </rtept>
    <rtept lat="28.057707" lon="87.275122">
      <ele>4255.0</ele>
    </rtept>
    <rtept lat="28.057634" lon="87.275129">
      <ele>4241.0</ele>
    </rtept>
    <rtept lat="28.057539" lon="87.275147">
      <ele>4251.0</ele>
    </rtept>
    <rtept lat="28.057439" lon="87.275174">
      <ele>4251.0</ele>
    </rtept>
    <rtept lat="28.057331" lon="87.275181">
      <ele>4245.0</ele>
    </rtept>
    <rtept lat="28.057223" lon="87.275173">
      <ele>4245.0</ele>
    </rtept>
    <rtept lat="28.057126" lon="87.275175">
      <ele>4245.0</ele>
    </rtept>
    <rtept lat="28.057033" lon="87.275188">
      <ele>4242.0</ele>
    </rtept>
    <rtept lat="28.056933" lon="87.275204">
      <ele>4242.0</ele>
    </rtept>
    <rtept lat="28.05683" lon="87.275228">
      <ele>4242.0</ele>
    </rtept>
    <rtept lat="28.056732" lon="87.275264">
      <ele>4249.0</ele>
    </rtept>
    <rtept lat="28.056635" lon="87.275299">
      <ele>4249.0</ele>
    </rtept>
    <rtept lat="28.05654" lon="87.275322">
      <ele>4249.0</ele>
    </rtept>
    <rtept lat="28.056437" lon="87.275313">
      <ele>4255.0</ele>
    </rtept>
    <rtept lat="28.056338" lon="87.275296">
      <ele>4255.0</ele>
    </rtept>
    <rtept lat="28.056245" lon="87.275277">
      <ele>4261.0</ele>
    </rtept>
    <rtept lat="28.056149" lon="87.275287">
      <ele>4261.0</ele>
    </rtept>
    <rtept lat="28.056051" lon="87.275285">
      <ele>4261.0</ele>
    </rtept>
    <rtept lat="28.055961" lon="87.275309">
      <ele>4264.0</ele>
    </rtept>
    <rtept lat="28.055863" lon="87.275328">
      <ele>4264.0</ele>
    </rtept>
    <rtept lat="28.055756" lon="87.275337">
      <ele>4264.0</ele>
    </rtept>
    <rtept lat="28.055667" lon="87.275344">
      <ele>4266.0</ele>
    </rtept>
    <rtept lat="28.055576" lon="87.275322">
      <ele>4266.0</ele>
    </rtept>
    <rtept lat="28.05548" lon="87.275311">
      <ele>4266.0</ele>
    </rtept>
    <rtept lat="28.055382" lon="87.275306">
      <ele>4264.0</ele>
    </rtept>
    <rtept lat="28.05529" lon="87.275311">
      <ele>4264.0</ele>
    </rtept>
    <rtept lat="28.055235" lon="87.275382">
      <ele>4264.0</ele>
    </rtept>
    <rtept lat="28.055235" lon="87.275382">
      <ele>4264.0</ele>
    </rtept>
    <rtept lat="28.055235" lon="87.275382">
      <ele>4264.0</ele>
    </rtept>
    <rtept lat="28.055235" lon="87.275382">
      <ele>4264.0</ele>
    </rtept>
    <rtept lat="28.055229" lon="87.275301">
      <ele>4264.0</ele>
    </rtept>
    <rtept lat="28.055229" lon="87.275301">
      <ele>4264.0</ele>
    </rtept>
    <rtept lat="28.055148" lon="87.275252">
      <ele>4264.0</ele>
    </rtept>
    <rtept lat="28.055061" lon="87.275205">
      <ele>4262.0</ele>
    </rtept>
    <rtept lat="28.054968" lon="87.275196">
      <ele>4262.0</ele>
    </rtept>
    <rtept lat="28.054868" lon="87.275193">
      <ele>4262.0</ele>
    </rtept>
    <rtept lat="28.054771" lon="87.275182">
      <ele>4254.0</ele>
    </rtept>
    <rtept lat="28.054668" lon="87.275188">
      <ele>4254.0</ele>
    </rtept>
    <rtept lat="28.054577" lon="87.275216">
      <ele>4256.0</ele>
    </rtept>
    <rtept lat="28.054487" lon="87.275245">
      <ele>4256.0</ele>
    </rtept>
    <rtept lat="28.054424" lon="87.275317">
      <ele>4256.0</ele>
    </rtept>
    <rtept lat="28.054341" lon="87.275337">
      <ele>4256.0</ele>
    </rtept>
    <rtept lat="28.054254" lon="87.275356">
      <ele>4261.0</ele>
    </rtept>
    <rtept lat="28.054159" lon="87.275371">
      <ele>4261.0</ele>
    </rtept>
    <rtept lat="28.054066" lon="87.275382">
      <ele>4261.0</ele>
    </rtept>
    <rtept lat="28.053968" lon="87.27538">
      <ele>4274.0</ele>
    </rtept>
    <rtept lat="28.053881" lon="87.275333">
      <ele>4274.0</ele>
    </rtept>
    <rtept lat="28.053816" lon="87.275254">
      <ele>4274.0</ele>
    </rtept>
    <rtept lat="28.053742" lon="87.275179">
      <ele>4282.0</ele>
    </rtept>
    <rtept lat="28.053655" lon="87.275165">
      <ele>4282.0</ele>
    </rtept>
    <rtept lat="28.053566" lon="87.275177">
      <ele>4282.0</ele>
    </rtept>
    <rtept lat="28.053483" lon="87.275234">
      <ele>4282.0</ele>
    </rtept>
    <rtept lat="28.053391" lon="87.27525">
      <ele>4288.0</ele>
    </rtept>
    <rtept lat="28.053312" lon="87.275205">
      <ele>4288.0</ele>
    </rtept>
    <rtept lat="28.053223" lon="87.275177">
      <ele>4288.0</ele>
    </rtept>
    <rtept lat="28.053129" lon="87.275159">
      <ele>4299.0</ele>
    </rtept>
    <rtept lat="28.053037" lon="87.275161">
      <ele>4299.0</ele>
    </rtept>
    <rtept lat="28.052938" lon="87.275157">
      <ele>4299.0</ele>
    </rtept>
    <rtept lat="28.052841" lon="87.275168">
      <ele>4296.0</ele>
    </rtept>
    <rtept lat="28.052748" lon="87.275163">
      <ele>4296.0</ele>
    </rtept>
    <rtept lat="28.05266" lon="87.275196">
      <ele>4296.0</ele>
    </rtept>
    <rtept lat="28.052568" lon="87.275233">
      <ele>4308.0</ele>
    </rtept>
    <rtept lat="28.052568" lon="87.275233">
      <ele>4308.0</ele>
    </rtept>
    <rtept lat="28.052501" lon="87.275318">
      <ele>4308.0</ele>
    </rtept>
    <rtept lat="28.052501" lon="87.275318">
      <ele>4308.0</ele>
    </rtept>
    <rtept lat="28.052411" lon="87.27532">
      <ele>4308.0</ele>
    </rtept>
    <rtept lat="28.052319" lon="87.275319">
      <ele>4311.0</ele>
    </rtept>
    <rtept lat="28.052222" lon="87.275324">
      <ele>4311.0</ele>
    </rtept>
    <rtept lat="28.052133" lon="87.275303">
      <ele>4311.0</ele>
    </rtept>
    <rtept lat="28.052038" lon="87.275313">
      <ele>4311.0</ele>
    </rtept>
    <rtept lat="28.051942" lon="87.275309">
      <ele>4311.0</ele>
    </rtept>
    <rtept lat="28.051852" lon="87.27529">
      <ele>4311.0</ele>
    </rtept>
    <rtept lat="28.05176" lon="87.275265">
      <ele>4314.0</ele>
    </rtept>
    <rtept lat="28.051668" lon="87.275243">
      <ele>4314.0</ele>
    </rtept>
    <rtept lat="28.051572" lon="87.275235">
      <ele>4314.0</ele>
    </rtept>
    <rtept lat="28.051478" lon="87.275259">
      <ele>4316.0</ele>
    </rtept>
    <rtept lat="28.051387" lon="87.275294">
      <ele>4316.0</ele>
    </rtept>
    <rtept lat="28.05129" lon="87.275313">
      <ele>4316.0</ele>
    </rtept>
    <rtept lat="28.051198" lon="87.275328">
      <ele>4325.0</ele>
    </rtept>
    <rtept lat="28.051109" lon="87.275347">
      <ele>4325.0</ele>
    </rtept>
    <rtept lat="28.051015" lon="87.275356">
      <ele>4325.0</ele>
    </rtept>
    <rtept lat="28.050908" lon="87.275357">
      <ele>4335.0</ele>
    </rtept>
    <rtept lat="28.050884" lon="87.275367">
      <ele>4335.0</ele>
    </rtept>
    <rtept lat="28.050818" lon="87.27536">
      <ele>4335.0</ele>
    </rtept>
    <rtept lat="28.050727" lon="87.275375">
      <ele>4335.0</ele>
    </rtept>
    <rtept lat="28.050638" lon="87.275411">
      <ele>4351.0</ele>
    </rtept>
    <rtept lat="28.050542" lon="87.275402">
      <ele>4351.0</ele>
    </rtept>
    <rtept lat="28.050454" lon="87.275356">
      <ele>4351.0</ele>
    </rtept>
    <rtept lat="28.050366" lon="87.275308">
      <ele>4359.0</ele>
    </rtept>
    <rtept lat="28.050281" lon="87.275255">
      <ele>4359.0</ele>
    </rtept>
    <rtept lat="28.050196" lon="87.275203">
      <ele>4359.0</ele>
    </rtept>
    <rtept lat="28.050104" lon="87.275172">
      <ele>4366.0</ele>
    </rtept>
    <rtept lat="28.050011" lon="87.275151">
      <ele>4366.0</ele>
    </rtept>
    <rtept lat="28.049918" lon="87.275142">
      <ele>4366.0</ele>
    </rtept>
    <rtept lat="28.049821" lon="87.27516">
      <ele>4380.0</ele>
    </rtept>
    <rtept lat="28.049731" lon="87.275189">
      <ele>4380.0</ele>
    </rtept>
    <rtept lat="28.049664" lon="87.275267">
      <ele>4380.0</ele>
    </rtept>
    <rtept lat="28.049588" lon="87.275325">
      <ele>4380.0</ele>
    </rtept>
    <rtept lat="28.049499" lon="87.275356">
      <ele>4383.0</ele>
    </rtept>
    <rtept lat="28.049419" lon="87.275406">
      <ele>4383.0</ele>
    </rtept>
    <rtept lat="28.049331" lon="87.275415">
      <ele>4383.0</ele>
    </rtept>
    <rtept lat="28.049239" lon="87.275425">
      <ele>4384.0</ele>
    </rtept>
    <rtept lat="28.049147" lon="87.275438">
      <ele>4384.0</ele>
    </rtept>
    <rtept lat="28.049056" lon="87.275415">
      <ele>4383.0</ele>
    </rtept>
    <rtept lat="28.049038" lon="87.275409">
      <ele>4383.0</ele>
    </rtept>
    <rtept lat="28.04899" lon="87.275463">
      <ele>4384.0</ele>
    </rtept>
    <rtept lat="28.048919" lon="87.275522">
      <ele>4384.0</ele>
    </rtept>
    <rtept lat="28.04883" lon="87.275534">
      <ele>4384.0</ele>
    </rtept>
    <rtept lat="28.048738" lon="87.275551">
      <ele>4387.0</ele>
    </rtept>
    <rtept lat="28.048727" lon="87.275649">
      <ele>4387.0</ele>
    </rtept>
    <rtept lat="28.048647" lon="87.275703">
      <ele>4384.0</ele>
    </rtept>
    <rtept lat="28.04857" lon="87.275756">
      <ele>4384.0</ele>
    </rtept>
    <rtept lat="28.048483" lon="87.275792">
      <ele>4384.0</ele>
    </rtept>
    <rtept lat="28.048483" lon="87.275792">
      <ele>4384.0</ele>
    </rtept>
    <rtept lat="28.048391" lon="87.275798">
      <ele>4396.0</ele>
    </rtept>
    <rtept lat="28.048391" lon="87.275798">
      <ele>4396.0</ele>
    </rtept>
    <rtept lat="28.048331" lon="87.27571">
      <ele>4396.0</ele>
    </rtept>
    <rtept lat="28.048246" lon="87.275683">
      <ele>4397.0</ele>
    </rtept>
    <rtept lat="28.048154" lon="87.27569">
      <ele>4398.0</ele>
    </rtept>
    <rtept lat="28.048061" lon="87.275715">
      <ele>4397.0</ele>
    </rtept>
    <rtept lat="28.04797" lon="87.275753">
      <ele>4397.0</ele>
    </rtept>
    <rtept lat="28.047882" lon="87.275742">
      <ele>4404.0</ele>
    </rtept>
    <rtept lat="28.047787" lon="87.275742">
      <ele>4404.0</ele>
    </rtept>
    <rtept lat="28.047693" lon="87.275754">
      <ele>4404.0</ele>
    </rtept>
    <rtept lat="28.047613" lon="87.275807">
      <ele>4408.0</ele>
    </rtept>
    <rtept lat="28.047532" lon="87.275854">
      <ele>4408.0</ele>
    </rtept>
    <rtept lat="28.047448" lon="87.275841">
      <ele>4408.0</ele>
    </rtept>
    <rtept lat="28.047448" lon="87.275841">
      <ele>4408.0</ele>
    </rtept>
    <rtept lat="28.047448" lon="87.275841">
      <ele>4408.0</ele>
    </rtept>
    <rtept lat="28.047448" lon="87.275841">
      <ele>4408.0</ele>
    </rtept>
    <rtept lat="28.047419" lon="87.275927">
      <ele>4408.0</ele>
    </rtept>
    <rtept lat="28.047419" lon="87.275927">
      <ele>4408.0</ele>
    </rtept>
    <rtept lat="28.04733" lon="87.275955">
      <ele>4414.0</ele>
    </rtept>
    <rtept lat="28.04724" lon="87.275946">
      <ele>4414.0</ele>
    </rtept>
    <rtept lat="28.047151" lon="87.27596">
      <ele>4414.0</ele>
    </rtept>
    <rtept lat="28.047058" lon="87.275953">
      <ele>4429.0</ele>
    </rtept>
    <rtept lat="28.046963" lon="87.27595">
      <ele>4429.0</ele>
    </rtept>
    <rtept lat="28.046868" lon="87.275945">
      <ele>4429.0</ele>
    </rtept>
    <rtept lat="28.046773" lon="87.275942">
      <ele>4446.0</ele>
    </rtept>
    <rtept lat="28.046681" lon="87.275933">
      <ele>4446.0</ele>
    </rtept>
    <rtept lat="28.046599" lon="87.275872">
      <ele>4446.0</ele>
    </rtept>
    <rtept lat="28.046516" lon="87.275804">
      <ele>4466.0</ele>
    </rtept>
    <rtept lat="28.046422" lon="87.275779">
      <ele>4466.0</ele>
    </rtept>
    <rtept lat="28.04633" lon="87.275761">
      <ele>4466.0</ele>
    </rtept>
    <rtept lat="28.046234" lon="87.275743">
      <ele>4474.0</ele>
    </rtept>
    <rtept lat="28.046138" lon="87.275735">
      <ele>4474.0</ele>
    </rtept>
    <rtept lat="28.046047" lon="87.275752">
      <ele>4474.0</ele>
    </rtept>
    <rtept lat="28.045956" lon="87.275762">
      <ele>4481.0</ele>
    </rtept>
    <rtept lat="28.045862" lon="87.27575">
      <ele>4481.0</ele>
    </rtept>
    <rtept lat="28.045768" lon="87.275748">
      <ele>4481.0</ele>
    </rtept>
    <rtept lat="28.045678" lon="87.275768">
      <ele>4488.0</ele>
    </rtept>
    <rtept lat="28.045589" lon="87.275753">
      <ele>4488.0</ele>
    </rtept>
    <rtept lat="28.045503" lon="87.275722">
      <ele>4488.0</ele>
    </rtept>
    <rtept lat="28.045423" lon="87.275664">
      <ele>4494.0</ele>
    </rtept>
    <rtept lat="28.04536" lon="87.275581">
      <ele>4487.0</ele>
    </rtept>
    <rtept lat="28.045284" lon="87.275519">
      <ele>4487.0</ele>
    </rtept>
    <rtept lat="28.045202" lon="87.275469">
      <ele>4487.0</ele>
    </rtept>
    <rtept lat="28.045122" lon="87.275414">
      <ele>4486.0</ele>
    </rtept>
    <rtept lat="28.045043" lon="87.275471">
      <ele>4479.0</ele>
    </rtept>
    <rtept lat="28.044952" lon="87.275505">
      <ele>4479.0</ele>
    </rtept>
    <rtept lat="28.044863" lon="87.275553">
      <ele>4479.0</ele>
    </rtept>
    <rtept lat="28.04477" lon="87.275565">
      <ele>4473.0</ele>
    </rtept>
    <rtept lat="28.04468" lon="87.275549">
      <ele>4473.0</ele>
    </rtept>
    <rtept lat="28.044585" lon="87.275533">
      <ele>4473.0</ele>
    </rtept>
    <rtept lat="28.044493" lon="87.275513">
      <ele>4475.0</ele>
    </rtept>
    <rtept lat="28.044405" lon="87.275546">
      <ele>4475.0</ele>
    </rtept>
    <rtept lat="28.04432" lon="87.275591">
      <ele>4475.0</ele>
    </rtept>
    <rtept lat="28.044228" lon="87.275615">
      <ele>4468.0</ele>
    </rtept>
    <rtept lat="28.044126" lon="87.275628">
      <ele>4468.0</ele>
    </rtept>
    <rtept lat="28.044027" lon="87.275622">
      <ele>4467.0</ele>
    </rtept>
    <rtept lat="28.043938" lon="87.275581">
      <ele>4467.0</ele>
    </rtept>
    <rtept lat="28.043848" lon="87.275555">
      <ele>4467.0</ele>
    </rtept>
    <rtept lat="28.043758" lon="87.275554">
      <ele>4467.0</ele>
    </rtept>
    <rtept lat="28.043668" lon="87.275586">
      <ele>4481.0</ele>
    </rtept>
    <rtept lat="28.04358" lon="87.275624">
      <ele>4481.0</ele>
    </rtept>
    <rtept lat="28.043487" lon="87.275617">
      <ele>4481.0</ele>
    </rtept>
    <rtept lat="28.043397" lon="87.275601">
      <ele>4488.0</ele>
    </rtept>
    <rtept lat="28.043397" lon="87.275601">
      <ele>4488.0</ele>
    </rtept>
    <rtept lat="28.043294" lon="87.275603">
      <ele>4488.0</ele>
    </rtept>
    <rtept lat="28.043294" lon="87.275603">
      <ele>4488.0</ele>
    </rtept>
    <rtept lat="28.043198" lon="87.275572">
      <ele>4488.0</ele>
    </rtept>
    <rtept lat="28.043104" lon="87.275558">
      <ele>4491.0</ele>
    </rtept>
    <rtept lat="28.043006" lon="87.275563">
      <ele>4491.0</ele>
    </rtept>
    <rtept lat="28.042911" lon="87.275563">
      <ele>4498.0</ele>
    </rtept>
    <rtept lat="28.042818" lon="87.275549">
      <ele>4498.0</ele>
    </rtept>
    <rtept lat="28.042724" lon="87.275536">
      <ele>4498.0</ele>
    </rtept>
    <rtept lat="28.042625" lon="87.275516">
      <ele>4497.0</ele>
    </rtept>
    <rtept lat="28.042528" lon="87.275503">
      <ele>4497.0</ele>
    </rtept>
    <rtept lat="28.042438" lon="87.275481">
      <ele>4497.0</ele>
    </rtept>
    <rtept lat="28.042342" lon="87.275499">
      <ele>4495.0</ele>
    </rtept>
    <rtept lat="28.042257" lon="87.275542">
      <ele>4495.0</ele>
    </rtept>
    <rtept lat="28.042174" lon="87.275601">
      <ele>4495.0</ele>
    </rtept>
    <rtept lat="28.042095" lon="87.275659">
      <ele>4495.0</ele>
    </rtept>
    <rtept lat="28.042003" lon="87.275696">
      <ele>4489.0</ele>
    </rtept>
    <rtept lat="28.042003" lon="87.275696">
      <ele>4489.0</ele>
    </rtept>
    <rtept lat="28.042003" lon="87.275696">
      <ele>4489.0</ele>
    </rtept>
    <rtept lat="28.042003" lon="87.275696">
      <ele>4489.0</ele>
    </rtept>
    <rtept lat="28.041913" lon="87.275726">
      <ele>4489.0</ele>
    </rtept>
    <rtept lat="28.041913" lon="87.275726">
      <ele>4489.0</ele>
    </rtept>
    <rtept lat="28.041819" lon="87.275719">
      <ele>4489.0</ele>
    </rtept>
    <rtept lat="28.041721" lon="87.275721">
      <ele>4498.0</ele>
    </rtept>
    <rtept lat="28.04163" lon="87.275762">
      <ele>4498.0</ele>
    </rtept>
    <rtept lat="28.041546" lon="87.275819">
      <ele>4498.0</ele>
    </rtept>
    <rtept lat="28.041458" lon="87.275886">
      <ele>4492.0</ele>
    </rtept>
    <rtept lat="28.041373" lon="87.275945">
      <ele>4492.0</ele>
    </rtept>
    <rtept lat="28.041284" lon="87.275958">
      <ele>4492.0</ele>
    </rtept>
    <rtept lat="28.041195" lon="87.275984">
      <ele>4486.0</ele>
    </rtept>
    <rtept lat="28.041105" lon="87.275963">
      <ele>4506.0</ele>
    </rtept>
    <rtept lat="28.041009" lon="87.275965">
      <ele>4506.0</ele>
    </rtept>
    <rtept lat="28.040909" lon="87.275945">
      <ele>4495.0</ele>
    </rtept>
    <rtept lat="28.040811" lon="87.275944">
      <ele>4495.0</ele>
    </rtept>
    <rtept lat="28.040712" lon="87.275958">
      <ele>4495.0</ele>
    </rtept>
    <rtept lat="28.040618" lon="87.275975">
      <ele>4485.0</ele>
    </rtept>
    <rtept lat="28.04052" lon="87.275989">
      <ele>4485.0</ele>
    </rtept>
    <rtept lat="28.040428" lon="87.275947">
      <ele>4499.0</ele>
    </rtept>
    <rtept lat="28.040347" lon="87.275883">
      <ele>4501.0</ele>
    </rtept>
    <rtept lat="28.040269" lon="87.275805">
      <ele>4501.0</ele>
    </rtept>
    <rtept lat="28.040185" lon="87.275762">
      <ele>4501.0</ele>
    </rtept>
    <rtept lat="28.040094" lon="87.275769">
      <ele>4496.0</ele>
    </rtept>
    <rtept lat="28.039999" lon="87.275782">
      <ele>4496.0</ele>
    </rtept>
    <rtept lat="28.03991" lon="87.275816">
      <ele>4496.0</ele>
    </rtept>
    <rtept lat="28.039809" lon="87.275838">
      <ele>4495.0</ele>
    </rtept>
    <rtept lat="28.039715" lon="87.275846">
      <ele>4495.0</ele>
    </rtept>
    <rtept lat="28.039615" lon="87.275831">
      <ele>4495.0</ele>
    </rtept>
    <rtept lat="28.039571" lon="87.275817">
      <ele>4499.0</ele>
    </rtept>
    <rtept lat="28.039489" lon="87.275803">
      <ele>4499.0</ele>
    </rtept>
    <rtept lat="28.039399" lon="87.275815">
      <ele>4499.0</ele>
    </rtept>
    <rtept lat="28.039304" lon="87.275822">
      <ele>4506.0</ele>
    </rtept>
    <rtept lat="28.03921" lon="87.275834">
      <ele>4506.0</ele>
    </rtept>
    <rtept lat="28.039125" lon="87.275801">
      <ele>4506.0</ele>
    </rtept>
    <rtept lat="28.039054" lon="87.27584">
      <ele>4506.0</ele>
    </rtept>
    <rtept lat="28.038972" lon="87.275888">
      <ele>4509.0</ele>
    </rtept>
    <rtept lat="28.038896" lon="87.275947">
      <ele>4509.0</ele>
    </rtept>
    <rtept lat="28.038836" lon="87.276037">
      <ele>4511.0</ele>
    </rtept>
    <rtept lat="28.038755" lon="87.27605">
      <ele>4511.0</ele>
    </rtept>
    <rtept lat="28.038685" lon="87.276107">
      <ele>4531.0</ele>
    </rtept>
    <rtept lat="28.038601" lon="87.276147">
      <ele>4531.0</ele>
    </rtept>
    <rtept lat="28.038589" lon="87.276158">
      <ele>4531.0</ele>
    </rtept>
    <rtept lat="28.038543" lon="87.27622">
      <ele>4531.0</ele>
    </rtept>
    <rtept lat="28.038476" lon="87.276284">
      <ele>4524.0</ele>
    </rtept>
    <rtept lat="28.03839" lon="87.276326">
      <ele>4536.0</ele>
    </rtept>
    <rtept lat="28.038295" lon="87.276345">
      <ele>4536.0</ele>
    </rtept>
    <rtept lat="28.038188" lon="87.276357">
      <ele>4538.0</ele>
    </rtept>
    <rtept lat="28.038188" lon="87.276357">
      <ele>4538.0</ele>
    </rtept>
    <rtept lat="28.038188" lon="87.276357">
      <ele>4538.0</ele>
    </rtept>
    <rtept lat="28.038188" lon="87.276357">
      <ele>4538.0</ele>
    </rtept>
    <rtept lat="28.038188" lon="87.276357">
      <ele>4538.0</ele>
    </rtept>
    <rtept lat="28.038188" lon="87.276357">
      <ele>4538.0</ele>
    </rtept>
    <rtept lat="28.038188" lon="87.276357">
      <ele>4538.0</ele>
    </rtept>
    <rtept lat="28.038188" lon="87.276357">
      <ele>4538.0</ele>
    </rtept>
    <rtept lat="28.038188" lon="87.276357">
      <ele>4538.0</ele>
    </rtept>
    <rtept lat="28.038188" lon="87.276357">
      <ele>4538.0</ele>
    </rtept>
    <rtept lat="28.038097" lon="87.276343">
      <ele>4538.0</ele>
    </rtept>
    <rtept lat="28.038097" lon="87.276343">
      <ele>4538.0</ele>
    </rtept>
    <rtept lat="28.038005" lon="87.276287">
      <ele>4538.0</ele>
    </rtept>
    <rtept lat="28.037912" lon="87.276267">
      <ele>4526.0</ele>
    </rtept>
    <rtept lat="28.037819" lon="87.276247">
      <ele>4534.0</ele>
    </rtept>
    <rtept lat="28.037728" lon="87.276233">
      <ele>4534.0</ele>
    </rtept>
    <rtept lat="28.037638" lon="87.276227">
      <ele>4535.0</ele>
    </rtept>
    <rtept lat="28.03755" lon="87.276204">
      <ele>4535.0</ele>
    </rtept>
    <rtept lat="28.037457" lon="87.276202">
      <ele>4535.0</ele>
    </rtept>
    <rtept lat="28.037356" lon="87.276208">
      <ele>4535.0</ele>
    </rtept>
    <rtept lat="28.037261" lon="87.276209">
      <ele>4535.0</ele>
    </rtept>
    <rtept lat="28.037168" lon="87.276195">
      <ele>4535.0</ele>
    </rtept>
    <rtept lat="28.037082" lon="87.276148">
      <ele>4530.0</ele>
    </rtept>
    <rtept lat="28.036996" lon="87.276088">
      <ele>4530.0</ele>
    </rtept>
    <rtept lat="28.036901" lon="87.276072">
      <ele>4530.0</ele>
    </rtept>
    <rtept lat="28.03681" lon="87.276044">
      <ele>4530.0</ele>
    </rtept>
    <rtept lat="28.036715" lon="87.276024">
      <ele>4539.0</ele>
    </rtept>
    <rtept lat="28.036617" lon="87.275996">
      <ele>4539.0</ele>
    </rtept>
    <rtept lat="28.036529" lon="87.276022">
      <ele>4539.0</ele>
    </rtept>
    <rtept lat="28.036483" lon="87.276115">
      <ele>4541.0</ele>
    </rtept>
    <rtept lat="28.036422" lon="87.276197">
      <ele>4541.0</ele>
    </rtept>
    <rtept lat="28.036341" lon="87.276255">
      <ele>4545.0</ele>
    </rtept>
    <rtept lat="28.036283" lon="87.276333">
      <ele>4545.0</ele>
    </rtept>
    <rtept lat="28.036244" lon="87.276429">
      <ele>4553.0</ele>
    </rtept>
    <rtept lat="28.036181" lon="87.276507">
      <ele>4553.0</ele>
    </rtept>
    <rtept lat="28.036098" lon="87.276546">
      <ele>4552.0</ele>
    </rtept>
    <rtept lat="28.036011" lon="87.276585">
      <ele>4552.0</ele>
    </rtept>
    <rtept lat="28.03593" lon="87.276634">
      <ele>4563.0</ele>
    </rtept>
    <rtept lat="28.03586" lon="87.276593">
      <ele>4563.0</ele>
    </rtept>
    <rtept lat="28.035825" lon="87.276491">
      <ele>4558.0</ele>
    </rtept>
    <rtept lat="28.035756" lon="87.276417">
      <ele>4558.0</ele>
    </rtept>
    <rtept lat="28.035676" lon="87.27636">
      <ele>4560.0</ele>
    </rtept>
    <rtept lat="28.035626" lon="87.276265">
      <ele>4560.0</ele>
    </rtept>
    <rtept lat="28.035544" lon="87.276228">
      <ele>4559.0</ele>
    </rtept>
    <rtept lat="28.035459" lon="87.27619">
      <ele>4559.0</ele>
    </rtept>
    <rtept lat="28.035405" lon="87.276113">
      <ele>4568.0</ele>
    </rtept>
    <rtept lat="28.035395" lon="87.276089">
      <ele>4568.0</ele>
    </rtept>
    <rtept lat="28.035334" lon="87.276048">
      <ele>4568.0</ele>
    </rtept>
    <rtept lat="28.035247" lon="87.276044">
      <ele>4568.0</ele>
    </rtept>
    <rtept lat="28.03515" lon="87.27608">
      <ele>4568.0</ele>
    </rtept>
    <rtept lat="28.035066" lon="87.276146">
      <ele>4566.0</ele>
    </rtept>
    <rtept lat="28.034979" lon="87.276192">
      <ele>4566.0</ele>
    </rtept>
    <rtept lat="28.03488" lon="87.276183">
      <ele>4566.0</ele>
    </rtept>
    <rtept lat="28.03478" lon="87.276164">
      <ele>4577.0</ele>
    </rtept>
    <rtept lat="28.034685" lon="87.27616">
      <ele>4577.0</ele>
    </rtept>
    <rtept lat="28.034613" lon="87.276213">
      <ele>4577.0</ele>
    </rtept>
    <rtept lat="28.03452" lon="87.276243">
      <ele>4572.0</ele>
    </rtept>
    <rtept lat="28.034432" lon="87.276279">
      <ele>4575.0</ele>
    </rtept>
    <rtept lat="28.034339" lon="87.276306">
      <ele>4575.0</ele>
    </rtept>
    <rtept lat="28.034249" lon="87.276333">
      <ele>4569.0</ele>
    </rtept>
    <rtept lat="28.034166" lon="87.276396">
      <ele>4569.0</ele>
    </rtept>
    <rtept lat="28.034103" lon="87.276353">
      <ele>4569.0</ele>
    </rtept>
    <rtept lat="28.034021" lon="87.276334">
      <ele>4574.0</ele>
    </rtept>
    <rtept lat="28.033924" lon="87.276329">
      <ele>4574.0</ele>
    </rtept>
    <rtept lat="28.033825" lon="87.276342">
      <ele>4574.0</ele>
    </rtept>
    <rtept lat="28.033719" lon="87.276342">
      <ele>4587.0</ele>
    </rtept>
    <rtept lat="28.033621" lon="87.276315">
      <ele>4587.0</ele>
    </rtept>
    <rtept lat="28.033521" lon="87.276319">
      <ele>4587.0</ele>
    </rtept>
    <rtept lat="28.033424" lon="87.27632">
      <ele>4600.0</ele>
    </rtept>
    <rtept lat="28.033332" lon="87.276305">
      <ele>4600.0</ele>
    </rtept>
    <rtept lat="28.033249" lon="87.276342">
      <ele>4600.0</ele>
    </rtept>
    <rtept lat="28.033168" lon="87.276323">
      <ele>4616.0</ele>
    </rtept>
    <rtept lat="28.033085" lon="87.276344">
      <ele>4616.0</ele>
    </rtept>
    <rtept lat="28.032997" lon="87.276363">
      <ele>4616.0</ele>
    </rtept>
    <rtept lat="28.032905" lon="87.27637">
      <ele>4624.0</ele>
    </rtept>
    <rtept lat="28.032822" lon="87.276328">
      <ele>4624.0</ele>
    </rtept>
    <rtept lat="28.032734" lon="87.276308">
      <ele>4624.0</ele>
    </rtept>
    <rtept lat="28.032644" lon="87.276269">
      <ele>4624.0</ele>
    </rtept>
    <rtept lat="28.03255" lon="87.276245">
      <ele>4612.0</ele>
    </rtept>
    <rtept lat="28.032457" lon="87.276218">
      <ele>4612.0</ele>
    </rtept>
    <rtept lat="28.03236" lon="87.276197">
      <ele>4612.0</ele>
    </rtept>
    <rtept lat="28.032267" lon="87.276177">
      <ele>4612.0</ele>
    </rtept>
    <rtept lat="28.032183" lon="87.276134">
      <ele>4612.0</ele>
    </rtept>
    <rtept lat="28.032095" lon="87.276112">
      <ele>4612.0</ele>
    </rtept>
    <rtept lat="28.032001" lon="87.276107">
      <ele>4610.0</ele>
    </rtept>
    <rtept lat="28.03191" lon="87.276117">
      <ele>4610.0</ele>
    </rtept>
    <rtept lat="28.031812" lon="87.276104">
      <ele>4610.0</ele>
    </rtept>
    <rtept lat="28.031717" lon="87.276079">
      <ele>4617.0</ele>
    </rtept>
    <rtept lat="28.031622" lon="87.27609">
      <ele>4617.0</ele>
    </rtept>
    <rtept lat="28.031523" lon="87.27608">
      <ele>4631.0</ele>
    </rtept>
    <rtept lat="28.031432" lon="87.27604">
      <ele>4631.0</ele>
    </rtept>
    <rtept lat="28.031362" lon="87.27597">
      <ele>4629.0</ele>
    </rtept>
    <rtept lat="28.031302" lon="87.27589">
      <ele>4629.0</ele>
    </rtept>
    <rtept lat="28.031232" lon="87.275818">
      <ele>4649.0</ele>
    </rtept>
    <rtept lat="28.031146" lon="87.275793">
      <ele>4649.0</ele>
    </rtept>
    <rtept lat="28.031052" lon="87.275762">
      <ele>4649.0</ele>
    </rtept>
    <rtept lat="28.030958" lon="87.275745">
      <ele>4657.0</ele>
    </rtept>
    <rtept lat="28.030873" lon="87.2757">
      <ele>4657.0</ele>
    </rtept>
    <rtept lat="28.030784" lon="87.275655">
      <ele>4658.0</ele>
    </rtept>
    <rtept lat="28.030695" lon="87.275622">
      <ele>4658.0</ele>
    </rtept>
    <rtept lat="28.030593" lon="87.275611">
      <ele>4656.0</ele>
    </rtept>
    <rtept lat="28.030497" lon="87.275583">
      <ele>4656.0</ele>
    </rtept>
    <rtept lat="28.030431" lon="87.275515">
      <ele>4656.0</ele>
    </rtept>
    <rtept lat="28.030368" lon="87.275427">
      <ele>4643.0</ele>
    </rtept>
    <rtept lat="28.030304" lon="87.275341">
      <ele>4653.0</ele>
    </rtept>
    <rtept lat="28.030237" lon="87.275263">
      <ele>4653.0</ele>
    </rtept>
    <rtept lat="28.030206" lon="87.275194">
      <ele>4653.0</ele>
    </rtept>
    <rtept lat="28.030137" lon="87.275152">
      <ele>4650.0</ele>
    </rtept>
    <rtept lat="28.030057" lon="87.275104">
      <ele>4648.0</ele>
    </rtept>
    <rtept lat="28.029994" lon="87.275025">
      <ele>4648.0</ele>
    </rtept>
    <rtept lat="28.02993" lon="87.274938">
      <ele>4648.0</ele>
    </rtept>
    <rtept lat="28.029851" lon="87.274883">
      <ele>4635.0</ele>
    </rtept>
    <rtept lat="28.029774" lon="87.274814">
      <ele>4636.0</ele>
    </rtept>
    <rtept lat="28.029719" lon="87.274727">
      <ele>4636.0</ele>
    </rtept>
    <rtept lat="28.029654" lon="87.274652">
      <ele>4636.0</ele>
    </rtept>
    <rtept lat="28.029584" lon="87.274587">
      <ele>4636.0</ele>
    </rtept>
    <rtept lat="28.029525" lon="87.27451">
      <ele>4637.0</ele>
    </rtept>
    <rtept lat="28.029449" lon="87.27446">
      <ele>4637.0</ele>
    </rtept>
    <rtept lat="28.029361" lon="87.274422">
      <ele>4637.0</ele>
    </rtept>
    <rtept lat="28.029283" lon="87.274359">
      <ele>4633.0</ele>
    </rtept>
    <rtept lat="28.029215" lon="87.274286">
      <ele>4641.0</ele>
    </rtept>
    <rtept lat="28.029135" lon="87.274243">
      <ele>4641.0</ele>
    </rtept>
    <rtept lat="28.029044" lon="87.274193">
      <ele>4641.0</ele>
    </rtept>
    <rtept lat="28.028965" lon="87.274131">
      <ele>4632.0</ele>
    </rtept>
    <rtept lat="28.028889" lon="87.274063">
      <ele>4632.0</ele>
    </rtept>
    <rtept lat="28.028813" lon="87.273988">
      <ele>4632.0</ele>
    </rtept>
    <rtept lat="28.028758" lon="87.273909">
      <ele>4632.0</ele>
    </rtept>
    <rtept lat="28.028705" lon="87.273824">
      <ele>4633.0</ele>
    </rtept>
    <rtept lat="28.028645" lon="87.273745">
      <ele>4647.0</ele>
    </rtept>
    <rtept lat="28.028555" lon="87.273717">
      <ele>4647.0</ele>
    </rtept>
    <rtept lat="28.028461" lon="87.27369">
      <ele>4642.0</ele>
    </rtept>
    <rtept lat="28.028376" lon="87.273636">
      <ele>4642.0</ele>
    </rtept>
    <rtept lat="28.028296" lon="87.27357">
      <ele>4642.0</ele>
    </rtept>
    <rtept lat="28.02826" lon="87.273466">
      <ele>4650.0</ele>
    </rtept>
    <rtept lat="28.028217" lon="87.273371">
      <ele>4650.0</ele>
    </rtept>
    <rtept lat="28.028185" lon="87.273271">
      <ele>4659.0</ele>
    </rtept>
    <rtept lat="28.028137" lon="87.273181">
      <ele>4657.0</ele>
    </rtept>
    <rtept lat="28.028081" lon="87.273099">
      <ele>4657.0</ele>
    </rtept>
    <rtept lat="28.027998" lon="87.273027">
      <ele>4657.0</ele>
    </rtept>
    <rtept lat="28.027911" lon="87.272971">
      <ele>4662.0</ele>
    </rtept>
    <rtept lat="28.027836" lon="87.272909">
      <ele>4664.0</ele>
    </rtept>
    <rtept lat="28.027775" lon="87.272833">
      <ele>4664.0</ele>
    </rtept>
    <rtept lat="28.027711" lon="87.272749">
      <ele>4664.0</ele>
    </rtept>
    <rtept lat="28.027626" lon="87.272715">
      <ele>4668.0</ele>
    </rtept>
    <rtept lat="28.027542" lon="87.272673">
      <ele>4668.0</ele>
    </rtept>
    <rtept lat="28.027452" lon="87.272641">
      <ele>4668.0</ele>
    </rtept>
    <rtept lat="28.027357" lon="87.272644">
      <ele>4674.0</ele>
    </rtept>
    <rtept lat="28.027272" lon="87.2726">
      <ele>4679.0</ele>
    </rtept>
    <rtept lat="28.027182" lon="87.272602">
      <ele>4679.0</ele>
    </rtept>
    <rtept lat="28.027093" lon="87.272641">
      <ele>4674.0</ele>
    </rtept>
    <rtept lat="28.027093" lon="87.272641">
      <ele>4674.0</ele>
    </rtept>
    <rtept lat="28.027017" lon="87.272579">
      <ele>4680.0</ele>
    </rtept>
    <rtept lat="28.027017" lon="87.272579">
      <ele>4680.0</ele>
    </rtept>
    <rtept lat="28.02693" lon="87.272543">
      <ele>4680.0</ele>
    </rtept>
    <rtept lat="28.026833" lon="87.27255">
      <ele>4680.0</ele>
    </rtept>
    <rtept lat="28.026738" lon="87.272523">
      <ele>4684.0</ele>
    </rtept>
    <rtept lat="28.026654" lon="87.272468">
      <ele>4684.0</ele>
    </rtept>
    <rtept lat="28.026602" lon="87.272376">
      <ele>4684.0</ele>
    </rtept>
    <rtept lat="28.02653" lon="87.272301">
      <ele>4689.0</ele>
    </rtept>
    <rtept lat="28.026443" lon="87.272266">
      <ele>4688.0</ele>
    </rtept>
    <rtept lat="28.026359" lon="87.272216">
      <ele>4688.0</ele>
    </rtept>
    <rtept lat="28.026263" lon="87.272176">
      <ele>4688.0</ele>
    </rtept>
    <rtept lat="28.026174" lon="87.272139">
      <ele>4691.0</ele>
    </rtept>
    <rtept lat="28.026081" lon="87.272083">
      <ele>4691.0</ele>
    </rtept>
    <rtept lat="28.025987" lon="87.27204">
      <ele>4692.0</ele>
    </rtept>
    <rtept lat="28.025907" lon="87.27198">
      <ele>4682.0</ele>
    </rtept>
    <rtept lat="28.025829" lon="87.271908">
      <ele>4682.0</ele>
    </rtept>
    <rtept lat="28.025757" lon="87.27183">
      <ele>4682.0</ele>
    </rtept>
    <rtept lat="28.025691" lon="87.271782">
      <ele>4673.0</ele>
    </rtept>
    <rtept lat="28.02565" lon="87.271698">
      <ele>4673.0</ele>
    </rtept>
    <rtept lat="28.025622" lon="87.271595">
      <ele>4673.0</ele>
    </rtept>
    <rtept lat="28.025596" lon="87.271492">
      <ele>4666.0</ele>
    </rtept>
    <rtept lat="28.025538" lon="87.271416">
      <ele>4666.0</ele>
    </rtept>
    <rtept lat="28.02544" lon="87.271383">
      <ele>4666.0</ele>
    </rtept>
    <rtept lat="28.025328" lon="87.271417">
      <ele>4660.0</ele>
    </rtept>
    <rtept lat="28.025247" lon="87.271409">
      <ele>4660.0</ele>
    </rtept>
    <rtept lat="28.025258" lon="87.271313">
      <ele>4660.0</ele>
    </rtept>
    <rtept lat="28.025295" lon="87.271209">
      <ele>4651.0</ele>
    </rtept>
    <rtept lat="28.025382" lon="87.271265">
      <ele>4660.0</ele>
    </rtept>
    <rtept lat="28.025288" lon="87.271313">
      <ele>4660.0</ele>
    </rtept>
    <rtept lat="28.025196" lon="87.271355">
      <ele>4660.0</ele>
    </rtept>
    <rtept lat="28.025113" lon="87.271414">
      <ele>4650.0</ele>
    </rtept>
    <rtept lat="28.025026" lon="87.271475">
      <ele>4650.0</ele>
    </rtept>
    <rtept lat="28.024981" lon="87.271517">
      <ele>4650.0</ele>
    </rtept>
    <rtept lat="28.024981" lon="87.271517">
      <ele>4650.0</ele>
    </rtept>
    <rtept lat="28.024981" lon="87.271517">
      <ele>4650.0</ele>
    </rtept>
    <rtept lat="28.024981" lon="87.271517">
      <ele>4650.0</ele>
    </rtept>
    <rtept lat="28.02493" lon="87.271425">
      <ele>4650.0</ele>
    </rtept>
    <rtept lat="28.02493" lon="87.271425">
      <ele>4650.0</ele>
    </rtept>
    <rtept lat="28.024886" lon="87.271327">
      <ele>4650.0</ele>
    </rtept>
    <rtept lat="28.02484" lon="87.271227">
      <ele>4651.0</ele>
    </rtept>
    <rtept lat="28.024837" lon="87.271124">
      <ele>4651.0</ele>
    </rtept>
    <rtept lat="28.024837" lon="87.271124">
      <ele>4651.0</ele>
    </rtept>
    <rtept lat="28.024778" lon="87.271193">
      <ele>4651.0</ele>
    </rtept>
    <rtept lat="28.024778" lon="87.271193">
      <ele>4651.0</ele>
    </rtept>
    <rtept lat="28.024778" lon="87.271193">
      <ele>4651.0</ele>
    </rtept>
    <rtept lat="28.024778" lon="87.271193">
      <ele>4651.0</ele>
    </rtept>
    <rtept lat="28.024778" lon="87.271193">
      <ele>4651.0</ele>
    </rtept>
    <rtept lat="28.024844" lon="87.27127">
      <ele>4651.0</ele>
    </rtept>
    <rtept lat="28.024844" lon="87.27127">
      <ele>4651.0</ele>
    </rtept>
    <rtept lat="28.024938" lon="87.271306">
      <ele>4650.0</ele>
    </rtept>
    <rtept lat="28.025035" lon="87.271336">
      <ele>4650.0</ele>
    </rtept>
    <rtept lat="28.025101" lon="87.271408">
      <ele>4650.0</ele>
    </rtept>
    <rtept lat="28.025132" lon="87.271428">
      <ele>4650.0</ele>
    </rtept>
    <rtept lat="28.02514" lon="87.271516">
      <ele>4660.0</ele>
    </rtept>
    <rtept lat="28.025145" lon="87.27162">
      <ele>4665.0</ele>
    </rtept>
    <rtept lat="28.025125" lon="87.271732">
      <ele>4660.0</ele>
    </rtept>
    <rtept lat="28.025104" lon="87.271839">
      <ele>4662.0</ele>
    </rtept>
    <rtept lat="28.025105" lon="87.271893">
      <ele>4662.0</ele>
    </rtept>
    <rtept lat="28.025156" lon="87.271965">
      <ele>4668.0</ele>
    </rtept>
    <rtept lat="28.025144" lon="87.2719">
      <ele>4668.0</ele>
    </rtept>
    <rtept lat="28.025123" lon="87.271779">
      <ele>4660.0</ele>
    </rtept>
    <rtept lat="28.025127" lon="87.271681">
      <ele>4660.0</ele>
    </rtept>
    <rtept lat="28.025146" lon="87.271574">
      <ele>4665.0</ele>
    </rtept>
    <rtept lat="28.025206" lon="87.271492">
      <ele>4660.0</ele>
    </rtept>
    <rtept lat="28.025235" lon="87.271411">
      <ele>4660.0</ele>
    </rtept>
    <rtept lat="28.025172" lon="87.271408">
      <ele>4660.0</ele>
    </rtept>
    <rtept lat="28.025074" lon="87.271398">
      <ele>4650.0</ele>
    </rtept>
    <rtept lat="28.024961" lon="87.271406">
      <ele>4650.0</ele>
    </rtept>
    <rtept lat="28.025025" lon="87.271455">
      <ele>4650.0</ele>
    </rtept>
    <rtept lat="28.025097" lon="87.271389">
      <ele>4650.0</ele>
    </rtept>
    <rtept lat="28.025029" lon="87.271455">
      <ele>4650.0</ele>
    </rtept>
    <rtept lat="28.025113" lon="87.271413">
      <ele>4650.0</ele>
    </rtept>
    <rtept lat="28.02506" lon="87.271477">
      <ele>4650.0</ele>
    </rtept>
    <rtept lat="28.024973" lon="87.2715">
      <ele>4650.0</ele>
    </rtept>
    <rtept lat="28.024873" lon="87.271492">
      <ele>4650.0</ele>
    </rtept>
    <rtept lat="28.024772" lon="87.271479">
      <ele>4651.0</ele>
    </rtept>
    <rtept lat="28.024772" lon="87.271479">
      <ele>4651.0</ele>
    </rtept>
    <rtept lat="28.024772" lon="87.271479">
      <ele>4651.0</ele>
    </rtept>
    <rtept lat="28.024772" lon="87.271479">
      <ele>4651.0</ele>
    </rtept>
    <rtept lat="28.024852" lon="87.271462">
      <ele>4651.0</ele>
    </rtept>
    <rtept lat="28.024852" lon="87.271462">
      <ele>4651.0</ele>
    </rtept>
    <rtept lat="28.024948" lon="87.271479">
      <ele>4650.0</ele>
    </rtept>
    <rtept lat="28.025045" lon="87.271433">
      <ele>4650.0</ele>
    </rtept>
    <rtept lat="28.02514" lon="87.27143">
      <ele>4660.0</ele>
    </rtept>
    <rtept lat="28.02523" lon="87.271451">
      <ele>4660.0</ele>
    </rtept>
    <rtept lat="28.025138" lon="87.271481">
      <ele>4650.0</ele>
    </rtept>
    <rtept lat="28.025131" lon="87.271427">
      <ele>4650.0</ele>
    </rtept>
    <rtept lat="28.025204" lon="87.271462">
      <ele>4660.0</ele>
    </rtept>
    <rtept lat="28.025237" lon="87.271466">
      <ele>4660.0</ele>
    </rtept>
    <rtept lat="28.02517" lon="87.271469">
      <ele>4660.0</ele>
    </rtept>
    <rtept lat="28.025127" lon="87.271454">
      <ele>4650.0</ele>
    </rtept>
    <rtept lat="28.025127" lon="87.271454">
      <ele>4650.0</ele>
    </rtept>
    <rtept lat="28.025127" lon="87.271454">
      <ele>4650.0</ele>
    </rtept>
    <rtept lat="28.025127" lon="87.271454">
      <ele>4650.0</ele>
    </rtept>
    <rtept lat="28.025127" lon="87.271454">
      <ele>4650.0</ele>
    </rtept>
    <rtept lat="28.025127" lon="87.271454">
      <ele>4650.0</ele>
    </rtept>
    <rtept lat="28.025029" lon="87.271499">
      <ele>4650.0</ele>
    </rtept>
    <rtept lat="28.025029" lon="87.271499">
      <ele>4650.0</ele>
    </rtept>
    <rtept lat="28.025029" lon="87.271499">
      <ele>4650.0</ele>
    </rtept>
    <rtept lat="28.024936" lon="87.271507">
      <ele>4650.0</ele>
    </rtept>
    <rtept lat="28.024936" lon="87.271507">
      <ele>4650.0</ele>
    </rtept>
    <rtept lat="28.024841" lon="87.271498">
      <ele>4651.0</ele>
    </rtept>
    <rtept lat="28.024743" lon="87.271509">
      <ele>4651.0</ele>
    </rtept>
    <rtept lat="28.024743" lon="87.271509">
      <ele>4651.0</ele>
    </rtept>
    <rtept lat="28.024831" lon="87.271497">
      <ele>4651.0</ele>
    </rtept>
    <rtept lat="28.024831" lon="87.271497">
      <ele>4651.0</ele>
    </rtept>
    <rtept lat="28.024926" lon="87.271505">
      <ele>4650.0</ele>
    </rtept>
    <rtept lat="28.025022" lon="87.2715">
      <ele>4650.0</ele>
    </rtept>
    <rtept lat="28.025113" lon="87.271471">
      <ele>4650.0</ele>
    </rtept>
    <rtept lat="28.025113" lon="87.271471">
      <ele>4650.0</ele>
    </rtept>
    <rtept lat="28.025113" lon="87.271471">
      <ele>4650.0</ele>
    </rtept>
    <rtept lat="28.025113" lon="87.271471">
      <ele>4650.0</ele>
    </rtept>
    <rtept lat="28.025113" lon="87.271471">
      <ele>4650.0</ele>
    </rtept>
    <rtept lat="28.025113" lon="87.271471">
      <ele>4650.0</ele>
    </rtept>
    <rtept lat="28.025113" lon="87.271471">
      <ele>4650.0</ele>
    </rtept>
    <rtept lat="28.025113" lon="87.271471">
      <ele>4650.0</ele>
    </rtept>
    <rtept lat="28.025113" lon="87.271471">
      <ele>4650.0</ele>
    </rtept>
    <rtept lat="28.025113" lon="87.271471">
      <ele>4650.0</ele>
    </rtept>
    <rtept lat="28.025113" lon="87.271471">
      <ele>4650.0</ele>
    </rtept>
    <rtept lat="28.025113" lon="87.271471">
      <ele>4650.0</ele>
    </rtept>
    <rtept lat="28.025113" lon="87.271471">
      <ele>4650.0</ele>
    </rtept>
    <rtept lat="28.025113" lon="87.271471">
      <ele>4650.0</ele>
    </rtept>
    <rtept lat="28.025113" lon="87.271471">
      <ele>4650.0</ele>
    </rtept>
    <rtept lat="28.025113" lon="87.271471">
      <ele>4650.0</ele>
    </rtept>
    <rtept lat="28.025113" lon="87.271471">
      <ele>4650.0</ele>
    </rtept>
    <rtept lat="28.025113" lon="87.271471">
      <ele>4650.0</ele>
    </rtept>
    <rtept lat="28.025113" lon="87.271471">
      <ele>4650.0</ele>
    </rtept>
    <rtept lat="28.025113" lon="87.271471">
      <ele>4650.0</ele>
    </rtept>
    <rtept lat="28.025113" lon="87.271471">
      <ele>4650.0</ele>
    </rtept>
    <rtept lat="28.025113" lon="87.271471">
      <ele>4650.0</ele>
    </rtept>
    <rtept lat="28.025113" lon="87.271471">
      <ele>4650.0</ele>
    </rtept>
    <rtept lat="28.025113" lon="87.271471">
      <ele>4650.0</ele>
    </rtept>
    <rtept lat="28.025113" lon="87.271471">
      <ele>4650.0</ele>
    </rtept>
    <rtept lat="28.025113" lon="87.271471">
      <ele>4650.0</ele>
    </rtept>
    <rtept lat="28.025113" lon="87.271471">
      <ele>4650.0</ele>
    </rtept>
    <rtept lat="28.025113" lon="87.271471">
      <ele>4650.0</ele>
    </rtept>
    <rtept lat="28.025113" lon="87.271471">
      <ele>4650.0</ele>
    </rtept>
    <rtept lat="28.025113" lon="87.271471">
      <ele>4650.0</ele>
    </rtept>
    <rtept lat="28.025113" lon="87.271471">
      <ele>4650.0</ele>
    </rtept>
    <rtept lat="28.025113" lon="87.271471">
      <ele>4650.0</ele>
    </rtept>
    <rtept lat="28.025113" lon="87.271471">
      <ele>4650.0</ele>
    </rtept>
    <rtept lat="28.025113" lon="87.271471">
      <ele>4650.0</ele>
    </rtept>
    <rtept lat="28.025183" lon="87.271382">
      <ele>4660.0</ele>
    </rtept>
    <rtept lat="28.025183" lon="87.271382">
      <ele>4660.0</ele>
    </rtept>
    <rtept lat="28.025253" lon="87.271309">
      <ele>4660.0</ele>
    </rtept>
    <rtept lat="28.025317" lon="87.271231">
      <ele>4651.0</ele>
    </rtept>
    <rtept lat="28.025376" lon="87.271148">
      <ele>4651.0</ele>
    </rtept>
    <rtept lat="28.025394" lon="87.271126">
      <ele>4651.0</ele>
    </rtept>
    <rtept lat="28.025394" lon="87.271126">
      <ele>4651.0</ele>
    </rtept>
    <rtept lat="28.025394" lon="87.271126">
      <ele>4651.0</ele>
    </rtept>
    <rtept lat="28.025394" lon="87.271126">
      <ele>4651.0</ele>
    </rtept>
    <rtept lat="28.02543" lon="87.271162">
      <ele>4666.0</ele>
    </rtept>
    <rtept lat="28.02543" lon="87.271162">
      <ele>4666.0</ele>
    </rtept>
    <rtept lat="28.025178" lon="87.271446">
      <ele>4660.0</ele>
    </rtept>
    <rtept lat="28.025178" lon="87.271446">
      <ele>4660.0</ele>
    </rtept>
    <rtept lat="28.025178" lon="87.271446">
      <ele>4660.0</ele>
    </rtept>
    <rtept lat="28.025178" lon="87.271446">
      <ele>4660.0</ele>
    </rtept>
    <rtept lat="28.025178" lon="87.271446">
      <ele>4660.0</ele>
    </rtept>
    <rtept lat="28.025178" lon="87.271446">
      <ele>4660.0</ele>
    </rtept>
    <rtept lat="28.025276" lon="87.271452">
      <ele>4660.0</ele>
    </rtept>
    <rtept lat="28.025276" lon="87.271452">
      <ele>4660.0</ele>
    </rtept>
    <rtept lat="28.025276" lon="87.271452">
      <ele>4660.0</ele>
    </rtept>
    <rtept lat="28.025179" lon="87.271431">
      <ele>4660.0</ele>
    </rtept>
    <rtept lat="28.025179" lon="87.271431">
      <ele>4660.0</ele>
    </rtept>
    <rtept lat="28.024853" lon="87.271383">
      <ele>4651.0</ele>
    </rtept>
    <rtept lat="28.024981" lon="87.271347">
      <ele>4650.0</ele>
    </rtept>
    <rtept lat="28.024981" lon="87.271347">
      <ele>4650.0</ele>
    </rtept>
    <rtept lat="28.024932" lon="87.271249">
      <ele>4649.0</ele>
    </rtept>
    <rtept lat="28.024999" lon="87.271429">
      <ele>4650.0</ele>
    </rtept>
    <rtept lat="28.024985" lon="87.27132">
      <ele>4650.0</ele>
    </rtept>
    <rtept lat="28.024895" lon="87.271268">
      <ele>4650.0</ele>
    </rtept>
    <rtept lat="28.024835" lon="87.271182">
      <ele>4651.0</ele>
    </rtept>
    <rtept lat="28.024758" lon="87.271117">
      <ele>4651.0</ele>
    </rtept>
    <rtept lat="28.024689" lon="87.271043">
      <ele>4651.0</ele>
    </rtept>
    <rtept lat="28.024623" lon="87.270969">
      <ele>4649.0</ele>
    </rtept>
    <rtept lat="28.024558" lon="87.270895">
      <ele>4652.0</ele>
    </rtept>
    <rtept lat="28.024474" lon="87.270837">
      <ele>4652.0</ele>
    </rtept>
    <rtept lat="28.024415" lon="87.270759">
      <ele>4652.0</ele>
    </rtept>
    <rtept lat="28.024362" lon="87.270663">
      <ele>4652.0</ele>
    </rtept>
    <rtept lat="28.024322" lon="87.270556">
      <ele>4652.0</ele>
    </rtept>
    <rtept lat="28.024269" lon="87.270461">
      <ele>4655.0</ele>
    </rtept>
    <rtept lat="28.024222" lon="87.270371">
      <ele>4655.0</ele>
    </rtept>
    <rtept lat="28.024171" lon="87.27028">
      <ele>4655.0</ele>
    </rtept>
    <rtept lat="28.024134" lon="87.27017">
      <ele>4655.0</ele>
    </rtept>
    <rtept lat="28.024082" lon="87.270082">
      <ele>4661.0</ele>
    </rtept>
    <rtept lat="28.024027" lon="87.269999">
      <ele>4644.0</ele>
    </rtept>
    <rtept lat="28.023986" lon="87.269909">
      <ele>4644.0</ele>
    </rtept>
    <rtept lat="28.023948" lon="87.269814">
      <ele>4647.0</ele>
    </rtept>
    <rtept lat="28.023906" lon="87.269721">
      <ele>4647.0</ele>
    </rtept>
    <rtept lat="28.023839" lon="87.269656">
      <ele>4647.0</ele>
    </rtept>
    <rtept lat="28.02377" lon="87.269589">
      <ele>4647.0</ele>
    </rtept>
    <rtept lat="28.023719" lon="87.2695">
      <ele>4646.0</ele>
    </rtept>
    <rtept lat="28.023671" lon="87.269411">
      <ele>4646.0</ele>
    </rtept>
    <rtept lat="28.023605" lon="87.269334">
      <ele>4646.0</ele>
    </rtept>
    <rtept lat="28.023543" lon="87.269254">
      <ele>4647.0</ele>
    </rtept>
    <rtept lat="28.02348" lon="87.269178">
      <ele>4647.0</ele>
    </rtept>
    <rtept lat="28.023398" lon="87.269116">
      <ele>4644.0</ele>
    </rtept>
    <rtept lat="28.023317" lon="87.269049">
      <ele>4644.0</ele>
    </rtept>
    <rtept lat="28.023233" lon="87.269002">
      <ele>4643.0</ele>
    </rtept>
    <rtept lat="28.023151" lon="87.268956">
      <ele>4646.0</ele>
    </rtept>
    <rtept lat="28.023061" lon="87.268913">
      <ele>4646.0</ele>
    </rtept>
    <rtept lat="28.022971" lon="87.268878">
      <ele>4646.0</ele>
    </rtept>
    <rtept lat="28.022908" lon="87.268803">
      <ele>4653.0</ele>
    </rtept>
    <rtept lat="28.022851" lon="87.268722">
      <ele>4656.0</ele>
    </rtept>
    <rtept lat="28.022807" lon="87.268632">
      <ele>4656.0</ele>
    </rtept>
    <rtept lat="28.022769" lon="87.268533">
      <ele>4656.0</ele>
    </rtept>
    <rtept lat="28.022708" lon="87.268441">
      <ele>4659.0</ele>
    </rtept>
    <rtept lat="28.022638" lon="87.268371">
      <ele>4663.0</ele>
    </rtept>
    <rtept lat="28.022635" lon="87.268276">
      <ele>4663.0</ele>
    </rtept>
    <rtept lat="28.02263" lon="87.268173">
      <ele>4666.0</ele>
    </rtept>
    <rtept lat="28.022603" lon="87.268065">
      <ele>4666.0</ele>
    </rtept>
    <rtept lat="28.022527" lon="87.268004">
      <ele>4666.0</ele>
    </rtept>
    <rtept lat="28.02243" lon="87.267984">
      <ele>4666.0</ele>
    </rtept>
    <rtept lat="28.022331" lon="87.267977">
      <ele>4668.0</ele>
    </rtept>
    <rtept lat="28.022254" lon="87.26792">
      <ele>4668.0</ele>
    </rtept>
    <rtept lat="28.02218" lon="87.267847">
      <ele>4661.0</ele>
    </rtept>
    <rtept lat="28.022081" lon="87.267833">
      <ele>4650.0</ele>
    </rtept>
    <rtept lat="28.021986" lon="87.267854">
      <ele>4650.0</ele>
    </rtept>
    <rtept lat="28.021924" lon="87.267931">
      <ele>4647.0</ele>
    </rtept>
    <rtept lat="28.021859" lon="87.268016">
      <ele>4647.0</ele>
    </rtept>
    <rtept lat="28.021767" lon="87.268061">
      <ele>4635.0</ele>
    </rtept>
    <rtept lat="28.02167" lon="87.268092">
      <ele>4635.0</ele>
    </rtept>
    <rtept lat="28.02158" lon="87.268132">
      <ele>4635.0</ele>
    </rtept>
    <rtept lat="28.02149" lon="87.268172">
      <ele>4633.0</ele>
    </rtept>
    <rtept lat="28.021403" lon="87.26822">
      <ele>4639.0</ele>
    </rtept>
    <rtept lat="28.021348" lon="87.268307">
      <ele>4639.0</ele>
    </rtept>
    <rtept lat="28.02127" lon="87.268373">
      <ele>4639.0</ele>
    </rtept>
    <rtept lat="28.021182" lon="87.268417">
      <ele>4641.0</ele>
    </rtept>
    <rtept lat="28.021091" lon="87.268411">
      <ele>4641.0</ele>
    </rtept>
    <rtept lat="28.020996" lon="87.268418">
      <ele>4641.0</ele>
    </rtept>
    <rtept lat="28.020902" lon="87.26843">
      <ele>4657.0</ele>
    </rtept>
    <rtept lat="28.020805" lon="87.268404">
      <ele>4657.0</ele>
    </rtept>
    <rtept lat="28.020723" lon="87.268341">
      <ele>4657.0</ele>
    </rtept>
    <rtept lat="28.020654" lon="87.268261">
      <ele>4659.0</ele>
    </rtept>
    <rtept lat="28.020595" lon="87.268177">
      <ele>4666.0</ele>
    </rtept>
    <rtept lat="28.020531" lon="87.268103">
      <ele>4666.0</ele>
    </rtept>
    <rtept lat="28.020453" lon="87.268044">
      <ele>4666.0</ele>
    </rtept>
    <rtept lat="28.020368" lon="87.267988">
      <ele>4679.0</ele>
    </rtept>
    <rtept lat="28.020301" lon="87.267917">
      <ele>4683.0</ele>
    </rtept>
    <rtept lat="28.020224" lon="87.267852">
      <ele>4683.0</ele>
    </rtept>
    <rtept lat="28.020145" lon="87.267796">
      <ele>4683.0</ele>
    </rtept>
    <rtept lat="28.020069" lon="87.267738">
      <ele>4686.0</ele>
    </rtept>
    <rtept lat="28.019985" lon="87.2677">
      <ele>4686.0</ele>
    </rtept>
    <rtept lat="28.019916" lon="87.267631">
      <ele>4699.0</ele>
    </rtept>
    <rtept lat="28.019856" lon="87.267552">
      <ele>4694.0</ele>
    </rtept>
    <rtept lat="28.01979" lon="87.26747">
      <ele>4694.0</ele>
    </rtept>
    <rtept lat="28.019719" lon="87.26739">
      <ele>4694.0</ele>
    </rtept>
    <rtept lat="28.019659" lon="87.267299">
      <ele>4690.0</ele>
    </rtept>
    <rtept lat="28.019609" lon="87.267197">
      <ele>4690.0</ele>
    </rtept>
    <rtept lat="28.019544" lon="87.267124">
      <ele>4687.0</ele>
    </rtept>
    <rtept lat="28.019458" lon="87.267098">
      <ele>4687.0</ele>
    </rtept>
    <rtept lat="28.019369" lon="87.267068">
      <ele>4701.0</ele>
    </rtept>
    <rtept lat="28.019284" lon="87.267017">
      <ele>4693.0</ele>
    </rtept>
    <rtept lat="28.019214" lon="87.266938">
      <ele>4693.0</ele>
    </rtept>
    <rtept lat="28.01917" lon="87.266838">
      <ele>4693.0</ele>
    </rtept>
    <rtept lat="28.019127" lon="87.266742">
      <ele>4694.0</ele>
    </rtept>
    <rtept lat="28.019065" lon="87.266668">
      <ele>4694.0</ele>
    </rtept>
    <rtept lat="28.018979" lon="87.266627">
      <ele>4684.0</ele>
    </rtept>
    <rtept lat="28.018901" lon="87.266558">
      <ele>4684.0</ele>
    </rtept>
    <rtept lat="28.018837" lon="87.266481">
      <ele>4689.0</ele>
    </rtept>
    <rtept lat="28.018837" lon="87.266481">
      <ele>4689.0</ele>
    </rtept>
    <rtept lat="28.018809" lon="87.266377">
      <ele>4689.0</ele>
    </rtept>
    <rtept lat="28.018809" lon="87.266377">
      <ele>4689.0</ele>
    </rtept>
    <rtept lat="28.01872" lon="87.266361">
      <ele>4684.0</ele>
    </rtept>
    <rtept lat="28.018624" lon="87.266362">
      <ele>4684.0</ele>
    </rtept>
    <rtept lat="28.018534" lon="87.266328">
      <ele>4684.0</ele>
    </rtept>
    <rtept lat="28.018434" lon="87.26631">
      <ele>4695.0</ele>
    </rtept>
    <rtept lat="28.018334" lon="87.266316">
      <ele>4695.0</ele>
    </rtept>
    <rtept lat="28.018246" lon="87.266288">
      <ele>4695.0</ele>
    </rtept>
    <rtept lat="28.018153" lon="87.266269">
      <ele>4708.0</ele>
    </rtept>
    <rtept lat="28.01806" lon="87.266227">
      <ele>4689.0</ele>
    </rtept>
    <rtept lat="28.017963" lon="87.266209">
      <ele>4689.0</ele>
    </rtept>
    <rtept lat="28.017854" lon="87.266209">
      <ele>4696.0</ele>
    </rtept>
    <rtept lat="28.017787" lon="87.266148">
      <ele>4696.0</ele>
    </rtept>
    <rtept lat="28.017714" lon="87.266091">
      <ele>4696.0</ele>
    </rtept>
    <rtept lat="28.01763" lon="87.266088">
      <ele>4695.0</ele>
    </rtept>
    <rtept lat="28.017537" lon="87.266074">
      <ele>4695.0</ele>
    </rtept>
    <rtept lat="28.017436" lon="87.266049">
      <ele>4695.0</ele>
    </rtept>
    <rtept lat="28.017372" lon="87.266064">
      <ele>4695.0</ele>
    </rtept>
    <rtept lat="28.01729" lon="87.266059">
      <ele>4688.0</ele>
    </rtept>
    <rtept lat="28.017201" lon="87.266062">
      <ele>4688.0</ele>
    </rtept>
    <rtept lat="28.01711" lon="87.266023">
      <ele>4688.0</ele>
    </rtept>
    <rtept lat="28.017022" lon="87.265985">
      <ele>4687.0</ele>
    </rtept>
    <rtept lat="28.016927" lon="87.265976">
      <ele>4687.0</ele>
    </rtept>
    <rtept lat="28.016866" lon="87.265907">
      <ele>4676.0</ele>
    </rtept>
    <rtept lat="28.016866" lon="87.265907">
      <ele>4676.0</ele>
    </rtept>
    <rtept lat="28.016771" lon="87.265895">
      <ele>4678.0</ele>
    </rtept>
    <rtept lat="28.016771" lon="87.265895">
      <ele>4678.0</ele>
    </rtept>
    <rtept lat="28.016682" lon="87.265921">
      <ele>4678.0</ele>
    </rtept>
    <rtept lat="28.016586" lon="87.265902">
      <ele>4678.0</ele>
    </rtept>
    <rtept lat="28.0165" lon="87.265938">
      <ele>4683.0</ele>
    </rtept>
    <rtept lat="28.016414" lon="87.265993">
      <ele>4695.0</ele>
    </rtept>
    <rtept lat="28.01633" lon="87.266045">
      <ele>4695.0</ele>
    </rtept>
    <rtept lat="28.016244" lon="87.266078">
      <ele>4703.0</ele>
    </rtept>
    <rtept lat="28.016164" lon="87.266132">
      <ele>4703.0</ele>
    </rtept>
    <rtept lat="28.016076" lon="87.266153">
      <ele>4703.0</ele>
    </rtept>
    <rtept lat="28.015999" lon="87.266103">
      <ele>4703.0</ele>
    </rtept>
    <rtept lat="28.015921" lon="87.266043">
      <ele>4704.0</ele>
    </rtept>
    <rtept lat="28.015836" lon="87.266071">
      <ele>4704.0</ele>
    </rtept>
    <rtept lat="28.015812" lon="87.266177">
      <ele>4704.0</ele>
    </rtept>
    <rtept lat="28.015736" lon="87.266239">
      <ele>4704.0</ele>
    </rtept>
    <rtept lat="28.015656" lon="87.266209">
      <ele>4718.0</ele>
    </rtept>
    <rtept lat="28.01557" lon="87.266159">
      <ele>4718.0</ele>
    </rtept>
    <rtept lat="28.015479" lon="87.266129">
      <ele>4718.0</ele>
    </rtept>
    <rtept lat="28.015401" lon="87.266069">
      <ele>4728.0</ele>
    </rtept>
    <rtept lat="28.015315" lon="87.266067">
      <ele>4728.0</ele>
    </rtept>
    <rtept lat="28.015233" lon="87.26602">
      <ele>4728.0</ele>
    </rtept>
    <rtept lat="28.015189" lon="87.265934">
      <ele>4724.0</ele>
    </rtept>
    <rtept lat="28.015107" lon="87.265923">
      <ele>4746.0</ele>
    </rtept>
    <rtept lat="28.015017" lon="87.265935">
      <ele>4746.0</ele>
    </rtept>
    <rtept lat="28.014973" lon="87.265846">
      <ele>4746.0</ele>
    </rtept>
    <rtept lat="28.014904" lon="87.265775">
      <ele>4746.0</ele>
    </rtept>
    <rtept lat="28.014809" lon="87.265776">
      <ele>4747.0</ele>
    </rtept>
    <rtept lat="28.014809" lon="87.265776">
      <ele>4747.0</ele>
    </rtept>
    <rtept lat="28.014718" lon="87.265791">
      <ele>4747.0</ele>
    </rtept>
    <rtept lat="28.014718" lon="87.265791">
      <ele>4747.0</ele>
    </rtept>
    <rtept lat="28.014628" lon="87.26581">
      <ele>4747.0</ele>
    </rtept>
    <rtept lat="28.01455" lon="87.26576">
      <ele>4773.0</ele>
    </rtept>
    <rtept lat="28.014467" lon="87.265708">
      <ele>4773.0</ele>
    </rtept>
    <rtept lat="28.01438" lon="87.265668">
      <ele>4768.0</ele>
    </rtept>
    <rtept lat="28.01438" lon="87.265668">
      <ele>4768.0</ele>
    </rtept>
    <rtept lat="28.014289" lon="87.265656">
      <ele>4790.0</ele>
    </rtept>
    <rtept lat="28.014289" lon="87.265656">
      <ele>4790.0</ele>
    </rtept>
    <rtept lat="28.014213" lon="87.265717">
      <ele>4795.0</ele>
    </rtept>
    <rtept lat="28.014135" lon="87.265665">
      <ele>4790.0</ele>
    </rtept>
    <rtept lat="28.014135" lon="87.265665">
      <ele>4790.0</ele>
    </rtept>
    <rtept lat="28.014054" lon="87.265621">
      <ele>4790.0</ele>
    </rtept>
    <rtept lat="28.014054" lon="87.265621">
      <ele>4790.0</ele>
    </rtept>
    <rtept lat="28.013979" lon="87.265561">
      <ele>4804.0</ele>
    </rtept>
    <rtept lat="28.013979" lon="87.265561">
      <ele>4804.0</ele>
    </rtept>
    <rtept lat="28.013907" lon="87.265497">
      <ele>4804.0</ele>
    </rtept>
    <rtept lat="28.013907" lon="87.265497">
      <ele>4804.0</ele>
    </rtept>
    <rtept lat="28.013825" lon="87.265543">
      <ele>4804.0</ele>
    </rtept>
    <rtept lat="28.013825" lon="87.265543">
      <ele>4804.0</ele>
    </rtept>
    <rtept lat="28.013734" lon="87.265548">
      <ele>4832.0</ele>
    </rtept>
    <rtept lat="28.013734" lon="87.265548">
      <ele>4832.0</ele>
    </rtept>
    <rtept lat="28.013675" lon="87.265468">
      <ele>4832.0</ele>
    </rtept>
    <rtept lat="28.013617" lon="87.265388">
      <ele>4826.0</ele>
    </rtept>
    <rtept lat="28.013538" lon="87.26534">
      <ele>4826.0</ele>
    </rtept>
    <rtept lat="28.013538" lon="87.26534">
      <ele>4826.0</ele>
    </rtept>
    <rtept lat="28.013538" lon="87.26534">
      <ele>4826.0</ele>
    </rtept>
    <rtept lat="28.013538" lon="87.26534">
      <ele>4826.0</ele>
    </rtept>
    <rtept lat="28.013538" lon="87.26534">
      <ele>4826.0</ele>
    </rtept>
    <rtept lat="28.013538" lon="87.26534">
      <ele>4826.0</ele>
    </rtept>
    <rtept lat="28.013538" lon="87.26534">
      <ele>4826.0</ele>
    </rtept>
    <rtept lat="28.013538" lon="87.26534">
      <ele>4826.0</ele>
    </rtept>
    <rtept lat="28.013538" lon="87.26534">
      <ele>4826.0</ele>
    </rtept>
    <rtept lat="28.013538" lon="87.26534">
      <ele>4826.0</ele>
    </rtept>
    <rtept lat="28.013538" lon="87.26534">
      <ele>4826.0</ele>
    </rtept>
    <rtept lat="28.013538" lon="87.26534">
      <ele>4826.0</ele>
    </rtept>
    <rtept lat="28.013468" lon="87.26542">
      <ele>4849.0</ele>
    </rtept>
    <rtept lat="28.013468" lon="87.26542">
      <ele>4849.0</ele>
    </rtept>
    <rtept lat="28.013379" lon="87.265446">
      <ele>4849.0</ele>
    </rtept>
    <rtept lat="28.013286" lon="87.26543">
      <ele>4849.0</ele>
    </rtept>
    <rtept lat="28.013199" lon="87.2654">
      <ele>4848.0</ele>
    </rtept>
    <rtept lat="28.013127" lon="87.265329">
      <ele>4853.0</ele>
    </rtept>
    <rtept lat="28.013127" lon="87.265329">
      <ele>4853.0</ele>
    </rtept>
    <rtept lat="28.01305" lon="87.265258">
      <ele>4853.0</ele>
    </rtept>
    <rtept lat="28.01305" lon="87.265258">
      <ele>4853.0</ele>
    </rtept>
    <rtept lat="28.012991" lon="87.265174">
      <ele>4853.0</ele>
    </rtept>
    <rtept lat="28.012902" lon="87.265146">
      <ele>4859.0</ele>
    </rtept>
    <rtept lat="28.012809" lon="87.265132">
      <ele>4867.0</ele>
    </rtept>
    <rtept lat="28.012713" lon="87.265116">
      <ele>4867.0</ele>
    </rtept>
    <rtept lat="28.012621" lon="87.265081">
      <ele>4861.0</ele>
    </rtept>
    <rtept lat="28.012523" lon="87.265063">
      <ele>4861.0</ele>
    </rtept>
    <rtept lat="28.012427" lon="87.265045">
      <ele>4861.0</ele>
    </rtept>
    <rtept lat="28.012343" lon="87.265001">
      <ele>4859.0</ele>
    </rtept>
    <rtept lat="28.012265" lon="87.264949">
      <ele>4859.0</ele>
    </rtept>
    <rtept lat="28.012206" lon="87.264864">
      <ele>4859.0</ele>
    </rtept>
    <rtept lat="28.012172" lon="87.264763">
      <ele>4865.0</ele>
    </rtept>
    <rtept lat="28.012154" lon="87.264647">
      <ele>4865.0</ele>
    </rtept>
    <rtept lat="28.012119" lon="87.264533">
      <ele>4857.0</ele>
    </rtept>
    <rtept lat="28.012087" lon="87.264418">
      <ele>4857.0</ele>
    </rtept>
    <rtept lat="28.012021" lon="87.264328">
      <ele>4859.0</ele>
    </rtept>
    <rtept lat="28.01194" lon="87.264268">
      <ele>4858.0</ele>
    </rtept>
    <rtept lat="28.011863" lon="87.264203">
      <ele>4858.0</ele>
    </rtept>
    <rtept lat="28.011774" lon="87.264146">
      <ele>4873.0</ele>
    </rtept>
    <rtept lat="28.011689" lon="87.264079">
      <ele>4873.0</ele>
    </rtept>
    <rtept lat="28.011635" lon="87.263985">
      <ele>4857.0</ele>
    </rtept>
    <rtept lat="28.011564" lon="87.263909">
      <ele>4857.0</ele>
    </rtept>
    <rtept lat="28.011481" lon="87.263848">
      <ele>4872.0</ele>
    </rtept>
    <rtept lat="28.011403" lon="87.263792">
      <ele>4872.0</ele>
    </rtept>
    <rtept lat="28.011375" lon="87.263699">
      <ele>4865.0</ele>
    </rtept>
    <rtept lat="28.011339" lon="87.2636">
      <ele>4865.0</ele>
    </rtept>
    <rtept lat="28.011279" lon="87.263516">
      <ele>4865.0</ele>
    </rtept>
    <rtept lat="28.011209" lon="87.263435">
      <ele>4858.0</ele>
    </rtept>
    <rtept lat="28.011134" lon="87.263356">
      <ele>4858.0</ele>
    </rtept>
    <rtept lat="28.011059" lon="87.263292">
      <ele>4858.0</ele>
    </rtept>
    <rtept lat="28.010982" lon="87.263231">
      <ele>4858.0</ele>
    </rtept>
    <rtept lat="28.010924" lon="87.263141">
      <ele>4851.0</ele>
    </rtept>
    <rtept lat="28.010866" lon="87.263054">
      <ele>4851.0</ele>
    </rtept>
    <rtept lat="28.010789" lon="87.262998">
      <ele>4851.0</ele>
    </rtept>
    <rtept lat="28.010706" lon="87.263029">
      <ele>4851.0</ele>
    </rtept>
    <rtept lat="28.010628" lon="87.263003">
      <ele>4853.0</ele>
    </rtept>
    <rtept lat="28.01061" lon="87.262913">
      <ele>4849.0</ele>
    </rtept>
    <rtept lat="28.010546" lon="87.262852">
      <ele>4849.0</ele>
    </rtept>
    <rtept lat="28.010487" lon="87.262776">
      <ele>4849.0</ele>
    </rtept>
    <rtept lat="28.010423" lon="87.2627">
      <ele>4849.0</ele>
    </rtept>
    <rtept lat="28.010348" lon="87.26264">
      <ele>4877.0</ele>
    </rtept>
    <rtept lat="28.010285" lon="87.262564">
      <ele>4879.0</ele>
    </rtept>
    <rtept lat="28.010203" lon="87.26253">
      <ele>4879.0</ele>
    </rtept>
    <rtept lat="28.010115" lon="87.262492">
      <ele>4893.0</ele>
    </rtept>
    <rtept lat="28.010045" lon="87.262425">
      <ele>4893.0</ele>
    </rtept>
    <rtept lat="28.009994" lon="87.262334">
      <ele>4895.0</ele>
    </rtept>
    <rtept lat="28.009938" lon="87.262243">
      <ele>4895.0</ele>
    </rtept>
    <rtept lat="28.009894" lon="87.262149">
      <ele>4895.0</ele>
    </rtept>
    <rtept lat="28.009848" lon="87.262049">
      <ele>4900.0</ele>
    </rtept>
    <rtept lat="28.009863" lon="87.26195">
      <ele>4890.0</ele>
    </rtept>
    <rtept lat="28.009884" lon="87.261845">
      <ele>4890.0</ele>
    </rtept>
    <rtept lat="28.009888" lon="87.261739">
      <ele>4890.0</ele>
    </rtept>
    <rtept lat="28.009942" lon="87.26177">
      <ele>4890.0</ele>
    </rtept>
    <rtept lat="28.010013" lon="87.261854">
      <ele>4890.0</ele>
    </rtept>
    <rtept lat="28.010054" lon="87.261968">
      <ele>4890.0</ele>
    </rtept>
    <rtept lat="28.010054" lon="87.261968">
      <ele>4890.0</ele>
    </rtept>
    <rtept lat="28.010054" lon="87.261968">
      <ele>4890.0</ele>
    </rtept>
    <rtept lat="28.010054" lon="87.261968">
      <ele>4890.0</ele>
    </rtept>
    <rtept lat="28.010054" lon="87.261968">
      <ele>4890.0</ele>
    </rtept>
    <rtept lat="28.010054" lon="87.261968">
      <ele>4890.0</ele>
    </rtept>
    <rtept lat="28.010054" lon="87.261968">
      <ele>4890.0</ele>
    </rtept>
    <rtept lat="28.010054" lon="87.261968">
      <ele>4890.0</ele>
    </rtept>
    <rtept lat="28.010054" lon="87.261968">
      <ele>4890.0</ele>
    </rtept>
    <rtept lat="28.010054" lon="87.261968">
      <ele>4890.0</ele>
    </rtept>
    <rtept lat="28.010097" lon="87.262094">
      <ele>4895.0</ele>
    </rtept>
    <rtept lat="28.010097" lon="87.262094">
      <ele>4895.0</ele>
    </rtept>
    <rtept lat="28.010097" lon="87.262094">
      <ele>4895.0</ele>
    </rtept>
    <rtept lat="28.010001" lon="87.262102">
      <ele>4895.0</ele>
    </rtept>
    <rtept lat="28.010001" lon="87.262102">
      <ele>4895.0</ele>
    </rtept>
    <rtept lat="28.009932" lon="87.262169">
      <ele>4895.0</ele>
    </rtept>
    <rtept lat="28.009847" lon="87.262229">
      <ele>4905.0</ele>
    </rtept>
    <rtept lat="28.009763" lon="87.262194">
      <ele>4905.0</ele>
    </rtept>
    <rtept lat="28.009731" lon="87.262092">
      <ele>4905.0</ele>
    </rtept>
    <rtept lat="28.009718" lon="87.261993">
      <ele>4900.0</ele>
    </rtept>
    <rtept lat="28.009684" lon="87.261896">
      <ele>4900.0</ele>
    </rtept>
    <rtept lat="28.009628" lon="87.261811">
      <ele>4900.0</ele>
    </rtept>
    <rtept lat="28.009564" lon="87.261721">
      <ele>4903.0</ele>
    </rtept>
    <rtept lat="28.009491" lon="87.261638">
      <ele>4903.0</ele>
    </rtept>
    <rtept lat="28.00941" lon="87.261561">
      <ele>4903.0</ele>
    </rtept>
    <rtept lat="28.009335" lon="87.261482">
      <ele>4897.0</ele>
    </rtept>
    <rtept lat="28.009263" lon="87.26141">
      <ele>4899.0</ele>
    </rtept>
    <rtept lat="28.009175" lon="87.2614">
      <ele>4899.0</ele>
    </rtept>
    <rtept lat="28.009083" lon="87.261362">
      <ele>4899.0</ele>
    </rtept>
    <rtept lat="28.009002" lon="87.261312">
      <ele>4900.0</ele>
    </rtept>
    <rtept lat="28.008915" lon="87.261263">
      <ele>4900.0</ele>
    </rtept>
    <rtept lat="28.008848" lon="87.261189">
      <ele>4895.0</ele>
    </rtept>
    <rtept lat="28.008779" lon="87.261112">
      <ele>4895.0</ele>
    </rtept>
    <rtept lat="28.008694" lon="87.261105">
      <ele>4895.0</ele>
    </rtept>
    <rtept lat="28.008602" lon="87.261095">
      <ele>4895.0</ele>
    </rtept>
    <rtept lat="28.008513" lon="87.261072">
      <ele>4895.0</ele>
    </rtept>
    <rtept lat="28.008419" lon="87.261015">
      <ele>4900.0</ele>
    </rtept>
    <rtept lat="28.008329" lon="87.260973">
      <ele>4900.0</ele>
    </rtept>
    <rtept lat="28.008225" lon="87.260957">
      <ele>4885.0</ele>
    </rtept>
    <rtept lat="28.008125" lon="87.260956">
      <ele>4878.0</ele>
    </rtept>
    <rtept lat="28.008029" lon="87.260945">
      <ele>4878.0</ele>
    </rtept>
    <rtept lat="28.007953" lon="87.260884">
      <ele>4878.0</ele>
    </rtept>
    <rtept lat="28.007905" lon="87.260792">
      <ele>4879.0</ele>
    </rtept>
    <rtept lat="28.007854" lon="87.260698">
      <ele>4879.0</ele>
    </rtept>
    <rtept lat="28.007776" lon="87.260658">
      <ele>4865.0</ele>
    </rtept>
    <rtept lat="28.007679" lon="87.26063">
      <ele>4865.0</ele>
    </rtept>
    <rtept lat="28.007595" lon="87.260579">
      <ele>4856.0</ele>
    </rtept>
    <rtept lat="28.007515" lon="87.260526">
      <ele>4856.0</ele>
    </rtept>
    <rtept lat="28.007441" lon="87.260468">
      <ele>4856.0</ele>
    </rtept>
    <rtept lat="28.007421" lon="87.260452">
      <ele>4856.0</ele>
    </rtept>
    <rtept lat="28.007421" lon="87.260452">
      <ele>4856.0</ele>
    </rtept>
    <rtept lat="28.007411" lon="87.260354">
      <ele>4855.0</ele>
    </rtept>
    <rtept lat="28.007411" lon="87.260354">
      <ele>4855.0</ele>
    </rtept>
    <rtept lat="28.007376" lon="87.260235">
      <ele>4855.0</ele>
    </rtept>
    <rtept lat="28.007327" lon="87.260134">
      <ele>4855.0</ele>
    </rtept>
    <rtept lat="28.007269" lon="87.260036">
      <ele>4855.0</ele>
    </rtept>
    <rtept lat="28.007226" lon="87.259942">
      <ele>4855.0</ele>
    </rtept>
    <rtept lat="28.007175" lon="87.259854">
      <ele>4855.0</ele>
    </rtept>
    <rtept lat="28.007097" lon="87.259809">
      <ele>4855.0</ele>
    </rtept>
    <rtept lat="28.006997" lon="87.259783">
      <ele>4863.0</ele>
    </rtept>
    <rtept lat="28.006919" lon="87.259726">
      <ele>4863.0</ele>
    </rtept>
    <rtept lat="28.006852" lon="87.25965">
      <ele>4863.0</ele>
    </rtept>
    <rtept lat="28.006784" lon="87.259569">
      <ele>4862.0</ele>
    </rtept>
    <rtept lat="28.006698" lon="87.259515">
      <ele>4862.0</ele>
    </rtept>
    <rtept lat="28.006633" lon="87.259426">
      <ele>4862.0</ele>
    </rtept>
    <rtept lat="28.006601" lon="87.259317">
      <ele>4862.0</ele>
    </rtept>
    <rtept lat="28.006569" lon="87.259203">
      <ele>4862.0</ele>
    </rtept>
    <rtept lat="28.006502" lon="87.259119">
      <ele>4864.0</ele>
    </rtept>
    <rtept lat="28.006426" lon="87.259057">
      <ele>4864.0</ele>
    </rtept>
    <rtept lat="28.006331" lon="87.259046">
      <ele>4864.0</ele>
    </rtept>
    <rtept lat="28.006249" lon="87.259">
      <ele>4857.0</ele>
    </rtept>
    <rtept lat="28.006249" lon="87.259">
      <ele>4857.0</ele>
    </rtept>
    <rtept lat="28.006227" lon="87.258891">
      <ele>4857.0</ele>
    </rtept>
    <rtept lat="28.006227" lon="87.258891">
      <ele>4857.0</ele>
    </rtept>
    <rtept lat="28.006158" lon="87.258825">
      <ele>4857.0</ele>
    </rtept>
    <rtept lat="28.006151" lon="87.258721">
      <ele>4855.0</ele>
    </rtept>
    <rtept lat="28.006095" lon="87.25864">
      <ele>4855.0</ele>
    </rtept>
    <rtept lat="28.006054" lon="87.258545">
      <ele>4855.0</ele>
    </rtept>
    <rtept lat="28.006012" lon="87.258453">
      <ele>4856.0</ele>
    </rtept>
    <rtept lat="28.005973" lon="87.258359">
      <ele>4856.0</ele>
    </rtept>
    <rtept lat="28.005922" lon="87.258267">
      <ele>4860.0</ele>
    </rtept>
    <rtept lat="28.005852" lon="87.258193">
      <ele>4862.0</ele>
    </rtept>
    <rtept lat="28.005776" lon="87.25812">
      <ele>4862.0</ele>
    </rtept>
    <rtept lat="28.005707" lon="87.258041">
      <ele>4862.0</ele>
    </rtept>
    <rtept lat="28.00563" lon="87.257976">
      <ele>4861.0</ele>
    </rtept>
    <rtept lat="28.005557" lon="87.257913">
      <ele>4861.0</ele>
    </rtept>
    <rtept lat="28.005487" lon="87.25785">
      <ele>4861.0</ele>
    </rtept>
    <rtept lat="28.005398" lon="87.257801">
      <ele>4851.0</ele>
    </rtept>
    <rtept lat="28.005398" lon="87.257801">
      <ele>4851.0</ele>
    </rtept>
    <rtept lat="28.005329" lon="87.257727">
      <ele>4851.0</ele>
    </rtept>
    <rtept lat="28.005329" lon="87.257727">
      <ele>4851.0</ele>
    </rtept>
    <rtept lat="28.005227" lon="87.257733">
      <ele>4851.0</ele>
    </rtept>
    <rtept lat="28.005162" lon="87.257801">
      <ele>4851.0</ele>
    </rtept>
    <rtept lat="28.005077" lon="87.257855">
      <ele>4835.0</ele>
    </rtept>
    <rtept lat="28.004978" lon="87.257861">
      <ele>4835.0</ele>
    </rtept>
    <rtept lat="28.00488" lon="87.257835">
      <ele>4835.0</ele>
    </rtept>
    <rtept lat="28.004807" lon="87.257767">
      <ele>4827.0</ele>
    </rtept>
    <rtept lat="28.004807" lon="87.257767">
      <ele>4827.0</ele>
    </rtept>
    <rtept lat="28.004807" lon="87.257767">
      <ele>4827.0</ele>
    </rtept>
    <rtept lat="28.004807" lon="87.257767">
      <ele>4827.0</ele>
    </rtept>
    <rtept lat="28.004732" lon="87.257698">
      <ele>4827.0</ele>
    </rtept>
    <rtept lat="28.004732" lon="87.257698">
      <ele>4827.0</ele>
    </rtept>
    <rtept lat="28.00464" lon="87.257643">
      <ele>4827.0</ele>
    </rtept>
    <rtept lat="28.004542" lon="87.257593">
      <ele>4815.0</ele>
    </rtept>
    <rtept lat="28.004449" lon="87.257551">
      <ele>4815.0</ele>
    </rtept>
    <rtept lat="28.004361" lon="87.257515">
      <ele>4815.0</ele>
    </rtept>
    <rtept lat="28.004295" lon="87.257443">
      <ele>4803.0</ele>
    </rtept>
    <rtept lat="28.004278" lon="87.257422">
      <ele>4803.0</ele>
    </rtept>
    <rtept lat="28.004297" lon="87.257331">
      <ele>4796.0</ele>
    </rtept>
    <rtept lat="28.004271" lon="87.257229">
      <ele>4796.0</ele>
    </rtept>
    <rtept lat="28.004239" lon="87.257131">
      <ele>4796.0</ele>
    </rtept>
    <rtept lat="28.004162" lon="87.257087">
      <ele>4796.0</ele>
    </rtept>
    <rtept lat="28.004138" lon="87.257076">
      <ele>4792.0</ele>
    </rtept>
    <rtept lat="28.004073" lon="87.257035">
      <ele>4792.0</ele>
    </rtept>
    <rtept lat="28.004003" lon="87.256968">
      <ele>4784.0</ele>
    </rtept>
    <rtept lat="28.003983" lon="87.256868">
      <ele>4784.0</ele>
    </rtept>
    <rtept lat="28.003969" lon="87.256758">
      <ele>4785.0</ele>
    </rtept>
    <rtept lat="28.003968" lon="87.256644">
      <ele>4785.0</ele>
    </rtept>
    <rtept lat="28.003931" lon="87.256543">
      <ele>4785.0</ele>
    </rtept>
    <rtept lat="28.00385" lon="87.256481">
      <ele>4790.0</ele>
    </rtept>
    <rtept lat="28.003766" lon="87.256424">
      <ele>4790.0</ele>
    </rtept>
    <rtept lat="28.003712" lon="87.256362">
      <ele>4781.0</ele>
    </rtept>
    <rtept lat="28.003712" lon="87.256362">
      <ele>4781.0</ele>
    </rtept>
    <rtept lat="28.003628" lon="87.256309">
      <ele>4781.0</ele>
    </rtept>
    <rtept lat="28.003628" lon="87.256309">
      <ele>4781.0</ele>
    </rtept>
    <rtept lat="28.003596" lon="87.256209">
      <ele>4783.0</ele>
    </rtept>
    <rtept lat="28.003549" lon="87.25611">
      <ele>4783.0</ele>
    </rtept>
    <rtept lat="28.003503" lon="87.256007">
      <ele>4783.0</ele>
    </rtept>
    <rtept lat="28.003446" lon="87.25592">
      <ele>4783.0</ele>
    </rtept>
    <rtept lat="28.003372" lon="87.255854">
      <ele>4783.0</ele>
    </rtept>
    <rtept lat="28.003296" lon="87.255788">
      <ele>4783.0</ele>
    </rtept>
    <rtept lat="28.003218" lon="87.255732">
      <ele>4783.0</ele>
    </rtept>
    <rtept lat="28.003131" lon="87.255744">
      <ele>4775.0</ele>
    </rtept>
    <rtept lat="28.003052" lon="87.255702">
      <ele>4775.0</ele>
    </rtept>
    <rtept lat="28.002957" lon="87.255674">
      <ele>4790.0</ele>
    </rtept>
    <rtept lat="28.002884" lon="87.255604">
      <ele>4793.0</ele>
    </rtept>
    <rtept lat="28.00279" lon="87.255551">
      <ele>4793.0</ele>
    </rtept>
    <rtept lat="28.002718" lon="87.255475">
      <ele>4793.0</ele>
    </rtept>
    <rtept lat="28.002629" lon="87.255452">
      <ele>4804.0</ele>
    </rtept>
    <rtept lat="28.00253" lon="87.255427">
      <ele>4804.0</ele>
    </rtept>
    <rtept lat="28.002449" lon="87.255374">
      <ele>4810.0</ele>
    </rtept>
    <rtept lat="28.002377" lon="87.255306">
      <ele>4810.0</ele>
    </rtept>
    <rtept lat="28.002302" lon="87.255246">
      <ele>4807.0</ele>
    </rtept>
    <rtept lat="28.002213" lon="87.255195">
      <ele>4807.0</ele>
    </rtept>
    <rtept lat="28.002133" lon="87.25514">
      <ele>4807.0</ele>
    </rtept>
    <rtept lat="28.002051" lon="87.25509">
      <ele>4805.0</ele>
    </rtept>
    <rtept lat="28.001953" lon="87.255076">
      <ele>4805.0</ele>
    </rtept>
    <rtept lat="28.001884" lon="87.255017">
      <ele>4805.0</ele>
    </rtept>
    <rtept lat="28.001818" lon="87.254939">
      <ele>4805.0</ele>
    </rtept>
    <rtept lat="28.00174" lon="87.254871">
      <ele>4791.0</ele>
    </rtept>
    <rtept lat="28.001674" lon="87.254796">
      <ele>4802.0</ele>
    </rtept>
    <rtept lat="28.001601" lon="87.254727">
      <ele>4802.0</ele>
    </rtept>
    <rtept lat="28.001527" lon="87.25466">
      <ele>4793.0</ele>
    </rtept>
    <rtept lat="28.001448" lon="87.254599">
      <ele>4793.0</ele>
    </rtept>
    <rtept lat="28.001376" lon="87.254523">
      <ele>4797.0</ele>
    </rtept>
    <rtept lat="28.001303" lon="87.254452">
      <ele>4797.0</ele>
    </rtept>
    <rtept lat="28.001234" lon="87.254383">
      <ele>4786.0</ele>
    </rtept>
    <rtept lat="28.001139" lon="87.254343">
      <ele>4786.0</ele>
    </rtept>
    <rtept lat="28.001045" lon="87.254291">
      <ele>4789.0</ele>
    </rtept>
    <rtept lat="28.00096" lon="87.254238">
      <ele>4779.0</ele>
    </rtept>
    <rtept lat="28.000892" lon="87.25416">
      <ele>4779.0</ele>
    </rtept>
    <rtept lat="28.000843" lon="87.254065">
      <ele>4779.0</ele>
    </rtept>
    <rtept lat="28.000767" lon="87.25399">
      <ele>4785.0</ele>
    </rtept>
    <rtept lat="28.000689" lon="87.253912">
      <ele>4782.0</ele>
    </rtept>
    <rtept lat="28.000621" lon="87.253837">
      <ele>4782.0</ele>
    </rtept>
    <rtept lat="28.000547" lon="87.253762">
      <ele>4782.0</ele>
    </rtept>
    <rtept lat="28.000478" lon="87.253684">
      <ele>4790.0</ele>
    </rtept>
    <rtept lat="28.000404" lon="87.253614">
      <ele>4785.0</ele>
    </rtept>
    <rtept lat="28.000343" lon="87.253533">
      <ele>4785.0</ele>
    </rtept>
    <rtept lat="28.000273" lon="87.253461">
      <ele>4784.0</ele>
    </rtept>
    <rtept lat="28.0002" lon="87.253394">
      <ele>4784.0</ele>
    </rtept>
    <rtept lat="28.000114" lon="87.253336">
      <ele>4761.0</ele>
    </rtept>
    <rtept lat="28.000026" lon="87.253289">
      <ele>4761.0</ele>
    </rtept>
    <rtept lat="27.999952" lon="87.253339">
      <ele>4761.0</ele>
    </rtept>
    <rtept lat="27.999858" lon="87.253347">
      <ele>4755.0</ele>
    </rtept>
    <rtept lat="27.999783" lon="87.253293">
      <ele>4755.0</ele>
    </rtept>
    <rtept lat="27.999738" lon="87.253192">
      <ele>4743.0</ele>
    </rtept>
    <rtept lat="27.99967" lon="87.253107">
      <ele>4743.0</ele>
    </rtept>
    <rtept lat="27.999604" lon="87.25302">
      <ele>4743.0</ele>
    </rtept>
    <rtept lat="27.999524" lon="87.25295">
      <ele>4737.0</ele>
    </rtept>
    <rtept lat="27.999443" lon="87.25289">
      <ele>4737.0</ele>
    </rtept>
    <rtept lat="27.999374" lon="87.252817">
      <ele>4737.0</ele>
    </rtept>
    <rtept lat="27.999303" lon="87.252749">
      <ele>4722.0</ele>
    </rtept>
    <rtept lat="27.999235" lon="87.252681">
      <ele>4722.0</ele>
    </rtept>
    <rtept lat="27.999145" lon="87.252663">
      <ele>4722.0</ele>
    </rtept>
    <rtept lat="27.99905" lon="87.252691">
      <ele>4722.0</ele>
    </rtept>
    <rtept lat="27.99895" lon="87.252701">
      <ele>4721.0</ele>
    </rtept>
    <rtept lat="27.998853" lon="87.252681">
      <ele>4721.0</ele>
    </rtept>
    <rtept lat="27.998753" lon="87.252655">
      <ele>4721.0</ele>
    </rtept>
    <rtept lat="27.998658" lon="87.252618">
      <ele>4718.0</ele>
    </rtept>
    <rtept lat="27.998568" lon="87.252572">
      <ele>4718.0</ele>
    </rtept>
    <rtept lat="27.998488" lon="87.252518">
      <ele>4718.0</ele>
    </rtept>
    <rtept lat="27.998425" lon="87.252429">
      <ele>4714.0</ele>
    </rtept>
    <rtept lat="27.998353" lon="87.252347">
      <ele>4717.0</ele>
    </rtept>
    <rtept lat="27.998281" lon="87.252262">
      <ele>4717.0</ele>
    </rtept>
    <rtept lat="27.998216" lon="87.252175">
      <ele>4717.0</ele>
    </rtept>
    <rtept lat="27.998164" lon="87.252102">
      <ele>4696.0</ele>
    </rtept>
    <rtept lat="27.998088" lon="87.252138">
      <ele>4696.0</ele>
    </rtept>
    <rtept lat="27.99799" lon="87.252133">
      <ele>4696.0</ele>
    </rtept>
    <rtept lat="27.997944" lon="87.252148">
      <ele>4696.0</ele>
    </rtept>
    <rtept lat="27.997893" lon="87.252223">
      <ele>4699.0</ele>
    </rtept>
    <rtept lat="27.997817" lon="87.252227">
      <ele>4699.0</ele>
    </rtept>
    <rtept lat="27.997728" lon="87.252208">
      <ele>4699.0</ele>
    </rtept>
    <rtept lat="27.997629" lon="87.252189">
      <ele>4699.0</ele>
    </rtept>
    <rtept lat="27.997531" lon="87.25217">
      <ele>4699.0</ele>
    </rtept>
    <rtept lat="27.997436" lon="87.252155">
      <ele>4699.0</ele>
    </rtept>
    <rtept lat="27.997344" lon="87.252112">
      <ele>4700.0</ele>
    </rtept>
    <rtept lat="27.997298" lon="87.252084">
      <ele>4700.0</ele>
    </rtept>
    <rtept lat="27.997225" lon="87.252076">
      <ele>4697.0</ele>
    </rtept>
    <rtept lat="27.997132" lon="87.252052">
      <ele>4697.0</ele>
    </rtept>
    <rtept lat="27.997029" lon="87.252022">
      <ele>4694.0</ele>
    </rtept>
    <rtept lat="27.996925" lon="87.251996">
      <ele>4694.0</ele>
    </rtept>
    <rtept lat="27.99682" lon="87.251978">
      <ele>4694.0</ele>
    </rtept>
    <rtept lat="27.996716" lon="87.251941">
      <ele>4696.0</ele>
    </rtept>
    <rtept lat="27.996622" lon="87.251915">
      <ele>4696.0</ele>
    </rtept>
    <rtept lat="27.996527" lon="87.2519">
      <ele>4684.0</ele>
    </rtept>
    <rtept lat="27.996436" lon="87.251854">
      <ele>4684.0</ele>
    </rtept>
    <rtept lat="27.996339" lon="87.251815">
      <ele>4684.0</ele>
    </rtept>
    <rtept lat="27.996242" lon="87.251805">
      <ele>4667.0</ele>
    </rtept>
    <rtept lat="27.99617" lon="87.251863">
      <ele>4673.0</ele>
    </rtept>
    <rtept lat="27.996074" lon="87.251884">
      <ele>4673.0</ele>
    </rtept>
    <rtept lat="27.995978" lon="87.25189">
      <ele>4673.0</ele>
    </rtept>
    <rtept lat="27.995883" lon="87.251886">
      <ele>4648.0</ele>
    </rtept>
    <rtept lat="27.995783" lon="87.251869">
      <ele>4648.0</ele>
    </rtept>
    <rtept lat="27.995689" lon="87.251853">
      <ele>4640.0</ele>
    </rtept>
    <rtept lat="27.995625" lon="87.251771">
      <ele>4639.0</ele>
    </rtept>
    <rtept lat="27.995569" lon="87.251673">
      <ele>4639.0</ele>
    </rtept>
    <rtept lat="27.995504" lon="87.251591">
      <ele>4639.0</ele>
    </rtept>
    <rtept lat="27.995422" lon="87.251528">
      <ele>4639.0</ele>
    </rtept>
    <rtept lat="27.995329" lon="87.251497">
      <ele>4642.0</ele>
    </rtept>
    <rtept lat="27.995233" lon="87.251482">
      <ele>4642.0</ele>
    </rtept>
    <rtept lat="27.995148" lon="87.251434">
      <ele>4642.0</ele>
    </rtept>
    <rtept lat="27.995104" lon="87.25135">
      <ele>4636.0</ele>
    </rtept>
    <rtept lat="27.995066" lon="87.251242">
      <ele>4625.0</ele>
    </rtept>
    <rtept lat="27.995019" lon="87.251143">
      <ele>4625.0</ele>
    </rtept>
    <rtept lat="27.995056" lon="87.251034">
      <ele>4625.0</ele>
    </rtept>
    <rtept lat="27.995074" lon="87.250927">
      <ele>4614.0</ele>
    </rtept>
    <rtept lat="27.995098" lon="87.250811">
      <ele>4614.0</ele>
    </rtept>
    <rtept lat="27.99511" lon="87.250695">
      <ele>4614.0</ele>
    </rtept>
    <rtept lat="27.995111" lon="87.250588">
      <ele>4607.0</ele>
    </rtept>
    <rtept lat="27.995122" lon="87.250478">
      <ele>4607.0</ele>
    </rtept>
    <rtept lat="27.995121" lon="87.250369">
      <ele>4601.0</ele>
    </rtept>
    <rtept lat="27.99513" lon="87.250265">
      <ele>4601.0</ele>
    </rtept>
    <rtept lat="27.995137" lon="87.250156">
      <ele>4601.0</ele>
    </rtept>
    <rtept lat="27.995122" lon="87.250051">
      <ele>4589.0</ele>
    </rtept>
    <rtept lat="27.99509" lon="87.24994">
      <ele>4589.0</ele>
    </rtept>
    <rtept lat="27.995069" lon="87.249834">
      <ele>4582.0</ele>
    </rtept>
    <rtept lat="27.995068" lon="87.249726">
      <ele>4582.0</ele>
    </rtept>
    <rtept lat="27.995066" lon="87.24961">
      <ele>4582.0</ele>
    </rtept>
    <rtept lat="27.995067" lon="87.249493">
      <ele>4580.0</ele>
    </rtept>
    <rtept lat="27.995047" lon="87.249382">
      <ele>4580.0</ele>
    </rtept>
    <rtept lat="27.995034" lon="87.249272">
      <ele>4571.0</ele>
    </rtept>
    <rtept lat="27.995063" lon="87.249172">
      <ele>4571.0</ele>
    </rtept>
    <rtept lat="27.995085" lon="87.249063">
      <ele>4571.0</ele>
    </rtept>
    <rtept lat="27.995123" lon="87.248956">
      <ele>4568.0</ele>
    </rtept>
    <rtept lat="27.995188" lon="87.248873">
      <ele>4569.0</ele>
    </rtept>
    <rtept lat="27.995242" lon="87.248776">
      <ele>4569.0</ele>
    </rtept>
    <rtept lat="27.995272" lon="87.24866">
      <ele>4561.0</ele>
    </rtept>
    <rtept lat="27.995281" lon="87.248551">
      <ele>4561.0</ele>
    </rtept>
    <rtept lat="27.995297" lon="87.248444">
      <ele>4557.0</ele>
    </rtept>
    <rtept lat="27.995276" lon="87.248338">
      <ele>4557.0</ele>
    </rtept>
    <rtept lat="27.995281" lon="87.248232">
      <ele>4557.0</ele>
    </rtept>
    <rtept lat="27.9953" lon="87.248127">
      <ele>4551.0</ele>
    </rtept>
    <rtept lat="27.995332" lon="87.248026">
      <ele>4551.0</ele>
    </rtept>
    <rtept lat="27.995348" lon="87.24792">
      <ele>4551.0</ele>
    </rtept>
    <rtept lat="27.995342" lon="87.247813">
      <ele>4542.0</ele>
    </rtept>
    <rtept lat="27.995339" lon="87.247707">
      <ele>4542.0</ele>
    </rtept>
    <rtept lat="27.995326" lon="87.247592">
      <ele>4535.0</ele>
    </rtept>
    <rtept lat="27.995322" lon="87.247473">
      <ele>4535.0</ele>
    </rtept>
    <rtept lat="27.995357" lon="87.247367">
      <ele>4535.0</ele>
    </rtept>
    <rtept lat="27.995357" lon="87.247367">
      <ele>4535.0</ele>
    </rtept>
    <rtept lat="27.995353" lon="87.247262">
      <ele>4528.0</ele>
    </rtept>
    <rtept lat="27.995353" lon="87.247262">
      <ele>4528.0</ele>
    </rtept>
    <rtept lat="27.995375" lon="87.247148">
      <ele>4528.0</ele>
    </rtept>
    <rtept lat="27.995368" lon="87.247042">
      <ele>4521.0</ele>
    </rtept>
    <rtept lat="27.995296" lon="87.246969">
      <ele>4521.0</ele>
    </rtept>
    <rtept lat="27.995238" lon="87.24688">
      <ele>4521.0</ele>
    </rtept>
    <rtept lat="27.995237" lon="87.246774">
      <ele>4513.0</ele>
    </rtept>
    <rtept lat="27.995265" lon="87.246669">
      <ele>4513.0</ele>
    </rtept>
    <rtept lat="27.995314" lon="87.24657">
      <ele>4513.0</ele>
    </rtept>
    <rtept lat="27.995376" lon="87.246479">
      <ele>4508.0</ele>
    </rtept>
    <rtept lat="27.995438" lon="87.246391">
      <ele>4508.0</ele>
    </rtept>
    <rtept lat="27.995453" lon="87.246288">
      <ele>4508.0</ele>
    </rtept>
    <rtept lat="27.99544" lon="87.246178">
      <ele>4498.0</ele>
    </rtept>
    <rtept lat="27.995435" lon="87.246065">
      <ele>4498.0</ele>
    </rtept>
    <rtept lat="27.995456" lon="87.245951">
      <ele>4491.0</ele>
    </rtept>
    <rtept lat="27.99547" lon="87.245937">
      <ele>4491.0</ele>
    </rtept>
    <rtept lat="27.99547" lon="87.245937">
      <ele>4491.0</ele>
    </rtept>
    <rtept lat="27.995482" lon="87.24607">
      <ele>4498.0</ele>
    </rtept>
    <rtept lat="27.995482" lon="87.24607">
      <ele>4498.0</ele>
    </rtept>
    <rtept lat="27.995568" lon="87.246033">
      <ele>4498.0</ele>
    </rtept>
    <rtept lat="27.995664" lon="87.246009">
      <ele>4498.0</ele>
    </rtept>
    <rtept lat="27.995706" lon="87.245924">
      <ele>4482.0</ele>
    </rtept>
    <rtept lat="27.995728" lon="87.245823">
      <ele>4482.0</ele>
    </rtept>
    <rtept lat="27.995713" lon="87.245717">
      <ele>4482.0</ele>
    </rtept>
    <rtept lat="27.995696" lon="87.245607">
      <ele>4467.0</ele>
    </rtept>
    <rtept lat="27.995639" lon="87.245521">
      <ele>4479.0</ele>
    </rtept>
    <rtept lat="27.995559" lon="87.245451">
      <ele>4479.0</ele>
    </rtept>
    <rtept lat="27.99549" lon="87.245362">
      <ele>4469.0</ele>
    </rtept>
    <rtept lat="27.99542" lon="87.245286">
      <ele>4469.0</ele>
    </rtept>
    <rtept lat="27.995405" lon="87.245253">
      <ele>4472.0</ele>
    </rtept>
    <rtept lat="27.995433" lon="87.245179">
      <ele>4469.0</ele>
    </rtept>
    <rtept lat="27.995477" lon="87.245078">
      <ele>4462.0</ele>
    </rtept>
    <rtept lat="27.995457" lon="87.244984">
      <ele>4462.0</ele>
    </rtept>
    <rtept lat="27.995417" lon="87.244889">
      <ele>4462.0</ele>
    </rtept>
    <rtept lat="27.995392" lon="87.244785">
      <ele>4462.0</ele>
    </rtept>
    <rtept lat="27.995339" lon="87.244697">
      <ele>4462.0</ele>
    </rtept>
    <rtept lat="27.995311" lon="87.244597">
      <ele>4462.0</ele>
    </rtept>
    <rtept lat="27.995386" lon="87.244587">
      <ele>4462.0</ele>
    </rtept>
    <rtept lat="27.995488" lon="87.244626">
      <ele>4458.0</ele>
    </rtept>
    <rtept lat="27.995595" lon="87.24466">
      <ele>4458.0</ele>
    </rtept>
    <rtept lat="27.995676" lon="87.244733">
      <ele>4458.0</ele>
    </rtept>
    <rtept lat="27.995735" lon="87.244822">
      <ele>4440.0</ele>
    </rtept>
    <rtept lat="27.995815" lon="87.244858">
      <ele>4440.0</ele>
    </rtept>
    <rtept lat="27.995905" lon="87.244871">
      <ele>4452.0</ele>
    </rtept>
    <rtept lat="27.995973" lon="87.244864">
      <ele>4441.0</ele>
    </rtept>
    <rtept lat="27.995996" lon="87.244776">
      <ele>4426.0</ele>
    </rtept>
    <rtept lat="27.996011" lon="87.244662">
      <ele>4426.0</ele>
    </rtept>
    <rtept lat="27.995999" lon="87.244544">
      <ele>4410.0</ele>
    </rtept>
    <rtept lat="27.995999" lon="87.244544">
      <ele>4410.0</ele>
    </rtept>
    <rtept lat="27.995999" lon="87.244544">
      <ele>4410.0</ele>
    </rtept>
    <rtept lat="27.995999" lon="87.244544">
      <ele>4410.0</ele>
    </rtept>
    <rtept lat="27.996072" lon="87.24458">
      <ele>4410.0</ele>
    </rtept>
    <rtept lat="27.996072" lon="87.24458">
      <ele>4410.0</ele>
    </rtept>
    <rtept lat="27.996182" lon="87.244592">
      <ele>4426.0</ele>
    </rtept>
    <rtept lat="27.99628" lon="87.244574">
      <ele>4406.0</ele>
    </rtept>
    <rtept lat="27.996367" lon="87.244544">
      <ele>4406.0</ele>
    </rtept>
    <rtept lat="27.996389" lon="87.244535">
      <ele>4406.0</ele>
    </rtept>
    <rtept lat="27.996389" lon="87.244535">
      <ele>4406.0</ele>
    </rtept>
    <rtept lat="27.996445" lon="87.244476">
      <ele>4406.0</ele>
    </rtept>
    <rtept lat="27.996445" lon="87.244476">
      <ele>4406.0</ele>
    </rtept>
    <rtept lat="27.996524" lon="87.244413">
      <ele>4406.0</ele>
    </rtept>
    <rtept lat="27.996488" lon="87.244322">
      <ele>4406.0</ele>
    </rtept>
    <rtept lat="27.996533" lon="87.24425">
      <ele>4400.0</ele>
    </rtept>
    <rtept lat="27.996523" lon="87.244148">
      <ele>4400.0</ele>
    </rtept>
    <rtept lat="27.996562" lon="87.24406">
      <ele>4400.0</ele>
    </rtept>
    <rtept lat="27.996608" lon="87.243961">
      <ele>4389.0</ele>
    </rtept>
    <rtept lat="27.996567" lon="87.243878">
      <ele>4389.0</ele>
    </rtept>
    <rtept lat="27.996567" lon="87.243878">
      <ele>4389.0</ele>
    </rtept>
    <rtept lat="27.996616" lon="87.24389">
      <ele>4389.0</ele>
    </rtept>
    <rtept lat="27.996616" lon="87.24389">
      <ele>4389.0</ele>
    </rtept>
    <rtept lat="27.996701" lon="87.243891">
      <ele>4389.0</ele>
    </rtept>
    <rtept lat="27.996802" lon="87.243872">
      <ele>4389.0</ele>
    </rtept>
    <rtept lat="27.996846" lon="87.243789">
      <ele>4387.0</ele>
    </rtept>
    <rtept lat="27.996926" lon="87.243762">
      <ele>4387.0</ele>
    </rtept>
    <rtept lat="27.997024" lon="87.243736">
      <ele>4373.0</ele>
    </rtept>
    <rtept lat="27.997038" lon="87.243645">
      <ele>4373.0</ele>
    </rtept>
    <rtept lat="27.996986" lon="87.243558">
      <ele>4373.0</ele>
    </rtept>
    <rtept lat="27.996904" lon="87.243492">
      <ele>4373.0</ele>
    </rtept>
    <rtept lat="27.996862" lon="87.243397">
      <ele>4359.0</ele>
    </rtept>
    <rtept lat="27.996806" lon="87.243308">
      <ele>4359.0</ele>
    </rtept>
    <rtept lat="27.996829" lon="87.243215">
      <ele>4359.0</ele>
    </rtept>
    <rtept lat="27.996873" lon="87.243122">
      <ele>4343.0</ele>
    </rtept>
    <rtept lat="27.99688" lon="87.243022">
      <ele>4343.0</ele>
    </rtept>
    <rtept lat="27.996901" lon="87.242918">
      <ele>4343.0</ele>
    </rtept>
    <rtept lat="27.996871" lon="87.242824">
      <ele>4325.0</ele>
    </rtept>
    <rtept lat="27.996925" lon="87.242786">
      <ele>4325.0</ele>
    </rtept>
    <rtept lat="27.996953" lon="87.242706">
      <ele>4325.0</ele>
    </rtept>
    <rtept lat="27.996931" lon="87.242608">
      <ele>4309.0</ele>
    </rtept>
    <rtept lat="27.996986" lon="87.242602">
      <ele>4309.0</ele>
    </rtept>
    <rtept lat="27.997079" lon="87.242606">
      <ele>4309.0</ele>
    </rtept>
    <rtept lat="27.997172" lon="87.242584">
      <ele>4299.0</ele>
    </rtept>
    <rtept lat="27.997154" lon="87.242519">
      <ele>4299.0</ele>
    </rtept>
    <rtept lat="27.997113" lon="87.242424">
      <ele>4299.0</ele>
    </rtept>
    <rtept lat="27.997086" lon="87.242314">
      <ele>4282.0</ele>
    </rtept>
    <rtept lat="27.997154" lon="87.242225">
      <ele>4282.0</ele>
    </rtept>
    <rtept lat="27.997218" lon="87.242138">
      <ele>4282.0</ele>
    </rtept>
    <rtept lat="27.997236" lon="87.242094">
      <ele>4282.0</ele>
    </rtept>
    <rtept lat="27.997302" lon="87.242062">
      <ele>4274.0</ele>
    </rtept>
    <rtept lat="27.997302" lon="87.242062">
      <ele>4274.0</ele>
    </rtept>
    <rtept lat="27.997295" lon="87.241966">
      <ele>4274.0</ele>
    </rtept>
    <rtept lat="27.997295" lon="87.241966">
      <ele>4274.0</ele>
    </rtept>
    <rtept lat="27.997303" lon="87.241859">
      <ele>4274.0</ele>
    </rtept>
    <rtept lat="27.99729" lon="87.241746">
      <ele>4261.0</ele>
    </rtept>
    <rtept lat="27.997237" lon="87.241651">
      <ele>4261.0</ele>
    </rtept>
    <rtept lat="27.99728" lon="87.241583">
      <ele>4261.0</ele>
    </rtept>
    <rtept lat="27.997323" lon="87.241498">
      <ele>4260.0</ele>
    </rtept>
    <rtept lat="27.997328" lon="87.241394">
      <ele>4260.0</ele>
    </rtept>
    <rtept lat="27.997303" lon="87.241293">
      <ele>4260.0</ele>
    </rtept>
    <rtept lat="27.997303" lon="87.241293">
      <ele>4260.0</ele>
    </rtept>
    <rtept lat="27.997275" lon="87.241185">
      <ele>4253.0</ele>
    </rtept>
    <rtept lat="27.997275" lon="87.241185">
      <ele>4253.0</ele>
    </rtept>
    <rtept lat="27.997208" lon="87.241108">
      <ele>4253.0</ele>
    </rtept>
    <rtept lat="27.997183" lon="87.241008">
      <ele>4253.0</ele>
    </rtept>
    <rtept lat="27.997183" lon="87.241008">
      <ele>4253.0</ele>
    </rtept>
    <rtept lat="27.997202" lon="87.240893">
      <ele>4247.0</ele>
    </rtept>
    <rtept lat="27.997202" lon="87.240893">
      <ele>4247.0</ele>
    </rtept>
    <rtept lat="27.997168" lon="87.240794">
      <ele>4247.0</ele>
    </rtept>
    <rtept lat="27.997129" lon="87.240694">
      <ele>4241.0</ele>
    </rtept>
    <rtept lat="27.997084" lon="87.240595">
      <ele>4241.0</ele>
    </rtept>
    <rtept lat="27.997066" lon="87.24048">
      <ele>4235.0</ele>
    </rtept>
    <rtept lat="27.997075" lon="87.240392">
      <ele>4234.0</ele>
    </rtept>
    <rtept lat="27.997055" lon="87.2403">
      <ele>4234.0</ele>
    </rtept>
    <rtept lat="27.997013" lon="87.24021">
      <ele>4234.0</ele>
    </rtept>
    <rtept lat="27.996935" lon="87.240155">
      <ele>4234.0</ele>
    </rtept>
    <rtept lat="27.996845" lon="87.240103">
      <ele>4227.0</ele>
    </rtept>
    <rtept lat="27.99677" lon="87.240021">
      <ele>4230.0</ele>
    </rtept>
    <rtept lat="27.99672" lon="87.239929">
      <ele>4230.0</ele>
    </rtept>
    <rtept lat="27.99666" lon="87.239839">
      <ele>4220.0</ele>
    </rtept>
    <rtept lat="27.996585" lon="87.239776">
      <ele>4220.0</ele>
    </rtept>
    <rtept lat="27.996523" lon="87.239692">
      <ele>4207.0</ele>
    </rtept>
    <rtept lat="27.996437" lon="87.239723">
      <ele>4207.0</ele>
    </rtept>
    <rtept lat="27.996342" lon="87.239737">
      <ele>4207.0</ele>
    </rtept>
    <rtept lat="27.996257" lon="87.239704">
      <ele>4207.0</ele>
    </rtept>
    <rtept lat="27.996177" lon="87.239655">
      <ele>4204.0</ele>
    </rtept>
    <rtept lat="27.996094" lon="87.239609">
      <ele>4204.0</ele>
    </rtept>
    <rtept lat="27.996049" lon="87.239518">
      <ele>4196.0</ele>
    </rtept>
    <rtept lat="27.995987" lon="87.239425">
      <ele>4196.0</ele>
    </rtept>
    <rtept lat="27.995926" lon="87.23934">
      <ele>4195.0</ele>
    </rtept>
    <rtept lat="27.995868" lon="87.239252">
      <ele>4189.0</ele>
    </rtept>
    <rtept lat="27.995868" lon="87.239252">
      <ele>4189.0</ele>
    </rtept>
    <rtept lat="27.995797" lon="87.239184">
      <ele>4189.0</ele>
    </rtept>
    <rtept lat="27.995797" lon="87.239184">
      <ele>4189.0</ele>
    </rtept>
    <rtept lat="27.995698" lon="87.239158">
      <ele>4189.0</ele>
    </rtept>
    <rtept lat="27.995647" lon="87.239067">
      <ele>4183.0</ele>
    </rtept>
    <rtept lat="27.995577" lon="87.239002">
      <ele>4176.0</ele>
    </rtept>
    <rtept lat="27.995515" lon="87.238928">
      <ele>4176.0</ele>
    </rtept>
    <rtept lat="27.995429" lon="87.238906">
      <ele>4176.0</ele>
    </rtept>
    <rtept lat="27.995341" lon="87.238874">
      <ele>4177.0</ele>
    </rtept>
    <rtept lat="27.995255" lon="87.238824">
      <ele>4177.0</ele>
    </rtept>
    <rtept lat="27.995166" lon="87.238774">
      <ele>4177.0</ele>
    </rtept>
    <rtept lat="27.995074" lon="87.238751">
      <ele>4172.0</ele>
    </rtept>
    <rtept lat="27.994998" lon="87.238695">
      <ele>4177.0</ele>
    </rtept>
    <rtept lat="27.994903" lon="87.238668">
      <ele>4177.0</ele>
    </rtept>
    <rtept lat="27.994839" lon="87.238597">
      <ele>4180.0</ele>
    </rtept>
    <rtept lat="27.994779" lon="87.238514">
      <ele>4180.0</ele>
    </rtept>
    <rtept lat="27.99477" lon="87.238406">
      <ele>4184.0</ele>
    </rtept>
    <rtept lat="27.994734" lon="87.238362">
      <ele>4184.0</ele>
    </rtept>
    <rtept lat="27.994692" lon="87.238288">
      <ele>4184.0</ele>
    </rtept>
    <rtept lat="27.994614" lon="87.238255">
      <ele>4184.0</ele>
    </rtept>
    <rtept lat="27.994511" lon="87.238257">
      <ele>4186.0</ele>
    </rtept>
    <rtept lat="27.994408" lon="87.238248">
      <ele>4186.0</ele>
    </rtept>
    <rtept lat="27.994311" lon="87.238213">
      <ele>4186.0</ele>
    </rtept>
    <rtept lat="27.994215" lon="87.238217">
      <ele>4191.0</ele>
    </rtept>
    <rtept lat="27.994122" lon="87.238203">
      <ele>4191.0</ele>
    </rtept>
    <rtept lat="27.994034" lon="87.238178">
      <ele>4187.0</ele>
    </rtept>
    <rtept lat="27.993949" lon="87.238219">
      <ele>4185.0</ele>
    </rtept>
    <rtept lat="27.993855" lon="87.238235">
      <ele>4185.0</ele>
    </rtept>
    <rtept lat="27.993764" lon="87.238199">
      <ele>4185.0</ele>
    </rtept>
    <rtept lat="27.993692" lon="87.238122">
      <ele>4176.0</ele>
    </rtept>
    <rtept lat="27.993603" lon="87.238095">
      <ele>4176.0</ele>
    </rtept>
    <rtept lat="27.993509" lon="87.238078">
      <ele>4176.0</ele>
    </rtept>
    <rtept lat="27.993415" lon="87.238049">
      <ele>4165.0</ele>
    </rtept>
    <rtept lat="27.993321" lon="87.238038">
      <ele>4165.0</ele>
    </rtept>
    <rtept lat="27.993237" lon="87.237984">
      <ele>4165.0</ele>
    </rtept>
    <rtept lat="27.993222" lon="87.237889">
      <ele>4164.0</ele>
    </rtept>
    <rtept lat="27.993188" lon="87.237787">
      <ele>4159.0</ele>
    </rtept>
    <rtept lat="27.993188" lon="87.237787">
      <ele>4159.0</ele>
    </rtept>
    <rtept lat="27.993153" lon="87.23768">
      <ele>4159.0</ele>
    </rtept>
    <rtept lat="27.993153" lon="87.23768">
      <ele>4159.0</ele>
    </rtept>
    <rtept lat="27.993065" lon="87.237723">
      <ele>4159.0</ele>
    </rtept>
    <rtept lat="27.992976" lon="87.237701">
      <ele>4159.0</ele>
    </rtept>
    <rtept lat="27.992896" lon="87.23765">
      <ele>4158.0</ele>
    </rtept>
    <rtept lat="27.992814" lon="87.237594">
      <ele>4155.0</ele>
    </rtept>
    <rtept lat="27.992723" lon="87.23754">
      <ele>4155.0</ele>
    </rtept>
    <rtept lat="27.992625" lon="87.237513">
      <ele>4148.0</ele>
    </rtept>
    <rtept lat="27.992534" lon="87.237552">
      <ele>4148.0</ele>
    </rtept>
    <rtept lat="27.992435" lon="87.237579">
      <ele>4148.0</ele>
    </rtept>
    <rtept lat="27.992343" lon="87.237607">
      <ele>4130.0</ele>
    </rtept>
    <rtept lat="27.992246" lon="87.237608">
      <ele>4130.0</ele>
    </rtept>
    <rtept lat="27.992181" lon="87.237536">
      <ele>4130.0</ele>
    </rtept>
    <rtept lat="27.99211" lon="87.237467">
      <ele>4130.0</ele>
    </rtept>
    <rtept lat="27.992024" lon="87.237452">
      <ele>4136.0</ele>
    </rtept>
    <rtept lat="27.991941" lon="87.237394">
      <ele>4136.0</ele>
    </rtept>
    <rtept lat="27.991862" lon="87.237329">
      <ele>4123.0</ele>
    </rtept>
    <rtept lat="27.991771" lon="87.237312">
      <ele>4120.0</ele>
    </rtept>
    <rtept lat="27.991688" lon="87.237273">
      <ele>4120.0</ele>
    </rtept>
    <rtept lat="27.99164" lon="87.237188">
      <ele>4120.0</ele>
    </rtept>
    <rtept lat="27.991571" lon="87.237119">
      <ele>4120.0</ele>
    </rtept>
    <rtept lat="27.991497" lon="87.23705">
      <ele>4116.0</ele>
    </rtept>
    <rtept lat="27.991421" lon="87.236985">
      <ele>4116.0</ele>
    </rtept>
    <rtept lat="27.991352" lon="87.236907">
      <ele>4116.0</ele>
    </rtept>
    <rtept lat="27.99128" lon="87.236828">
      <ele>4116.0</ele>
    </rtept>
    <rtept lat="27.99125" lon="87.236789">
      <ele>4115.0</ele>
    </rtept>
    <rtept lat="27.991201" lon="87.236723">
      <ele>4115.0</ele>
    </rtept>
    <rtept lat="27.991132" lon="87.236658">
      <ele>4115.0</ele>
    </rtept>
    <rtept lat="27.991083" lon="87.236569">
      <ele>4115.0</ele>
    </rtept>
    <rtept lat="27.99106" lon="87.236462">
      <ele>4109.0</ele>
    </rtept>
    <rtept lat="27.991025" lon="87.236356">
      <ele>4109.0</ele>
    </rtept>
    <rtept lat="27.990994" lon="87.236248">
      <ele>4099.0</ele>
    </rtept>
    <rtept lat="27.990921" lon="87.236197">
      <ele>4105.0</ele>
    </rtept>
    <rtept lat="27.99086" lon="87.236155">
      <ele>4105.0</ele>
    </rtept>
    <rtept lat="27.990802" lon="87.236086">
      <ele>4105.0</ele>
    </rtept>
    <rtept lat="27.990728" lon="87.236015">
      <ele>4105.0</ele>
    </rtept>
    <rtept lat="27.990642" lon="87.235973">
      <ele>4107.0</ele>
    </rtept>
    <rtept lat="27.990545" lon="87.235951">
      <ele>4105.0</ele>
    </rtept>
    <rtept lat="27.990478" lon="87.235888">
      <ele>4105.0</ele>
    </rtept>
    <rtept lat="27.990478" lon="87.235888">
      <ele>4105.0</ele>
    </rtept>
    <rtept lat="27.990451" lon="87.235779">
      <ele>4105.0</ele>
    </rtept>
    <rtept lat="27.990451" lon="87.235779">
      <ele>4105.0</ele>
    </rtept>
    <rtept lat="27.990382" lon="87.235708">
      <ele>4097.0</ele>
    </rtept>
    <rtept lat="27.990362" lon="87.235611">
      <ele>4097.0</ele>
    </rtept>
    <rtept lat="27.990329" lon="87.235515">
      <ele>4097.0</ele>
    </rtept>
    <rtept lat="27.990267" lon="87.235443">
      <ele>4097.0</ele>
    </rtept>
    <rtept lat="27.990198" lon="87.235366">
      <ele>4096.0</ele>
    </rtept>
    <rtept lat="27.990159" lon="87.235269">
      <ele>4096.0</ele>
    </rtept>
    <rtept lat="27.990111" lon="87.235177">
      <ele>4090.0</ele>
    </rtept>
    <rtept lat="27.99005" lon="87.235091">
      <ele>4090.0</ele>
    </rtept>
    <rtept lat="27.989987" lon="87.235008">
      <ele>4090.0</ele>
    </rtept>
    <rtept lat="27.989954" lon="87.234912">
      <ele>4090.0</ele>
    </rtept>
    <rtept lat="27.989902" lon="87.234818">
      <ele>4087.0</ele>
    </rtept>
    <rtept lat="27.989811" lon="87.234772">
      <ele>4088.0</ele>
    </rtept>
    <rtept lat="27.989721" lon="87.234725">
      <ele>4088.0</ele>
    </rtept>
    <rtept lat="27.989666" lon="87.234638">
      <ele>4088.0</ele>
    </rtept>
    <rtept lat="27.989613" lon="87.23455">
      <ele>4087.0</ele>
    </rtept>
    <rtept lat="27.989554" lon="87.234467">
      <ele>4086.0</ele>
    </rtept>
    <rtept lat="27.989488" lon="87.234387">
      <ele>4086.0</ele>
    </rtept>
    <rtept lat="27.989402" lon="87.234375">
      <ele>4086.0</ele>
    </rtept>
    <rtept lat="27.989303" lon="87.234352">
      <ele>4086.0</ele>
    </rtept>
    <rtept lat="27.98921" lon="87.234331">
      <ele>4086.0</ele>
    </rtept>
    <rtept lat="27.98913" lon="87.234276">
      <ele>4082.0</ele>
    </rtept>
    <rtept lat="27.989067" lon="87.234202">
      <ele>4082.0</ele>
    </rtept>
    <rtept lat="27.989022" lon="87.23411">
      <ele>4086.0</ele>
    </rtept>
    <rtept lat="27.988981" lon="87.234007">
      <ele>4081.0</ele>
    </rtept>
    <rtept lat="27.98894" lon="87.233898">
      <ele>4081.0</ele>
    </rtept>
    <rtept lat="27.988899" lon="87.233796">
      <ele>4081.0</ele>
    </rtept>
    <rtept lat="27.988879" lon="87.233683">
      <ele>4086.0</ele>
    </rtept>
    <rtept lat="27.988866" lon="87.233566">
      <ele>4086.0</ele>
    </rtept>
    <rtept lat="27.988835" lon="87.233451">
      <ele>4084.0</ele>
    </rtept>
    <rtept lat="27.988815" lon="87.233336">
      <ele>4084.0</ele>
    </rtept>
    <rtept lat="27.988799" lon="87.233226">
      <ele>4084.0</ele>
    </rtept>
    <rtept lat="27.988756" lon="87.233125">
      <ele>4082.0</ele>
    </rtept>
    <rtept lat="27.988687" lon="87.233054">
      <ele>4080.0</ele>
    </rtept>
    <rtept lat="27.988619" lon="87.232971">
      <ele>4080.0</ele>
    </rtept>
    <rtept lat="27.988564" lon="87.232884">
      <ele>4077.0</ele>
    </rtept>
    <rtept lat="27.988537" lon="87.232784">
      <ele>4077.0</ele>
    </rtept>
    <rtept lat="27.988522" lon="87.232671">
      <ele>4077.0</ele>
    </rtept>
    <rtept lat="27.98854" lon="87.232551">
      <ele>4088.0</ele>
    </rtept>
    <rtept lat="27.988528" lon="87.232438">
      <ele>4088.0</ele>
    </rtept>
    <rtept lat="27.988463" lon="87.232345">
      <ele>4087.0</ele>
    </rtept>
    <rtept lat="27.988383" lon="87.232268">
      <ele>4087.0</ele>
    </rtept>
    <rtept lat="27.98832" lon="87.232176">
      <ele>4087.0</ele>
    </rtept>
    <rtept lat="27.988254" lon="87.232082">
      <ele>4085.0</ele>
    </rtept>
    <rtept lat="27.988195" lon="87.23198">
      <ele>4085.0</ele>
    </rtept>
    <rtept lat="27.988123" lon="87.231899">
      <ele>4086.0</ele>
    </rtept>
    <rtept lat="27.988074" lon="87.231807">
      <ele>4086.0</ele>
    </rtept>
    <rtept lat="27.988035" lon="87.231713">
      <ele>4082.0</ele>
    </rtept>
    <rtept lat="27.987972" lon="87.231634">
      <ele>4082.0</ele>
    </rtept>
    <rtept lat="27.987908" lon="87.23161">
      <ele>4078.0</ele>
    </rtept>
    <rtept lat="27.987831" lon="87.231563">
      <ele>4078.0</ele>
    </rtept>
    <rtept lat="27.987791" lon="87.231476">
      <ele>4074.0</ele>
    </rtept>
    <rtept lat="27.987735" lon="87.231396">
      <ele>4074.0</ele>
    </rtept>
    <rtept lat="27.987658" lon="87.231319">
      <ele>4074.0</ele>
    </rtept>
    <rtept lat="27.987572" lon="87.231257">
      <ele>4075.0</ele>
    </rtept>
    <rtept lat="27.98749" lon="87.231187">
      <ele>4068.0</ele>
    </rtept>
    <rtept lat="27.987419" lon="87.231106">
      <ele>4068.0</ele>
    </rtept>
    <rtept lat="27.98734" lon="87.231037">
      <ele>4077.0</ele>
    </rtept>
    <rtept lat="27.987294" lon="87.231008">
      <ele>4077.0</ele>
    </rtept>
    <rtept lat="27.987214" lon="87.230981">
      <ele>4077.0</ele>
    </rtept>
    <rtept lat="27.987142" lon="87.23092">
      <ele>4062.0</ele>
    </rtept>
    <rtept lat="27.987057" lon="87.230853">
      <ele>4076.0</ele>
    </rtept>
    <rtept lat="27.987001" lon="87.230761">
      <ele>4076.0</ele>
    </rtept>
    <rtept lat="27.986936" lon="87.230685">
      <ele>4069.0</ele>
    </rtept>
    <rtept lat="27.986872" lon="87.230596">
      <ele>4069.0</ele>
    </rtept>
    <rtept lat="27.986803" lon="87.230515">
      <ele>4082.0</ele>
    </rtept>
    <rtept lat="27.986736" lon="87.230422">
      <ele>4082.0</ele>
    </rtept>
    <rtept lat="27.986659" lon="87.230351">
      <ele>4069.0</ele>
    </rtept>
    <rtept lat="27.986564" lon="87.230313">
      <ele>4069.0</ele>
    </rtept>
    <rtept lat="27.986464" lon="87.2303">
      <ele>4091.0</ele>
    </rtept>
    <rtept lat="27.986363" lon="87.23025">
      <ele>4091.0</ele>
    </rtept>
    <rtept lat="27.986322" lon="87.23017">
      <ele>4091.0</ele>
    </rtept>
    <rtept lat="27.986245" lon="87.230146">
      <ele>4098.0</ele>
    </rtept>
    <rtept lat="27.986158" lon="87.230121">
      <ele>4090.0</ele>
    </rtept>
    <rtept lat="27.986086" lon="87.230063">
      <ele>4090.0</ele>
    </rtept>
    <rtept lat="27.98604" lon="87.229964">
      <ele>4090.0</ele>
    </rtept>
    <rtept lat="27.985979" lon="87.229878">
      <ele>4090.0</ele>
    </rtept>
    <rtept lat="27.985912" lon="87.2298">
      <ele>4077.0</ele>
    </rtept>
    <rtept lat="27.98583" lon="87.229757">
      <ele>4077.0</ele>
    </rtept>
    <rtept lat="27.98575" lon="87.229697">
      <ele>4077.0</ele>
    </rtept>
    <rtept lat="27.985663" lon="87.2297">
      <ele>4060.0</ele>
    </rtept>
    <rtept lat="27.985574" lon="87.229681">
      <ele>4060.0</ele>
    </rtept>
    <rtept lat="27.985505" lon="87.229617">
      <ele>4060.0</ele>
    </rtept>
    <rtept lat="27.985425" lon="87.229572">
      <ele>4058.0</ele>
    </rtept>
    <rtept lat="27.985344" lon="87.229517">
      <ele>4050.0</ele>
    </rtept>
    <rtept lat="27.985269" lon="87.229449">
      <ele>4050.0</ele>
    </rtept>
    <rtept lat="27.985187" lon="87.229397">
      <ele>4050.0</ele>
    </rtept>
    <rtept lat="27.985099" lon="87.229343">
      <ele>4045.0</ele>
    </rtept>
    <rtept lat="27.985008" lon="87.229298">
      <ele>4046.0</ele>
    </rtept>
    <rtept lat="27.984909" lon="87.22931">
      <ele>4045.0</ele>
    </rtept>
    <rtept lat="27.984821" lon="87.229282">
      <ele>4042.0</ele>
    </rtept>
    <rtept lat="27.98474" lon="87.229234">
      <ele>4042.0</ele>
    </rtept>
    <rtept lat="27.984722" lon="87.229135">
      <ele>4042.0</ele>
    </rtept>
    <rtept lat="27.984659" lon="87.229069">
      <ele>4042.0</ele>
    </rtept>
    <rtept lat="27.984601" lon="87.228987">
      <ele>4045.0</ele>
    </rtept>
    <rtept lat="27.98454" lon="87.22891">
      <ele>4044.0</ele>
    </rtept>
    <rtept lat="27.984456" lon="87.228884">
      <ele>4044.0</ele>
    </rtept>
    <rtept lat="27.984398" lon="87.228809">
      <ele>4044.0</ele>
    </rtept>
    <rtept lat="27.984348" lon="87.228718">
      <ele>4058.0</ele>
    </rtept>
    <rtept lat="27.984266" lon="87.228707">
      <ele>4054.0</ele>
    </rtept>
    <rtept lat="27.984268" lon="87.228635">
      <ele>4054.0</ele>
    </rtept>
    <rtept lat="27.98423" lon="87.228554">
      <ele>4054.0</ele>
    </rtept>
    <rtept lat="27.984192" lon="87.22846">
      <ele>4061.0</ele>
    </rtept>
    <rtept lat="27.984117" lon="87.228396">
      <ele>4061.0</ele>
    </rtept>
    <rtept lat="27.984028" lon="87.228354">
      <ele>4061.0</ele>
    </rtept>
    <rtept lat="27.983957" lon="87.22828">
      <ele>4057.0</ele>
    </rtept>
    <rtept lat="27.983882" lon="87.228211">
      <ele>4057.0</ele>
    </rtept>
    <rtept lat="27.983811" lon="87.228139">
      <ele>4052.0</ele>
    </rtept>
    <rtept lat="27.983739" lon="87.228062">
      <ele>4047.0</ele>
    </rtept>
    <rtept lat="27.983668" lon="87.227987">
      <ele>4047.0</ele>
    </rtept>
    <rtept lat="27.983585" lon="87.227945">
      <ele>4047.0</ele>
    </rtept>
    <rtept lat="27.983514" lon="87.227878">
      <ele>4046.0</ele>
    </rtept>
    <rtept lat="27.983432" lon="87.227805">
      <ele>4039.0</ele>
    </rtept>
    <rtept lat="27.983342" lon="87.227746">
      <ele>4039.0</ele>
    </rtept>
    <rtept lat="27.98328" lon="87.227665">
      <ele>4039.0</ele>
    </rtept>
    <rtept lat="27.983223" lon="87.227585">
      <ele>4033.0</ele>
    </rtept>
    <rtept lat="27.98319" lon="87.22748">
      <ele>4039.0</ele>
    </rtept>
    <rtept lat="27.983141" lon="87.227392">
      <ele>4039.0</ele>
    </rtept>
    <rtept lat="27.983064" lon="87.227324">
      <ele>4039.0</ele>
    </rtept>
    <rtept lat="27.982991" lon="87.227258">
      <ele>4039.0</ele>
    </rtept>
    <rtept lat="27.982919" lon="87.227188">
      <ele>4039.0</ele>
    </rtept>
    <rtept lat="27.982859" lon="87.227101">
      <ele>4039.0</ele>
    </rtept>
    <rtept lat="27.982788" lon="87.227024">
      <ele>4042.0</ele>
    </rtept>
    <rtept lat="27.98271" lon="87.226945">
      <ele>4042.0</ele>
    </rtept>
    <rtept lat="27.982639" lon="87.226857">
      <ele>4042.0</ele>
    </rtept>
    <rtept lat="27.982556" lon="87.226799">
      <ele>4034.0</ele>
    </rtept>
    <rtept lat="27.982481" lon="87.226735">
      <ele>4034.0</ele>
    </rtept>
    <rtept lat="27.982435" lon="87.226634">
      <ele>4034.0</ele>
    </rtept>
    <rtept lat="27.982451" lon="87.22653">
      <ele>4034.0</ele>
    </rtept>
    <rtept lat="27.982449" lon="87.226414">
      <ele>4031.0</ele>
    </rtept>
    <rtept lat="27.982362" lon="87.226366">
      <ele>4031.0</ele>
    </rtept>
    <rtept lat="27.982283" lon="87.226301">
      <ele>4020.0</ele>
    </rtept>
    <rtept lat="27.982205" lon="87.226236">
      <ele>4021.0</ele>
    </rtept>
    <rtept lat="27.982121" lon="87.226194">
      <ele>4021.0</ele>
    </rtept>
    <rtept lat="27.982035" lon="87.226141">
      <ele>4008.0</ele>
    </rtept>
    <rtept lat="27.981979" lon="87.226117">
      <ele>4008.0</ele>
    </rtept>
    <rtept lat="27.981979" lon="87.226117">
      <ele>4008.0</ele>
    </rtept>
    <rtept lat="27.981901" lon="87.226095">
      <ele>4008.0</ele>
    </rtept>
    <rtept lat="27.981901" lon="87.226095">
      <ele>4008.0</ele>
    </rtept>
    <rtept lat="27.981901" lon="87.226095">
      <ele>4008.0</ele>
    </rtept>
    <rtept lat="27.981877" lon="87.225988">
      <ele>4008.0</ele>
    </rtept>
    <rtept lat="27.981877" lon="87.225988">
      <ele>4008.0</ele>
    </rtept>
    <rtept lat="27.981807" lon="87.22592">
      <ele>4015.0</ele>
    </rtept>
    <rtept lat="27.98172" lon="87.225888">
      <ele>4001.0</ele>
    </rtept>
    <rtept lat="27.981621" lon="87.22587">
      <ele>4001.0</ele>
    </rtept>
    <rtept lat="27.981527" lon="87.225883">
      <ele>3991.0</ele>
    </rtept>
    <rtept lat="27.981431" lon="87.225893">
      <ele>3991.0</ele>
    </rtept>
    <rtept lat="27.981327" lon="87.225905">
      <ele>3991.0</ele>
    </rtept>
    <rtept lat="27.98123" lon="87.225918">
      <ele>3997.0</ele>
    </rtept>
    <rtept lat="27.981129" lon="87.22595">
      <ele>3997.0</ele>
    </rtept>
    <rtept lat="27.98103" lon="87.225974">
      <ele>4001.0</ele>
    </rtept>
    <rtept lat="27.980933" lon="87.225976">
      <ele>4017.0</ele>
    </rtept>
    <rtept lat="27.980841" lon="87.225953">
      <ele>4007.0</ele>
    </rtept>
    <rtept lat="27.980781" lon="87.225864">
      <ele>4007.0</ele>
    </rtept>
    <rtept lat="27.980709" lon="87.225783">
      <ele>4007.0</ele>
    </rtept>
    <rtept lat="27.98063" lon="87.225707">
      <ele>4026.0</ele>
    </rtept>
    <rtept lat="27.980573" lon="87.225615">
      <ele>4023.0</ele>
    </rtept>
    <rtept lat="27.980514" lon="87.2255">
      <ele>4023.0</ele>
    </rtept>
    <rtept lat="27.980455" lon="87.225396">
      <ele>4019.0</ele>
    </rtept>
    <rtept lat="27.980401" lon="87.225338">
      <ele>4033.0</ele>
    </rtept>
    <rtept lat="27.980335" lon="87.225258">
      <ele>4033.0</ele>
    </rtept>
    <rtept lat="27.980275" lon="87.225175">
      <ele>4033.0</ele>
    </rtept>
    <rtept lat="27.980225" lon="87.225086">
      <ele>4035.0</ele>
    </rtept>
    <rtept lat="27.980154" lon="87.225019">
      <ele>4035.0</ele>
    </rtept>
    <rtept lat="27.980073" lon="87.224941">
      <ele>4038.0</ele>
    </rtept>
    <rtept lat="27.980005" lon="87.224853">
      <ele>4034.0</ele>
    </rtept>
    <rtept lat="27.979942" lon="87.224765">
      <ele>4034.0</ele>
    </rtept>
    <rtept lat="27.979875" lon="87.224687">
      <ele>4034.0</ele>
    </rtept>
    <rtept lat="27.979774" lon="87.224659">
      <ele>4033.0</ele>
    </rtept>
    <rtept lat="27.979678" lon="87.224617">
      <ele>4033.0</ele>
    </rtept>
    <rtept lat="27.979595" lon="87.224542">
      <ele>4034.0</ele>
    </rtept>
    <rtept lat="27.979508" lon="87.224502">
      <ele>4031.0</ele>
    </rtept>
    <rtept lat="27.979461" lon="87.224502">
      <ele>4031.0</ele>
    </rtept>
    <rtept lat="27.979386" lon="87.224496">
      <ele>4031.0</ele>
    </rtept>
    <rtept lat="27.979302" lon="87.224475">
      <ele>4030.0</ele>
    </rtept>
    <rtept lat="27.979222" lon="87.224428">
      <ele>4030.0</ele>
    </rtept>
    <rtept lat="27.979123" lon="87.224385">
      <ele>4030.0</ele>
    </rtept>
    <rtept lat="27.979043" lon="87.224325">
      <ele>4030.0</ele>
    </rtept>
    <rtept lat="27.97895" lon="87.224271">
      <ele>4027.0</ele>
    </rtept>
    <rtept lat="27.978866" lon="87.224212">
      <ele>4027.0</ele>
    </rtept>
    <rtept lat="27.978783" lon="87.22415">
      <ele>4027.0</ele>
    </rtept>
    <rtept lat="27.978724" lon="87.224068">
      <ele>4020.0</ele>
    </rtept>
    <rtept lat="27.978648" lon="87.224">
      <ele>4012.0</ele>
    </rtept>
    <rtept lat="27.978572" lon="87.223933">
      <ele>4012.0</ele>
    </rtept>
    <rtept lat="27.978505" lon="87.22385">
      <ele>4012.0</ele>
    </rtept>
    <rtept lat="27.97843" lon="87.223767">
      <ele>4013.0</ele>
    </rtept>
    <rtept lat="27.97836" lon="87.223688">
      <ele>4015.0</ele>
    </rtept>
    <rtept lat="27.97831" lon="87.223601">
      <ele>4015.0</ele>
    </rtept>
    <rtept lat="27.978261" lon="87.223505">
      <ele>4015.0</ele>
    </rtept>
    <rtept lat="27.978201" lon="87.223418">
      <ele>4014.0</ele>
    </rtept>
    <rtept lat="27.978169" lon="87.22332">
      <ele>4011.0</ele>
    </rtept>
    <rtept lat="27.978113" lon="87.223226">
      <ele>4011.0</ele>
    </rtept>
    <rtept lat="27.978064" lon="87.223133">
      <ele>4006.0</ele>
    </rtept>
    <rtept lat="27.978043" lon="87.223027">
      <ele>4006.0</ele>
    </rtept>
    <rtept lat="27.978022" lon="87.222914">
      <ele>3992.0</ele>
    </rtept>
    <rtept lat="27.977996" lon="87.222804">
      <ele>3992.0</ele>
    </rtept>
    <rtept lat="27.978001" lon="87.222691">
      <ele>3992.0</ele>
    </rtept>
    <rtept lat="27.978001" lon="87.222579">
      <ele>3991.0</ele>
    </rtept>
    <rtept lat="27.978006" lon="87.222465">
      <ele>3991.0</ele>
    </rtept>
    <rtept lat="27.978001" lon="87.222357">
      <ele>3989.0</ele>
    </rtept>
    <rtept lat="27.977971" lon="87.222275">
      <ele>3989.0</ele>
    </rtept>
    <rtept lat="27.977941" lon="87.222176">
      <ele>3989.0</ele>
    </rtept>
    <rtept lat="27.977912" lon="87.222071">
      <ele>3999.0</ele>
    </rtept>
    <rtept lat="27.977893" lon="87.221961">
      <ele>3999.0</ele>
    </rtept>
    <rtept lat="27.977837" lon="87.221882">
      <ele>3999.0</ele>
    </rtept>
    <rtept lat="27.977766" lon="87.221802">
      <ele>4025.0</ele>
    </rtept>
    <rtept lat="27.977696" lon="87.221724">
      <ele>4025.0</ele>
    </rtept>
    <rtept lat="27.97761" lon="87.221671">
      <ele>4021.0</ele>
    </rtept>
    <rtept lat="27.977518" lon="87.221626">
      <ele>4021.0</ele>
    </rtept>
    <rtept lat="27.977445" lon="87.22156">
      <ele>4021.0</ele>
    </rtept>
    <rtept lat="27.977376" lon="87.221485">
      <ele>4028.0</ele>
    </rtept>
    <rtept lat="27.977297" lon="87.22142">
      <ele>4025.0</ele>
    </rtept>
    <rtept lat="27.977221" lon="87.221345">
      <ele>4025.0</ele>
    </rtept>
    <rtept lat="27.977134" lon="87.221281">
      <ele>4025.0</ele>
    </rtept>
    <rtept lat="27.977076" lon="87.221206">
      <ele>4027.0</ele>
    </rtept>
    <rtept lat="27.976999" lon="87.22115">
      <ele>4027.0</ele>
    </rtept>
    <rtept lat="27.976902" lon="87.221136">
      <ele>4027.0</ele>
    </rtept>
    <rtept lat="27.976809" lon="87.221121">
      <ele>4027.0</ele>
    </rtept>
    <rtept lat="27.976722" lon="87.22115">
      <ele>4025.0</ele>
    </rtept>
    <rtept lat="27.976699" lon="87.221157">
      <ele>4025.0</ele>
    </rtept>
    <rtept lat="27.976708" lon="87.221237">
      <ele>4025.0</ele>
    </rtept>
    <rtept lat="27.976665" lon="87.221209">
      <ele>4025.0</ele>
    </rtept>
    <rtept lat="27.976586" lon="87.221149">
      <ele>4025.0</ele>
    </rtept>
    <rtept lat="27.976491" lon="87.221112">
      <ele>4003.0</ele>
    </rtept>
    <rtept lat="27.976528" lon="87.221124">
      <ele>4025.0</ele>
    </rtept>
    <rtept lat="27.976611" lon="87.221092">
      <ele>4025.0</ele>
    </rtept>
    <rtept lat="27.976603" lon="87.221006">
      <ele>4025.0</ele>
    </rtept>
    <rtept lat="27.976587" lon="87.220894">
      <ele>4028.0</ele>
    </rtept>
    <rtept lat="27.976587" lon="87.220894">
      <ele>4028.0</ele>
    </rtept>
    <rtept lat="27.976616" lon="87.220975">
      <ele>4025.0</ele>
    </rtept>
    <rtept lat="27.976616" lon="87.220975">
      <ele>4025.0</ele>
    </rtept>
    <rtept lat="27.976626" lon="87.22108">
      <ele>4025.0</ele>
    </rtept>
    <rtept lat="27.976701" lon="87.221135">
      <ele>4025.0</ele>
    </rtept>
    <rtept lat="27.976628" lon="87.221054">
      <ele>4025.0</ele>
    </rtept>
    <rtept lat="27.97661" lon="87.220953">
      <ele>4028.0</ele>
    </rtept>
    <rtept lat="27.976595" lon="87.220847">
      <ele>4028.0</ele>
    </rtept>
    <rtept lat="27.976595" lon="87.220847">
      <ele>4028.0</ele>
    </rtept>
    <rtept lat="27.976595" lon="87.220847">
      <ele>4028.0</ele>
    </rtept>
    <rtept lat="27.976595" lon="87.220847">
      <ele>4028.0</ele>
    </rtept>
    <rtept lat="27.976677" lon="87.221018">
      <ele>4025.0</ele>
    </rtept>
    <rtept lat="27.976677" lon="87.221018">
      <ele>4025.0</ele>
    </rtept>
    <rtept lat="27.976601" lon="87.220959">
      <ele>4028.0</ele>
    </rtept>
    <rtept lat="27.976584" lon="87.220909">
      <ele>4028.0</ele>
    </rtept>
    <rtept lat="27.976584" lon="87.220909">
      <ele>4028.0</ele>
    </rtept>
    <rtept lat="27.976584" lon="87.220909">
      <ele>4028.0</ele>
    </rtept>
    <rtept lat="27.976584" lon="87.220909">
      <ele>4028.0</ele>
    </rtept>
    <rtept lat="27.976584" lon="87.220909">
      <ele>4028.0</ele>
    </rtept>
    <rtept lat="27.976584" lon="87.220909">
      <ele>4028.0</ele>
    </rtept>
    <rtept lat="27.976676" lon="87.220882">
      <ele>4028.0</ele>
    </rtept>
    <rtept lat="27.976547" lon="87.220878">
      <ele>4028.0</ele>
    </rtept>
    <rtept lat="27.976547" lon="87.220878">
      <ele>4028.0</ele>
    </rtept>
    <rtept lat="27.976547" lon="87.220878">
      <ele>4028.0</ele>
    </rtept>
    <rtept lat="27.976547" lon="87.220878">
      <ele>4028.0</ele>
    </rtept>
    <rtept lat="27.976547" lon="87.220878">
      <ele>4028.0</ele>
    </rtept>
    <rtept lat="27.976547" lon="87.220878">
      <ele>4028.0</ele>
    </rtept>
    <rtept lat="27.976519" lon="87.220875">
      <ele>4032.0</ele>
    </rtept>
    <rtept lat="27.976519" lon="87.220875">
      <ele>4032.0</ele>
    </rtept>
    <rtept lat="27.976519" lon="87.220875">
      <ele>4032.0</ele>
    </rtept>
    <rtept lat="27.976519" lon="87.220875">
      <ele>4032.0</ele>
    </rtept>
    <rtept lat="27.976404" lon="87.221104">
      <ele>4003.0</ele>
    </rtept>
    <rtept lat="27.976521" lon="87.220936">
      <ele>4032.0</ele>
    </rtept>
    <rtept lat="27.976527" lon="87.221043">
      <ele>4003.0</ele>
    </rtept>
    <rtept lat="27.976614" lon="87.221096">
      <ele>4025.0</ele>
    </rtept>
    <rtept lat="27.976541" lon="87.221034">
      <ele>4025.0</ele>
    </rtept>
    <rtept lat="27.976507" lon="87.220934">
      <ele>4032.0</ele>
    </rtept>
    <rtept lat="27.976507" lon="87.220934">
      <ele>4032.0</ele>
    </rtept>
    <rtept lat="27.976524" lon="87.221035">
      <ele>4003.0</ele>
    </rtept>
    <rtept lat="27.976524" lon="87.221035">
      <ele>4003.0</ele>
    </rtept>
    <rtept lat="27.976523" lon="87.220932">
      <ele>4032.0</ele>
    </rtept>
    <rtept lat="27.976548" lon="87.220832">
      <ele>4028.0</ele>
    </rtept>
    <rtept lat="27.976616" lon="87.220766">
      <ele>4028.0</ele>
    </rtept>
    <rtept lat="27.976695" lon="87.220703">
      <ele>4028.0</ele>
    </rtept>
    <rtept lat="27.976789" lon="87.220654">
      <ele>4023.0</ele>
    </rtept>
    <rtept lat="27.976789" lon="87.220654">
      <ele>4023.0</ele>
    </rtept>
    <rtept lat="27.976851" lon="87.220579">
      <ele>4017.0</ele>
    </rtept>
    <rtept lat="27.976851" lon="87.220579">
      <ele>4017.0</ele>
    </rtept>
    <rtept lat="27.97694" lon="87.220556">
      <ele>4017.0</ele>
    </rtept>
    <rtept lat="27.977006" lon="87.220489">
      <ele>4017.0</ele>
    </rtept>
    <rtept lat="27.977061" lon="87.220407">
      <ele>4009.0</ele>
    </rtept>
    <rtept lat="27.977119" lon="87.220325">
      <ele>4014.0</ele>
    </rtept>
    <rtept lat="27.977119" lon="87.220325">
      <ele>4014.0</ele>
    </rtept>
    <rtept lat="27.977187" lon="87.220249">
      <ele>4014.0</ele>
    </rtept>
    <rtept lat="27.977187" lon="87.220249">
      <ele>4014.0</ele>
    </rtept>
    <rtept lat="27.977254" lon="87.22017">
      <ele>4014.0</ele>
    </rtept>
    <rtept lat="27.977244" lon="87.220074">
      <ele>4013.0</ele>
    </rtept>
    <rtept lat="27.977214" lon="87.219977">
      <ele>4013.0</ele>
    </rtept>
    <rtept lat="27.97718" lon="87.219877">
      <ele>4013.0</ele>
    </rtept>
    <rtept lat="27.977144" lon="87.219773">
      <ele>4013.0</ele>
    </rtept>
    <rtept lat="27.977077" lon="87.219682">
      <ele>4008.0</ele>
    </rtept>
    <rtept lat="27.977077" lon="87.219682">
      <ele>4008.0</ele>
    </rtept>
    <rtept lat="27.977136" lon="87.219476">
      <ele>4012.0</ele>
    </rtept>
    <rtept lat="27.977136" lon="87.219476">
      <ele>4012.0</ele>
    </rtept>
    <rtept lat="27.977163" lon="87.219366">
      <ele>4012.0</ele>
    </rtept>
    <rtept lat="27.97719" lon="87.219263">
      <ele>4006.0</ele>
    </rtept>
    <rtept lat="27.977203" lon="87.219159">
      <ele>4006.0</ele>
    </rtept>
    <rtept lat="27.977282" lon="87.219133">
      <ele>4006.0</ele>
    </rtept>
    <rtept lat="27.977282" lon="87.219133">
      <ele>4006.0</ele>
    </rtept>
    <rtept lat="27.977328" lon="87.219061">
      <ele>4006.0</ele>
    </rtept>
    <rtept lat="27.977328" lon="87.219061">
      <ele>4006.0</ele>
    </rtept>
    <rtept lat="27.977328" lon="87.219061">
      <ele>4006.0</ele>
    </rtept>
    <rtept lat="27.977328" lon="87.219061">
      <ele>4006.0</ele>
    </rtept>
    <rtept lat="27.977328" lon="87.219061">
      <ele>4006.0</ele>
    </rtept>
    <rtept lat="27.97754" lon="87.218874">
      <ele>4021.0</ele>
    </rtept>
    <rtept lat="27.97754" lon="87.218874">
      <ele>4021.0</ele>
    </rtept>
    <rtept lat="27.97754" lon="87.218874">
      <ele>4021.0</ele>
    </rtept>
    <rtept lat="27.977592" lon="87.218785">
      <ele>4021.0</ele>
    </rtept>
    <rtept lat="27.977592" lon="87.218785">
      <ele>4021.0</ele>
    </rtept>
    <rtept lat="27.977617" lon="87.218678">
      <ele>4031.0</ele>
    </rtept>
    <rtept lat="27.977617" lon="87.218678">
      <ele>4031.0</ele>
    </rtept>
    <rtept lat="27.977683" lon="87.218606">
      <ele>4036.0</ele>
    </rtept>
    <rtept lat="27.977683" lon="87.218606">
      <ele>4036.0</ele>
    </rtept>
    <rtept lat="27.977724" lon="87.218512">
      <ele>4036.0</ele>
    </rtept>
    <rtept lat="27.977724" lon="87.218512">
      <ele>4036.0</ele>
    </rtept>
    <rtept lat="27.977724" lon="87.218512">
      <ele>4036.0</ele>
    </rtept>
    <rtept lat="27.977724" lon="87.218512">
      <ele>4036.0</ele>
    </rtept>
    <rtept lat="27.977545" lon="87.218266">
      <ele>4051.0</ele>
    </rtept>
    <rtept lat="27.977545" lon="87.218266">
      <ele>4051.0</ele>
    </rtept>
    <rtept lat="27.977474" lon="87.218201">
      <ele>4051.0</ele>
    </rtept>
    <rtept lat="27.977387" lon="87.21817">
      <ele>4073.0</ele>
    </rtept>
    <rtept lat="27.97731" lon="87.218117">
      <ele>4061.0</ele>
    </rtept>
    <rtept lat="27.977253" lon="87.21804">
      <ele>4061.0</ele>
    </rtept>
    <rtept lat="27.977231" lon="87.217936">
      <ele>4061.0</ele>
    </rtept>
    <rtept lat="27.977223" lon="87.217826">
      <ele>4072.0</ele>
    </rtept>
    <rtept lat="27.977184" lon="87.217732">
      <ele>4072.0</ele>
    </rtept>
    <rtept lat="27.977187" lon="87.217626">
      <ele>4086.0</ele>
    </rtept>
    <rtept lat="27.977193" lon="87.217512">
      <ele>4086.0</ele>
    </rtept>
    <rtept lat="27.97719" lon="87.217405">
      <ele>4086.0</ele>
    </rtept>
    <rtept lat="27.977135" lon="87.217324">
      <ele>4098.0</ele>
    </rtept>
    <rtept lat="27.977066" lon="87.217252">
      <ele>4089.0</ele>
    </rtept>
    <rtept lat="27.97702" lon="87.217164">
      <ele>4089.0</ele>
    </rtept>
    <rtept lat="27.977015" lon="87.217057">
      <ele>4108.0</ele>
    </rtept>
    <rtept lat="27.977001" lon="87.216954">
      <ele>4108.0</ele>
    </rtept>
    <rtept lat="27.977001" lon="87.216954">
      <ele>4108.0</ele>
    </rtept>
    <rtept lat="27.977051" lon="87.216862">
      <ele>4108.0</ele>
    </rtept>
    <rtept lat="27.977051" lon="87.216862">
      <ele>4108.0</ele>
    </rtept>
    <rtept lat="27.977141" lon="87.216871">
      <ele>4117.0</ele>
    </rtept>
    <rtept lat="27.977229" lon="87.216857">
      <ele>4117.0</ele>
    </rtept>
    <rtept lat="27.9773" lon="87.216792">
      <ele>4129.0</ele>
    </rtept>
    <rtept lat="27.977291" lon="87.216691">
      <ele>4129.0</ele>
    </rtept>
    <rtept lat="27.977291" lon="87.216691">
      <ele>4129.0</ele>
    </rtept>
    <rtept lat="27.977263" lon="87.216564">
      <ele>4129.0</ele>
    </rtept>
    <rtept lat="27.977263" lon="87.216564">
      <ele>4129.0</ele>
    </rtept>
    <rtept lat="27.977272" lon="87.216462">
      <ele>4137.0</ele>
    </rtept>
    <rtept lat="27.977242" lon="87.216367">
      <ele>4137.0</ele>
    </rtept>
    <rtept lat="27.977204" lon="87.216269">
      <ele>4137.0</ele>
    </rtept>
    <rtept lat="27.977166" lon="87.216169">
      <ele>4150.0</ele>
    </rtept>
    <rtept lat="27.977166" lon="87.216169">
      <ele>4150.0</ele>
    </rtept>
    <rtept lat="27.977163" lon="87.216068">
      <ele>4150.0</ele>
    </rtept>
    <rtept lat="27.977163" lon="87.216068">
      <ele>4150.0</ele>
    </rtept>
    <rtept lat="27.977161" lon="87.215965">
      <ele>4161.0</ele>
    </rtept>
    <rtept lat="27.977149" lon="87.215859">
      <ele>4161.0</ele>
    </rtept>
    <rtept lat="27.977149" lon="87.215859">
      <ele>4161.0</ele>
    </rtept>
    <rtept lat="27.97714" lon="87.215752">
      <ele>4161.0</ele>
    </rtept>
    <rtept lat="27.97714" lon="87.215752">
      <ele>4161.0</ele>
    </rtept>
    <rtept lat="27.977109" lon="87.215648">
      <ele>4172.0</ele>
    </rtept>
    <rtept lat="27.977078" lon="87.215549">
      <ele>4152.0</ele>
    </rtept>
    <rtept lat="27.977044" lon="87.215453">
      <ele>4152.0</ele>
    </rtept>
    <rtept lat="27.977044" lon="87.215453">
      <ele>4152.0</ele>
    </rtept>
    <rtept lat="27.976995" lon="87.215366">
      <ele>4160.0</ele>
    </rtept>
    <rtept lat="27.976995" lon="87.215366">
      <ele>4160.0</ele>
    </rtept>
    <rtept lat="27.976993" lon="87.215264">
      <ele>4160.0</ele>
    </rtept>
    <rtept lat="27.977007" lon="87.215157">
      <ele>4160.0</ele>
    </rtept>
    <rtept lat="27.977007" lon="87.215157">
      <ele>4160.0</ele>
    </rtept>
    <rtept lat="27.977067" lon="87.215076">
      <ele>4171.0</ele>
    </rtept>
    <rtept lat="27.977067" lon="87.215076">
      <ele>4171.0</ele>
    </rtept>
    <rtept lat="27.977048" lon="87.214977">
      <ele>4171.0</ele>
    </rtept>
    <rtept lat="27.976996" lon="87.214895">
      <ele>4171.0</ele>
    </rtept>
    <rtept lat="27.976925" lon="87.214823">
      <ele>4178.0</ele>
    </rtept>
    <rtept lat="27.976941" lon="87.214729">
      <ele>4178.0</ele>
    </rtept>
    <rtept lat="27.977031" lon="87.21473">
      <ele>4178.0</ele>
    </rtept>
    <rtept lat="27.977114" lon="87.21478">
      <ele>4193.0</ele>
    </rtept>
    <rtept lat="27.977206" lon="87.214781">
      <ele>4193.0</ele>
    </rtept>
    <rtept lat="27.977206" lon="87.214781">
      <ele>4193.0</ele>
    </rtept>
    <rtept lat="27.97739" lon="87.214753">
      <ele>4201.0</ele>
    </rtept>
    <rtept lat="27.97739" lon="87.214753">
      <ele>4201.0</ele>
    </rtept>
    <rtept lat="27.977484" lon="87.214729">
      <ele>4201.0</ele>
    </rtept>
    <rtept lat="27.977579" lon="87.214719">
      <ele>4201.0</ele>
    </rtept>
    <rtept lat="27.977671" lon="87.214706">
      <ele>4217.0</ele>
    </rtept>
    <rtept lat="27.977762" lon="87.214723">
      <ele>4217.0</ele>
    </rtept>
    <rtept lat="27.977857" lon="87.21473">
      <ele>4217.0</ele>
    </rtept>
    <rtept lat="27.977947" lon="87.214707">
      <ele>4246.0</ele>
    </rtept>
    <rtept lat="27.978037" lon="87.214696">
      <ele>4246.0</ele>
    </rtept>
    <rtept lat="27.978126" lon="87.21471">
      <ele>4246.0</ele>
    </rtept>
    <rtept lat="27.978219" lon="87.214733">
      <ele>4255.0</ele>
    </rtept>
    <rtept lat="27.978304" lon="87.214777">
      <ele>4255.0</ele>
    </rtept>
    <rtept lat="27.978353" lon="87.214861">
      <ele>4255.0</ele>
    </rtept>
    <rtept lat="27.978409" lon="87.21495">
      <ele>4256.0</ele>
    </rtept>
    <rtept lat="27.978409" lon="87.21495">
      <ele>4256.0</ele>
    </rtept>
    <rtept lat="27.978487" lon="87.215023">
      <ele>4263.0</ele>
    </rtept>
    <rtept lat="27.978487" lon="87.215023">
      <ele>4263.0</ele>
    </rtept>
    <rtept lat="27.978537" lon="87.21507">
      <ele>4263.0</ele>
    </rtept>
    <rtept lat="27.978614" lon="87.21513">
      <ele>4263.0</ele>
    </rtept>
    <rtept lat="27.978704" lon="87.215175">
      <ele>4258.0</ele>
    </rtept>
    <rtept lat="27.978789" lon="87.215223">
      <ele>4259.0</ele>
    </rtept>
    <rtept lat="27.978882" lon="87.215236">
      <ele>4259.0</ele>
    </rtept>
    <rtept lat="27.978978" lon="87.21521">
      <ele>4259.0</ele>
    </rtept>
    <rtept lat="27.979073" lon="87.215174">
      <ele>4262.0</ele>
    </rtept>
    <rtept lat="27.979163" lon="87.215134">
      <ele>4257.0</ele>
    </rtept>
    <rtept lat="27.979216" lon="87.215037">
      <ele>4257.0</ele>
    </rtept>
    <rtept lat="27.979291" lon="87.214976">
      <ele>4257.0</ele>
    </rtept>
    <rtept lat="27.979363" lon="87.214901">
      <ele>4259.0</ele>
    </rtept>
    <rtept lat="27.979452" lon="87.214856">
      <ele>4250.0</ele>
    </rtept>
    <rtept lat="27.979521" lon="87.21479">
      <ele>4250.0</ele>
    </rtept>
    <rtept lat="27.979583" lon="87.214714">
      <ele>4250.0</ele>
    </rtept>
    <rtept lat="27.979652" lon="87.214642">
      <ele>4255.0</ele>
    </rtept>
    <rtept lat="27.979705" lon="87.214557">
      <ele>4262.0</ele>
    </rtept>
    <rtept lat="27.97975" lon="87.214461">
      <ele>4262.0</ele>
    </rtept>
    <rtept lat="27.979799" lon="87.214371">
      <ele>4262.0</ele>
    </rtept>
    <rtept lat="27.979853" lon="87.214288">
      <ele>4268.0</ele>
    </rtept>
    <rtept lat="27.979919" lon="87.214219">
      <ele>4272.0</ele>
    </rtept>
    <rtept lat="27.979969" lon="87.214136">
      <ele>4272.0</ele>
    </rtept>
    <rtept lat="27.980027" lon="87.214056">
      <ele>4272.0</ele>
    </rtept>
    <rtept lat="27.980104" lon="87.214">
      <ele>4277.0</ele>
    </rtept>
    <rtept lat="27.980162" lon="87.213922">
      <ele>4286.0</ele>
    </rtept>
    <rtept lat="27.980208" lon="87.213833">
      <ele>4286.0</ele>
    </rtept>
    <rtept lat="27.980204" lon="87.213724">
      <ele>4286.0</ele>
    </rtept>
    <rtept lat="27.980172" lon="87.213628">
      <ele>4286.0</ele>
    </rtept>
    <rtept lat="27.980164" lon="87.213527">
      <ele>4286.0</ele>
    </rtept>
    <rtept lat="27.980202" lon="87.213437">
      <ele>4288.0</ele>
    </rtept>
    <rtept lat="27.980266" lon="87.213358">
      <ele>4288.0</ele>
    </rtept>
    <rtept lat="27.980321" lon="87.213273">
      <ele>4288.0</ele>
    </rtept>
    <rtept lat="27.980368" lon="87.213172">
      <ele>4287.0</ele>
    </rtept>
    <rtept lat="27.980435" lon="87.213092">
      <ele>4298.0</ele>
    </rtept>
    <rtept lat="27.980503" lon="87.213019">
      <ele>4298.0</ele>
    </rtept>
    <rtept lat="27.980583" lon="87.212959">
      <ele>4298.0</ele>
    </rtept>
    <rtept lat="27.980655" lon="87.212887">
      <ele>4301.0</ele>
    </rtept>
    <rtept lat="27.980717" lon="87.212811">
      <ele>4313.0</ele>
    </rtept>
    <rtept lat="27.98079" lon="87.212737">
      <ele>4313.0</ele>
    </rtept>
    <rtept lat="27.980867" lon="87.212672">
      <ele>4313.0</ele>
    </rtept>
    <rtept lat="27.980952" lon="87.212627">
      <ele>4307.0</ele>
    </rtept>
    <rtept lat="27.981038" lon="87.212579">
      <ele>4311.0</ele>
    </rtept>
    <rtept lat="27.981132" lon="87.212551">
      <ele>4311.0</ele>
    </rtept>
    <rtept lat="27.981226" lon="87.212528">
      <ele>4311.0</ele>
    </rtept>
    <rtept lat="27.981312" lon="87.212489">
      <ele>4309.0</ele>
    </rtept>
    <rtept lat="27.981401" lon="87.212453">
      <ele>4309.0</ele>
    </rtept>
    <rtept lat="27.981494" lon="87.212415">
      <ele>4309.0</ele>
    </rtept>
    <rtept lat="27.981569" lon="87.212342">
      <ele>4315.0</ele>
    </rtept>
    <rtept lat="27.981646" lon="87.212268">
      <ele>4315.0</ele>
    </rtept>
    <rtept lat="27.981721" lon="87.212189">
      <ele>4315.0</ele>
    </rtept>
    <rtept lat="27.981806" lon="87.212128">
      <ele>4310.0</ele>
    </rtept>
    <rtept lat="27.981874" lon="87.212058">
      <ele>4317.0</ele>
    </rtept>
    <rtept lat="27.981957" lon="87.212014">
      <ele>4317.0</ele>
    </rtept>
    <rtept lat="27.982002" lon="87.211934">
      <ele>4317.0</ele>
    </rtept>
    <rtept lat="27.982067" lon="87.21186">
      <ele>4317.0</ele>
    </rtept>
    <rtept lat="27.98213" lon="87.211774">
      <ele>4322.0</ele>
    </rtept>
    <rtept lat="27.982194" lon="87.211688">
      <ele>4322.0</ele>
    </rtept>
    <rtept lat="27.982251" lon="87.211601">
      <ele>4322.0</ele>
    </rtept>
    <rtept lat="27.98233" lon="87.211539">
      <ele>4322.0</ele>
    </rtept>
    <rtept lat="27.982413" lon="87.211475">
      <ele>4325.0</ele>
    </rtept>
    <rtept lat="27.982496" lon="87.211398">
      <ele>4325.0</ele>
    </rtept>
    <rtept lat="27.982548" lon="87.211306">
      <ele>4325.0</ele>
    </rtept>
    <rtept lat="27.98257" lon="87.211199">
      <ele>4322.0</ele>
    </rtept>
    <rtept lat="27.982604" lon="87.211097">
      <ele>4322.0</ele>
    </rtept>
    <rtept lat="27.982663" lon="87.211017">
      <ele>4335.0</ele>
    </rtept>
    <rtept lat="27.982715" lon="87.210932">
      <ele>4336.0</ele>
    </rtept>
    <rtept lat="27.982758" lon="87.210842">
      <ele>4336.0</ele>
    </rtept>
    <rtept lat="27.982827" lon="87.210753">
      <ele>4336.0</ele>
    </rtept>
    <rtept lat="27.982897" lon="87.210668">
      <ele>4330.0</ele>
    </rtept>
    <rtept lat="27.982939" lon="87.210572">
      <ele>4336.0</ele>
    </rtept>
    <rtept lat="27.982954" lon="87.210456">
      <ele>4336.0</ele>
    </rtept>
    <rtept lat="27.982963" lon="87.210348">
      <ele>4339.0</ele>
    </rtept>
    <rtept lat="27.982978" lon="87.210236">
      <ele>4339.0</ele>
    </rtept>
    <rtept lat="27.982988" lon="87.210116">
      <ele>4340.0</ele>
    </rtept>
    <rtept lat="27.983008" lon="87.210001">
      <ele>4340.0</ele>
    </rtept>
    <rtept lat="27.983023" lon="87.209896">
      <ele>4340.0</ele>
    </rtept>
    <rtept lat="27.98303" lon="87.209788">
      <ele>4339.0</ele>
    </rtept>
    <rtept lat="27.983035" lon="87.209679">
      <ele>4339.0</ele>
    </rtept>
    <rtept lat="27.983032" lon="87.209576">
      <ele>4347.0</ele>
    </rtept>
    <rtept lat="27.983001" lon="87.209471">
      <ele>4347.0</ele>
    </rtept>
    <rtept lat="27.982952" lon="87.209378">
      <ele>4347.0</ele>
    </rtept>
    <rtept lat="27.982896" lon="87.209287">
      <ele>4353.0</ele>
    </rtept>
    <rtept lat="27.982846" lon="87.209194">
      <ele>4353.0</ele>
    </rtept>
    <rtept lat="27.982814" lon="87.209095">
      <ele>4353.0</ele>
    </rtept>
    <rtept lat="27.982765" lon="87.209009">
      <ele>4369.0</ele>
    </rtept>
    <rtept lat="27.982765" lon="87.209009">
      <ele>4369.0</ele>
    </rtept>
    <rtept lat="27.982723" lon="87.208919">
      <ele>4369.0</ele>
    </rtept>
    <rtept lat="27.982723" lon="87.208919">
      <ele>4369.0</ele>
    </rtept>
    <rtept lat="27.982673" lon="87.208819">
      <ele>4369.0</ele>
    </rtept>
    <rtept lat="27.982612" lon="87.208738">
      <ele>4363.0</ele>
    </rtept>
    <rtept lat="27.98258" lon="87.208635">
      <ele>4363.0</ele>
    </rtept>
    <rtept lat="27.982558" lon="87.208532">
      <ele>4363.0</ele>
    </rtept>
    <rtept lat="27.982523" lon="87.208431">
      <ele>4370.0</ele>
    </rtept>
    <rtept lat="27.982482" lon="87.20833">
      <ele>4370.0</ele>
    </rtept>
    <rtept lat="27.982448" lon="87.208233">
      <ele>4370.0</ele>
    </rtept>
    <rtept lat="27.982411" lon="87.20813">
      <ele>4385.0</ele>
    </rtept>
    <rtept lat="27.982411" lon="87.20813">
      <ele>4385.0</ele>
    </rtept>
    <rtept lat="27.982414" lon="87.20802">
      <ele>4385.0</ele>
    </rtept>
    <rtept lat="27.982414" lon="87.20802">
      <ele>4385.0</ele>
    </rtept>
    <rtept lat="27.982384" lon="87.207914">
      <ele>4396.0</ele>
    </rtept>
    <rtept lat="27.982357" lon="87.207811">
      <ele>4378.0</ele>
    </rtept>
    <rtept lat="27.982327" lon="87.207706">
      <ele>4378.0</ele>
    </rtept>
    <rtept lat="27.982296" lon="87.207595">
      <ele>4382.0</ele>
    </rtept>
    <rtept lat="27.982292" lon="87.207482">
      <ele>4382.0</ele>
    </rtept>
    <rtept lat="27.982288" lon="87.207374">
      <ele>4382.0</ele>
    </rtept>
    <rtept lat="27.982306" lon="87.20727">
      <ele>4386.0</ele>
    </rtept>
    <rtept lat="27.982368" lon="87.207184">
      <ele>4384.0</ele>
    </rtept>
    <rtept lat="27.982456" lon="87.207137">
      <ele>4384.0</ele>
    </rtept>
    <rtept lat="27.982561" lon="87.207121">
      <ele>4384.0</ele>
    </rtept>
    <rtept lat="27.982635" lon="87.207057">
      <ele>4386.0</ele>
    </rtept>
    <rtept lat="27.982687" lon="87.206973">
      <ele>4396.0</ele>
    </rtept>
    <rtept lat="27.982761" lon="87.206905">
      <ele>4396.0</ele>
    </rtept>
    <rtept lat="27.98283" lon="87.206831">
      <ele>4396.0</ele>
    </rtept>
    <rtept lat="27.982876" lon="87.206736">
      <ele>4391.0</ele>
    </rtept>
    <rtept lat="27.982905" lon="87.206629">
      <ele>4391.0</ele>
    </rtept>
    <rtept lat="27.982931" lon="87.206527">
      <ele>4399.0</ele>
    </rtept>
    <rtept lat="27.982931" lon="87.206527">
      <ele>4399.0</ele>
    </rtept>
    <rtept lat="27.982972" lon="87.206432">
      <ele>4399.0</ele>
    </rtept>
    <rtept lat="27.982972" lon="87.206432">
      <ele>4399.0</ele>
    </rtept>
    <rtept lat="27.982953" lon="87.206329">
      <ele>4399.0</ele>
    </rtept>
    <rtept lat="27.982925" lon="87.20622">
      <ele>4399.0</ele>
    </rtept>
    <rtept lat="27.982903" lon="87.206115">
      <ele>4390.0</ele>
    </rtept>
    <rtept lat="27.98289" lon="87.206003">
      <ele>4390.0</ele>
    </rtept>
    <rtept lat="27.982875" lon="87.205897">
      <ele>4390.0</ele>
    </rtept>
    <rtept lat="27.982866" lon="87.205782">
      <ele>4390.0</ele>
    </rtept>
    <rtept lat="27.982866" lon="87.205782">
      <ele>4390.0</ele>
    </rtept>
    <rtept lat="27.982866" lon="87.205782">
      <ele>4390.0</ele>
    </rtept>
    <rtept lat="27.982866" lon="87.205782">
      <ele>4390.0</ele>
    </rtept>
    <rtept lat="27.982875" lon="87.205659">
      <ele>4389.0</ele>
    </rtept>
    <rtept lat="27.982875" lon="87.205659">
      <ele>4389.0</ele>
    </rtept>
    <rtept lat="27.982887" lon="87.205555">
      <ele>4389.0</ele>
    </rtept>
    <rtept lat="27.982862" lon="87.205456">
      <ele>4389.0</ele>
    </rtept>
    <rtept lat="27.982854" lon="87.205355">
      <ele>4392.0</ele>
    </rtept>
    <rtept lat="27.982855" lon="87.205252">
      <ele>4392.0</ele>
    </rtept>
    <rtept lat="27.982845" lon="87.205142">
      <ele>4392.0</ele>
    </rtept>
    <rtept lat="27.982828" lon="87.205034">
      <ele>4399.0</ele>
    </rtept>
    <rtept lat="27.982814" lon="87.204923">
      <ele>4399.0</ele>
    </rtept>
    <rtept lat="27.9828" lon="87.204814">
      <ele>4410.0</ele>
    </rtept>
    <rtept lat="27.982754" lon="87.204718">
      <ele>4410.0</ele>
    </rtept>
    <rtept lat="27.982716" lon="87.204621">
      <ele>4410.0</ele>
    </rtept>
    <rtept lat="27.982682" lon="87.204517">
      <ele>4407.0</ele>
    </rtept>
    <rtept lat="27.982682" lon="87.204517">
      <ele>4407.0</ele>
    </rtept>
    <rtept lat="27.982682" lon="87.204517">
      <ele>4407.0</ele>
    </rtept>
    <rtept lat="27.982682" lon="87.204517">
      <ele>4407.0</ele>
    </rtept>
    <rtept lat="27.982682" lon="87.204517">
      <ele>4407.0</ele>
    </rtept>
    <rtept lat="27.982682" lon="87.204517">
      <ele>4407.0</ele>
    </rtept>
    <rtept lat="27.982682" lon="87.204517">
      <ele>4407.0</ele>
    </rtept>
    <rtept lat="27.982682" lon="87.204517">
      <ele>4407.0</ele>
    </rtept>
    <rtept lat="27.982682" lon="87.204517">
      <ele>4407.0</ele>
    </rtept>
    <rtept lat="27.982682" lon="87.204517">
      <ele>4407.0</ele>
    </rtept>
    <rtept lat="27.982682" lon="87.204517">
      <ele>4407.0</ele>
    </rtept>
    <rtept lat="27.982682" lon="87.204517">
      <ele>4407.0</ele>
    </rtept>
    <rtept lat="27.982682" lon="87.204517">
      <ele>4407.0</ele>
    </rtept>
    <rtept lat="27.982682" lon="87.204517">
      <ele>4407.0</ele>
    </rtept>
    <rtept lat="27.982682" lon="87.204517">
      <ele>4407.0</ele>
    </rtept>
    <rtept lat="27.982682" lon="87.204517">
      <ele>4407.0</ele>
    </rtept>
    <rtept lat="27.982738" lon="87.204436">
      <ele>4407.0</ele>
    </rtept>
    <rtept lat="27.982738" lon="87.204436">
      <ele>4407.0</ele>
    </rtept>
    <rtept lat="27.982768" lon="87.20443">
      <ele>4407.0</ele>
    </rtept>
    <rtept lat="27.982855" lon="87.204388">
      <ele>4407.0</ele>
    </rtept>
    <rtept lat="27.982947" lon="87.204354">
      <ele>4411.0</ele>
    </rtept>
    <rtept lat="27.983039" lon="87.204308">
      <ele>4411.0</ele>
    </rtept>
    <rtept lat="27.983129" lon="87.204271">
      <ele>4399.0</ele>
    </rtept>
    <rtept lat="27.98322" lon="87.204234">
      <ele>4398.0</ele>
    </rtept>
    <rtept lat="27.983317" lon="87.204184">
      <ele>4398.0</ele>
    </rtept>
    <rtept lat="27.983406" lon="87.204141">
      <ele>4398.0</ele>
    </rtept>
    <rtept lat="27.983474" lon="87.204073">
      <ele>4401.0</ele>
    </rtept>
    <rtept lat="27.983559" lon="87.204027">
      <ele>4385.0</ele>
    </rtept>
    <rtept lat="27.983649" lon="87.204018">
      <ele>4385.0</ele>
    </rtept>
    <rtept lat="27.983749" lon="87.203989">
      <ele>4385.0</ele>
    </rtept>
    <rtept lat="27.98384" lon="87.203945">
      <ele>4382.0</ele>
    </rtept>
    <rtept lat="27.983934" lon="87.203888">
      <ele>4382.0</ele>
    </rtept>
    <rtept lat="27.984031" lon="87.203837">
      <ele>4378.0</ele>
    </rtept>
    <rtept lat="27.984031" lon="87.203837">
      <ele>4378.0</ele>
    </rtept>
    <rtept lat="27.984123" lon="87.203792">
      <ele>4378.0</ele>
    </rtept>
    <rtept lat="27.984123" lon="87.203792">
      <ele>4378.0</ele>
    </rtept>
    <rtept lat="27.984214" lon="87.203755">
      <ele>4378.0</ele>
    </rtept>
    <rtept lat="27.984301" lon="87.203721">
      <ele>4362.0</ele>
    </rtept>
    <rtept lat="27.984381" lon="87.203673">
      <ele>4361.0</ele>
    </rtept>
    <rtept lat="27.984468" lon="87.203674">
      <ele>4361.0</ele>
    </rtept>
    <rtept lat="27.984559" lon="87.203645">
      <ele>4361.0</ele>
    </rtept>
    <rtept lat="27.98465" lon="87.203624">
      <ele>4350.0</ele>
    </rtept>
    <rtept lat="27.984654" lon="87.203639">
      <ele>4350.0</ele>
    </rtept>
    <rtept lat="27.984654" lon="87.203639">
      <ele>4350.0</ele>
    </rtept>
    <rtept lat="27.984694" lon="87.203574">
      <ele>4350.0</ele>
    </rtept>
    <rtept lat="27.984694" lon="87.203574">
      <ele>4350.0</ele>
    </rtept>
    <rtept lat="27.984784" lon="87.203556">
      <ele>4350.0</ele>
    </rtept>
    <rtept lat="27.984874" lon="87.203596">
      <ele>4343.0</ele>
    </rtept>
    <rtept lat="27.984961" lon="87.203634">
      <ele>4343.0</ele>
    </rtept>
    <rtept lat="27.98505" lon="87.20367">
      <ele>4343.0</ele>
    </rtept>
    <rtept lat="27.985143" lon="87.203702">
      <ele>4335.0</ele>
    </rtept>
    <rtept lat="27.985234" lon="87.203712">
      <ele>4335.0</ele>
    </rtept>
    <rtept lat="27.985308" lon="87.203686">
      <ele>4335.0</ele>
    </rtept>
    <rtept lat="27.985308" lon="87.203686">
      <ele>4335.0</ele>
    </rtept>
    <rtept lat="27.985392" lon="87.203713">
      <ele>4335.0</ele>
    </rtept>
    <rtept lat="27.985392" lon="87.203713">
      <ele>4335.0</ele>
    </rtept>
    <rtept lat="27.985443" lon="87.203717">
      <ele>4332.0</ele>
    </rtept>
    <rtept lat="27.9855" lon="87.20366">
      <ele>4332.0</ele>
    </rtept>
    <rtept lat="27.985532" lon="87.20353">
      <ele>4332.0</ele>
    </rtept>
    <rtept lat="27.985628" lon="87.203512">
      <ele>4332.0</ele>
    </rtept>
    <rtept lat="27.985708" lon="87.203448">
      <ele>4323.0</ele>
    </rtept>
    <rtept lat="27.985794" lon="87.203395">
      <ele>4323.0</ele>
    </rtept>
    <rtept lat="27.985885" lon="87.203376">
      <ele>4323.0</ele>
    </rtept>
    <rtept lat="27.985981" lon="87.203379">
      <ele>4324.0</ele>
    </rtept>
    <rtept lat="27.986078" lon="87.203356">
      <ele>4324.0</ele>
    </rtept>
    <rtept lat="27.986177" lon="87.203349">
      <ele>4324.0</ele>
    </rtept>
    <rtept lat="27.986258" lon="87.203396">
      <ele>4322.0</ele>
    </rtept>
    <rtept lat="27.986339" lon="87.203453">
      <ele>4322.0</ele>
    </rtept>
    <rtept lat="27.986417" lon="87.203516">
      <ele>4320.0</ele>
    </rtept>
    <rtept lat="27.9865" lon="87.203578">
      <ele>4320.0</ele>
    </rtept>
    <rtept lat="27.986552" lon="87.203608">
      <ele>4319.0</ele>
    </rtept>
    <rtept lat="27.986613" lon="87.203548">
      <ele>4319.0</ele>
    </rtept>
    <rtept lat="27.986613" lon="87.203548">
      <ele>4319.0</ele>
    </rtept>
    <rtept lat="27.98668" lon="87.203439">
      <ele>4328.0</ele>
    </rtept>
    <rtept lat="27.98668" lon="87.203439">
      <ele>4328.0</ele>
    </rtept>
    <rtept lat="27.986698" lon="87.203414">
      <ele>4328.0</ele>
    </rtept>
    <rtept lat="27.986688" lon="87.203323">
      <ele>4328.0</ele>
    </rtept>
    <rtept lat="27.98668" lon="87.203217">
      <ele>4328.0</ele>
    </rtept>
    <rtept lat="27.986708" lon="87.20311">
      <ele>4329.0</ele>
    </rtept>
    <rtept lat="27.986759" lon="87.203017">
      <ele>4329.0</ele>
    </rtept>
    <rtept lat="27.986798" lon="87.20292">
      <ele>4329.0</ele>
    </rtept>
    <rtept lat="27.986795" lon="87.202818">
      <ele>4326.0</ele>
    </rtept>
    <rtept lat="27.986858" lon="87.202799">
      <ele>4324.0</ele>
    </rtept>
    <rtept lat="27.986934" lon="87.202757">
      <ele>4324.0</ele>
    </rtept>
    <rtept lat="27.987034" lon="87.202727">
      <ele>4324.0</ele>
    </rtept>
    <rtept lat="27.987128" lon="87.202692">
      <ele>4323.0</ele>
    </rtept>
    <rtept lat="27.987202" lon="87.202621">
      <ele>4324.0</ele>
    </rtept>
    <rtept lat="27.987286" lon="87.202551">
      <ele>4324.0</ele>
    </rtept>
    <rtept lat="27.987365" lon="87.202485">
      <ele>4311.0</ele>
    </rtept>
    <rtept lat="27.987413" lon="87.202393">
      <ele>4311.0</ele>
    </rtept>
    <rtept lat="27.987398" lon="87.202288">
      <ele>4315.0</ele>
    </rtept>
    <rtept lat="27.987366" lon="87.202183">
      <ele>4315.0</ele>
    </rtept>
    <rtept lat="27.987308" lon="87.202095">
      <ele>4329.0</ele>
    </rtept>
    <rtept lat="27.98724" lon="87.202016">
      <ele>4330.0</ele>
    </rtept>
    <rtept lat="27.987178" lon="87.201933">
      <ele>4330.0</ele>
    </rtept>
    <rtept lat="27.98719" lon="87.201833">
      <ele>4330.0</ele>
    </rtept>
    <rtept lat="27.987197" lon="87.201724">
      <ele>4337.0</ele>
    </rtept>
    <rtept lat="27.987174" lon="87.201619">
      <ele>4337.0</ele>
    </rtept>
    <rtept lat="27.98712" lon="87.201533">
      <ele>4337.0</ele>
    </rtept>
    <rtept lat="27.987048" lon="87.201464">
      <ele>4342.0</ele>
    </rtept>
    <rtept lat="27.987022" lon="87.20137">
      <ele>4342.0</ele>
    </rtept>
    <rtept lat="27.986989" lon="87.201267">
      <ele>4342.0</ele>
    </rtept>
    <rtept lat="27.986942" lon="87.201174">
      <ele>4361.0</ele>
    </rtept>
    <rtept lat="27.986866" lon="87.201113">
      <ele>4361.0</ele>
    </rtept>
    <rtept lat="27.986818" lon="87.20102">
      <ele>4361.0</ele>
    </rtept>
    <rtept lat="27.986753" lon="87.200944">
      <ele>4389.0</ele>
    </rtept>
    <rtept lat="27.986683" lon="87.200877">
      <ele>4389.0</ele>
    </rtept>
    <rtept lat="27.986617" lon="87.200807">
      <ele>4389.0</ele>
    </rtept>
    <rtept lat="27.986553" lon="87.200732">
      <ele>4389.0</ele>
    </rtept>
    <rtept lat="27.986489" lon="87.20066">
      <ele>4395.0</ele>
    </rtept>
    <rtept lat="27.98641" lon="87.200608">
      <ele>4395.0</ele>
    </rtept>
    <rtept lat="27.986347" lon="87.200538">
      <ele>4395.0</ele>
    </rtept>
    <rtept lat="27.986282" lon="87.200457">
      <ele>4395.0</ele>
    </rtept>
    <rtept lat="27.986214" lon="87.200377">
      <ele>4401.0</ele>
    </rtept>
    <rtept lat="27.986145" lon="87.20031">
      <ele>4401.0</ele>
    </rtept>
    <rtept lat="27.986096" lon="87.200223">
      <ele>4401.0</ele>
    </rtept>
    <rtept lat="27.986039" lon="87.200133">
      <ele>4399.0</ele>
    </rtept>
    <rtept lat="27.985963" lon="87.200079">
      <ele>4394.0</ele>
    </rtept>
    <rtept lat="27.985869" lon="87.200038">
      <ele>4394.0</ele>
    </rtept>
    <rtept lat="27.985799" lon="87.199962">
      <ele>4394.0</ele>
    </rtept>
    <rtept lat="27.98575" lon="87.199873">
      <ele>4394.0</ele>
    </rtept>
    <rtept lat="27.985707" lon="87.199773">
      <ele>4411.0</ele>
    </rtept>
    <rtept lat="27.985638" lon="87.199693">
      <ele>4406.0</ele>
    </rtept>
    <rtept lat="27.985562" lon="87.199623">
      <ele>4406.0</ele>
    </rtept>
    <rtept lat="27.985486" lon="87.199553">
      <ele>4423.0</ele>
    </rtept>
    <rtept lat="27.985424" lon="87.19947">
      <ele>4423.0</ele>
    </rtept>
    <rtept lat="27.985363" lon="87.199387">
      <ele>4411.0</ele>
    </rtept>
    <rtept lat="27.985301" lon="87.199301">
      <ele>4421.0</ele>
    </rtept>
    <rtept lat="27.985245" lon="87.199206">
      <ele>4421.0</ele>
    </rtept>
    <rtept lat="27.98521" lon="87.199106">
      <ele>4421.0</ele>
    </rtept>
    <rtept lat="27.985174" lon="87.199011">
      <ele>4432.0</ele>
    </rtept>
    <rtept lat="27.985115" lon="87.198932">
      <ele>4421.0</ele>
    </rtept>
    <rtept lat="27.985059" lon="87.198841">
      <ele>4421.0</ele>
    </rtept>
    <rtept lat="27.98502" lon="87.198743">
      <ele>4433.0</ele>
    </rtept>
    <rtept lat="27.984983" lon="87.198647">
      <ele>4433.0</ele>
    </rtept>
    <rtept lat="27.984925" lon="87.19856">
      <ele>4433.0</ele>
    </rtept>
    <rtept lat="27.984872" lon="87.198472">
      <ele>4441.0</ele>
    </rtept>
    <rtept lat="27.984822" lon="87.198385">
      <ele>4434.0</ele>
    </rtept>
    <rtept lat="27.984765" lon="87.198295">
      <ele>4434.0</ele>
    </rtept>
    <rtept lat="27.98471" lon="87.19821">
      <ele>4434.0</ele>
    </rtept>
    <rtept lat="27.984635" lon="87.198134">
      <ele>4437.0</ele>
    </rtept>
    <rtept lat="27.984549" lon="87.198084">
      <ele>4426.0</ele>
    </rtept>
    <rtept lat="27.984549" lon="87.198084">
      <ele>4426.0</ele>
    </rtept>
    <rtept lat="27.984549" lon="87.198084">
      <ele>4426.0</ele>
    </rtept>
    <rtept lat="27.984549" lon="87.198084">
      <ele>4426.0</ele>
    </rtept>
    <rtept lat="27.984549" lon="87.198084">
      <ele>4426.0</ele>
    </rtept>
    <rtept lat="27.984549" lon="87.198084">
      <ele>4426.0</ele>
    </rtept>
    <rtept lat="27.984549" lon="87.198084">
      <ele>4426.0</ele>
    </rtept>
    <rtept lat="27.984549" lon="87.198084">
      <ele>4426.0</ele>
    </rtept>
    <rtept lat="27.984628" lon="87.198123">
      <ele>4437.0</ele>
    </rtept>
    <rtept lat="27.984628" lon="87.198123">
      <ele>4437.0</ele>
    </rtept>
    <rtept lat="27.984728" lon="87.198158">
      <ele>4437.0</ele>
    </rtept>
    <rtept lat="27.984832" lon="87.19815">
      <ele>4437.0</ele>
    </rtept>
    <rtept lat="27.984928" lon="87.198125">
      <ele>4445.0</ele>
    </rtept>
    <rtept lat="27.98502" lon="87.198094">
      <ele>4445.0</ele>
    </rtept>
    <rtept lat="27.985113" lon="87.198081">
      <ele>4445.0</ele>
    </rtept>
    <rtept lat="27.985213" lon="87.198056">
      <ele>4448.0</ele>
    </rtept>
    <rtept lat="27.985311" lon="87.198026">
      <ele>4448.0</ele>
    </rtept>
    <rtept lat="27.98541" lon="87.197996">
      <ele>4448.0</ele>
    </rtept>
    <rtept lat="27.985504" lon="87.197954">
      <ele>4456.0</ele>
    </rtept>
    <rtept lat="27.985601" lon="87.197908">
      <ele>4450.0</ele>
    </rtept>
    <rtept lat="27.985662" lon="87.197829">
      <ele>4450.0</ele>
    </rtept>
    <rtept lat="27.985702" lon="87.197734">
      <ele>4456.0</ele>
    </rtept>
    <rtept lat="27.98571" lon="87.197625">
      <ele>4455.0</ele>
    </rtept>
    <rtept lat="27.985739" lon="87.197524">
      <ele>4455.0</ele>
    </rtept>
    <rtept lat="27.985762" lon="87.197418">
      <ele>4455.0</ele>
    </rtept>
    <rtept lat="27.985778" lon="87.197308">
      <ele>4426.0</ele>
    </rtept>
    <rtept lat="27.985787" lon="87.197199">
      <ele>4426.0</ele>
    </rtept>
    <rtept lat="27.985773" lon="87.197089">
      <ele>4426.0</ele>
    </rtept>
    <rtept lat="27.985783" lon="87.196984">
      <ele>4395.0</ele>
    </rtept>
    <rtept lat="27.985799" lon="87.196881">
      <ele>4395.0</ele>
    </rtept>
    <rtept lat="27.985808" lon="87.196777">
      <ele>4391.0</ele>
    </rtept>
    <rtept lat="27.985844" lon="87.196674">
      <ele>4391.0</ele>
    </rtept>
    <rtept lat="27.985871" lon="87.196569">
      <ele>4391.0</ele>
    </rtept>
    <rtept lat="27.985881" lon="87.196468">
      <ele>4393.0</ele>
    </rtept>
    <rtept lat="27.985874" lon="87.196358">
      <ele>4393.0</ele>
    </rtept>
    <rtept lat="27.985864" lon="87.196245">
      <ele>4393.0</ele>
    </rtept>
    <rtept lat="27.985847" lon="87.196139">
      <ele>4393.0</ele>
    </rtept>
    <rtept lat="27.985828" lon="87.196026">
      <ele>4393.0</ele>
    </rtept>
    <rtept lat="27.985832" lon="87.19592">
      <ele>4399.0</ele>
    </rtept>
    <rtept lat="27.985809" lon="87.195824">
      <ele>4399.0</ele>
    </rtept>
    <rtept lat="27.985791" lon="87.195711">
      <ele>4399.0</ele>
    </rtept>
    <rtept lat="27.985799" lon="87.195594">
      <ele>4390.0</ele>
    </rtept>
    <rtept lat="27.985794" lon="87.195489">
      <ele>4390.0</ele>
    </rtept>
    <rtept lat="27.98579" lon="87.195373">
      <ele>4386.0</ele>
    </rtept>
    <rtept lat="27.985807" lon="87.195263">
      <ele>4386.0</ele>
    </rtept>
    <rtept lat="27.98583" lon="87.195151">
      <ele>4386.0</ele>
    </rtept>
    <rtept lat="27.985827" lon="87.195041">
      <ele>4375.0</ele>
    </rtept>
    <rtept lat="27.985847" lon="87.194936">
      <ele>4375.0</ele>
    </rtept>
    <rtept lat="27.985837" lon="87.194835">
      <ele>4373.0</ele>
    </rtept>
    <rtept lat="27.985812" lon="87.194726">
      <ele>4373.0</ele>
    </rtept>
    <rtept lat="27.985831" lon="87.19464">
      <ele>4373.0</ele>
    </rtept>
    <rtept lat="27.985831" lon="87.19464">
      <ele>4373.0</ele>
    </rtept>
    <rtept lat="27.985824" lon="87.194541">
      <ele>4364.0</ele>
    </rtept>
    <rtept lat="27.985824" lon="87.194541">
      <ele>4364.0</ele>
    </rtept>
    <rtept lat="27.985818" lon="87.194419">
      <ele>4364.0</ele>
    </rtept>
    <rtept lat="27.985829" lon="87.194303">
      <ele>4363.0</ele>
    </rtept>
    <rtept lat="27.985826" lon="87.194183">
      <ele>4363.0</ele>
    </rtept>
    <rtept lat="27.985853" lon="87.194083">
      <ele>4363.0</ele>
    </rtept>
    <rtept lat="27.985893" lon="87.193991">
      <ele>4361.0</ele>
    </rtept>
    <rtept lat="27.985921" lon="87.193895">
      <ele>4361.0</ele>
    </rtept>
    <rtept lat="27.985946" lon="87.19379">
      <ele>4361.0</ele>
    </rtept>
    <rtept lat="27.985973" lon="87.193674">
      <ele>4369.0</ele>
    </rtept>
    <rtept lat="27.986005" lon="87.193557">
      <ele>4369.0</ele>
    </rtept>
    <rtept lat="27.986049" lon="87.193445">
      <ele>4366.0</ele>
    </rtept>
    <rtept lat="27.986072" lon="87.193411">
      <ele>4366.0</ele>
    </rtept>
    <rtept lat="27.986071" lon="87.193328">
      <ele>4366.0</ele>
    </rtept>
    <rtept lat="27.986097" lon="87.193225">
      <ele>4366.0</ele>
    </rtept>
    <rtept lat="27.986139" lon="87.19312">
      <ele>4369.0</ele>
    </rtept>
    <rtept lat="27.986173" lon="87.193017">
      <ele>4369.0</ele>
    </rtept>
    <rtept lat="27.986174" lon="87.192912">
      <ele>4367.0</ele>
    </rtept>
    <rtept lat="27.986193" lon="87.192806">
      <ele>4367.0</ele>
    </rtept>
    <rtept lat="27.986204" lon="87.192692">
      <ele>4367.0</ele>
    </rtept>
    <rtept lat="27.986223" lon="87.192584">
      <ele>4365.0</ele>
    </rtept>
    <rtept lat="27.986236" lon="87.192472">
      <ele>4365.0</ele>
    </rtept>
    <rtept lat="27.986245" lon="87.192358">
      <ele>4365.0</ele>
    </rtept>
    <rtept lat="27.986243" lon="87.192244">
      <ele>4365.0</ele>
    </rtept>
    <rtept lat="27.986251" lon="87.192139">
      <ele>4367.0</ele>
    </rtept>
    <rtept lat="27.986278" lon="87.19203">
      <ele>4368.0</ele>
    </rtept>
    <rtept lat="27.9863" lon="87.191913">
      <ele>4368.0</ele>
    </rtept>
    <rtept lat="27.986322" lon="87.191799">
      <ele>4370.0</ele>
    </rtept>
    <rtept lat="27.986356" lon="87.191697">
      <ele>4370.0</ele>
    </rtept>
    <rtept lat="27.986356" lon="87.191592">
      <ele>4370.0</ele>
    </rtept>
    <rtept lat="27.986341" lon="87.191489">
      <ele>4373.0</ele>
    </rtept>
    <rtept lat="27.986369" lon="87.191398">
      <ele>4373.0</ele>
    </rtept>
    <rtept lat="27.986412" lon="87.191306">
      <ele>4373.0</ele>
    </rtept>
    <rtept lat="27.98645" lon="87.19121">
      <ele>4377.0</ele>
    </rtept>
    <rtept lat="27.986487" lon="87.191096">
      <ele>4377.0</ele>
    </rtept>
    <rtept lat="27.986507" lon="87.190978">
      <ele>4377.0</ele>
    </rtept>
    <rtept lat="27.986542" lon="87.190871">
      <ele>4375.0</ele>
    </rtept>
    <rtept lat="27.986573" lon="87.190765">
      <ele>4375.0</ele>
    </rtept>
    <rtept lat="27.986594" lon="87.190658">
      <ele>4381.0</ele>
    </rtept>
    <rtept lat="27.986587" lon="87.190545">
      <ele>4381.0</ele>
    </rtept>
    <rtept lat="27.986584" lon="87.190437">
      <ele>4381.0</ele>
    </rtept>
    <rtept lat="27.986574" lon="87.190332">
      <ele>4387.0</ele>
    </rtept>
    <rtept lat="27.986593" lon="87.190231">
      <ele>4387.0</ele>
    </rtept>
    <rtept lat="27.986624" lon="87.190128">
      <ele>4389.0</ele>
    </rtept>
    <rtept lat="27.986656" lon="87.190022">
      <ele>4389.0</ele>
    </rtept>
    <rtept lat="27.986694" lon="87.189923">
      <ele>4389.0</ele>
    </rtept>
    <rtept lat="27.986733" lon="87.189827">
      <ele>4389.0</ele>
    </rtept>
    <rtept lat="27.986759" lon="87.189724">
      <ele>4389.0</ele>
    </rtept>
    <rtept lat="27.986773" lon="87.189612">
      <ele>4389.0</ele>
    </rtept>
    <rtept lat="27.986804" lon="87.189506">
      <ele>4389.0</ele>
    </rtept>
    <rtept lat="27.986799" lon="87.189389">
      <ele>4389.0</ele>
    </rtept>
    <rtept lat="27.986787" lon="87.18928">
      <ele>4389.0</ele>
    </rtept>
    <rtept lat="27.986772" lon="87.189165">
      <ele>4389.0</ele>
    </rtept>
    <rtept lat="27.986766" lon="87.189049">
      <ele>4389.0</ele>
    </rtept>
    <rtept lat="27.986761" lon="87.188927">
      <ele>4389.0</ele>
    </rtept>
    <rtept lat="27.986778" lon="87.188821">
      <ele>4389.0</ele>
    </rtept>
    <rtept lat="27.98682" lon="87.18873">
      <ele>4392.0</ele>
    </rtept>
    <rtept lat="27.986828" lon="87.188719">
      <ele>4392.0</ele>
    </rtept>
    <rtept lat="27.986877" lon="87.188671">
      <ele>4392.0</ele>
    </rtept>
    <rtept lat="27.986922" lon="87.188577">
      <ele>4392.0</ele>
    </rtept>
    <rtept lat="27.986956" lon="87.188464">
      <ele>4393.0</ele>
    </rtept>
    <rtept lat="27.986988" lon="87.188356">
      <ele>4393.0</ele>
    </rtept>
    <rtept lat="27.987011" lon="87.188245">
      <ele>4393.0</ele>
    </rtept>
    <rtept lat="27.987037" lon="87.188142">
      <ele>4395.0</ele>
    </rtept>
    <rtept lat="27.987063" lon="87.188033">
      <ele>4395.0</ele>
    </rtept>
    <rtept lat="27.987093" lon="87.187929">
      <ele>4396.0</ele>
    </rtept>
    <rtept lat="27.987104" lon="87.187826">
      <ele>4404.0</ele>
    </rtept>
    <rtept lat="27.987095" lon="87.187725">
      <ele>4404.0</ele>
    </rtept>
    <rtept lat="27.987109" lon="87.187622">
      <ele>4415.0</ele>
    </rtept>
    <rtept lat="27.987126" lon="87.187511">
      <ele>4415.0</ele>
    </rtept>
    <rtept lat="27.987149" lon="87.187409">
      <ele>4415.0</ele>
    </rtept>
    <rtept lat="27.987201" lon="87.18732">
      <ele>4418.0</ele>
    </rtept>
    <rtept lat="27.987257" lon="87.187235">
      <ele>4418.0</ele>
    </rtept>
    <rtept lat="27.987312" lon="87.187141">
      <ele>4418.0</ele>
    </rtept>
    <rtept lat="27.987312" lon="87.187141">
      <ele>4418.0</ele>
    </rtept>
    <rtept lat="27.987362" lon="87.187049">
      <ele>4423.0</ele>
    </rtept>
    <rtept lat="27.987362" lon="87.187049">
      <ele>4423.0</ele>
    </rtept>
    <rtept lat="27.987389" lon="87.186951">
      <ele>4423.0</ele>
    </rtept>
    <rtept lat="27.987412" lon="87.186848">
      <ele>4423.0</ele>
    </rtept>
    <rtept lat="27.987421" lon="87.186741">
      <ele>4428.0</ele>
    </rtept>
    <rtept lat="27.987423" lon="87.186627">
      <ele>4428.0</ele>
    </rtept>
    <rtept lat="27.987435" lon="87.186514">
      <ele>4427.0</ele>
    </rtept>
    <rtept lat="27.987473" lon="87.186406">
      <ele>4427.0</ele>
    </rtept>
    <rtept lat="27.987526" lon="87.186316">
      <ele>4427.0</ele>
    </rtept>
    <rtept lat="27.987537" lon="87.186219">
      <ele>4427.0</ele>
    </rtept>
    <rtept lat="27.987523" lon="87.186108">
      <ele>4427.0</ele>
    </rtept>
    <rtept lat="27.987538" lon="87.186004">
      <ele>4427.0</ele>
    </rtept>
    <rtept lat="27.987533" lon="87.185895">
      <ele>4426.0</ele>
    </rtept>
    <rtept lat="27.987487" lon="87.185805">
      <ele>4426.0</ele>
    </rtept>
    <rtept lat="27.987457" lon="87.185705">
      <ele>4426.0</ele>
    </rtept>
    <rtept lat="27.987416" lon="87.185598">
      <ele>4423.0</ele>
    </rtept>
    <rtept lat="27.987347" lon="87.185513">
      <ele>4418.0</ele>
    </rtept>
    <rtept lat="27.98728" lon="87.185438">
      <ele>4418.0</ele>
    </rtept>
    <rtept lat="27.987237" lon="87.185344">
      <ele>4417.0</ele>
    </rtept>
    <rtept lat="27.987174" lon="87.185267">
      <ele>4417.0</ele>
    </rtept>
    <rtept lat="27.987133" lon="87.185175">
      <ele>4417.0</ele>
    </rtept>
    <rtept lat="27.987199" lon="87.185084">
      <ele>4425.0</ele>
    </rtept>
    <rtept lat="27.987275" lon="87.185027">
      <ele>4425.0</ele>
    </rtept>
    <rtept lat="27.987343" lon="87.184958">
      <ele>4425.0</ele>
    </rtept>
    <rtept lat="27.987426" lon="87.1849">
      <ele>4427.0</ele>
    </rtept>
    <rtept lat="27.987494" lon="87.184826">
      <ele>4428.0</ele>
    </rtept>
    <rtept lat="27.98758" lon="87.184771">
      <ele>4428.0</ele>
    </rtept>
    <rtept lat="27.987656" lon="87.184699">
      <ele>4431.0</ele>
    </rtept>
    <rtept lat="27.987731" lon="87.184624">
      <ele>4431.0</ele>
    </rtept>
    <rtept lat="27.987803" lon="87.18455">
      <ele>4433.0</ele>
    </rtept>
    <rtept lat="27.987875" lon="87.184462">
      <ele>4433.0</ele>
    </rtept>
    <rtept lat="27.987946" lon="87.184384">
      <ele>4431.0</ele>
    </rtept>
    <rtept lat="27.988023" lon="87.184306">
      <ele>4431.0</ele>
    </rtept>
    <rtept lat="27.988082" lon="87.184204">
      <ele>4430.0</ele>
    </rtept>
    <rtept lat="27.98815" lon="87.184127">
      <ele>4430.0</ele>
    </rtept>
    <rtept lat="27.988229" lon="87.184051">
      <ele>4436.0</ele>
    </rtept>
    <rtept lat="27.988275" lon="87.183956">
      <ele>4439.0</ele>
    </rtept>
    <rtept lat="27.988316" lon="87.183859">
      <ele>4439.0</ele>
    </rtept>
    <rtept lat="27.988362" lon="87.183759">
      <ele>4439.0</ele>
    </rtept>
    <rtept lat="27.988389" lon="87.183659">
      <ele>4434.0</ele>
    </rtept>
    <rtept lat="27.988415" lon="87.183552">
      <ele>4434.0</ele>
    </rtept>
    <rtept lat="27.988476" lon="87.183463">
      <ele>4433.0</ele>
    </rtept>
    <rtept lat="27.988508" lon="87.183366">
      <ele>4433.0</ele>
    </rtept>
    <rtept lat="27.988508" lon="87.183257">
      <ele>4433.0</ele>
    </rtept>
    <rtept lat="27.988471" lon="87.183154">
      <ele>4422.0</ele>
    </rtept>
    <rtept lat="27.988495" lon="87.183054">
      <ele>4427.0</ele>
    </rtept>
    <rtept lat="27.988568" lon="87.182979">
      <ele>4427.0</ele>
    </rtept>
    <rtept lat="27.988655" lon="87.182907">
      <ele>4421.0</ele>
    </rtept>
    <rtept lat="27.988733" lon="87.182825">
      <ele>4421.0</ele>
    </rtept>
    <rtept lat="27.988799" lon="87.182743">
      <ele>4422.0</ele>
    </rtept>
    <rtept lat="27.988883" lon="87.182689">
      <ele>4422.0</ele>
    </rtept>
    <rtept lat="27.988953" lon="87.182612">
      <ele>4408.0</ele>
    </rtept>
    <rtept lat="27.989036" lon="87.182574">
      <ele>4412.0</ele>
    </rtept>
    <rtept lat="27.989122" lon="87.182543">
      <ele>4412.0</ele>
    </rtept>
    <rtept lat="27.989195" lon="87.182478">
      <ele>4412.0</ele>
    </rtept>
    <rtept lat="27.989256" lon="87.182392">
      <ele>4412.0</ele>
    </rtept>
    <rtept lat="27.989314" lon="87.182301">
      <ele>4400.0</ele>
    </rtept>
    <rtept lat="27.989392" lon="87.182243">
      <ele>4400.0</ele>
    </rtept>
    <rtept lat="27.989473" lon="87.182192">
      <ele>4400.0</ele>
    </rtept>
    <rtept lat="27.989561" lon="87.182136">
      <ele>4400.0</ele>
    </rtept>
    <rtept lat="27.989651" lon="87.182097">
      <ele>4400.0</ele>
    </rtept>
    <rtept lat="27.989727" lon="87.182041">
      <ele>4394.0</ele>
    </rtept>
    <rtept lat="27.989823" lon="87.182045">
      <ele>4394.0</ele>
    </rtept>
    <rtept lat="27.989928" lon="87.18204">
      <ele>4394.0</ele>
    </rtept>
    <rtept lat="27.990022" lon="87.182021">
      <ele>4394.0</ele>
    </rtept>
    <rtept lat="27.990129" lon="87.182005">
      <ele>4394.0</ele>
    </rtept>
    <rtept lat="27.990229" lon="87.181984">
      <ele>4397.0</ele>
    </rtept>
    <rtept lat="27.990317" lon="87.181979">
      <ele>4397.0</ele>
    </rtept>
    <rtept lat="27.990417" lon="87.181956">
      <ele>4406.0</ele>
    </rtept>
    <rtept lat="27.99047" lon="87.181927">
      <ele>4406.0</ele>
    </rtept>
    <rtept lat="27.990531" lon="87.181865">
      <ele>4406.0</ele>
    </rtept>
    <rtept lat="27.990611" lon="87.181817">
      <ele>4406.0</ele>
    </rtept>
    <rtept lat="27.990681" lon="87.181751">
      <ele>4408.0</ele>
    </rtept>
    <rtept lat="27.990738" lon="87.181656">
      <ele>4410.0</ele>
    </rtept>
    <rtept lat="27.990748" lon="87.181546">
      <ele>4410.0</ele>
    </rtept>
    <rtept lat="27.990741" lon="87.181427">
      <ele>4412.0</ele>
    </rtept>
    <rtept lat="27.990754" lon="87.181313">
      <ele>4412.0</ele>
    </rtept>
    <rtept lat="27.990814" lon="87.18124">
      <ele>4405.0</ele>
    </rtept>
    <rtept lat="27.9908" lon="87.181159">
      <ele>4405.0</ele>
    </rtept>
    <rtept lat="27.990741" lon="87.181074">
      <ele>4405.0</ele>
    </rtept>
    <rtept lat="27.990657" lon="87.180997">
      <ele>4406.0</ele>
    </rtept>
    <rtept lat="27.990617" lon="87.180901">
      <ele>4402.0</ele>
    </rtept>
    <rtept lat="27.990578" lon="87.1808">
      <ele>4402.0</ele>
    </rtept>
    <rtept lat="27.990566" lon="87.180696">
      <ele>4402.0</ele>
    </rtept>
    <rtept lat="27.99058" lon="87.180582">
      <ele>4394.0</ele>
    </rtept>
    <rtept lat="27.990634" lon="87.180476">
      <ele>4394.0</ele>
    </rtept>
    <rtept lat="27.990691" lon="87.180383">
      <ele>4394.0</ele>
    </rtept>
    <rtept lat="27.990756" lon="87.1803">
      <ele>4394.0</ele>
    </rtept>
    <rtept lat="27.990806" lon="87.180204">
      <ele>4394.0</ele>
    </rtept>
    <rtept lat="27.990837" lon="87.180104">
      <ele>4398.0</ele>
    </rtept>
    <rtept lat="27.990817" lon="87.180003">
      <ele>4398.0</ele>
    </rtept>
    <rtept lat="27.990831" lon="87.179901">
      <ele>4398.0</ele>
    </rtept>
    <rtept lat="27.990831" lon="87.179901">
      <ele>4398.0</ele>
    </rtept>
    <rtept lat="27.990905" lon="87.179833">
      <ele>4402.0</ele>
    </rtept>
    <rtept lat="27.990905" lon="87.179833">
      <ele>4402.0</ele>
    </rtept>
    <rtept lat="27.990929" lon="87.179731">
      <ele>4402.0</ele>
    </rtept>
    <rtept lat="27.990953" lon="87.179631">
      <ele>4402.0</ele>
    </rtept>
    <rtept lat="27.991023" lon="87.179561">
      <ele>4399.0</ele>
    </rtept>
    <rtept lat="27.991062" lon="87.179468">
      <ele>4399.0</ele>
    </rtept>
    <rtept lat="27.99108" lon="87.179367">
      <ele>4399.0</ele>
    </rtept>
    <rtept lat="27.991083" lon="87.179259">
      <ele>4407.0</ele>
    </rtept>
    <rtept lat="27.991135" lon="87.179174">
      <ele>4407.0</ele>
    </rtept>
    <rtept lat="27.991182" lon="87.179085">
      <ele>4407.0</ele>
    </rtept>
    <rtept lat="27.991252" lon="87.179018">
      <ele>4418.0</ele>
    </rtept>
    <rtept lat="27.99133" lon="87.178958">
      <ele>4418.0</ele>
    </rtept>
    <rtept lat="27.991412" lon="87.178892">
      <ele>4418.0</ele>
    </rtept>
    <rtept lat="27.991446" lon="87.178787">
      <ele>4418.0</ele>
    </rtept>
    <rtept lat="27.991474" lon="87.178684">
      <ele>4422.0</ele>
    </rtept>
    <rtept lat="27.991517" lon="87.178583">
      <ele>4422.0</ele>
    </rtept>
    <rtept lat="27.991517" lon="87.178583">
      <ele>4422.0</ele>
    </rtept>
    <rtept lat="27.991517" lon="87.178583">
      <ele>4422.0</ele>
    </rtept>
    <rtept lat="27.991517" lon="87.178583">
      <ele>4422.0</ele>
    </rtept>
    <rtept lat="27.991517" lon="87.178583">
      <ele>4422.0</ele>
    </rtept>
    <rtept lat="27.991517" lon="87.178583">
      <ele>4422.0</ele>
    </rtept>
    <rtept lat="27.991554" lon="87.17848">
      <ele>4422.0</ele>
    </rtept>
    <rtept lat="27.991554" lon="87.17848">
      <ele>4422.0</ele>
    </rtept>
    <rtept lat="27.991551" lon="87.178378">
      <ele>4428.0</ele>
    </rtept>
    <rtept lat="27.991529" lon="87.178276">
      <ele>4428.0</ele>
    </rtept>
    <rtept lat="27.991552" lon="87.178174">
      <ele>4448.0</ele>
    </rtept>
    <rtept lat="27.991575" lon="87.178066">
      <ele>4448.0</ele>
    </rtept>
    <rtept lat="27.991602" lon="87.177965">
      <ele>4448.0</ele>
    </rtept>
    <rtept lat="27.991617" lon="87.177857">
      <ele>4458.0</ele>
    </rtept>
    <rtept lat="27.991597" lon="87.177754">
      <ele>4458.0</ele>
    </rtept>
    <rtept lat="27.991553" lon="87.177661">
      <ele>4458.0</ele>
    </rtept>
    <rtept lat="27.991513" lon="87.177567">
      <ele>4456.0</ele>
    </rtept>
    <rtept lat="27.991503" lon="87.177464">
      <ele>4456.0</ele>
    </rtept>
    <rtept lat="27.991484" lon="87.177357">
      <ele>4455.0</ele>
    </rtept>
    <rtept lat="27.991426" lon="87.177275">
      <ele>4455.0</ele>
    </rtept>
    <rtept lat="27.991376" lon="87.177188">
      <ele>4455.0</ele>
    </rtept>
    <rtept lat="27.99138" lon="87.177078">
      <ele>4457.0</ele>
    </rtept>
    <rtept lat="27.991389" lon="87.176974">
      <ele>4457.0</ele>
    </rtept>
    <rtept lat="27.991411" lon="87.176857">
      <ele>4457.0</ele>
    </rtept>
    <rtept lat="27.991479" lon="87.176769">
      <ele>4462.0</ele>
    </rtept>
    <rtept lat="27.991559" lon="87.17671">
      <ele>4463.0</ele>
    </rtept>
    <rtept lat="27.991616" lon="87.17663">
      <ele>4463.0</ele>
    </rtept>
    <rtept lat="27.991675" lon="87.176549">
      <ele>4463.0</ele>
    </rtept>
    <rtept lat="27.991748" lon="87.176481">
      <ele>4461.0</ele>
    </rtept>
    <rtept lat="27.991837" lon="87.176431">
      <ele>4465.0</ele>
    </rtept>
    <rtept lat="27.991925" lon="87.176374">
      <ele>4465.0</ele>
    </rtept>
    <rtept lat="27.992007" lon="87.176318">
      <ele>4465.0</ele>
    </rtept>
    <rtept lat="27.992076" lon="87.176244">
      <ele>4465.0</ele>
    </rtept>
    <rtept lat="27.992151" lon="87.176185">
      <ele>4477.0</ele>
    </rtept>
    <rtept lat="27.992151" lon="87.176185">
      <ele>4477.0</ele>
    </rtept>
    <rtept lat="27.99223" lon="87.176129">
      <ele>4477.0</ele>
    </rtept>
    <rtept lat="27.99223" lon="87.176129">
      <ele>4477.0</ele>
    </rtept>
    <rtept lat="27.992258" lon="87.17603">
      <ele>4477.0</ele>
    </rtept>
    <rtept lat="27.99232" lon="87.175959">
      <ele>4468.0</ele>
    </rtept>
    <rtept lat="27.992367" lon="87.175867">
      <ele>4480.0</ele>
    </rtept>
    <rtept lat="27.992424" lon="87.175783">
      <ele>4480.0</ele>
    </rtept>
    <rtept lat="27.992481" lon="87.175695">
      <ele>4480.0</ele>
    </rtept>
    <rtept lat="27.992565" lon="87.175639">
      <ele>4493.0</ele>
    </rtept>
    <rtept lat="27.992642" lon="87.17558">
      <ele>4487.0</ele>
    </rtept>
    <rtept lat="27.992728" lon="87.17555">
      <ele>4487.0</ele>
    </rtept>
    <rtept lat="27.99281" lon="87.175502">
      <ele>4487.0</ele>
    </rtept>
    <rtept lat="27.992888" lon="87.175438">
      <ele>4487.0</ele>
    </rtept>
    <rtept lat="27.992972" lon="87.175387">
      <ele>4511.0</ele>
    </rtept>
    <rtept lat="27.99306" lon="87.175353">
      <ele>4511.0</ele>
    </rtept>
    <rtept lat="27.993142" lon="87.17531">
      <ele>4511.0</ele>
    </rtept>
    <rtept lat="27.993228" lon="87.17527">
      <ele>4510.0</ele>
    </rtept>
    <rtept lat="27.993311" lon="87.175223">
      <ele>4510.0</ele>
    </rtept>
    <rtept lat="27.993394" lon="87.175174">
      <ele>4510.0</ele>
    </rtept>
    <rtept lat="27.99348" lon="87.175135">
      <ele>4524.0</ele>
    </rtept>
    <rtept lat="27.993534" lon="87.175051">
      <ele>4524.0</ele>
    </rtept>
    <rtept lat="27.993555" lon="87.174945">
      <ele>4524.0</ele>
    </rtept>
    <rtept lat="27.993565" lon="87.174835">
      <ele>4532.0</ele>
    </rtept>
    <rtept lat="27.993603" lon="87.174741">
      <ele>4532.0</ele>
    </rtept>
    <rtept lat="27.99366" lon="87.17465">
      <ele>4532.0</ele>
    </rtept>
    <rtept lat="27.993684" lon="87.174544">
      <ele>4533.0</ele>
    </rtept>
    <rtept lat="27.993697" lon="87.174438">
      <ele>4533.0</ele>
    </rtept>
    <rtept lat="27.993726" lon="87.174327">
      <ele>4533.0</ele>
    </rtept>
    <rtept lat="27.99375" lon="87.174219">
      <ele>4526.0</ele>
    </rtept>
    <rtept lat="27.993775" lon="87.174119">
      <ele>4526.0</ele>
    </rtept>
    <rtept lat="27.9938" lon="87.174018">
      <ele>4522.0</ele>
    </rtept>
    <rtept lat="27.993836" lon="87.173922">
      <ele>4522.0</ele>
    </rtept>
    <rtept lat="27.993877" lon="87.17382">
      <ele>4522.0</ele>
    </rtept>
    <rtept lat="27.993903" lon="87.173715">
      <ele>4518.0</ele>
    </rtept>
    <rtept lat="27.993903" lon="87.173715">
      <ele>4518.0</ele>
    </rtept>
    <rtept lat="27.993916" lon="87.173606">
      <ele>4518.0</ele>
    </rtept>
    <rtept lat="27.993916" lon="87.173606">
      <ele>4518.0</ele>
    </rtept>
    <rtept lat="27.993916" lon="87.173606">
      <ele>4518.0</ele>
    </rtept>
    <rtept lat="27.993916" lon="87.173606">
      <ele>4518.0</ele>
    </rtept>
    <rtept lat="27.993916" lon="87.173606">
      <ele>4518.0</ele>
    </rtept>
    <rtept lat="27.993916" lon="87.173606">
      <ele>4518.0</ele>
    </rtept>
    <rtept lat="27.993916" lon="87.173606">
      <ele>4518.0</ele>
    </rtept>
    <rtept lat="27.993916" lon="87.173606">
      <ele>4518.0</ele>
    </rtept>
    <rtept lat="27.993916" lon="87.173606">
      <ele>4518.0</ele>
    </rtept>
    <rtept lat="27.993916" lon="87.173606">
      <ele>4518.0</ele>
    </rtept>
    <rtept lat="27.993916" lon="87.173606">
      <ele>4518.0</ele>
    </rtept>
    <rtept lat="27.993916" lon="87.173606">
      <ele>4518.0</ele>
    </rtept>
    <rtept lat="27.993916" lon="87.173606">
      <ele>4518.0</ele>
    </rtept>
    <rtept lat="27.993916" lon="87.173606">
      <ele>4518.0</ele>
    </rtept>
    <rtept lat="27.993916" lon="87.173606">
      <ele>4518.0</ele>
    </rtept>
    <rtept lat="27.994013" lon="87.17361">
      <ele>4518.0</ele>
    </rtept>
    <rtept lat="27.994013" lon="87.17361">
      <ele>4518.0</ele>
    </rtept>
    <rtept lat="27.994103" lon="87.173549">
      <ele>4523.0</ele>
    </rtept>
    <rtept lat="27.994184" lon="87.173494">
      <ele>4523.0</ele>
    </rtept>
    <rtept lat="27.994248" lon="87.17342">
      <ele>4516.0</ele>
    </rtept>
    <rtept lat="27.994324" lon="87.173358">
      <ele>4521.0</ele>
    </rtept>
    <rtept lat="27.994402" lon="87.173305">
      <ele>4521.0</ele>
    </rtept>
    <rtept lat="27.994402" lon="87.173305">
      <ele>4521.0</ele>
    </rtept>
    <rtept lat="27.994402" lon="87.173305">
      <ele>4521.0</ele>
    </rtept>
    <rtept lat="27.994402" lon="87.173305">
      <ele>4521.0</ele>
    </rtept>
    <rtept lat="27.994499" lon="87.173255">
      <ele>4521.0</ele>
    </rtept>
    <rtept lat="27.994499" lon="87.173255">
      <ele>4521.0</ele>
    </rtept>
    <rtept lat="27.994588" lon="87.173212">
      <ele>4524.0</ele>
    </rtept>
    <rtept lat="27.994687" lon="87.173177">
      <ele>4515.0</ele>
    </rtept>
    <rtept lat="27.994789" lon="87.173156">
      <ele>4515.0</ele>
    </rtept>
    <rtept lat="27.994882" lon="87.173124">
      <ele>4514.0</ele>
    </rtept>
    <rtept lat="27.994972" lon="87.17312">
      <ele>4514.0</ele>
    </rtept>
    <rtept lat="27.995053" lon="87.173084">
      <ele>4514.0</ele>
    </rtept>
    <rtept lat="27.995085" lon="87.173076">
      <ele>4514.0</ele>
    </rtept>
    <rtept lat="27.995152" lon="87.173036">
      <ele>4515.0</ele>
    </rtept>
    <rtept lat="27.995227" lon="87.172978">
      <ele>4515.0</ele>
    </rtept>
    <rtept lat="27.995316" lon="87.172935">
      <ele>4515.0</ele>
    </rtept>
    <rtept lat="27.995407" lon="87.172885">
      <ele>4507.0</ele>
    </rtept>
    <rtept lat="27.995493" lon="87.172834">
      <ele>4504.0</ele>
    </rtept>
    <rtept lat="27.995536" lon="87.172742">
      <ele>4504.0</ele>
    </rtept>
    <rtept lat="27.995594" lon="87.172662">
      <ele>4504.0</ele>
    </rtept>
    <rtept lat="27.995672" lon="87.172594">
      <ele>4495.0</ele>
    </rtept>
    <rtept lat="27.995725" lon="87.172496">
      <ele>4501.0</ele>
    </rtept>
    <rtept lat="27.995769" lon="87.172388">
      <ele>4501.0</ele>
    </rtept>
    <rtept lat="27.995843" lon="87.172317">
      <ele>4498.0</ele>
    </rtept>
    <rtept lat="27.99592" lon="87.172238">
      <ele>4498.0</ele>
    </rtept>
    <rtept lat="27.996008" lon="87.172209">
      <ele>4500.0</ele>
    </rtept>
    <rtept lat="27.996089" lon="87.172166">
      <ele>4500.0</ele>
    </rtept>
    <rtept lat="27.996109" lon="87.172078">
      <ele>4492.0</ele>
    </rtept>
    <rtept lat="27.996088" lon="87.171963">
      <ele>4492.0</ele>
    </rtept>
    <rtept lat="27.996089" lon="87.171847">
      <ele>4492.0</ele>
    </rtept>
    <rtept lat="27.996127" lon="87.171738">
      <ele>4485.0</ele>
    </rtept>
    <rtept lat="27.996188" lon="87.171637">
      <ele>4485.0</ele>
    </rtept>
    <rtept lat="27.996246" lon="87.171537">
      <ele>4485.0</ele>
    </rtept>
    <rtept lat="27.996297" lon="87.171431">
      <ele>4480.0</ele>
    </rtept>
    <rtept lat="27.996372" lon="87.171346">
      <ele>4480.0</ele>
    </rtept>
    <rtept lat="27.996455" lon="87.171271">
      <ele>4480.0</ele>
    </rtept>
    <rtept lat="27.996527" lon="87.171202">
      <ele>4477.0</ele>
    </rtept>
    <rtept lat="27.996592" lon="87.171129">
      <ele>4481.0</ele>
    </rtept>
    <rtept lat="27.996658" lon="87.171054">
      <ele>4481.0</ele>
    </rtept>
    <rtept lat="27.996658" lon="87.171054">
      <ele>4481.0</ele>
    </rtept>
    <rtept lat="27.996718" lon="87.170963">
      <ele>4485.0</ele>
    </rtept>
    <rtept lat="27.996718" lon="87.170963">
      <ele>4485.0</ele>
    </rtept>
    <rtept lat="27.996785" lon="87.170874">
      <ele>4485.0</ele>
    </rtept>
    <rtept lat="27.996882" lon="87.170904">
      <ele>4489.0</ele>
    </rtept>
    <rtept lat="27.996961" lon="87.170911">
      <ele>4489.0</ele>
    </rtept>
    <rtept lat="27.996904" lon="87.170908">
      <ele>4489.0</ele>
    </rtept>
    <rtept lat="27.99682" lon="87.170846">
      <ele>4489.0</ele>
    </rtept>
    <rtept lat="27.996709" lon="87.170792">
      <ele>4485.0</ele>
    </rtept>
    <rtept lat="27.996622" lon="87.170704">
      <ele>4485.0</ele>
    </rtept>
    <rtept lat="27.996543" lon="87.170629">
      <ele>4483.0</ele>
    </rtept>
    <rtept lat="27.996503" lon="87.170534">
      <ele>4480.0</ele>
    </rtept>
    <rtept lat="27.996616" lon="87.170527">
      <ele>4483.0</ele>
    </rtept>
    <rtept lat="27.996713" lon="87.170555">
      <ele>4483.0</ele>
    </rtept>
    <rtept lat="27.99681" lon="87.170601">
      <ele>4488.0</ele>
    </rtept>
    <rtept lat="27.996908" lon="87.170612">
      <ele>4488.0</ele>
    </rtept>
    <rtept lat="27.996872" lon="87.170653">
      <ele>4488.0</ele>
    </rtept>
    <rtept lat="27.996828" lon="87.170746">
      <ele>4489.0</ele>
    </rtept>
    <rtept lat="27.996767" lon="87.170837">
      <ele>4485.0</ele>
    </rtept>
    <rtept lat="27.996767" lon="87.170837">
      <ele>4485.0</ele>
    </rtept>
    <rtept lat="27.996767" lon="87.170837">
      <ele>4485.0</ele>
    </rtept>
    <rtept lat="27.996767" lon="87.170837">
      <ele>4485.0</ele>
    </rtept>
    <rtept lat="27.996765" lon="87.170959">
      <ele>4485.0</ele>
    </rtept>
    <rtept lat="27.996765" lon="87.170959">
      <ele>4485.0</ele>
    </rtept>
    <rtept lat="27.996829" lon="87.171048">
      <ele>4491.0</ele>
    </rtept>
    <rtept lat="27.99676" lon="87.170978">
      <ele>4481.0</ele>
    </rtept>
    <rtept lat="27.996732" lon="87.170861">
      <ele>4485.0</ele>
    </rtept>
    <rtept lat="27.996685" lon="87.170923">
      <ele>4485.0</ele>
    </rtept>
    <rtept lat="27.996642" lon="87.170867">
      <ele>4485.0</ele>
    </rtept>
    <rtept lat="27.996586" lon="87.170786">
      <ele>4485.0</ele>
    </rtept>
    <rtept lat="27.996545" lon="87.170686">
      <ele>4483.0</ele>
    </rtept>
    <rtept lat="27.996495" lon="87.170592">
      <ele>4480.0</ele>
    </rtept>
    <rtept lat="27.996495" lon="87.170592">
      <ele>4480.0</ele>
    </rtept>
    <rtept lat="27.996484" lon="87.170478">
      <ele>4480.0</ele>
    </rtept>
    <rtept lat="27.996484" lon="87.170478">
      <ele>4480.0</ele>
    </rtept>
    <rtept lat="27.996505" lon="87.170587">
      <ele>4480.0</ele>
    </rtept>
    <rtept lat="27.996445" lon="87.170653">
      <ele>4480.0</ele>
    </rtept>
    <rtept lat="27.9964" lon="87.170743">
      <ele>4480.0</ele>
    </rtept>
    <rtept lat="27.996429" lon="87.170694">
      <ele>4480.0</ele>
    </rtept>
    <rtept lat="27.99649" lon="87.170616">
      <ele>4480.0</ele>
    </rtept>
    <rtept lat="27.99649" lon="87.170616">
      <ele>4480.0</ele>
    </rtept>
    <rtept lat="27.99649" lon="87.170616">
      <ele>4480.0</ele>
    </rtept>
    <rtept lat="27.99649" lon="87.170616">
      <ele>4480.0</ele>
    </rtept>
    <rtept lat="27.99649" lon="87.170616">
      <ele>4480.0</ele>
    </rtept>
    <rtept lat="27.99649" lon="87.170616">
      <ele>4480.0</ele>
    </rtept>
    <rtept lat="27.99649" lon="87.170616">
      <ele>4480.0</ele>
    </rtept>
    <rtept lat="27.99649" lon="87.170616">
      <ele>4480.0</ele>
    </rtept>
    <rtept lat="27.996575" lon="87.17063">
      <ele>4483.0</ele>
    </rtept>
    <rtept lat="27.996575" lon="87.17063">
      <ele>4483.0</ele>
    </rtept>
    <rtept lat="27.996629" lon="87.170724">
      <ele>4485.0</ele>
    </rtept>
    <rtept lat="27.996679" lon="87.170814">
      <ele>4485.0</ele>
    </rtept>
    <rtept lat="27.996734" lon="87.170907">
      <ele>4485.0</ele>
    </rtept>
    <rtept lat="27.996778" lon="87.171013">
      <ele>4481.0</ele>
    </rtept>
    <rtept lat="27.99679" lon="87.171121">
      <ele>4481.0</ele>
    </rtept>
    <rtept lat="27.9968" lon="87.171224">
      <ele>4481.0</ele>
    </rtept>
    <rtept lat="27.996788" lon="87.171343">
      <ele>4484.0</ele>
    </rtept>
    <rtept lat="27.996771" lon="87.171469">
      <ele>4484.0</ele>
    </rtept>
    <rtept lat="27.996769" lon="87.171588">
      <ele>4488.0</ele>
    </rtept>
    <rtept lat="27.996732" lon="87.171687">
      <ele>4488.0</ele>
    </rtept>
    <rtept lat="27.996662" lon="87.171757">
      <ele>4488.0</ele>
    </rtept>
    <rtept lat="27.996568" lon="87.171818">
      <ele>4493.0</ele>
    </rtept>
    <rtept lat="27.996481" lon="87.171896">
      <ele>4496.0</ele>
    </rtept>
    <rtept lat="27.996393" lon="87.171974">
      <ele>4496.0</ele>
    </rtept>
    <rtept lat="27.996317" lon="87.172044">
      <ele>4496.0</ele>
    </rtept>
    <rtept lat="27.996231" lon="87.172114">
      <ele>4500.0</ele>
    </rtept>
    <rtept lat="27.996145" lon="87.172185">
      <ele>4500.0</ele>
    </rtept>
    <rtept lat="27.996098" lon="87.172279">
      <ele>4500.0</ele>
    </rtept>
    <rtept lat="27.996075" lon="87.172385">
      <ele>4511.0</ele>
    </rtept>
    <rtept lat="27.996052" lon="87.172493">
      <ele>4511.0</ele>
    </rtept>
    <rtept lat="27.996021" lon="87.172592">
      <ele>4511.0</ele>
    </rtept>
    <rtept lat="27.996021" lon="87.172592">
      <ele>4511.0</ele>
    </rtept>
    <rtept lat="27.996046" lon="87.172492">
      <ele>4511.0</ele>
    </rtept>
    <rtept lat="27.996046" lon="87.172492">
      <ele>4511.0</ele>
    </rtept>
    <rtept lat="27.996064" lon="87.172384">
      <ele>4511.0</ele>
    </rtept>
    <rtept lat="27.996084" lon="87.172274">
      <ele>4500.0</ele>
    </rtept>
    <rtept lat="27.996111" lon="87.172167">
      <ele>4500.0</ele>
    </rtept>
    <rtept lat="27.99611" lon="87.172053">
      <ele>4492.0</ele>
    </rtept>
    <rtept lat="27.996082" lon="87.171939">
      <ele>4492.0</ele>
    </rtept>
    <rtept lat="27.996085" lon="87.17183">
      <ele>4492.0</ele>
    </rtept>
    <rtept lat="27.99614" lon="87.171741">
      <ele>4485.0</ele>
    </rtept>
    <rtept lat="27.996207" lon="87.171647">
      <ele>4485.0</ele>
    </rtept>
    <rtept lat="27.996274" lon="87.171562">
      <ele>4486.0</ele>
    </rtept>
    <rtept lat="27.99633" lon="87.171465">
      <ele>4480.0</ele>
    </rtept>
    <rtept lat="27.996381" lon="87.17136">
      <ele>4480.0</ele>
    </rtept>
    <rtept lat="27.99644" lon="87.171275">
      <ele>4480.0</ele>
    </rtept>
    <rtept lat="27.996491" lon="87.171183">
      <ele>4477.0</ele>
    </rtept>
    <rtept lat="27.996541" lon="87.171085">
      <ele>4481.0</ele>
    </rtept>
    <rtept lat="27.99659" lon="87.170984">
      <ele>4481.0</ele>
    </rtept>
    <rtept lat="27.996603" lon="87.170867">
      <ele>4485.0</ele>
    </rtept>
    <rtept lat="27.996591" lon="87.170756">
      <ele>4485.0</ele>
    </rtept>
    <rtept lat="27.996575" lon="87.170646">
      <ele>4483.0</ele>
    </rtept>
    <rtept lat="27.99655" lon="87.170572">
      <ele>4483.0</ele>
    </rtept>
    <rtept lat="27.996498" lon="87.170497">
      <ele>4480.0</ele>
    </rtept>
    <rtept lat="27.996438" lon="87.170487">
      <ele>4480.0</ele>
    </rtept>
    <rtept lat="27.996497" lon="87.170513">
      <ele>4480.0</ele>
    </rtept>
    <rtept lat="27.996527" lon="87.170519">
      <ele>4480.0</ele>
    </rtept>
    <rtept lat="27.996527" lon="87.170519">
      <ele>4480.0</ele>
    </rtept>
    <rtept lat="27.996527" lon="87.170519">
      <ele>4480.0</ele>
    </rtept>
    <rtept lat="27.996527" lon="87.170519">
      <ele>4480.0</ele>
    </rtept>
    <rtept lat="27.996527" lon="87.170519">
      <ele>4480.0</ele>
    </rtept>
    <rtept lat="27.996527" lon="87.170519">
      <ele>4480.0</ele>
    </rtept>
    <rtept lat="27.996527" lon="87.170519">
      <ele>4480.0</ele>
    </rtept>
    <rtept lat="27.996527" lon="87.170519">
      <ele>4480.0</ele>
    </rtept>
    <rtept lat="27.996605" lon="87.170531">
      <ele>4483.0</ele>
    </rtept>
    <rtept lat="27.997159" lon="87.17094">
      <ele>4493.0</ele>
    </rtept>
    <rtept lat="27.997057" lon="87.170934">
      <ele>4489.0</ele>
    </rtept>
    <rtept lat="27.99703" lon="87.17102">
      <ele>4491.0</ele>
    </rtept>
    <rtept lat="27.99703" lon="87.17102">
      <ele>4491.0</ele>
    </rtept>
    <rtept lat="27.996985" lon="87.170931">
      <ele>4489.0</ele>
    </rtept>
    <rtept lat="27.996985" lon="87.170931">
      <ele>4489.0</ele>
    </rtept>
    <rtept lat="27.996897" lon="87.170895">
      <ele>4489.0</ele>
    </rtept>
    <rtept lat="27.996858" lon="87.170862">
      <ele>4489.0</ele>
    </rtept>
    <rtept lat="27.996787" lon="87.170815">
      <ele>4485.0</ele>
    </rtept>
    <rtept lat="27.99671" lon="87.170744">
      <ele>4485.0</ele>
    </rtept>
    <rtept lat="27.996644" lon="87.170642">
      <ele>4483.0</ele>
    </rtept>
    <rtept lat="27.99661" lon="87.17054">
      <ele>4483.0</ele>
    </rtept>
    <rtept lat="27.99661" lon="87.17054">
      <ele>4483.0</ele>
    </rtept>
    <rtept lat="27.996629" lon="87.170589">
      <ele>4483.0</ele>
    </rtept>
    <rtept lat="27.996629" lon="87.170589">
      <ele>4483.0</ele>
    </rtept>
    <rtept lat="27.996696" lon="87.170676">
      <ele>4483.0</ele>
    </rtept>
    <rtept lat="27.996773" lon="87.17077">
      <ele>4485.0</ele>
    </rtept>
    <rtept lat="27.996833" lon="87.170862">
      <ele>4489.0</ele>
    </rtept>
    <rtept lat="27.996921" lon="87.170909">
      <ele>4489.0</ele>
    </rtept>
    <rtept lat="27.997025" lon="87.170933">
      <ele>4489.0</ele>
    </rtept>
    <rtept lat="27.997025" lon="87.170933">
      <ele>4489.0</ele>
    </rtept>
    <rtept lat="27.996473" lon="87.170701">
      <ele>4480.0</ele>
    </rtept>
    <rtept lat="27.996473" lon="87.170701">
      <ele>4480.0</ele>
    </rtept>
    <rtept lat="27.996576" lon="87.170466">
      <ele>4483.0</ele>
    </rtept>
    <rtept lat="27.996508" lon="87.170518">
      <ele>4480.0</ele>
    </rtept>
    <rtept lat="27.996508" lon="87.170518">
      <ele>4480.0</ele>
    </rtept>
    <rtept lat="27.996508" lon="87.170518">
      <ele>4480.0</ele>
    </rtept>
    <rtept lat="27.996508" lon="87.170518">
      <ele>4480.0</ele>
    </rtept>
    <rtept lat="27.996508" lon="87.170518">
      <ele>4480.0</ele>
    </rtept>
    <rtept lat="27.996508" lon="87.170518">
      <ele>4480.0</ele>
    </rtept>
    <rtept lat="27.996508" lon="87.170518">
      <ele>4480.0</ele>
    </rtept>
    <rtept lat="27.996508" lon="87.170518">
      <ele>4480.0</ele>
    </rtept>
    <rtept lat="27.996508" lon="87.170518">
      <ele>4480.0</ele>
    </rtept>
    <rtept lat="27.996508" lon="87.170518">
      <ele>4480.0</ele>
    </rtept>
    <rtept lat="27.996508" lon="87.170518">
      <ele>4480.0</ele>
    </rtept>
    <rtept lat="27.996508" lon="87.170518">
      <ele>4480.0</ele>
    </rtept>
    <rtept lat="27.996555" lon="87.170471">
      <ele>4483.0</ele>
    </rtept>
    <rtept lat="27.996555" lon="87.170471">
      <ele>4483.0</ele>
    </rtept>
    <rtept lat="27.996555" lon="87.170471">
      <ele>4483.0</ele>
    </rtept>
    <rtept lat="27.996555" lon="87.170471">
      <ele>4483.0</ele>
    </rtept>
    <rtept lat="27.996555" lon="87.170471">
      <ele>4483.0</ele>
    </rtept>
    <rtept lat="27.996555" lon="87.170471">
      <ele>4483.0</ele>
    </rtept>
    <rtept lat="27.996622" lon="87.170581">
      <ele>4483.0</ele>
    </rtept>
    <rtept lat="27.996622" lon="87.170581">
      <ele>4483.0</ele>
    </rtept>
    <rtept lat="27.996724" lon="87.170548">
      <ele>4483.0</ele>
    </rtept>
    <rtept lat="27.996821" lon="87.170509">
      <ele>4488.0</ele>
    </rtept>
    <rtept lat="27.996913" lon="87.170451">
      <ele>4488.0</ele>
    </rtept>
    <rtept lat="27.996996" lon="87.170375">
      <ele>4483.0</ele>
    </rtept>
    <rtept lat="27.996996" lon="87.170375">
      <ele>4483.0</ele>
    </rtept>
    <rtept lat="27.997078" lon="87.170429">
      <ele>4488.0</ele>
    </rtept>
    <rtept lat="27.997078" lon="87.170429">
      <ele>4488.0</ele>
    </rtept>
    <rtept lat="27.997168" lon="87.170461">
      <ele>4490.0</ele>
    </rtept>
    <rtept lat="27.997158" lon="87.170549">
      <ele>4490.0</ele>
    </rtept>
    <rtept lat="27.997152" lon="87.170657">
      <ele>4490.0</ele>
    </rtept>
    <rtept lat="27.997152" lon="87.170657">
      <ele>4490.0</ele>
    </rtept>
    <rtept lat="27.997152" lon="87.170657">
      <ele>4490.0</ele>
    </rtept>
    <rtept lat="27.997152" lon="87.170657">
      <ele>4490.0</ele>
    </rtept>
    <rtept lat="27.997131" lon="87.170781">
      <ele>4493.0</ele>
    </rtept>
    <rtept lat="27.997131" lon="87.170781">
      <ele>4493.0</ele>
    </rtept>
    <rtept lat="27.997103" lon="87.170886">
      <ele>4493.0</ele>
    </rtept>
    <rtept lat="27.997029" lon="87.17096">
      <ele>4489.0</ele>
    </rtept>
    <rtept lat="27.996966" lon="87.171043">
      <ele>4491.0</ele>
    </rtept>
    <rtept lat="27.996889" lon="87.171116">
      <ele>4491.0</ele>
    </rtept>
    <rtept lat="27.996816" lon="87.171182">
      <ele>4491.0</ele>
    </rtept>
    <rtept lat="27.996813" lon="87.171277">
      <ele>4490.0</ele>
    </rtept>
    <rtept lat="27.996813" lon="87.171277">
      <ele>4490.0</ele>
    </rtept>
    <rtept lat="27.996813" lon="87.171277">
      <ele>4490.0</ele>
    </rtept>
    <rtept lat="27.996813" lon="87.171277">
      <ele>4490.0</ele>
    </rtept>
    <rtept lat="27.996819" lon="87.171179">
      <ele>4491.0</ele>
    </rtept>
    <rtept lat="27.996819" lon="87.171179">
      <ele>4491.0</ele>
    </rtept>
    <rtept lat="27.996787" lon="87.17108">
      <ele>4481.0</ele>
    </rtept>
    <rtept lat="27.996884" lon="87.171086">
      <ele>4491.0</ele>
    </rtept>
    <rtept lat="27.996807" lon="87.171145">
      <ele>4491.0</ele>
    </rtept>
    <rtept lat="27.996837" lon="87.171081">
      <ele>4491.0</ele>
    </rtept>
    <rtept lat="27.996917" lon="87.171074">
      <ele>4491.0</ele>
    </rtept>
    <rtept lat="27.996998" lon="87.171015">
      <ele>4491.0</ele>
    </rtept>
    <rtept lat="27.997025" lon="87.170914">
      <ele>4489.0</ele>
    </rtept>
    <rtept lat="27.997025" lon="87.170914">
      <ele>4489.0</ele>
    </rtept>
    <rtept lat="27.996944" lon="87.170829">
      <ele>4489.0</ele>
    </rtept>
    <rtept lat="27.996944" lon="87.170829">
      <ele>4489.0</ele>
    </rtept>
    <rtept lat="27.99689" lon="87.17085">
      <ele>4489.0</ele>
    </rtept>
    <rtept lat="27.99689" lon="87.17085">
      <ele>4489.0</ele>
    </rtept>
    <rtept lat="27.996942" lon="87.170937">
      <ele>4489.0</ele>
    </rtept>
    <rtept lat="27.996942" lon="87.170937">
      <ele>4489.0</ele>
    </rtept>
    <rtept lat="27.996942" lon="87.170937">
      <ele>4489.0</ele>
    </rtept>
    <rtept lat="27.996942" lon="87.170937">
      <ele>4489.0</ele>
    </rtept>
    <rtept lat="27.996942" lon="87.170937">
      <ele>4489.0</ele>
    </rtept>
    <rtept lat="27.996942" lon="87.170937">
      <ele>4489.0</ele>
    </rtept>
    <rtept lat="27.996942" lon="87.170937">
      <ele>4489.0</ele>
    </rtept>
    <rtept lat="27.996942" lon="87.170937">
      <ele>4489.0</ele>
    </rtept>
    <rtept lat="27.996942" lon="87.170937">
      <ele>4489.0</ele>
    </rtept>
    <rtept lat="27.996942" lon="87.170937">
      <ele>4489.0</ele>
    </rtept>
    <rtept lat="27.996942" lon="87.170937">
      <ele>4489.0</ele>
    </rtept>
    <rtept lat="27.996942" lon="87.170937">
      <ele>4489.0</ele>
    </rtept>
    <rtept lat="27.996942" lon="87.170937">
      <ele>4489.0</ele>
    </rtept>
    <rtept lat="27.996942" lon="87.170937">
      <ele>4489.0</ele>
    </rtept>
    <rtept lat="27.996942" lon="87.170937">
      <ele>4489.0</ele>
    </rtept>
    <rtept lat="27.996942" lon="87.170937">
      <ele>4489.0</ele>
    </rtept>
    <rtept lat="27.996942" lon="87.170937">
      <ele>4489.0</ele>
    </rtept>
    <rtept lat="27.996942" lon="87.170937">
      <ele>4489.0</ele>
    </rtept>
    <rtept lat="27.996942" lon="87.170937">
      <ele>4489.0</ele>
    </rtept>
    <rtept lat="27.996813" lon="87.170966">
      <ele>4489.0</ele>
    </rtept>
    <rtept lat="27.996813" lon="87.170966">
      <ele>4489.0</ele>
    </rtept>
    <rtept lat="27.996812" lon="87.171078">
      <ele>4491.0</ele>
    </rtept>
    <rtept lat="27.996812" lon="87.171184">
      <ele>4491.0</ele>
    </rtept>
    <rtept lat="27.99683" lon="87.17129">
      <ele>4490.0</ele>
    </rtept>
    <rtept lat="27.99683" lon="87.17129">
      <ele>4490.0</ele>
    </rtept>
    <rtept lat="27.99683" lon="87.17129">
      <ele>4490.0</ele>
    </rtept>
    <rtept lat="27.99683" lon="87.17129">
      <ele>4490.0</ele>
    </rtept>
    <rtept lat="27.996816" lon="87.171185">
      <ele>4491.0</ele>
    </rtept>
    <rtept lat="27.996816" lon="87.171185">
      <ele>4491.0</ele>
    </rtept>
    <rtept lat="27.996811" lon="87.171073">
      <ele>4491.0</ele>
    </rtept>
    <rtept lat="27.996814" lon="87.170958">
      <ele>4489.0</ele>
    </rtept>
    <rtept lat="27.996844" lon="87.170856">
      <ele>4489.0</ele>
    </rtept>
    <rtept lat="27.996844" lon="87.170856">
      <ele>4489.0</ele>
    </rtept>
    <rtept lat="27.996763" lon="87.170807">
      <ele>4485.0</ele>
    </rtept>
    <rtept lat="27.996763" lon="87.170807">
      <ele>4485.0</ele>
    </rtept>
    <rtept lat="27.996702" lon="87.170724">
      <ele>4485.0</ele>
    </rtept>
    <rtept lat="27.996647" lon="87.170643">
      <ele>4483.0</ele>
    </rtept>
    <rtept lat="27.996595" lon="87.170555">
      <ele>4483.0</ele>
    </rtept>
    <rtept lat="27.996595" lon="87.170555">
      <ele>4483.0</ele>
    </rtept>
    <rtept lat="27.996595" lon="87.170555">
      <ele>4483.0</ele>
    </rtept>
    <rtept lat="27.996595" lon="87.170555">
      <ele>4483.0</ele>
    </rtept>
    <rtept lat="27.996595" lon="87.170555">
      <ele>4483.0</ele>
    </rtept>
    <rtept lat="27.996595" lon="87.170555">
      <ele>4483.0</ele>
    </rtept>
    <rtept lat="27.996595" lon="87.170555">
      <ele>4483.0</ele>
    </rtept>
    <rtept lat="27.996595" lon="87.170555">
      <ele>4483.0</ele>
    </rtept>
    <rtept lat="27.996595" lon="87.170555">
      <ele>4483.0</ele>
    </rtept>
    <rtept lat="27.996595" lon="87.170555">
      <ele>4483.0</ele>
    </rtept>
    <rtept lat="27.996595" lon="87.170555">
      <ele>4483.0</ele>
    </rtept>
    <rtept lat="27.996595" lon="87.170555">
      <ele>4483.0</ele>
    </rtept>
    <rtept lat="27.996494" lon="87.170473">
      <ele>4480.0</ele>
    </rtept>
    <rtept lat="27.996599" lon="87.170291">
      <ele>4481.0</ele>
    </rtept>
    <rtept lat="27.996599" lon="87.170291">
      <ele>4481.0</ele>
    </rtept>
    <rtept lat="27.996599" lon="87.170291">
      <ele>4481.0</ele>
    </rtept>
    <rtept lat="27.996599" lon="87.170291">
      <ele>4481.0</ele>
    </rtept>
    <rtept lat="27.996599" lon="87.170291">
      <ele>4481.0</ele>
    </rtept>
    <rtept lat="27.996599" lon="87.170291">
      <ele>4481.0</ele>
    </rtept>
    <rtept lat="27.996599" lon="87.170291">
      <ele>4481.0</ele>
    </rtept>
    <rtept lat="27.996599" lon="87.170291">
      <ele>4481.0</ele>
    </rtept>
    <rtept lat="27.996599" lon="87.170291">
      <ele>4481.0</ele>
    </rtept>
    <rtept lat="27.996599" lon="87.170291">
      <ele>4481.0</ele>
    </rtept>
    <rtept lat="27.996599" lon="87.170291">
      <ele>4481.0</ele>
    </rtept>
    <rtept lat="27.996599" lon="87.170291">
      <ele>4481.0</ele>
    </rtept>
    <rtept lat="27.996599" lon="87.170291">
      <ele>4481.0</ele>
    </rtept>
    <rtept lat="27.996599" lon="87.170291">
      <ele>4481.0</ele>
    </rtept>
    <rtept lat="27.996599" lon="87.170291">
      <ele>4481.0</ele>
    </rtept>
    <rtept lat="27.996599" lon="87.170291">
      <ele>4481.0</ele>
    </rtept>
    <rtept lat="27.996599" lon="87.170291">
      <ele>4481.0</ele>
    </rtept>
    <rtept lat="27.996599" lon="87.170291">
      <ele>4481.0</ele>
    </rtept>
    <rtept lat="27.996599" lon="87.170291">
      <ele>4481.0</ele>
    </rtept>
    <rtept lat="27.996599" lon="87.170291">
      <ele>4481.0</ele>
    </rtept>
    <rtept lat="27.996599" lon="87.170291">
      <ele>4481.0</ele>
    </rtept>
    <rtept lat="27.996599" lon="87.170291">
      <ele>4481.0</ele>
    </rtept>
    <rtept lat="27.996599" lon="87.170291">
      <ele>4481.0</ele>
    </rtept>
    <rtept lat="27.996599" lon="87.170291">
      <ele>4481.0</ele>
    </rtept>
    <rtept lat="27.996599" lon="87.170291">
      <ele>4481.0</ele>
    </rtept>
    <rtept lat="27.996599" lon="87.170291">
      <ele>4481.0</ele>
    </rtept>
    <rtept lat="27.996599" lon="87.170291">
      <ele>4481.0</ele>
    </rtept>
    <rtept lat="27.996599" lon="87.170291">
      <ele>4481.0</ele>
    </rtept>
    <rtept lat="27.996599" lon="87.170291">
      <ele>4481.0</ele>
    </rtept>
    <rtept lat="27.996599" lon="87.170291">
      <ele>4481.0</ele>
    </rtept>
    <rtept lat="27.996599" lon="87.170291">
      <ele>4481.0</ele>
    </rtept>
    <rtept lat="27.996599" lon="87.170291">
      <ele>4481.0</ele>
    </rtept>
    <rtept lat="27.996599" lon="87.170291">
      <ele>4481.0</ele>
    </rtept>
    <rtept lat="27.996599" lon="87.170291">
      <ele>4481.0</ele>
    </rtept>
    <rtept lat="27.996434" lon="87.170487">
      <ele>4480.0</ele>
    </rtept>
    <rtept lat="27.996434" lon="87.170487">
      <ele>4480.0</ele>
    </rtept>
    <rtept lat="27.996354" lon="87.170411">
      <ele>4480.0</ele>
    </rtept>
    <rtept lat="27.996284" lon="87.170333">
      <ele>4480.0</ele>
    </rtept>
    <rtept lat="27.996232" lon="87.170241">
      <ele>4481.0</ele>
    </rtept>
    <rtept lat="27.996177" lon="87.170148">
      <ele>4481.0</ele>
    </rtept>
    <rtept lat="27.996145" lon="87.170046">
      <ele>4484.0</ele>
    </rtept>
    <rtept lat="27.996067" lon="87.170014">
      <ele>4484.0</ele>
    </rtept>
    <rtept lat="27.996039" lon="87.169952">
      <ele>4484.0</ele>
    </rtept>
    <rtept lat="27.99598" lon="87.169887">
      <ele>4484.0</ele>
    </rtept>
    <rtept lat="27.995905" lon="87.169826">
      <ele>4486.0</ele>
    </rtept>
    <rtept lat="27.99584" lon="87.169747">
      <ele>4486.0</ele>
    </rtept>
    <rtept lat="27.99584" lon="87.169747">
      <ele>4486.0</ele>
    </rtept>
    <rtept lat="27.995753" lon="87.1697">
      <ele>4486.0</ele>
    </rtept>
    <rtept lat="27.995753" lon="87.1697">
      <ele>4486.0</ele>
    </rtept>
    <rtept lat="27.99569" lon="87.169785">
      <ele>4488.0</ele>
    </rtept>
    <rtept lat="27.995608" lon="87.16984">
      <ele>4488.0</ele>
    </rtept>
    <rtept lat="27.995608" lon="87.16984">
      <ele>4488.0</ele>
    </rtept>
    <rtept lat="27.995606" lon="87.169731">
      <ele>4488.0</ele>
    </rtept>
    <rtept lat="27.995606" lon="87.169731">
      <ele>4488.0</ele>
    </rtept>
    <rtept lat="27.995606" lon="87.169731">
      <ele>4488.0</ele>
    </rtept>
    <rtept lat="27.995606" lon="87.169731">
      <ele>4488.0</ele>
    </rtept>
    <rtept lat="27.995606" lon="87.169731">
      <ele>4488.0</ele>
    </rtept>
    <rtept lat="27.995629" lon="87.169829">
      <ele>4488.0</ele>
    </rtept>
    <rtept lat="27.995629" lon="87.169829">
      <ele>4488.0</ele>
    </rtept>
    <rtept lat="27.995688" lon="87.169907">
      <ele>4490.0</ele>
    </rtept>
    <rtept lat="27.995674" lon="87.170005">
      <ele>4490.0</ele>
    </rtept>
    <rtept lat="27.995674" lon="87.170005">
      <ele>4490.0</ele>
    </rtept>
    <rtept lat="27.995674" lon="87.170005">
      <ele>4490.0</ele>
    </rtept>
    <rtept lat="27.995674" lon="87.170005">
      <ele>4490.0</ele>
    </rtept>
    <rtept lat="27.995674" lon="87.170005">
      <ele>4490.0</ele>
    </rtept>
    <rtept lat="27.995674" lon="87.170005">
      <ele>4490.0</ele>
    </rtept>
    <rtept lat="27.995674" lon="87.170005">
      <ele>4490.0</ele>
    </rtept>
    <rtept lat="27.995674" lon="87.170005">
      <ele>4490.0</ele>
    </rtept>
    <rtept lat="27.995674" lon="87.170005">
      <ele>4490.0</ele>
    </rtept>
    <rtept lat="27.995674" lon="87.170005">
      <ele>4490.0</ele>
    </rtept>
    <rtept lat="27.995674" lon="87.170005">
      <ele>4490.0</ele>
    </rtept>
    <rtept lat="27.995674" lon="87.170005">
      <ele>4490.0</ele>
    </rtept>
    <rtept lat="27.995674" lon="87.170005">
      <ele>4490.0</ele>
    </rtept>
    <rtept lat="27.995674" lon="87.170005">
      <ele>4490.0</ele>
    </rtept>
    <rtept lat="27.995674" lon="87.170005">
      <ele>4490.0</ele>
    </rtept>
    <rtept lat="27.995674" lon="87.170005">
      <ele>4490.0</ele>
    </rtept>
    <rtept lat="27.99565" lon="87.169977">
      <ele>4490.0</ele>
    </rtept>
    <rtept lat="27.99565" lon="87.169977">
      <ele>4490.0</ele>
    </rtept>
    <rtept lat="27.995711" lon="87.169882">
      <ele>4488.0</ele>
    </rtept>
    <rtept lat="27.995711" lon="87.169882">
      <ele>4488.0</ele>
    </rtept>
    <rtept lat="27.995659" lon="87.169968">
      <ele>4490.0</ele>
    </rtept>
    <rtept lat="27.995659" lon="87.169968">
      <ele>4490.0</ele>
    </rtept>
    <rtept lat="27.995607" lon="87.170057">
      <ele>4490.0</ele>
    </rtept>
    <rtept lat="27.995607" lon="87.170057">
      <ele>4490.0</ele>
    </rtept>
    <rtept lat="27.995607" lon="87.170057">
      <ele>4490.0</ele>
    </rtept>
    <rtept lat="27.995607" lon="87.170057">
      <ele>4490.0</ele>
    </rtept>
    <rtept lat="27.995607" lon="87.170057">
      <ele>4490.0</ele>
    </rtept>
    <rtept lat="27.995607" lon="87.170057">
      <ele>4490.0</ele>
    </rtept>
    <rtept lat="27.995607" lon="87.170057">
      <ele>4490.0</ele>
    </rtept>
    <rtept lat="27.995607" lon="87.170057">
      <ele>4490.0</ele>
    </rtept>
    <rtept lat="27.995607" lon="87.170057">
      <ele>4490.0</ele>
    </rtept>
    <rtept lat="27.995607" lon="87.170057">
      <ele>4490.0</ele>
    </rtept>
    <rtept lat="27.995607" lon="87.170057">
      <ele>4490.0</ele>
    </rtept>
    <rtept lat="27.995607" lon="87.170057">
      <ele>4490.0</ele>
    </rtept>
    <rtept lat="27.995683" lon="87.169995">
      <ele>4490.0</ele>
    </rtept>
    <rtept lat="27.995683" lon="87.169995">
      <ele>4490.0</ele>
    </rtept>
    <rtept lat="27.995787" lon="87.170004">
      <ele>4488.0</ele>
    </rtept>
    <rtept lat="27.995886" lon="87.169995">
      <ele>4488.0</ele>
    </rtept>
    <rtept lat="27.995967" lon="87.169948">
      <ele>4488.0</ele>
    </rtept>
    <rtept lat="27.995967" lon="87.169948">
      <ele>4488.0</ele>
    </rtept>
    <rtept lat="27.996046" lon="87.169982">
      <ele>4484.0</ele>
    </rtept>
    <rtept lat="27.996046" lon="87.169982">
      <ele>4484.0</ele>
    </rtept>
    <rtept lat="27.996129" lon="87.170041">
      <ele>4484.0</ele>
    </rtept>
    <rtept lat="27.99619" lon="87.170123">
      <ele>4484.0</ele>
    </rtept>
    <rtept lat="27.996254" lon="87.170215">
      <ele>4480.0</ele>
    </rtept>
    <rtept lat="27.996312" lon="87.170304">
      <ele>4480.0</ele>
    </rtept>
    <rtept lat="27.996405" lon="87.170329">
      <ele>4480.0</ele>
    </rtept>
    <rtept lat="27.996497" lon="87.170388">
      <ele>4480.0</ele>
    </rtept>
    <rtept lat="27.996526" lon="87.170483">
      <ele>4480.0</ele>
    </rtept>
    <rtept lat="27.996526" lon="87.170483">
      <ele>4480.0</ele>
    </rtept>
    <rtept lat="27.996484" lon="87.170609">
      <ele>4480.0</ele>
    </rtept>
    <rtept lat="27.996484" lon="87.170609">
      <ele>4480.0</ele>
    </rtept>
    <rtept lat="27.996524" lon="87.1707">
      <ele>4480.0</ele>
    </rtept>
    <rtept lat="27.996559" lon="87.170804">
      <ele>4485.0</ele>
    </rtept>
    <rtept lat="27.996599" lon="87.170906">
      <ele>4485.0</ele>
    </rtept>
    <rtept lat="27.99664" lon="87.171012">
      <ele>4481.0</ele>
    </rtept>
    <rtept lat="27.996691" lon="87.171106">
      <ele>4481.0</ele>
    </rtept>
    <rtept lat="27.99671" lon="87.17121">
      <ele>4481.0</ele>
    </rtept>
    <rtept lat="27.996712" lon="87.171313">
      <ele>4484.0</ele>
    </rtept>
    <rtept lat="27.996695" lon="87.171263">
      <ele>4484.0</ele>
    </rtept>
    <rtept lat="27.996661" lon="87.171142">
      <ele>4481.0</ele>
    </rtept>
    <rtept lat="27.996637" lon="87.171008">
      <ele>4481.0</ele>
    </rtept>
    <rtept lat="27.996638" lon="87.170875">
      <ele>4485.0</ele>
    </rtept>
    <rtept lat="27.996621" lon="87.170761">
      <ele>4485.0</ele>
    </rtept>
    <rtept lat="27.996574" lon="87.170655">
      <ele>4483.0</ele>
    </rtept>
    <rtept lat="27.996516" lon="87.170553">
      <ele>4480.0</ele>
    </rtept>
    <rtept lat="27.996479" lon="87.170537">
      <ele>4480.0</ele>
    </rtept>
    <rtept lat="27.996505" lon="87.170614">
      <ele>4480.0</ele>
    </rtept>
    <rtept lat="27.996547" lon="87.170729">
      <ele>4485.0</ele>
    </rtept>
    <rtept lat="27.99658" lon="87.170852">
      <ele>4485.0</ele>
    </rtept>
    <rtept lat="27.996617" lon="87.170969">
      <ele>4485.0</ele>
    </rtept>
    <rtept lat="27.996659" lon="87.17107">
      <ele>4481.0</ele>
    </rtept>
    <rtept lat="27.996681" lon="87.171175">
      <ele>4481.0</ele>
    </rtept>
    <rtept lat="27.996715" lon="87.171275">
      <ele>4484.0</ele>
    </rtept>
    <rtept lat="27.996715" lon="87.171275">
      <ele>4484.0</ele>
    </rtept>
    <rtept lat="27.996715" lon="87.171275">
      <ele>4484.0</ele>
    </rtept>
    <rtept lat="27.996715" lon="87.171275">
      <ele>4484.0</ele>
    </rtept>
    <rtept lat="27.996715" lon="87.171275">
      <ele>4484.0</ele>
    </rtept>
    <rtept lat="27.996715" lon="87.171275">
      <ele>4484.0</ele>
    </rtept>
    <rtept lat="27.996715" lon="87.171275">
      <ele>4484.0</ele>
    </rtept>
    <rtept lat="27.996715" lon="87.171275">
      <ele>4484.0</ele>
    </rtept>
    <rtept lat="27.996652" lon="87.171347">
      <ele>4484.0</ele>
    </rtept>
    <rtept lat="27.996652" lon="87.171347">
      <ele>4484.0</ele>
    </rtept>
    <rtept lat="27.996652" lon="87.171347">
      <ele>4484.0</ele>
    </rtept>
    <rtept lat="27.9967" lon="87.171259">
      <ele>4484.0</ele>
    </rtept>
    <rtept lat="27.9967" lon="87.171259">
      <ele>4484.0</ele>
    </rtept>
    <rtept lat="27.9967" lon="87.171259">
      <ele>4484.0</ele>
    </rtept>
    <rtept lat="27.9967" lon="87.171259">
      <ele>4484.0</ele>
    </rtept>
    <rtept lat="27.9967" lon="87.171259">
      <ele>4484.0</ele>
    </rtept>
    <rtept lat="27.9967" lon="87.171259">
      <ele>4484.0</ele>
    </rtept>
    <rtept lat="27.9967" lon="87.171259">
      <ele>4484.0</ele>
    </rtept>
    <rtept lat="27.996609" lon="87.17123">
      <ele>4481.0</ele>
    </rtept>
    <rtept lat="27.996609" lon="87.17123">
      <ele>4481.0</ele>
    </rtept>
    <rtept lat="27.996522" lon="87.171259">
      <ele>4480.0</ele>
    </rtept>
    <rtept lat="27.996522" lon="87.171259">
      <ele>4480.0</ele>
    </rtept>
    <rtept lat="27.996522" lon="87.171259">
      <ele>4480.0</ele>
    </rtept>
    <rtept lat="27.996522" lon="87.171259">
      <ele>4480.0</ele>
    </rtept>
    <rtept lat="27.996522" lon="87.171259">
      <ele>4480.0</ele>
    </rtept>
    <rtept lat="27.996522" lon="87.171259">
      <ele>4480.0</ele>
    </rtept>
    <rtept lat="27.996609" lon="87.171214">
      <ele>4481.0</ele>
    </rtept>
    <rtept lat="27.996609" lon="87.171214">
      <ele>4481.0</ele>
    </rtept>
    <rtept lat="27.996692" lon="87.171277">
      <ele>4484.0</ele>
    </rtept>
    <rtept lat="27.996692" lon="87.171277">
      <ele>4484.0</ele>
    </rtept>
    <rtept lat="27.996692" lon="87.171277">
      <ele>4484.0</ele>
    </rtept>
    <rtept lat="27.996692" lon="87.171277">
      <ele>4484.0</ele>
    </rtept>
    <rtept lat="27.996692" lon="87.171277">
      <ele>4484.0</ele>
    </rtept>
    <rtept lat="27.996692" lon="87.171277">
      <ele>4484.0</ele>
    </rtept>
    <rtept lat="27.996692" lon="87.171277">
      <ele>4484.0</ele>
    </rtept>
    <rtept lat="27.996692" lon="87.171277">
      <ele>4484.0</ele>
    </rtept>
    <rtept lat="27.996692" lon="87.171277">
      <ele>4484.0</ele>
    </rtept>
    <rtept lat="27.996692" lon="87.171277">
      <ele>4484.0</ele>
    </rtept>
    <rtept lat="27.996778" lon="87.171308">
      <ele>4484.0</ele>
    </rtept>
    <rtept lat="27.996778" lon="87.171308">
      <ele>4484.0</ele>
    </rtept>
    <rtept lat="27.996778" lon="87.171308">
      <ele>4484.0</ele>
    </rtept>
    <rtept lat="27.996778" lon="87.171308">
      <ele>4484.0</ele>
    </rtept>
    <rtept lat="27.996778" lon="87.171308">
      <ele>4484.0</ele>
    </rtept>
    <rtept lat="27.996778" lon="87.171308">
      <ele>4484.0</ele>
    </rtept>
    <rtept lat="27.996778" lon="87.171308">
      <ele>4484.0</ele>
    </rtept>
    <rtept lat="27.996778" lon="87.171308">
      <ele>4484.0</ele>
    </rtept>
    <rtept lat="27.996778" lon="87.171308">
      <ele>4484.0</ele>
    </rtept>
    <rtept lat="27.996778" lon="87.171308">
      <ele>4484.0</ele>
    </rtept>
    <rtept lat="27.996778" lon="87.171308">
      <ele>4484.0</ele>
    </rtept>
    <rtept lat="27.996686" lon="87.171339">
      <ele>4484.0</ele>
    </rtept>
    <rtept lat="27.996686" lon="87.171339">
      <ele>4484.0</ele>
    </rtept>
    <rtept lat="27.996634" lon="87.171246">
      <ele>4481.0</ele>
    </rtept>
    <rtept lat="27.996544" lon="87.171229">
      <ele>4481.0</ele>
    </rtept>
    <rtept lat="27.996607" lon="87.171249">
      <ele>4481.0</ele>
    </rtept>
    <rtept lat="27.996649" lon="87.171333">
      <ele>4484.0</ele>
    </rtept>
    <rtept lat="27.996644" lon="87.171441">
      <ele>4484.0</ele>
    </rtept>
    <rtept lat="27.996644" lon="87.171441">
      <ele>4484.0</ele>
    </rtept>
    <rtept lat="27.99673" lon="87.171422">
      <ele>4484.0</ele>
    </rtept>
    <rtept lat="27.99673" lon="87.171422">
      <ele>4484.0</ele>
    </rtept>
    <rtept lat="27.996823" lon="87.171426">
      <ele>4490.0</ele>
    </rtept>
    <rtept lat="27.996792" lon="87.171345">
      <ele>4484.0</ele>
    </rtept>
    <rtept lat="27.996773" lon="87.17124">
      <ele>4481.0</ele>
    </rtept>
    <rtept lat="27.996695" lon="87.171191">
      <ele>4481.0</ele>
    </rtept>
    <rtept lat="27.996592" lon="87.1712">
      <ele>4481.0</ele>
    </rtept>
    <rtept lat="27.996499" lon="87.171252">
      <ele>4480.0</ele>
    </rtept>
    <rtept lat="27.996542" lon="87.171245">
      <ele>4481.0</ele>
    </rtept>
    <rtept lat="27.996638" lon="87.17127">
      <ele>4484.0</ele>
    </rtept>
    <rtept lat="27.996745" lon="87.171286">
      <ele>4484.0</ele>
    </rtept>
    <rtept lat="27.996745" lon="87.171286">
      <ele>4484.0</ele>
    </rtept>
    <rtept lat="27.996745" lon="87.171286">
      <ele>4484.0</ele>
    </rtept>
    <rtept lat="27.996745" lon="87.171286">
      <ele>4484.0</ele>
    </rtept>
    <rtept lat="27.996672" lon="87.171279">
      <ele>4484.0</ele>
    </rtept>
    <rtept lat="27.996672" lon="87.171279">
      <ele>4484.0</ele>
    </rtept>
    <rtept lat="27.996672" lon="87.171279">
      <ele>4484.0</ele>
    </rtept>
    <rtept lat="27.996672" lon="87.171279">
      <ele>4484.0</ele>
    </rtept>
    <rtept lat="27.996672" lon="87.171279">
      <ele>4484.0</ele>
    </rtept>
    <rtept lat="27.996672" lon="87.171279">
      <ele>4484.0</ele>
    </rtept>
    <rtept lat="27.996672" lon="87.171279">
      <ele>4484.0</ele>
    </rtept>
    <rtept lat="27.996672" lon="87.171279">
      <ele>4484.0</ele>
    </rtept>
    <rtept lat="27.996672" lon="87.171279">
      <ele>4484.0</ele>
    </rtept>
    <rtept lat="27.996705" lon="87.171181">
      <ele>4481.0</ele>
    </rtept>
    <rtept lat="27.996705" lon="87.171181">
      <ele>4481.0</ele>
    </rtept>
    <rtept lat="27.996705" lon="87.171181">
      <ele>4481.0</ele>
    </rtept>
    <rtept lat="27.996794" lon="87.171151">
      <ele>4481.0</ele>
    </rtept>
    <rtept lat="27.996794" lon="87.171151">
      <ele>4481.0</ele>
    </rtept>
    <rtept lat="27.996794" lon="87.171151">
      <ele>4481.0</ele>
    </rtept>
    <rtept lat="27.996794" lon="87.171151">
      <ele>4481.0</ele>
    </rtept>
    <rtept lat="27.996794" lon="87.171151">
      <ele>4481.0</ele>
    </rtept>
    <rtept lat="27.996794" lon="87.171151">
      <ele>4481.0</ele>
    </rtept>
    <rtept lat="27.996794" lon="87.171151">
      <ele>4481.0</ele>
    </rtept>
    <rtept lat="27.996794" lon="87.171151">
      <ele>4481.0</ele>
    </rtept>
    <rtept lat="27.996794" lon="87.171151">
      <ele>4481.0</ele>
    </rtept>
    <rtept lat="27.996729" lon="87.171239">
      <ele>4481.0</ele>
    </rtept>
    <rtept lat="27.996729" lon="87.171239">
      <ele>4481.0</ele>
    </rtept>
    <rtept lat="27.996751" lon="87.171292">
      <ele>4484.0</ele>
    </rtept>
    <rtept lat="27.996751" lon="87.171292">
      <ele>4484.0</ele>
    </rtept>
    <rtept lat="27.996751" lon="87.171292">
      <ele>4484.0</ele>
    </rtept>
    <rtept lat="27.996751" lon="87.171292">
      <ele>4484.0</ele>
    </rtept>
    <rtept lat="27.996749" lon="87.171168">
      <ele>4481.0</ele>
    </rtept>
    <rtept lat="27.996749" lon="87.171168">
      <ele>4481.0</ele>
    </rtept>
    <rtept lat="27.996749" lon="87.171168">
      <ele>4481.0</ele>
    </rtept>
    <rtept lat="27.996763" lon="87.171051">
      <ele>4481.0</ele>
    </rtept>
    <rtept lat="27.996763" lon="87.171051">
      <ele>4481.0</ele>
    </rtept>
    <rtept lat="27.99675" lon="87.170929">
      <ele>4485.0</ele>
    </rtept>
    <rtept lat="27.996787" lon="87.17082">
      <ele>4485.0</ele>
    </rtept>
    <rtept lat="27.996825" lon="87.170713">
      <ele>4489.0</ele>
    </rtept>
    <rtept lat="27.996868" lon="87.170618">
      <ele>4488.0</ele>
    </rtept>
    <rtept lat="27.996924" lon="87.170536">
      <ele>4488.0</ele>
    </rtept>
    <rtept lat="27.996992" lon="87.170447">
      <ele>4488.0</ele>
    </rtept>
    <rtept lat="27.997025" lon="87.170339">
      <ele>4483.0</ele>
    </rtept>
    <rtept lat="27.99707" lon="87.170244">
      <ele>4483.0</ele>
    </rtept>
    <rtept lat="27.997125" lon="87.170158">
      <ele>4493.0</ele>
    </rtept>
    <rtept lat="27.997171" lon="87.17006">
      <ele>4483.0</ele>
    </rtept>
    <rtept lat="27.997207" lon="87.169954">
      <ele>4483.0</ele>
    </rtept>
    <rtept lat="27.997257" lon="87.169865">
      <ele>4483.0</ele>
    </rtept>
    <rtept lat="27.997315" lon="87.169785">
      <ele>4480.0</ele>
    </rtept>
    <rtept lat="27.997378" lon="87.169705">
      <ele>4481.0</ele>
    </rtept>
    <rtept lat="27.997447" lon="87.169614">
      <ele>4481.0</ele>
    </rtept>
    <rtept lat="27.997513" lon="87.169516">
      <ele>4474.0</ele>
    </rtept>
    <rtept lat="27.997585" lon="87.169433">
      <ele>4474.0</ele>
    </rtept>
    <rtept lat="27.997643" lon="87.169343">
      <ele>4488.0</ele>
    </rtept>
    <rtept lat="27.997693" lon="87.169254">
      <ele>4492.0</ele>
    </rtept>
    <rtept lat="27.997751" lon="87.169172">
      <ele>4492.0</ele>
    </rtept>
    <rtept lat="27.997814" lon="87.169095">
      <ele>4492.0</ele>
    </rtept>
    <rtept lat="27.997884" lon="87.169025">
      <ele>4501.0</ele>
    </rtept>
    <rtept lat="27.997949" lon="87.168951">
      <ele>4499.0</ele>
    </rtept>
    <rtept lat="27.998012" lon="87.168866">
      <ele>4499.0</ele>
    </rtept>
    <rtept lat="27.998079" lon="87.168785">
      <ele>4499.0</ele>
    </rtept>
    <rtept lat="27.998141" lon="87.168706">
      <ele>4506.0</ele>
    </rtept>
    <rtept lat="27.998177" lon="87.168605">
      <ele>4506.0</ele>
    </rtept>
    <rtept lat="27.99818" lon="87.16849">
      <ele>4506.0</ele>
    </rtept>
    <rtept lat="27.998191" lon="87.168375">
      <ele>4501.0</ele>
    </rtept>
    <rtept lat="27.998198" lon="87.16825">
      <ele>4510.0</ele>
    </rtept>
    <rtept lat="27.998205" lon="87.16814">
      <ele>4512.0</ele>
    </rtept>
    <rtept lat="27.998184" lon="87.16804">
      <ele>4502.0</ele>
    </rtept>
    <rtept lat="27.998149" lon="87.167936">
      <ele>4502.0</ele>
    </rtept>
    <rtept lat="27.99807" lon="87.167872">
      <ele>4497.0</ele>
    </rtept>
    <rtept lat="27.998023" lon="87.167784">
      <ele>4497.0</ele>
    </rtept>
    <rtept lat="27.998023" lon="87.167784">
      <ele>4497.0</ele>
    </rtept>
    <rtept lat="27.998023" lon="87.167784">
      <ele>4497.0</ele>
    </rtept>
    <rtept lat="27.998023" lon="87.167784">
      <ele>4497.0</ele>
    </rtept>
    <rtept lat="27.998023" lon="87.167784">
      <ele>4497.0</ele>
    </rtept>
    <rtept lat="27.998023" lon="87.167784">
      <ele>4497.0</ele>
    </rtept>
    <rtept lat="27.997982" lon="87.167768">
      <ele>4497.0</ele>
    </rtept>
    <rtept lat="27.997982" lon="87.167768">
      <ele>4497.0</ele>
    </rtept>
    <rtept lat="27.997982" lon="87.167768">
      <ele>4497.0</ele>
    </rtept>
    <rtept lat="27.997982" lon="87.167768">
      <ele>4497.0</ele>
    </rtept>
    <rtept lat="27.997982" lon="87.167768">
      <ele>4497.0</ele>
    </rtept>
    <rtept lat="27.997982" lon="87.167768">
      <ele>4497.0</ele>
    </rtept>
    <rtept lat="27.997982" lon="87.167768">
      <ele>4497.0</ele>
    </rtept>
    <rtept lat="27.998076" lon="87.167757">
      <ele>4497.0</ele>
    </rtept>
    <rtept lat="27.998076" lon="87.167757">
      <ele>4497.0</ele>
    </rtept>
    <rtept lat="27.998162" lon="87.167708">
      <ele>4497.0</ele>
    </rtept>
    <rtept lat="27.99824" lon="87.167645">
      <ele>4504.0</ele>
    </rtept>
    <rtept lat="27.998312" lon="87.167574">
      <ele>4503.0</ele>
    </rtept>
    <rtept lat="27.998393" lon="87.167524">
      <ele>4503.0</ele>
    </rtept>
    <rtept lat="27.998484" lon="87.167497">
      <ele>4506.0</ele>
    </rtept>
    <rtept lat="27.998566" lon="87.167435">
      <ele>4506.0</ele>
    </rtept>
    <rtept lat="27.998632" lon="87.16736">
      <ele>4506.0</ele>
    </rtept>
    <rtept lat="27.998708" lon="87.167292">
      <ele>4506.0</ele>
    </rtept>
    <rtept lat="27.998784" lon="87.167222">
      <ele>4505.0</ele>
    </rtept>
    <rtept lat="27.998865" lon="87.167166">
      <ele>4505.0</ele>
    </rtept>
    <rtept lat="27.998954" lon="87.167128">
      <ele>4505.0</ele>
    </rtept>
    <rtept lat="27.999048" lon="87.167113">
      <ele>4497.0</ele>
    </rtept>
    <rtept lat="27.999133" lon="87.167069">
      <ele>4491.0</ele>
    </rtept>
    <rtept lat="27.999221" lon="87.167032">
      <ele>4491.0</ele>
    </rtept>
    <rtept lat="27.999309" lon="87.167001">
      <ele>4484.0</ele>
    </rtept>
    <rtept lat="27.999405" lon="87.166961">
      <ele>4484.0</ele>
    </rtept>
    <rtept lat="27.999496" lon="87.166928">
      <ele>4484.0</ele>
    </rtept>
    <rtept lat="27.999585" lon="87.166899">
      <ele>4487.0</ele>
    </rtept>
    <rtept lat="27.999674" lon="87.166866">
      <ele>4487.0</ele>
    </rtept>
    <rtept lat="27.999767" lon="87.166838">
      <ele>4487.0</ele>
    </rtept>
    <rtept lat="27.999861" lon="87.166817">
      <ele>4487.0</ele>
    </rtept>
    <rtept lat="27.999951" lon="87.166772">
      <ele>4495.0</ele>
    </rtept>
    <rtept lat="28.000043" lon="87.166736">
      <ele>4495.0</ele>
    </rtept>
    <rtept lat="28.000131" lon="87.1667">
      <ele>4495.0</ele>
    </rtept>
    <rtept lat="28.000232" lon="87.166689">
      <ele>4505.0</ele>
    </rtept>
    <rtept lat="28.000273" lon="87.166639">
      <ele>4505.0</ele>
    </rtept>
    <rtept lat="28.000216" lon="87.166567">
      <ele>4505.0</ele>
    </rtept>
    <rtept lat="28.000105" lon="87.166519">
      <ele>4506.0</ele>
    </rtept>
    <rtept lat="27.999996" lon="87.16648">
      <ele>4506.0</ele>
    </rtept>
    <rtept lat="28.000005" lon="87.166377">
      <ele>4506.0</ele>
    </rtept>
    <rtept lat="27.999935" lon="87.16631">
      <ele>4506.0</ele>
    </rtept>
    <rtept lat="27.999849" lon="87.166277">
      <ele>4498.0</ele>
    </rtept>
    <rtept lat="27.999761" lon="87.166246">
      <ele>4499.0</ele>
    </rtept>
    <rtept lat="27.999671" lon="87.166208">
      <ele>4499.0</ele>
    </rtept>
    <rtept lat="27.999703" lon="87.166151">
      <ele>4499.0</ele>
    </rtept>
    <rtept lat="27.999744" lon="87.166057">
      <ele>4499.0</ele>
    </rtept>
    <rtept lat="27.999752" lon="87.165952">
      <ele>4492.0</ele>
    </rtept>
    <rtept lat="27.999729" lon="87.165848">
      <ele>4492.0</ele>
    </rtept>
    <rtept lat="27.999651" lon="87.165819">
      <ele>4492.0</ele>
    </rtept>
    <rtept lat="27.999574" lon="87.165766">
      <ele>4480.0</ele>
    </rtept>
    <rtept lat="27.999479" lon="87.165763">
      <ele>4480.0</ele>
    </rtept>
    <rtept lat="27.999479" lon="87.165763">
      <ele>4480.0</ele>
    </rtept>
    <rtept lat="27.999479" lon="87.165763">
      <ele>4480.0</ele>
    </rtept>
    <rtept lat="27.999479" lon="87.165763">
      <ele>4480.0</ele>
    </rtept>
    <rtept lat="27.999489" lon="87.16567">
      <ele>4466.0</ele>
    </rtept>
    <rtept lat="27.999489" lon="87.16567">
      <ele>4466.0</ele>
    </rtept>
    <rtept lat="27.99955" lon="87.165588">
      <ele>4466.0</ele>
    </rtept>
    <rtept lat="27.99964" lon="87.165542">
      <ele>4475.0</ele>
    </rtept>
    <rtept lat="27.999608" lon="87.165479">
      <ele>4475.0</ele>
    </rtept>
    <rtept lat="27.999519" lon="87.165446">
      <ele>4466.0</ele>
    </rtept>
    <rtept lat="27.999407" lon="87.165453">
      <ele>4466.0</ele>
    </rtept>
    <rtept lat="27.999297" lon="87.16547">
      <ele>4460.0</ele>
    </rtept>
    <rtept lat="27.999195" lon="87.16546">
      <ele>4460.0</ele>
    </rtept>
    <rtept lat="27.999101" lon="87.165444">
      <ele>4460.0</ele>
    </rtept>
    <rtept lat="27.999034" lon="87.165377">
      <ele>4442.0</ele>
    </rtept>
    <rtept lat="27.998986" lon="87.165284">
      <ele>4432.0</ele>
    </rtept>
    <rtept lat="27.99891" lon="87.165251">
      <ele>4432.0</ele>
    </rtept>
    <rtept lat="27.998871" lon="87.165168">
      <ele>4432.0</ele>
    </rtept>
    <rtept lat="27.998871" lon="87.165168">
      <ele>4432.0</ele>
    </rtept>
    <rtept lat="27.998893" lon="87.165053">
      <ele>4420.0</ele>
    </rtept>
    <rtept lat="27.998893" lon="87.165053">
      <ele>4420.0</ele>
    </rtept>
    <rtept lat="27.998798" lon="87.165049">
      <ele>4420.0</ele>
    </rtept>
    <rtept lat="27.998778" lon="87.164956">
      <ele>4420.0</ele>
    </rtept>
    <rtept lat="27.998828" lon="87.164872">
      <ele>4420.0</ele>
    </rtept>
    <rtept lat="27.998785" lon="87.164819">
      <ele>4409.0</ele>
    </rtept>
    <rtept lat="27.998785" lon="87.164819">
      <ele>4409.0</ele>
    </rtept>
    <rtept lat="27.998692" lon="87.16478">
      <ele>4397.0</ele>
    </rtept>
    <rtept lat="27.998692" lon="87.16478">
      <ele>4397.0</ele>
    </rtept>
    <rtept lat="27.998729" lon="87.164685">
      <ele>4397.0</ele>
    </rtept>
    <rtept lat="27.998673" lon="87.164614">
      <ele>4397.0</ele>
    </rtept>
    <rtept lat="27.998588" lon="87.164571">
      <ele>4391.0</ele>
    </rtept>
    <rtept lat="27.998594" lon="87.164495">
      <ele>4391.0</ele>
    </rtept>
    <rtept lat="27.998649" lon="87.164414">
      <ele>4391.0</ele>
    </rtept>
    <rtept lat="27.99872" lon="87.164327">
      <ele>4391.0</ele>
    </rtept>
    <rtept lat="27.998725" lon="87.164223">
      <ele>4384.0</ele>
    </rtept>
    <rtept lat="27.998745" lon="87.164122">
      <ele>4384.0</ele>
    </rtept>
    <rtept lat="27.998723" lon="87.164018">
      <ele>4371.0</ele>
    </rtept>
    <rtept lat="27.998642" lon="87.163955">
      <ele>4371.0</ele>
    </rtept>
    <rtept lat="27.99855" lon="87.163895">
      <ele>4371.0</ele>
    </rtept>
    <rtept lat="27.998449" lon="87.163846">
      <ele>4351.0</ele>
    </rtept>
    <rtept lat="27.998344" lon="87.163798">
      <ele>4351.0</ele>
    </rtept>
    <rtept lat="27.998246" lon="87.163776">
      <ele>4351.0</ele>
    </rtept>
    <rtept lat="27.998148" lon="87.163757">
      <ele>4341.0</ele>
    </rtept>
    <rtept lat="27.99805" lon="87.163725">
      <ele>4316.0</ele>
    </rtept>
    <rtept lat="27.997966" lon="87.163662">
      <ele>4316.0</ele>
    </rtept>
    <rtept lat="27.997876" lon="87.16364">
      <ele>4318.0</ele>
    </rtept>
    <rtept lat="27.997893" lon="87.163575">
      <ele>4318.0</ele>
    </rtept>
    <rtept lat="27.997945" lon="87.163488">
      <ele>4316.0</ele>
    </rtept>
    <rtept lat="27.99801" lon="87.1634">
      <ele>4313.0</ele>
    </rtept>
    <rtept lat="27.998078" lon="87.163312">
      <ele>4313.0</ele>
    </rtept>
    <rtept lat="27.998025" lon="87.163274">
      <ele>4313.0</ele>
    </rtept>
    <rtept lat="27.997985" lon="87.163179">
      <ele>4274.0</ele>
    </rtept>
    <rtept lat="27.998053" lon="87.1631">
      <ele>4274.0</ele>
    </rtept>
    <rtept lat="27.998123" lon="87.163019">
      <ele>4274.0</ele>
    </rtept>
    <rtept lat="27.998183" lon="87.162939">
      <ele>4274.0</ele>
    </rtept>
    <rtept lat="27.998259" lon="87.162878">
      <ele>4272.0</ele>
    </rtept>
    <rtept lat="27.998302" lon="87.162792">
      <ele>4272.0</ele>
    </rtept>
    <rtept lat="27.998357" lon="87.162706">
      <ele>4272.0</ele>
    </rtept>
    <rtept lat="27.998425" lon="87.162635">
      <ele>4269.0</ele>
    </rtept>
    <rtept lat="27.998476" lon="87.162545">
      <ele>4267.0</ele>
    </rtept>
    <rtept lat="27.998504" lon="87.162443">
      <ele>4267.0</ele>
    </rtept>
    <rtept lat="27.998516" lon="87.162333">
      <ele>4264.0</ele>
    </rtept>
    <rtept lat="27.998495" lon="87.162219">
      <ele>4264.0</ele>
    </rtept>
    <rtept lat="27.998472" lon="87.162114">
      <ele>4264.0</ele>
    </rtept>
    <rtept lat="27.99848" lon="87.16201">
      <ele>4265.0</ele>
    </rtept>
    <rtept lat="27.998535" lon="87.161931">
      <ele>4265.0</ele>
    </rtept>
    <rtept lat="27.998598" lon="87.161844">
      <ele>4265.0</ele>
    </rtept>
    <rtept lat="27.998682" lon="87.161798">
      <ele>4264.0</ele>
    </rtept>
    <rtept lat="27.998746" lon="87.161723">
      <ele>4264.0</ele>
    </rtept>
    <rtept lat="27.998699" lon="87.161741">
      <ele>4264.0</ele>
    </rtept>
    <rtept lat="27.998594" lon="87.161704">
      <ele>4264.0</ele>
    </rtept>
    <rtept lat="27.998499" lon="87.161715">
      <ele>4264.0</ele>
    </rtept>
    <rtept lat="27.998382" lon="87.161698">
      <ele>4276.0</ele>
    </rtept>
    <rtept lat="27.998379" lon="87.161716">
      <ele>4276.0</ele>
    </rtept>
    <rtept lat="27.998379" lon="87.161716">
      <ele>4276.0</ele>
    </rtept>
    <rtept lat="27.998506" lon="87.161739">
      <ele>4264.0</ele>
    </rtept>
    <rtept lat="27.998506" lon="87.161739">
      <ele>4264.0</ele>
    </rtept>
    <rtept lat="27.998581" lon="87.161678">
      <ele>4264.0</ele>
    </rtept>
    <rtept lat="27.998672" lon="87.161715">
      <ele>4264.0</ele>
    </rtept>
    <rtept lat="27.998765" lon="87.161725">
      <ele>4257.0</ele>
    </rtept>
    <rtept lat="27.998785" lon="87.161642">
      <ele>4257.0</ele>
    </rtept>
    <rtept lat="27.99882" lon="87.161542">
      <ele>4257.0</ele>
    </rtept>
    <rtept lat="27.998788" lon="87.161443">
      <ele>4262.0</ele>
    </rtept>
    <rtept lat="27.998731" lon="87.16135">
      <ele>4266.0</ele>
    </rtept>
    <rtept lat="27.998638" lon="87.16128">
      <ele>4266.0</ele>
    </rtept>
    <rtept lat="27.998551" lon="87.161213">
      <ele>4265.0</ele>
    </rtept>
    <rtept lat="27.998492" lon="87.161125">
      <ele>4265.0</ele>
    </rtept>
    <rtept lat="27.998431" lon="87.161044">
      <ele>4274.0</ele>
    </rtept>
    <rtept lat="27.998355" lon="87.160969">
      <ele>4275.0</ele>
    </rtept>
    <rtept lat="27.998292" lon="87.160877">
      <ele>4275.0</ele>
    </rtept>
    <rtept lat="27.998293" lon="87.160778">
      <ele>4275.0</ele>
    </rtept>
    <rtept lat="27.998285" lon="87.160669">
      <ele>4278.0</ele>
    </rtept>
    <rtept lat="27.998266" lon="87.160564">
      <ele>4278.0</ele>
    </rtept>
    <rtept lat="27.998225" lon="87.160461">
      <ele>4278.0</ele>
    </rtept>
    <rtept lat="27.99819" lon="87.160355">
      <ele>4279.0</ele>
    </rtept>
    <rtept lat="27.998171" lon="87.160242">
      <ele>4279.0</ele>
    </rtept>
    <rtept lat="27.998128" lon="87.160145">
      <ele>4279.0</ele>
    </rtept>
    <rtept lat="27.998054" lon="87.160075">
      <ele>4275.0</ele>
    </rtept>
    <rtept lat="27.997965" lon="87.160086">
      <ele>4275.0</ele>
    </rtept>
    <rtept lat="27.997867" lon="87.160117">
      <ele>4278.0</ele>
    </rtept>
    <rtept lat="27.997769" lon="87.160112">
      <ele>4278.0</ele>
    </rtept>
    <rtept lat="27.997677" lon="87.160135">
      <ele>4278.0</ele>
    </rtept>
    <rtept lat="27.997584" lon="87.160165">
      <ele>4258.0</ele>
    </rtept>
    <rtept lat="27.99749" lon="87.160173">
      <ele>4258.0</ele>
    </rtept>
    <rtept lat="27.997398" lon="87.16015">
      <ele>4258.0</ele>
    </rtept>
    <rtept lat="27.997309" lon="87.160104">
      <ele>4261.0</ele>
    </rtept>
    <rtept lat="27.997216" lon="87.160089">
      <ele>4261.0</ele>
    </rtept>
    <rtept lat="27.997127" lon="87.160122">
      <ele>4261.0</ele>
    </rtept>
    <rtept lat="27.997034" lon="87.160152">
      <ele>4251.0</ele>
    </rtept>
    <rtept lat="27.996939" lon="87.160143">
      <ele>4251.0</ele>
    </rtept>
    <rtept lat="27.996842" lon="87.160158">
      <ele>4251.0</ele>
    </rtept>
    <rtept lat="27.996758" lon="87.160112">
      <ele>4259.0</ele>
    </rtept>
    <rtept lat="27.996712" lon="87.16002">
      <ele>4259.0</ele>
    </rtept>
    <rtept lat="27.996686" lon="87.159914">
      <ele>4259.0</ele>
    </rtept>
    <rtept lat="27.996606" lon="87.159872">
      <ele>4259.0</ele>
    </rtept>
    <rtept lat="27.996512" lon="87.159837">
      <ele>4271.0</ele>
    </rtept>
    <rtept lat="27.996424" lon="87.159784">
      <ele>4271.0</ele>
    </rtept>
    <rtept lat="27.996329" lon="87.159754">
      <ele>4271.0</ele>
    </rtept>
    <rtept lat="27.99626" lon="87.159691">
      <ele>4271.0</ele>
    </rtept>
    <rtept lat="27.996182" lon="87.159642">
      <ele>4275.0</ele>
    </rtept>
    <rtept lat="27.996107" lon="87.159585">
      <ele>4275.0</ele>
    </rtept>
    <rtept lat="27.996021" lon="87.159536">
      <ele>4286.0</ele>
    </rtept>
    <rtept lat="27.995964" lon="87.159458">
      <ele>4287.0</ele>
    </rtept>
    <rtept lat="27.995913" lon="87.159373">
      <ele>4287.0</ele>
    </rtept>
    <rtept lat="27.995857" lon="87.159285">
      <ele>4288.0</ele>
    </rtept>
    <rtept lat="27.995797" lon="87.159198">
      <ele>4288.0</ele>
    </rtept>
    <rtept lat="27.995709" lon="87.15914">
      <ele>4288.0</ele>
    </rtept>
    <rtept lat="27.995654" lon="87.159099">
      <ele>4288.0</ele>
    </rtept>
    <rtept lat="27.995593" lon="87.159025">
      <ele>4292.0</ele>
    </rtept>
    <rtept lat="27.995529" lon="87.158948">
      <ele>4292.0</ele>
    </rtept>
    <rtept lat="27.99549" lon="87.158848">
      <ele>4292.0</ele>
    </rtept>
    <rtept lat="27.995442" lon="87.158757">
      <ele>4292.0</ele>
    </rtept>
    <rtept lat="27.995387" lon="87.158665">
      <ele>4292.0</ele>
    </rtept>
    <rtept lat="27.995312" lon="87.158599">
      <ele>4292.0</ele>
    </rtept>
    <rtept lat="27.995265" lon="87.158505">
      <ele>4292.0</ele>
    </rtept>
    <rtept lat="27.995248" lon="87.1584">
      <ele>4290.0</ele>
    </rtept>
    <rtept lat="27.995192" lon="87.15832">
      <ele>4290.0</ele>
    </rtept>
    <rtept lat="27.995186" lon="87.158223">
      <ele>4290.0</ele>
    </rtept>
    <rtept lat="27.995163" lon="87.158126">
      <ele>4298.0</ele>
    </rtept>
    <rtept lat="27.995138" lon="87.158023">
      <ele>4302.0</ele>
    </rtept>
    <rtept lat="27.995108" lon="87.157924">
      <ele>4302.0</ele>
    </rtept>
    <rtept lat="27.995093" lon="87.157822">
      <ele>4307.0</ele>
    </rtept>
    <rtept lat="27.995064" lon="87.157724">
      <ele>4307.0</ele>
    </rtept>
    <rtept lat="27.995029" lon="87.15762">
      <ele>4307.0</ele>
    </rtept>
    <rtept lat="27.995003" lon="87.157514">
      <ele>4307.0</ele>
    </rtept>
    <rtept lat="27.995022" lon="87.157405">
      <ele>4307.0</ele>
    </rtept>
    <rtept lat="27.995028" lon="87.157299">
      <ele>4308.0</ele>
    </rtept>
    <rtept lat="27.995005" lon="87.157196">
      <ele>4308.0</ele>
    </rtept>
    <rtept lat="27.995002" lon="87.15709">
      <ele>4308.0</ele>
    </rtept>
    <rtept lat="27.99505" lon="87.157007">
      <ele>4310.0</ele>
    </rtept>
    <rtept lat="27.995064" lon="87.156909">
      <ele>4310.0</ele>
    </rtept>
    <rtept lat="27.995078" lon="87.156804">
      <ele>4317.0</ele>
    </rtept>
    <rtept lat="27.995062" lon="87.1567">
      <ele>4317.0</ele>
    </rtept>
    <rtept lat="27.99506" lon="87.156591">
      <ele>4317.0</ele>
    </rtept>
    <rtept lat="27.995075" lon="87.156478">
      <ele>4319.0</ele>
    </rtept>
    <rtept lat="27.995075" lon="87.156371">
      <ele>4319.0</ele>
    </rtept>
    <rtept lat="27.995064" lon="87.156257">
      <ele>4319.0</ele>
    </rtept>
    <rtept lat="27.995072" lon="87.156147">
      <ele>4324.0</ele>
    </rtept>
    <rtept lat="27.995008" lon="87.156102">
      <ele>4324.0</ele>
    </rtept>
    <rtept lat="27.994913" lon="87.15611">
      <ele>4324.0</ele>
    </rtept>
    <rtept lat="27.994843" lon="87.156051">
      <ele>4322.0</ele>
    </rtept>
    <rtept lat="27.99481" lon="87.155952">
      <ele>4323.0</ele>
    </rtept>
    <rtept lat="27.994772" lon="87.155851">
      <ele>4323.0</ele>
    </rtept>
    <rtept lat="27.994762" lon="87.155743">
      <ele>4323.0</ele>
    </rtept>
    <rtept lat="27.994756" lon="87.155638">
      <ele>4327.0</ele>
    </rtept>
    <rtept lat="27.994771" lon="87.155532">
      <ele>4327.0</ele>
    </rtept>
    <rtept lat="27.994758" lon="87.155431">
      <ele>4327.0</ele>
    </rtept>
    <rtept lat="27.994777" lon="87.155321">
      <ele>4328.0</ele>
    </rtept>
    <rtept lat="27.99483" lon="87.155222">
      <ele>4328.0</ele>
    </rtept>
    <rtept lat="27.994861" lon="87.155114">
      <ele>4330.0</ele>
    </rtept>
    <rtept lat="27.994902" lon="87.155019">
      <ele>4335.0</ele>
    </rtept>
    <rtept lat="27.994934" lon="87.154924">
      <ele>4335.0</ele>
    </rtept>
    <rtept lat="27.994885" lon="87.154833">
      <ele>4339.0</ele>
    </rtept>
    <rtept lat="27.994878" lon="87.154794">
      <ele>4339.0</ele>
    </rtept>
    <rtept lat="27.994878" lon="87.154794">
      <ele>4339.0</ele>
    </rtept>
    <rtept lat="27.994866" lon="87.154708">
      <ele>4339.0</ele>
    </rtept>
    <rtept lat="27.994866" lon="87.154708">
      <ele>4339.0</ele>
    </rtept>
    <rtept lat="27.994857" lon="87.154605">
      <ele>4330.0</ele>
    </rtept>
    <rtept lat="27.99477" lon="87.154562">
      <ele>4331.0</ele>
    </rtept>
    <rtept lat="27.994728" lon="87.154471">
      <ele>4331.0</ele>
    </rtept>
    <rtept lat="27.994693" lon="87.154372">
      <ele>4331.0</ele>
    </rtept>
    <rtept lat="27.994627" lon="87.1543">
      <ele>4328.0</ele>
    </rtept>
    <rtept lat="27.994588" lon="87.154207">
      <ele>4328.0</ele>
    </rtept>
    <rtept lat="27.994556" lon="87.154109">
      <ele>4322.0</ele>
    </rtept>
    <rtept lat="27.994529" lon="87.154008">
      <ele>4323.0</ele>
    </rtept>
    <rtept lat="27.9945" lon="87.153893">
      <ele>4323.0</ele>
    </rtept>
    <rtept lat="27.994507" lon="87.153774">
      <ele>4323.0</ele>
    </rtept>
    <rtept lat="27.994511" lon="87.153655">
      <ele>4319.0</ele>
    </rtept>
    <rtept lat="27.994539" lon="87.153549">
      <ele>4319.0</ele>
    </rtept>
    <rtept lat="27.994569" lon="87.15345">
      <ele>4318.0</ele>
    </rtept>
    <rtept lat="27.99463" lon="87.153364">
      <ele>4320.0</ele>
    </rtept>
    <rtept lat="27.994647" lon="87.153262">
      <ele>4320.0</ele>
    </rtept>
    <rtept lat="27.994669" lon="87.153163">
      <ele>4321.0</ele>
    </rtept>
    <rtept lat="27.994707" lon="87.153068">
      <ele>4321.0</ele>
    </rtept>
    <rtept lat="27.994709" lon="87.152957">
      <ele>4321.0</ele>
    </rtept>
    <rtept lat="27.994719" lon="87.152834">
      <ele>4297.8</ele>
    </rtept>
    <rtept lat="27.994727" lon="87.152726">
      <ele>4296.34</ele>
    </rtept>
    <rtept lat="27.994747" lon="87.152623">
      <ele>4298.88</ele>
    </rtept>
    <rtept lat="27.994773" lon="87.152512">
      <ele>4301.87</ele>
    </rtept>
    <rtept lat="27.994803" lon="87.152403">
      <ele>4300.27</ele>
    </rtept>
    <rtept lat="27.994837" lon="87.152297">
      <ele>4298.73</ele>
    </rtept>
    <rtept lat="27.994811" lon="87.152195">
      <ele>4300.34</ele>
    </rtept>
    <rtept lat="27.994797" lon="87.152081">
      <ele>4302.85</ele>
    </rtept>
    <rtept lat="27.994788" lon="87.151997">
      <ele>4304.38</ele>
    </rtept>
    <rtept lat="27.994789" lon="87.151897">
      <ele>4311.07</ele>
    </rtept>
    <rtept lat="27.994792" lon="87.151775">
      <ele>4311.29</ele>
    </rtept>
    <rtept lat="27.994823" lon="87.151661">
      <ele>4307.46</ele>
    </rtept>
    <rtept lat="27.994842" lon="87.151549">
      <ele>4307.67</ele>
    </rtept>
    <rtept lat="27.994885" lon="87.15144">
      <ele>4304.29</ele>
    </rtept>
    <rtept lat="27.994977" lon="87.151403">
      <ele>4301.62</ele>
    </rtept>
    <rtept lat="27.994964" lon="87.151407">
      <ele>4308.11</ele>
    </rtept>
    <rtept lat="27.995045" lon="87.151361">
      <ele>4315.39</ele>
    </rtept>
    <rtept lat="27.995108" lon="87.151269">
      <ele>4304.78</ele>
    </rtept>
    <rtept lat="27.995191" lon="87.151228">
      <ele>4306.96</ele>
    </rtept>
    <rtept lat="27.995273" lon="87.151182">
      <ele>4313.29</ele>
    </rtept>
    <rtept lat="27.995361" lon="87.151218">
      <ele>4315.96</ele>
    </rtept>
    <rtept lat="27.995443" lon="87.151273">
      <ele>4317.26</ele>
    </rtept>
    <rtept lat="27.99552" lon="87.151329">
      <ele>4318.29</ele>
    </rtept>
    <rtept lat="27.99559" lon="87.151393">
      <ele>4322.99</ele>
    </rtept>
    <rtept lat="27.995658" lon="87.151355">
      <ele>4325.69</ele>
    </rtept>
    <rtept lat="27.995743" lon="87.151337">
      <ele>4327.89</ele>
    </rtept>
    <rtept lat="27.995833" lon="87.151288">
      <ele>4328.96</ele>
    </rtept>
    <rtept lat="27.995923" lon="87.15125">
      <ele>4329.96</ele>
    </rtept>
    <rtept lat="27.996013" lon="87.151221">
      <ele>4336.41</ele>
    </rtept>
    <rtept lat="27.996098" lon="87.151182">
      <ele>4338.23</ele>
    </rtept>
    <rtept lat="27.996186" lon="87.151179">
      <ele>4344.84</ele>
    </rtept>
    <rtept lat="27.996271" lon="87.151217">
      <ele>4352.42</ele>
    </rtept>
    <rtept lat="27.996361" lon="87.151224">
      <ele>4354.72</ele>
    </rtept>
    <rtept lat="27.996453" lon="87.151231">
      <ele>4356.66</ele>
    </rtept>
    <rtept lat="27.996543" lon="87.15125">
      <ele>4360.8</ele>
    </rtept>
    <rtept lat="27.996629" lon="87.151212">
      <ele>4368.65</ele>
    </rtept>
    <rtept lat="27.996715" lon="87.151249">
      <ele>4372.89</ele>
    </rtept>
    <rtept lat="27.996798" lon="87.15122">
      <ele>4376.06</ele>
    </rtept>
    <rtept lat="27.996881" lon="87.151164">
      <ele>4385.94</ele>
    </rtept>
    <rtept lat="27.996972" lon="87.151156">
      <ele>4386.16</ele>
    </rtept>
    <rtept lat="27.997059" lon="87.151132">
      <ele>4389.38</ele>
    </rtept>
    <rtept lat="27.99715" lon="87.151148">
      <ele>4400.69</ele>
    </rtept>
    <rtept lat="27.997123" lon="87.151161">
      <ele>4399.46</ele>
    </rtept>
    <rtept lat="27.997167" lon="87.151067">
      <ele>4399.03</ele>
    </rtept>
    <rtept lat="27.997254" lon="87.151069">
      <ele>4398.16</ele>
    </rtept>
    <rtept lat="27.997345" lon="87.151071">
      <ele>4404.68</ele>
    </rtept>
    <rtept lat="27.997439" lon="87.151062">
      <ele>4408.08</ele>
    </rtept>
    <rtept lat="27.997533" lon="87.151064">
      <ele>4408.2</ele>
    </rtept>
    <rtept lat="27.997604" lon="87.151008">
      <ele>4413.66</ele>
    </rtept>
    <rtept lat="27.997682" lon="87.150955">
      <ele>4417.75</ele>
    </rtept>
    <rtept lat="27.997777" lon="87.15098">
      <ele>4417.68</ele>
    </rtept>
    <rtept lat="27.997861" lon="87.150916">
      <ele>4418.51</ele>
    </rtept>
    <rtept lat="27.997954" lon="87.150881">
      <ele>4421.58</ele>
    </rtept>
    <rtept lat="27.998042" lon="87.150848">
      <ele>4421.96</ele>
    </rtept>
    <rtept lat="27.998137" lon="87.150803">
      <ele>4422.27</ele>
    </rtept>
    <rtept lat="27.998236" lon="87.150788">
      <ele>4420.93</ele>
    </rtept>
    <rtept lat="27.998322" lon="87.150746">
      <ele>4421.92</ele>
    </rtept>
    <rtept lat="27.998408" lon="87.150702">
      <ele>4423.18</ele>
    </rtept>
    <rtept lat="27.998499" lon="87.150656">
      <ele>4423.85</ele>
    </rtept>
    <rtept lat="27.998597" lon="87.150634">
      <ele>4424.22</ele>
    </rtept>
    <rtept lat="27.998655" lon="87.150616">
      <ele>4423.85</ele>
    </rtept>
    <rtept lat="27.998724" lon="87.150551">
      <ele>4423.86</ele>
    </rtept>
    <rtept lat="27.998809" lon="87.15048">
      <ele>4422.65</ele>
    </rtept>
    <rtept lat="27.998898" lon="87.150411">
      <ele>4422.33</ele>
    </rtept>
    <rtept lat="27.998995" lon="87.150367">
      <ele>4421.42</ele>
    </rtept>
    <rtept lat="27.999074" lon="87.1503">
      <ele>4421.21</ele>
    </rtept>
    <rtept lat="27.99916" lon="87.150238">
      <ele>4421.86</ele>
    </rtept>
    <rtept lat="27.99926" lon="87.150214">
      <ele>4417.79</ele>
    </rtept>
    <rtept lat="27.999353" lon="87.150185">
      <ele>4418.2</ele>
    </rtept>
    <rtept lat="27.999445" lon="87.15014">
      <ele>4418.55</ele>
    </rtept>
    <rtept lat="27.999532" lon="87.150098">
      <ele>4417.06</ele>
    </rtept>
    <rtept lat="27.999618" lon="87.150069">
      <ele>4414.98</ele>
    </rtept>
    <rtept lat="27.999717" lon="87.150041">
      <ele>4414.59</ele>
    </rtept>
    <rtept lat="27.999814" lon="87.150017">
      <ele>4413.77</ele>
    </rtept>
    <rtept lat="27.999919" lon="87.150004">
      <ele>4413.22</ele>
    </rtept>
    <rtept lat="28.000006" lon="87.149957">
      <ele>4412.8</ele>
    </rtept>
    <rtept lat="28.000103" lon="87.149932">
      <ele>4411.72</ele>
    </rtept>
    <rtept lat="28.000205" lon="87.149918">
      <ele>4411.93</ele>
    </rtept>
    <rtept lat="28.000307" lon="87.149882">
      <ele>4412.36</ele>
    </rtept>
    <rtept lat="28.000411" lon="87.149838">
      <ele>4413.72</ele>
    </rtept>
    <rtept lat="28.00188" lon="87.149212">
      <ele>4444.86</ele>
    </rtept>
    <rtept lat="28.001935" lon="87.149263">
      <ele>4433.57</ele>
    </rtept>
    <rtept lat="28.008861" lon="87.137358">
      <ele>4426.09</ele>
    </rtept>
    <rtept lat="28.009029" lon="87.137499">
      <ele>4408.8</ele>
    </rtept>
    <rtept lat="28.008955" lon="87.137576">
      <ele>4431.93</ele>
    </rtept>
    <rtept lat="28.008904" lon="87.137531">
      <ele>4431.1</ele>
    </rtept>
    <rtept lat="28.00885" lon="87.137426">
      <ele>4422.86</ele>
    </rtept>
    <rtept lat="28.008804" lon="87.137321">
      <ele>4427.58</ele>
    </rtept>
    <rtept lat="28.008745" lon="87.13723">
      <ele>4425.22</ele>
    </rtept>
    <rtept lat="28.008688" lon="87.137144">
      <ele>4423.77</ele>
    </rtept>
    <rtept lat="28.008639" lon="87.137043">
      <ele>4423.79</ele>
    </rtept>
    <rtept lat="28.008583" lon="87.136958">
      <ele>4422.89</ele>
    </rtept>
    <rtept lat="28.008511" lon="87.136893">
      <ele>4420.34</ele>
    </rtept>
    <rtept lat="28.008435" lon="87.136835">
      <ele>4417.76</ele>
    </rtept>
    <rtept lat="28.008386" lon="87.136751">
      <ele>4419.26</ele>
    </rtept>
    <rtept lat="28.00837" lon="87.136714">
      <ele>4418.45</ele>
    </rtept>
    <rtept lat="28.008306" lon="87.136737">
      <ele>4419.73</ele>
    </rtept>
    <rtept lat="28.008226" lon="87.136807">
      <ele>4421.18</ele>
    </rtept>
    <rtept lat="28.008144" lon="87.136893">
      <ele>4420.22</ele>
    </rtept>
    <rtept lat="28.008086" lon="87.136912">
      <ele>4419.67</ele>
    </rtept>
    <rtept lat="28.008065" lon="87.137014">
      <ele>4433.54</ele>
    </rtept>
    <rtept lat="28.008059" lon="87.136912">
      <ele>4422.67</ele>
    </rtept>
    <rtept lat="28.008045" lon="87.136985">
      <ele>4424.58</ele>
    </rtept>
    <rtept lat="28.007991" lon="87.136954">
      <ele>4422.89</ele>
    </rtept>
    <rtept lat="28.007897" lon="87.136934">
      <ele>4419.19</ele>
    </rtept>
    <rtept lat="28.007786" lon="87.136911">
      <ele>4419.88</ele>
    </rtept>
    <rtept lat="28.007681" lon="87.136879">
      <ele>4417.79</ele>
    </rtept>
    <rtept lat="28.007578" lon="87.136861">
      <ele>4418.16</ele>
    </rtept>
    <rtept lat="28.007475" lon="87.13687">
      <ele>4419.44</ele>
    </rtept>
    <rtept lat="28.007396" lon="87.136828">
      <ele>4419.87</ele>
    </rtept>
    <rtept lat="28.007293" lon="87.136764">
      <ele>4416.98</ele>
    </rtept>
    <rtept lat="28.007189" lon="87.136727">
      <ele>4417.18</ele>
    </rtept>
    <rtept lat="28.007095" lon="87.13668">
      <ele>4416.09</ele>
    </rtept>
    <rtept lat="28.007009" lon="87.136629">
      <ele>4419.82</ele>
    </rtept>
    <rtept lat="28.006922" lon="87.136592">
      <ele>4419.06</ele>
    </rtept>
    <rtept lat="28.006841" lon="87.136542">
      <ele>4418.95</ele>
    </rtept>
    <rtept lat="28.006789" lon="87.13646">
      <ele>4420.25</ele>
    </rtept>
    <rtept lat="28.006724" lon="87.136365">
      <ele>4420.37</ele>
    </rtept>
    <rtept lat="28.006666" lon="87.136265">
      <ele>4419.4</ele>
    </rtept>
    <rtept lat="28.006661" lon="87.136154">
      <ele>4418.64</ele>
    </rtept>
    <rtept lat="28.006681" lon="87.136043">
      <ele>4420.35</ele>
    </rtept>
    <rtept lat="28.006696" lon="87.135933">
      <ele>4424.61</ele>
    </rtept>
    <rtept lat="28.006703" lon="87.135889">
      <ele>4423.46</ele>
    </rtept>
    <rtept lat="28.006747" lon="87.135818">
      <ele>4423.81</ele>
    </rtept>
    <rtept lat="28.006767" lon="87.135721">
      <ele>4423.74</ele>
    </rtept>
    <rtept lat="28.006778" lon="87.135617">
      <ele>4425.54</ele>
    </rtept>
    <rtept lat="28.006782" lon="87.135508">
      <ele>4421.51</ele>
    </rtept>
    <rtept lat="28.006821" lon="87.135414">
      <ele>4420.7</ele>
    </rtept>
    <rtept lat="28.006899" lon="87.135336">
      <ele>4424.87</ele>
    </rtept>
    <rtept lat="28.006978" lon="87.135256">
      <ele>4427.25</ele>
    </rtept>
    <rtept lat="28.007061" lon="87.135195">
      <ele>4428.1</ele>
    </rtept>
    <rtept lat="28.007132" lon="87.135113">
      <ele>4433.24</ele>
    </rtept>
    <rtept lat="28.00719" lon="87.135017">
      <ele>4437.64</ele>
    </rtept>
    <rtept lat="28.007244" lon="87.13493">
      <ele>4438.82</ele>
    </rtept>
    <rtept lat="28.007311" lon="87.134858">
      <ele>4442.55</ele>
    </rtept>
    <rtept lat="28.007371" lon="87.134776">
      <ele>4443.32</ele>
    </rtept>
    <rtept lat="28.007464" lon="87.134774">
      <ele>4442.15</ele>
    </rtept>
    <rtept lat="28.007558" lon="87.134743">
      <ele>4441.21</ele>
    </rtept>
    <rtept lat="28.00763" lon="87.134673">
      <ele>4441.42</ele>
    </rtept>
    <rtept lat="28.007656" lon="87.134571">
      <ele>4443.12</ele>
    </rtept>
    <rtept lat="28.007642" lon="87.134459">
      <ele>4445.16</ele>
    </rtept>
    <rtept lat="28.007645" lon="87.134348">
      <ele>4447.44</ele>
    </rtept>
    <rtept lat="28.007688" lon="87.134252">
      <ele>4446.56</ele>
    </rtept>
    <rtept lat="28.00771" lon="87.134149">
      <ele>4448.47</ele>
    </rtept>
    <rtept lat="28.007733" lon="87.134046">
      <ele>4451.34</ele>
    </rtept>
    <rtept lat="28.007728" lon="87.134112">
      <ele>4448.02</ele>
    </rtept>
    <rtept lat="28.007722" lon="87.134232">
      <ele>4448.6</ele>
    </rtept>
    <rtept lat="28.007668" lon="87.134347">
      <ele>4446.89</ele>
    </rtept>
    <rtept lat="28.007615" lon="87.134314">
      <ele>4449.76</ele>
    </rtept>
    <rtept lat="28.007523" lon="87.13428">
      <ele>4453.8</ele>
    </rtept>
    <rtept lat="28.007429" lon="87.134228">
      <ele>4456.49</ele>
    </rtept>
    <rtept lat="28.007381" lon="87.134129">
      <ele>4456.66</ele>
    </rtept>
    <rtept lat="28.007335" lon="87.134032">
      <ele>4458.24</ele>
    </rtept>
    <rtept lat="28.007279" lon="87.133937">
      <ele>4459.68</ele>
    </rtept>
    <rtept lat="28.007205" lon="87.133873">
      <ele>4465.55</ele>
    </rtept>
    <rtept lat="28.007126" lon="87.133807">
      <ele>4467.48</ele>
    </rtept>
    <rtept lat="28.0071" lon="87.133709">
      <ele>4475.14</ele>
    </rtept>
    <rtept lat="28.007061" lon="87.133615">
      <ele>4476.19</ele>
    </rtept>
    <rtept lat="28.007043" lon="87.133505">
      <ele>4483.96</ele>
    </rtept>
    <rtept lat="28.007033" lon="87.133399">
      <ele>4487.14</ele>
    </rtept>
    <rtept lat="28.007016" lon="87.133294">
      <ele>4488.18</ele>
    </rtept>
    <rtept lat="28.006991" lon="87.133177">
      <ele>4484.21</ele>
    </rtept>
    <rtept lat="28.007005" lon="87.133066">
      <ele>4489.84</ele>
    </rtept>
    <rtept lat="28.007032" lon="87.13296">
      <ele>4492.2</ele>
    </rtept>
    <rtept lat="28.007089" lon="87.13287">
      <ele>4492.47</ele>
    </rtept>
    <rtept lat="28.007132" lon="87.132774">
      <ele>4490.82</ele>
    </rtept>
    <rtept lat="28.007125" lon="87.132663">
      <ele>4489.17</ele>
    </rtept>
    <rtept lat="28.007121" lon="87.132553">
      <ele>4489.86</ele>
    </rtept>
    <rtept lat="28.007169" lon="87.132465">
      <ele>4490.87</ele>
    </rtept>
    <rtept lat="28.00723" lon="87.132384">
      <ele>4496.64</ele>
    </rtept>
    <rtept lat="28.007313" lon="87.132402">
      <ele>4497.89</ele>
    </rtept>
    <rtept lat="28.007395" lon="87.132462">
      <ele>4501.76</ele>
    </rtept>
    <rtept lat="28.007466" lon="87.132412">
      <ele>4502.89</ele>
    </rtept>
    <rtept lat="28.007512" lon="87.132319">
      <ele>4498.67</ele>
    </rtept>
    <rtept lat="28.007518" lon="87.132205">
      <ele>4499.13</ele>
    </rtept>
    <rtept lat="28.007509" lon="87.132084">
      <ele>4502.71</ele>
    </rtept>
    <rtept lat="28.00747" lon="87.131974">
      <ele>4508.08</ele>
    </rtept>
    <rtept lat="28.007474" lon="87.131868">
      <ele>4512.65</ele>
    </rtept>
    <rtept lat="28.007511" lon="87.13176">
      <ele>4517.33</ele>
    </rtept>
    <rtept lat="28.007517" lon="87.131651">
      <ele>4514.64</ele>
    </rtept>
    <rtept lat="28.007539" lon="87.131548">
      <ele>4515.33</ele>
    </rtept>
    <rtept lat="28.007587" lon="87.13145">
      <ele>4513.48</ele>
    </rtept>
    <rtept lat="28.007648" lon="87.131366">
      <ele>4515.23</ele>
    </rtept>
    <rtept lat="28.007665" lon="87.131257">
      <ele>4512.05</ele>
    </rtept>
    <rtept lat="28.007669" lon="87.131211">
      <ele>4514.29</ele>
    </rtept>
    <rtept lat="28.007649" lon="87.131099">
      <ele>4513.92</ele>
    </rtept>
    <rtept lat="28.007672" lon="87.130996">
      <ele>4517.91</ele>
    </rtept>
    <rtept lat="28.007698" lon="87.13089">
      <ele>4518.82</ele>
    </rtept>
    <rtept lat="28.007716" lon="87.130784">
      <ele>4520.4</ele>
    </rtept>
    <rtept lat="28.007709" lon="87.130682">
      <ele>4523.11</ele>
    </rtept>
    <rtept lat="28.007694" lon="87.130581">
      <ele>4527.49</ele>
    </rtept>
    <rtept lat="28.007722" lon="87.130488">
      <ele>4526.67</ele>
    </rtept>
    <rtept lat="28.007721" lon="87.130386">
      <ele>4530.97</ele>
    </rtept>
    <rtept lat="28.007722" lon="87.130284">
      <ele>4532.33</ele>
    </rtept>
    <rtept lat="28.00772" lon="87.130181">
      <ele>4533.86</ele>
    </rtept>
    <rtept lat="28.007737" lon="87.130081">
      <ele>4538.16</ele>
    </rtept>
    <rtept lat="28.007728" lon="87.12998">
      <ele>4543.43</ele>
    </rtept>
    <rtept lat="28.007718" lon="87.129877">
      <ele>4545.51</ele>
    </rtept>
    <rtept lat="28.007708" lon="87.129773">
      <ele>4545.11</ele>
    </rtept>
    <rtept lat="28.007727" lon="87.129669">
      <ele>4546.58</ele>
    </rtept>
    <rtept lat="28.007661" lon="87.12963">
      <ele>4550.2</ele>
    </rtept>
    <rtept lat="28.007571" lon="87.129608">
      <ele>4556.68</ele>
    </rtept>
    <rtept lat="28.007478" lon="87.129579">
      <ele>4563.59</ele>
    </rtept>
    <rtept lat="28.007423" lon="87.129504">
      <ele>4565.82</ele>
    </rtept>
    <rtept lat="28.007353" lon="87.129432">
      <ele>4564.88</ele>
    </rtept>
    <rtept lat="28.007289" lon="87.12935">
      <ele>4566.02</ele>
    </rtept>
    <rtept lat="28.007247" lon="87.129252">
      <ele>4567.24</ele>
    </rtept>
    <rtept lat="28.007202" lon="87.129157">
      <ele>4567.51</ele>
    </rtept>
    <rtept lat="28.007147" lon="87.12907">
      <ele>4567.21</ele>
    </rtept>
    <rtept lat="28.007101" lon="87.128976">
      <ele>4570.21</ele>
    </rtept>
    <rtept lat="28.007049" lon="87.128884">
      <ele>4573.63</ele>
    </rtept>
    <rtept lat="28.006977" lon="87.128816">
      <ele>4580.47</ele>
    </rtept>
    <rtept lat="28.006906" lon="87.128749">
      <ele>4590.24</ele>
    </rtept>
    <rtept lat="28.006898" lon="87.128644">
      <ele>4597.39</ele>
    </rtept>
    <rtept lat="28.006862" lon="87.12855">
      <ele>4599.86</ele>
    </rtept>
    <rtept lat="28.006833" lon="87.128449">
      <ele>4601.74</ele>
    </rtept>
    <rtept lat="28.00678" lon="87.128364">
      <ele>4603.66</ele>
    </rtept>
    <rtept lat="28.00671" lon="87.128293">
      <ele>4611.24</ele>
    </rtept>
    <rtept lat="28.006667" lon="87.128203">
      <ele>4614.16</ele>
    </rtept>
    <rtept lat="28.006613" lon="87.128122">
      <ele>4614.64</ele>
    </rtept>
    <rtept lat="28.006538" lon="87.128063">
      <ele>4617.13</ele>
    </rtept>
    <rtept lat="28.006494" lon="87.127976">
      <ele>4618.72</ele>
    </rtept>
    <rtept lat="28.006457" lon="87.127877">
      <ele>4620.8</ele>
    </rtept>
    <rtept lat="28.006478" lon="87.127776">
      <ele>4626.77</ele>
    </rtept>
    <rtept lat="28.006392" lon="87.127736">
      <ele>4637.18</ele>
    </rtept>
    <rtept lat="28.006301" lon="87.127742">
      <ele>4642.22</ele>
    </rtept>
    <rtept lat="28.006208" lon="87.127717">
      <ele>4650.22</ele>
    </rtept>
    <rtept lat="28.006117" lon="87.12767">
      <ele>4653.26</ele>
    </rtept>
    <rtept lat="28.006047" lon="87.1276">
      <ele>4654.23</ele>
    </rtept>
    <rtept lat="28.005995" lon="87.127504">
      <ele>4653.18</ele>
    </rtept>
    <rtept lat="28.005895" lon="87.127471">
      <ele>4651.21</ele>
    </rtept>
    <rtept lat="28.005808" lon="87.127433">
      <ele>4650.16</ele>
    </rtept>
    <rtept lat="28.00572" lon="87.127404">
      <ele>4654.71</ele>
    </rtept>
    <rtept lat="28.005629" lon="87.127383">
      <ele>4656.1</ele>
    </rtept>
    <rtept lat="28.005499" lon="87.12716">
      <ele>4610.21</ele>
    </rtept>
    <rtept lat="28.005402" lon="87.12722">
      <ele>4650.32</ele>
    </rtept>
    <rtept lat="28.005321" lon="87.127278">
      <ele>4662.73</ele>
    </rtept>
    <rtept lat="28.005227" lon="87.127282">
      <ele>4664.98</ele>
    </rtept>
    <rtept lat="28.005188" lon="87.127203">
      <ele>4665.82</ele>
    </rtept>
    <rtept lat="28.005203" lon="87.127086">
      <ele>4664.07</ele>
    </rtept>
    <rtept lat="28.005262" lon="87.126986">
      <ele>4665.79</ele>
    </rtept>
    <rtept lat="28.005282" lon="87.126879">
      <ele>4666.2</ele>
    </rtept>
    <rtept lat="28.005267" lon="87.126771">
      <ele>4669.85</ele>
    </rtept>
    <rtept lat="28.005271" lon="87.126663">
      <ele>4669.91</ele>
    </rtept>
    <rtept lat="28.00523" lon="87.126571">
      <ele>4676.9</ele>
    </rtept>
    <rtept lat="28.005155" lon="87.126513">
      <ele>4682.37</ele>
    </rtept>
    <rtept lat="28.005044" lon="87.12649">
      <ele>4687.4</ele>
    </rtept>
    <rtept lat="28.004954" lon="87.126492">
      <ele>4694.29</ele>
    </rtept>
    <rtept lat="28.004861" lon="87.126475">
      <ele>4700.4</ele>
    </rtept>
    <rtept lat="28.004886" lon="87.126376">
      <ele>4700.86</ele>
    </rtept>
    <rtept lat="28.00492" lon="87.126274">
      <ele>4693.84</ele>
    </rtept>
    <rtept lat="28.004966" lon="87.126182">
      <ele>4694.0</ele>
    </rtept>
    <rtept lat="28.005015" lon="87.126082">
      <ele>4696.34</ele>
    </rtept>
    <rtept lat="28.005094" lon="87.126029">
      <ele>4699.35</ele>
    </rtept>
    <rtept lat="28.005071" lon="87.12595">
      <ele>4707.43</ele>
    </rtept>
    <rtept lat="28.004982" lon="87.125964">
      <ele>4707.98</ele>
    </rtept>
    <rtept lat="28.004891" lon="87.125953">
      <ele>4710.33</ele>
    </rtept>
    <rtept lat="28.004842" lon="87.125861">
      <ele>4710.75</ele>
    </rtept>
    <rtept lat="28.004755" lon="87.125704">
      <ele>4740.36</ele>
    </rtept>
    <rtept lat="28.004718" lon="87.125607">
      <ele>4721.06</ele>
    </rtept>
    <rtept lat="28.004707" lon="87.1255">
      <ele>4719.51</ele>
    </rtept>
    <rtept lat="28.004631" lon="87.125477">
      <ele>4724.42</ele>
    </rtept>
    <rtept lat="28.004553" lon="87.125429">
      <ele>4725.78</ele>
    </rtept>
    <rtept lat="28.004493" lon="87.125345">
      <ele>4728.37</ele>
    </rtept>
    <rtept lat="28.004409" lon="87.125307">
      <ele>4728.57</ele>
    </rtept>
    <rtept lat="28.004321" lon="87.12527">
      <ele>4728.82</ele>
    </rtept>
    <rtept lat="28.004256" lon="87.1252">
      <ele>4732.49</ele>
    </rtept>
    <rtept lat="28.004173" lon="87.12517">
      <ele>4740.15</ele>
    </rtept>
    <rtept lat="28.004078" lon="87.125164">
      <ele>4745.68</ele>
    </rtept>
    <rtept lat="28.003998" lon="87.125215">
      <ele>4749.47</ele>
    </rtept>
    <rtept lat="28.003875" lon="87.125134">
      <ele>4759.01</ele>
    </rtept>
    <rtept lat="28.003862" lon="87.125205">
      <ele>4757.06</ele>
    </rtept>
    <rtept lat="28.003792" lon="87.125138">
      <ele>4763.77</ele>
    </rtept>
    <rtept lat="28.003703" lon="87.125161">
      <ele>4766.69</ele>
    </rtept>
    <rtept lat="28.003695" lon="87.125056">
      <ele>4769.37</ele>
    </rtept>
    <rtept lat="28.003607" lon="87.125031">
      <ele>4773.93</ele>
    </rtept>
    <rtept lat="28.003617" lon="87.124926">
      <ele>4776.61</ele>
    </rtept>
    <rtept lat="28.003638" lon="87.124827">
      <ele>4777.81</ele>
    </rtept>
    <rtept lat="28.003583" lon="87.124738">
      <ele>4784.94</ele>
    </rtept>
    <rtept lat="28.003534" lon="87.124649">
      <ele>4796.97</ele>
    </rtept>
    <rtept lat="28.003578" lon="87.124547">
      <ele>4795.85</ele>
    </rtept>
    <rtept lat="28.003615" lon="87.124451">
      <ele>4799.08</ele>
    </rtept>
    <rtept lat="28.003578" lon="87.124354">
      <ele>4804.63</ele>
    </rtept>
    <rtept lat="28.003622" lon="87.124173">
      <ele>4753.76</ele>
    </rtept>
    <rtept lat="28.003598" lon="87.124157">
      <ele>4787.62</ele>
    </rtept>
    <rtept lat="28.003649" lon="87.124088">
      <ele>4811.54</ele>
    </rtept>
    <rtept lat="28.003759" lon="87.124072">
      <ele>4826.66</ele>
    </rtept>
    <rtept lat="28.003856" lon="87.124055">
      <ele>4826.23</ele>
    </rtept>
    <rtept lat="28.003945" lon="87.124026">
      <ele>4826.57</ele>
    </rtept>
    <rtept lat="28.003927" lon="87.123948">
      <ele>4835.55</ele>
    </rtept>
    <rtept lat="28.003845" lon="87.12389">
      <ele>4836.73</ele>
    </rtept>
    <rtept lat="28.003759" lon="87.123823">
      <ele>4838.01</ele>
    </rtept>
    <rtept lat="28.003741" lon="87.123722">
      <ele>4842.66</ele>
    </rtept>
    <rtept lat="28.003772" lon="87.12361">
      <ele>4839.96</ele>
    </rtept>
    <rtept lat="28.003799" lon="87.123561">
      <ele>4840.02</ele>
    </rtept>
    <rtept lat="28.003783" lon="87.123478">
      <ele>4846.95</ele>
    </rtept>
    <rtept lat="28.003728" lon="87.123391">
      <ele>4844.11</ele>
    </rtept>
    <rtept lat="28.003663" lon="87.123306">
      <ele>4847.92</ele>
    </rtept>
    <rtept lat="28.003636" lon="87.123206">
      <ele>4849.84</ele>
    </rtept>
    <rtept lat="28.003646" lon="87.123102">
      <ele>4856.78</ele>
    </rtept>
    <rtept lat="28.003643" lon="87.122993">
      <ele>4859.55</ele>
    </rtept>
    <rtept lat="28.003673" lon="87.122887">
      <ele>4867.88</ele>
    </rtept>
    <rtept lat="28.003724" lon="87.122783">
      <ele>4870.19</ele>
    </rtept>
    <rtept lat="28.003769" lon="87.12268">
      <ele>4871.13</ele>
    </rtept>
    <rtept lat="28.003809" lon="87.122577">
      <ele>4871.62</ele>
    </rtept>
    <rtept lat="28.003799" lon="87.122475">
      <ele>4873.9</ele>
    </rtept>
    <rtept lat="28.003753" lon="87.122386">
      <ele>4878.42</ele>
    </rtept>
    <rtept lat="28.003676" lon="87.122325">
      <ele>4884.39</ele>
    </rtept>
    <rtept lat="28.003631" lon="87.122234">
      <ele>4889.09</ele>
    </rtept>
    <rtept lat="28.003564" lon="87.122147">
      <ele>4889.69</ele>
    </rtept>
    <rtept lat="28.003505" lon="87.122059">
      <ele>4891.34</ele>
    </rtept>
    <rtept lat="28.003463" lon="87.121963">
      <ele>4892.32</ele>
    </rtept>
    <rtept lat="28.003382" lon="87.121907">
      <ele>4892.3</ele>
    </rtept>
    <rtept lat="28.003284" lon="87.121865">
      <ele>4892.43</ele>
    </rtept>
    <rtept lat="28.003177" lon="87.121844">
      <ele>4893.62</ele>
    </rtept>
    <rtept lat="28.003081" lon="87.121853">
      <ele>4896.46</ele>
    </rtept>
    <rtept lat="28.003009" lon="87.121922">
      <ele>4895.73</ele>
    </rtept>
    <rtept lat="28.002947" lon="87.122006">
      <ele>4895.07</ele>
    </rtept>
    <rtept lat="28.002858" lon="87.12202">
      <ele>4897.97</ele>
    </rtept>
    <rtept lat="28.002764" lon="87.121998">
      <ele>4897.59</ele>
    </rtept>
    <rtept lat="28.002668" lon="87.121946">
      <ele>4895.6</ele>
    </rtept>
    <rtept lat="28.002589" lon="87.121995">
      <ele>4892.54</ele>
    </rtept>
    <rtept lat="28.002583" lon="87.12209">
      <ele>4894.98</ele>
    </rtept>
    <rtept lat="28.002552" lon="87.122188">
      <ele>4897.57</ele>
    </rtept>
    <rtept lat="28.002525" lon="87.122285">
      <ele>4906.23</ele>
    </rtept>
    <rtept lat="28.002526" lon="87.122395">
      <ele>4906.81</ele>
    </rtept>
    <rtept lat="28.0025" lon="87.122496">
      <ele>4905.48</ele>
    </rtept>
    <rtept lat="28.002432" lon="87.122556">
      <ele>4907.09</ele>
    </rtept>
    <rtept lat="28.002365" lon="87.122639">
      <ele>4907.47</ele>
    </rtept>
    <rtept lat="28.002288" lon="87.122704">
      <ele>4908.37</ele>
    </rtept>
    <rtept lat="28.002206" lon="87.122766">
      <ele>4908.79</ele>
    </rtept>
    <rtept lat="28.002157" lon="87.122857">
      <ele>4911.49</ele>
    </rtept>
    <rtept lat="28.002163" lon="87.122958">
      <ele>4914.35</ele>
    </rtept>
    <rtept lat="28.002124" lon="87.123071">
      <ele>4923.79</ele>
    </rtept>
    <rtept lat="28.002046" lon="87.123147">
      <ele>4921.24</ele>
    </rtept>
    <rtept lat="28.001979" lon="87.123222">
      <ele>4921.41</ele>
    </rtept>
    <rtept lat="28.001943" lon="87.123325">
      <ele>4923.09</ele>
    </rtept>
    <rtept lat="28.001902" lon="87.123419">
      <ele>4923.46</ele>
    </rtept>
    <rtept lat="28.001833" lon="87.123344">
      <ele>4929.17</ele>
    </rtept>
    <rtept lat="28.00161" lon="87.12297">
      <ele>4938.95</ele>
    </rtept>
    <rtept lat="28.001676" lon="87.12304">
      <ele>4948.81</ele>
    </rtept>
    <rtept lat="28.001624" lon="87.123112">
      <ele>4937.11</ele>
    </rtept>
    <rtept lat="28.00159" lon="87.123214">
      <ele>4937.68</ele>
    </rtept>
    <rtept lat="28.001527" lon="87.123301">
      <ele>4937.23</ele>
    </rtept>
    <rtept lat="28.001443" lon="87.123293">
      <ele>4938.1</ele>
    </rtept>
    <rtept lat="28.001403" lon="87.123205">
      <ele>4939.51</ele>
    </rtept>
    <rtept lat="28.001348" lon="87.1231">
      <ele>4942.42</ele>
    </rtept>
    <rtept lat="28.00129" lon="87.123002">
      <ele>4948.94</ele>
    </rtept>
    <rtept lat="28.001209" lon="87.122931">
      <ele>4941.66</ele>
    </rtept>
    <rtept lat="28.001153" lon="87.122841">
      <ele>4935.62</ele>
    </rtept>
    <rtept lat="28.001092" lon="87.122762">
      <ele>4934.81</ele>
    </rtept>
    <rtept lat="27.996882" lon="87.121524">
      <ele>4837.58</ele>
    </rtept>
    <rtept lat="27.996807" lon="87.121453">
      <ele>4835.16</ele>
    </rtept>
    <rtept lat="27.996729" lon="87.121389">
      <ele>4833.4</ele>
    </rtept>
    <rtept lat="27.996639" lon="87.121348">
      <ele>4828.85</ele>
    </rtept>
    <rtept lat="27.996551" lon="87.12129">
      <ele>4827.38</ele>
    </rtept>
    <rtept lat="27.99648" lon="87.121222">
      <ele>4827.67</ele>
    </rtept>
    <rtept lat="27.996411" lon="87.121134">
      <ele>4827.84</ele>
    </rtept>
    <rtept lat="27.996357" lon="87.121044">
      <ele>4823.78</ele>
    </rtept>
    <rtept lat="27.996286" lon="87.120984">
      <ele>4822.09</ele>
    </rtept>
    <rtept lat="27.996205" lon="87.120929">
      <ele>4819.57</ele>
    </rtept>
    <rtept lat="27.996116" lon="87.12094">
      <ele>4818.95</ele>
    </rtept>
    <rtept lat="27.996022" lon="87.120958">
      <ele>4818.61</ele>
    </rtept>
    <rtept lat="27.995928" lon="87.12097">
      <ele>4819.17</ele>
    </rtept>
    <rtept lat="27.995823" lon="87.120969">
      <ele>4819.85</ele>
    </rtept>
    <rtept lat="27.995729" lon="87.120946">
      <ele>4820.35</ele>
    </rtept>
    <rtept lat="27.99565" lon="87.120923">
      <ele>4821.01</ele>
    </rtept>
    <rtept lat="27.99556" lon="87.120886">
      <ele>4823.38</ele>
    </rtept>
    <rtept lat="27.995471" lon="87.120861">
      <ele>4824.25</ele>
    </rtept>
    <rtept lat="27.995377" lon="87.120835">
      <ele>4822.81</ele>
    </rtept>
    <rtept lat="27.995174" lon="87.120725">
      <ele>4821.47</ele>
    </rtept>
    <rtept lat="27.995078" lon="87.120703">
      <ele>4824.45</ele>
    </rtept>
    <rtept lat="27.994995" lon="87.120653">
      <ele>4823.68</ele>
    </rtept>
    <rtept lat="27.994917" lon="87.120587">
      <ele>4822.88</ele>
    </rtept>
    <rtept lat="27.994839" lon="87.120526">
      <ele>4821.15</ele>
    </rtept>
    <rtept lat="27.994752" lon="87.120477">
      <ele>4818.85</ele>
    </rtept>
    <rtept lat="27.994663" lon="87.120421">
      <ele>4817.58</ele>
    </rtept>
    <rtept lat="27.99458" lon="87.120367">
      <ele>4815.72</ele>
    </rtept>
    <rtept lat="27.994517" lon="87.120292">
      <ele>4812.98</ele>
    </rtept>
    <rtept lat="27.99447" lon="87.120189">
      <ele>4814.54</ele>
    </rtept>
    <rtept lat="27.994411" lon="87.120096">
      <ele>4812.49</ele>
    </rtept>
    <rtept lat="27.99433" lon="87.120026">
      <ele>4811.42</ele>
    </rtept>
    <rtept lat="27.994256" lon="87.119955">
      <ele>4811.43</ele>
    </rtept>
    <rtept lat="27.994182" lon="87.119889">
      <ele>4810.06</ele>
    </rtept>
    <rtept lat="27.99409" lon="87.119832">
      <ele>4810.18</ele>
    </rtept>
    <rtept lat="27.993996" lon="87.11982">
      <ele>4810.63</ele>
    </rtept>
    <rtept lat="27.993888" lon="87.119821">
      <ele>4809.24</ele>
    </rtept>
    <rtept lat="27.993782" lon="87.119829">
      <ele>4808.57</ele>
    </rtept>
    <rtept lat="27.993685" lon="87.119821">
      <ele>4809.52</ele>
    </rtept>
    <rtept lat="27.993586" lon="87.119792">
      <ele>4811.29</ele>
    </rtept>
    <rtept lat="27.993497" lon="87.119752">
      <ele>4811.85</ele>
    </rtept>
    <rtept lat="27.993407" lon="87.119725">
      <ele>4811.01</ele>
    </rtept>
    <rtept lat="27.993359" lon="87.119713">
      <ele>4810.57</ele>
    </rtept>
    <rtept lat="27.993281" lon="87.119677">
      <ele>4811.42</ele>
    </rtept>
    <rtept lat="27.993187" lon="87.119634">
      <ele>4812.28</ele>
    </rtept>
    <rtept lat="27.993087" lon="87.119608">
      <ele>4811.04</ele>
    </rtept>
    <rtept lat="27.99298" lon="87.119583">
      <ele>4811.49</ele>
    </rtept>
    <rtept lat="27.992882" lon="87.119546">
      <ele>4810.91</ele>
    </rtept>
    <rtept lat="27.992796" lon="87.119499">
      <ele>4810.06</ele>
    </rtept>
    <rtept lat="27.9927" lon="87.11947">
      <ele>4810.06</ele>
    </rtept>
    <rtept lat="27.992609" lon="87.11945">
      <ele>4809.54</ele>
    </rtept>
    <rtept lat="27.992526" lon="87.1194">
      <ele>4808.93</ele>
    </rtept>
    <rtept lat="27.992436" lon="87.119338">
      <ele>4807.96</ele>
    </rtept>
    <rtept lat="27.99234" lon="87.11927">
      <ele>4807.21</ele>
    </rtept>
    <rtept lat="27.992262" lon="87.119205">
      <ele>4805.05</ele>
    </rtept>
    <rtept lat="27.992175" lon="87.119144">
      <ele>4804.08</ele>
    </rtept>
    <rtept lat="27.992101" lon="87.119075">
      <ele>4802.31</ele>
    </rtept>
    <rtept lat="27.992045" lon="87.118995">
      <ele>4802.11</ele>
    </rtept>
    <rtept lat="27.99202" lon="87.118929">
      <ele>4802.09</ele>
    </rtept>
    <rtept lat="27.992012" lon="87.118832">
      <ele>4800.24</ele>
    </rtept>
    <rtept lat="27.991958" lon="87.118737">
      <ele>4797.53</ele>
    </rtept>
    <rtept lat="27.991884" lon="87.118659">
      <ele>4795.16</ele>
    </rtept>
    <rtept lat="27.991807" lon="87.11859">
      <ele>4792.32</ele>
    </rtept>
    <rtept lat="27.991751" lon="87.118501">
      <ele>4788.65</ele>
    </rtept>
    <rtept lat="27.991671" lon="87.118452">
      <ele>4784.12</ele>
    </rtept>
    <rtept lat="27.991589" lon="87.118399">
      <ele>4781.12</ele>
    </rtept>
    <rtept lat="27.991525" lon="87.118325">
      <ele>4780.57</ele>
    </rtept>
    <rtept lat="27.991478" lon="87.118281">
      <ele>4778.87</ele>
    </rtept>
    <rtept lat="27.991464" lon="87.118187">
      <ele>4777.4</ele>
    </rtept>
    <rtept lat="27.991456" lon="87.118079">
      <ele>4774.83</ele>
    </rtept>
    <rtept lat="27.99142" lon="87.117972">
      <ele>4770.3</ele>
    </rtept>
    <rtept lat="27.99141" lon="87.117932">
      <ele>4769.92</ele>
    </rtept>
    <rtept lat="27.991363" lon="87.117871">
      <ele>4763.97</ele>
    </rtept>
    <rtept lat="27.991322" lon="87.117836">
      <ele>4766.99</ele>
    </rtept>
    <rtept lat="27.991296" lon="87.117722">
      <ele>4760.85</ele>
    </rtept>
    <rtept lat="27.991261" lon="87.117625">
      <ele>4751.24</ele>
    </rtept>
    <rtept lat="27.991278" lon="87.117524">
      <ele>4748.2</ele>
    </rtept>
    <rtept lat="27.991278" lon="87.117416">
      <ele>4742.35</ele>
    </rtept>
    <rtept lat="27.991267" lon="87.117301">
      <ele>4739.82</ele>
    </rtept>
    <rtept lat="27.991247" lon="87.117187">
      <ele>4735.47</ele>
    </rtept>
    <rtept lat="27.991263" lon="87.117084">
      <ele>4734.23</ele>
    </rtept>
    <rtept lat="27.991249" lon="87.116976">
      <ele>4733.82</ele>
    </rtept>
    <rtept lat="27.99129" lon="87.116888">
      <ele>4725.62</ele>
    </rtept>
    <rtept lat="27.991269" lon="87.116799">
      <ele>4717.12</ele>
    </rtept>
    <rtept lat="27.991293" lon="87.116711">
      <ele>4713.12</ele>
    </rtept>
    <rtept lat="27.991334" lon="87.116616">
      <ele>4704.62</ele>
    </rtept>
    <rtept lat="27.991331" lon="87.11651">
      <ele>4700.77</ele>
    </rtept>
    <rtept lat="27.991331" lon="87.116406">
      <ele>4693.13</ele>
    </rtept>
    <rtept lat="27.991353" lon="87.116306">
      <ele>4690.61</ele>
    </rtept>
    <rtept lat="27.991398" lon="87.116212">
      <ele>4687.37</ele>
    </rtept>
    <rtept lat="27.991367" lon="87.116127">
      <ele>4684.3</ele>
    </rtept>
    <rtept lat="27.991355" lon="87.116026">
      <ele>4680.56</ele>
    </rtept>
    <rtept lat="27.9913" lon="87.11594">
      <ele>4675.71</ele>
    </rtept>
    <rtept lat="27.991227" lon="87.115863">
      <ele>4672.97</ele>
    </rtept>
    <rtept lat="27.991198" lon="87.115754">
      <ele>4669.68</ele>
    </rtept>
    <rtept lat="27.990453" lon="87.115097">
      <ele>4655.74</ele>
    </rtept>
    <rtept lat="27.990421" lon="87.114964">
      <ele>4665.54</ele>
    </rtept>
    <rtept lat="27.990367" lon="87.114844">
      <ele>4663.84</ele>
    </rtept>
    <rtept lat="27.990299" lon="87.114748">
      <ele>4660.06</ele>
    </rtept>
    <rtept lat="27.990217" lon="87.114697">
      <ele>4658.13</ele>
    </rtept>
    <rtept lat="27.990132" lon="87.114647">
      <ele>4655.91</ele>
    </rtept>
    <rtept lat="27.990044" lon="87.114603">
      <ele>4655.18</ele>
    </rtept>
    <rtept lat="27.989953" lon="87.114567">
      <ele>4654.49</ele>
    </rtept>
    <rtept lat="27.989915" lon="87.114499">
      <ele>4655.76</ele>
    </rtept>
    <rtept lat="27.989894" lon="87.114392">
      <ele>4643.86</ele>
    </rtept>
    <rtept lat="27.989859" lon="87.114298">
      <ele>4642.77</ele>
    </rtept>
    <rtept lat="27.989838" lon="87.114187">
      <ele>4639.34</ele>
    </rtept>
    <rtept lat="27.989773" lon="87.114111">
      <ele>4638.53</ele>
    </rtept>
    <rtept lat="27.989496" lon="87.11387">
      <ele>4670.0</ele>
    </rtept>
    <rtept lat="27.989481" lon="87.113733">
      <ele>4662.0</ele>
    </rtept>
    <rtept lat="27.98949" lon="87.113617">
      <ele>4662.0</ele>
    </rtept>
    <rtept lat="27.989494" lon="87.113502">
      <ele>4662.0</ele>
    </rtept>
    <rtept lat="27.989488" lon="87.113381">
      <ele>4655.0</ele>
    </rtept>
    <rtept lat="27.989464" lon="87.113266">
      <ele>4655.0</ele>
    </rtept>
    <rtept lat="27.989407" lon="87.113171">
      <ele>4653.0</ele>
    </rtept>
    <rtept lat="27.989316" lon="87.113161">
      <ele>4653.0</ele>
    </rtept>
    <rtept lat="27.989351" lon="87.113145">
      <ele>4653.0</ele>
    </rtept>
    <rtept lat="27.989404" lon="87.113124">
      <ele>4653.0</ele>
    </rtept>
    <rtept lat="27.989518" lon="87.113155">
      <ele>4653.0</ele>
    </rtept>
    <rtept lat="27.98958" lon="87.113239">
      <ele>4655.0</ele>
    </rtept>
    <rtept lat="27.989509" lon="87.11323">
      <ele>4655.0</ele>
    </rtept>
    <rtept lat="27.989438" lon="87.11316">
      <ele>4653.0</ele>
    </rtept>
    <rtept lat="27.989438" lon="87.11316">
      <ele>4653.0</ele>
    </rtept>
    <rtept lat="27.989507" lon="87.113197">
      <ele>4655.0</ele>
    </rtept>
    <rtept lat="27.989507" lon="87.113197">
      <ele>4655.0</ele>
    </rtept>
    <rtept lat="27.989531" lon="87.113198">
      <ele>4655.0</ele>
    </rtept>
    <rtept lat="27.989531" lon="87.113198">
      <ele>4655.0</ele>
    </rtept>
    <rtept lat="27.989598" lon="87.113114">
      <ele>4656.0</ele>
    </rtept>
    <rtept lat="27.989598" lon="87.113114">
      <ele>4656.0</ele>
    </rtept>
    <rtept lat="27.989604" lon="87.11311">
      <ele>4656.0</ele>
    </rtept>
    <rtept lat="27.989524" lon="87.113103">
      <ele>4653.0</ele>
    </rtept>
    <rtept lat="27.989435" lon="87.113131">
      <ele>4653.0</ele>
    </rtept>
    <rtept lat="27.989435" lon="87.113131">
      <ele>4653.0</ele>
    </rtept>
    <rtept lat="27.989435" lon="87.113131">
      <ele>4653.0</ele>
    </rtept>
    <rtept lat="27.989435" lon="87.113131">
      <ele>4653.0</ele>
    </rtept>
    <rtept lat="27.989435" lon="87.113131">
      <ele>4653.0</ele>
    </rtept>
    <rtept lat="27.989435" lon="87.113131">
      <ele>4653.0</ele>
    </rtept>
    <rtept lat="27.989435" lon="87.113131">
      <ele>4653.0</ele>
    </rtept>
    <rtept lat="27.989435" lon="87.113131">
      <ele>4653.0</ele>
    </rtept>
    <rtept lat="27.989435" lon="87.113131">
      <ele>4653.0</ele>
    </rtept>
    <rtept lat="27.989435" lon="87.113131">
      <ele>4653.0</ele>
    </rtept>
    <rtept lat="27.989435" lon="87.113131">
      <ele>4653.0</ele>
    </rtept>
    <rtept lat="27.989435" lon="87.113131">
      <ele>4653.0</ele>
    </rtept>
    <rtept lat="27.989435" lon="87.113131">
      <ele>4653.0</ele>
    </rtept>
    <rtept lat="27.989435" lon="87.113131">
      <ele>4653.0</ele>
    </rtept>
    <rtept lat="27.989435" lon="87.113131">
      <ele>4653.0</ele>
    </rtept>
    <rtept lat="27.989435" lon="87.113131">
      <ele>4653.0</ele>
    </rtept>
    <rtept lat="27.989435" lon="87.113131">
      <ele>4653.0</ele>
    </rtept>
    <rtept lat="27.989435" lon="87.113131">
      <ele>4653.0</ele>
    </rtept>
    <rtept lat="27.989435" lon="87.113131">
      <ele>4653.0</ele>
    </rtept>
    <rtept lat="27.989435" lon="87.113131">
      <ele>4653.0</ele>
    </rtept>
    <rtept lat="27.989435" lon="87.113131">
      <ele>4653.0</ele>
    </rtept>
    <rtept lat="27.989435" lon="87.113131">
      <ele>4653.0</ele>
    </rtept>
    <rtept lat="27.989435" lon="87.113131">
      <ele>4653.0</ele>
    </rtept>
    <rtept lat="27.989435" lon="87.113131">
      <ele>4653.0</ele>
    </rtept>
    <rtept lat="27.989435" lon="87.113131">
      <ele>4653.0</ele>
    </rtept>
    <rtept lat="27.989435" lon="87.113131">
      <ele>4653.0</ele>
    </rtept>
    <rtept lat="27.989435" lon="87.113131">
      <ele>4653.0</ele>
    </rtept>
    <rtept lat="27.989435" lon="87.113131">
      <ele>4653.0</ele>
    </rtept>
    <rtept lat="27.989435" lon="87.113131">
      <ele>4653.0</ele>
    </rtept>
    <rtept lat="27.989435" lon="87.113131">
      <ele>4653.0</ele>
    </rtept>
    <rtept lat="27.989323" lon="87.113142">
      <ele>4653.0</ele>
    </rtept>
    <rtept lat="27.989323" lon="87.113142">
      <ele>4653.0</ele>
    </rtept>
    <rtept lat="27.989323" lon="87.113142">
      <ele>4653.0</ele>
    </rtept>
    <rtept lat="27.989323" lon="87.113142">
      <ele>4653.0</ele>
    </rtept>
    <rtept lat="27.989323" lon="87.113142">
      <ele>4653.0</ele>
    </rtept>
    <rtept lat="27.989422" lon="87.113167">
      <ele>4653.0</ele>
    </rtept>
    <rtept lat="27.989422" lon="87.113167">
      <ele>4653.0</ele>
    </rtept>
    <rtept lat="27.989512" lon="87.113156">
      <ele>4653.0</ele>
    </rtept>
    <rtept lat="27.989589" lon="87.11309">
      <ele>4656.0</ele>
    </rtept>
    <rtept lat="27.989643" lon="87.113112">
      <ele>4656.0</ele>
    </rtept>
    <rtept lat="27.98958" lon="87.113134">
      <ele>4653.0</ele>
    </rtept>
    <rtept lat="27.989474" lon="87.113163">
      <ele>4653.0</ele>
    </rtept>
    <rtept lat="27.989474" lon="87.113163">
      <ele>4653.0</ele>
    </rtept>
    <rtept lat="27.989474" lon="87.113163">
      <ele>4653.0</ele>
    </rtept>
    <rtept lat="27.989474" lon="87.113163">
      <ele>4653.0</ele>
    </rtept>
    <rtept lat="27.989474" lon="87.113163">
      <ele>4653.0</ele>
    </rtept>
    <rtept lat="27.989474" lon="87.113163">
      <ele>4653.0</ele>
    </rtept>
    <rtept lat="27.989474" lon="87.113163">
      <ele>4653.0</ele>
    </rtept>
    <rtept lat="27.989474" lon="87.113163">
      <ele>4653.0</ele>
    </rtept>
    <rtept lat="27.989474" lon="87.113163">
      <ele>4653.0</ele>
    </rtept>
    <rtept lat="27.989474" lon="87.113163">
      <ele>4653.0</ele>
    </rtept>
    <rtept lat="27.989474" lon="87.113163">
      <ele>4653.0</ele>
    </rtept>
    <rtept lat="27.989474" lon="87.113163">
      <ele>4653.0</ele>
    </rtept>
    <rtept lat="27.989474" lon="87.113163">
      <ele>4653.0</ele>
    </rtept>
    <rtept lat="27.989474" lon="87.113163">
      <ele>4653.0</ele>
    </rtept>
    <rtept lat="27.989474" lon="87.113163">
      <ele>4653.0</ele>
    </rtept>
    <rtept lat="27.989474" lon="87.113163">
      <ele>4653.0</ele>
    </rtept>
    <rtept lat="27.989474" lon="87.113163">
      <ele>4653.0</ele>
    </rtept>
    <rtept lat="27.989474" lon="87.113163">
      <ele>4653.0</ele>
    </rtept>
    <rtept lat="27.989474" lon="87.113163">
      <ele>4653.0</ele>
    </rtept>
    <rtept lat="27.989474" lon="87.113163">
      <ele>4653.0</ele>
    </rtept>
    <rtept lat="27.989474" lon="87.113163">
      <ele>4653.0</ele>
    </rtept>
    <rtept lat="27.989474" lon="87.113163">
      <ele>4653.0</ele>
    </rtept>
    <rtept lat="27.989474" lon="87.113163">
      <ele>4653.0</ele>
    </rtept>
    <rtept lat="27.989474" lon="87.113163">
      <ele>4653.0</ele>
    </rtept>
    <rtept lat="27.989474" lon="87.113163">
      <ele>4653.0</ele>
    </rtept>
    <rtept lat="27.989474" lon="87.113163">
      <ele>4653.0</ele>
    </rtept>
    <rtept lat="27.989474" lon="87.113163">
      <ele>4653.0</ele>
    </rtept>
    <rtept lat="27.989474" lon="87.113163">
      <ele>4653.0</ele>
    </rtept>
    <rtept lat="27.98944" lon="87.113107">
      <ele>4653.0</ele>
    </rtept>
    <rtept lat="27.98944" lon="87.113107">
      <ele>4653.0</ele>
    </rtept>
    <rtept lat="27.989527" lon="87.113138">
      <ele>4653.0</ele>
    </rtept>
    <rtept lat="27.989612" lon="87.113103">
      <ele>4656.0</ele>
    </rtept>
    <rtept lat="27.98952" lon="87.113094">
      <ele>4653.0</ele>
    </rtept>
    <rtept lat="27.989422" lon="87.113108">
      <ele>4653.0</ele>
    </rtept>
    <rtept lat="27.989422" lon="87.113108">
      <ele>4653.0</ele>
    </rtept>
    <rtept lat="27.989422" lon="87.113108">
      <ele>4653.0</ele>
    </rtept>
    <rtept lat="27.989422" lon="87.113108">
      <ele>4653.0</ele>
    </rtept>
    <rtept lat="27.989422" lon="87.113108">
      <ele>4653.0</ele>
    </rtept>
    <rtept lat="27.989422" lon="87.113108">
      <ele>4653.0</ele>
    </rtept>
    <rtept lat="27.989422" lon="87.113108">
      <ele>4653.0</ele>
    </rtept>
    <rtept lat="27.989422" lon="87.113108">
      <ele>4653.0</ele>
    </rtept>
    <rtept lat="27.989422" lon="87.113108">
      <ele>4653.0</ele>
    </rtept>
    <rtept lat="27.989422" lon="87.113108">
      <ele>4653.0</ele>
    </rtept>
    <rtept lat="27.989422" lon="87.113108">
      <ele>4653.0</ele>
    </rtept>
    <rtept lat="27.989422" lon="87.113108">
      <ele>4653.0</ele>
    </rtept>
    <rtept lat="27.989422" lon="87.113108">
      <ele>4653.0</ele>
    </rtept>
    <rtept lat="27.989422" lon="87.113108">
      <ele>4653.0</ele>
    </rtept>
    <rtept lat="27.989422" lon="87.113108">
      <ele>4653.0</ele>
    </rtept>
    <rtept lat="27.989422" lon="87.113108">
      <ele>4653.0</ele>
    </rtept>
    <rtept lat="27.989422" lon="87.113108">
      <ele>4653.0</ele>
    </rtept>
    <rtept lat="27.989422" lon="87.113108">
      <ele>4653.0</ele>
    </rtept>
    <rtept lat="27.989515" lon="87.113135">
      <ele>4653.0</ele>
    </rtept>
    <rtept lat="27.989515" lon="87.113135">
      <ele>4653.0</ele>
    </rtept>
    <rtept lat="27.989603" lon="87.1131">
      <ele>4656.0</ele>
    </rtept>
    <rtept lat="27.989603" lon="87.1131">
      <ele>4656.0</ele>
    </rtept>
    <rtept lat="27.989603" lon="87.1131">
      <ele>4656.0</ele>
    </rtept>
    <rtept lat="27.989603" lon="87.1131">
      <ele>4656.0</ele>
    </rtept>
    <rtept lat="27.989603" lon="87.1131">
      <ele>4656.0</ele>
    </rtept>
    <rtept lat="27.989603" lon="87.1131">
      <ele>4656.0</ele>
    </rtept>
    <rtept lat="27.989511" lon="87.113092">
      <ele>4653.0</ele>
    </rtept>
    <rtept lat="27.989511" lon="87.113092">
      <ele>4653.0</ele>
    </rtept>
    <rtept lat="27.989412" lon="87.113083">
      <ele>4653.0</ele>
    </rtept>
    <rtept lat="27.989369" lon="87.113067">
      <ele>4653.0</ele>
    </rtept>
    <rtept lat="27.989369" lon="87.113067">
      <ele>4653.0</ele>
    </rtept>
    <rtept lat="27.989369" lon="87.113067">
      <ele>4653.0</ele>
    </rtept>
    <rtept lat="27.989369" lon="87.113067">
      <ele>4653.0</ele>
    </rtept>
    <rtept lat="27.989369" lon="87.113067">
      <ele>4653.0</ele>
    </rtept>
    <rtept lat="27.989369" lon="87.113067">
      <ele>4653.0</ele>
    </rtept>
    <rtept lat="27.989462" lon="87.113135">
      <ele>4653.0</ele>
    </rtept>
    <rtept lat="27.989462" lon="87.113135">
      <ele>4653.0</ele>
    </rtept>
    <rtept lat="27.989559" lon="87.113106">
      <ele>4653.0</ele>
    </rtept>
    <rtept lat="27.989559" lon="87.113106">
      <ele>4653.0</ele>
    </rtept>
    <rtept lat="27.989559" lon="87.113106">
      <ele>4653.0</ele>
    </rtept>
    <rtept lat="27.989559" lon="87.113106">
      <ele>4653.0</ele>
    </rtept>
    <rtept lat="27.989559" lon="87.113106">
      <ele>4653.0</ele>
    </rtept>
    <rtept lat="27.989559" lon="87.113106">
      <ele>4653.0</ele>
    </rtept>
    <rtept lat="27.989637" lon="87.113023">
      <ele>4656.0</ele>
    </rtept>
    <rtept lat="27.989637" lon="87.113023">
      <ele>4656.0</ele>
    </rtept>
    <rtept lat="27.989645" lon="87.113017">
      <ele>4656.0</ele>
    </rtept>
    <rtept lat="27.989696" lon="87.112944">
      <ele>4656.0</ele>
    </rtept>
    <rtept lat="27.989797" lon="87.112967">
      <ele>4656.0</ele>
    </rtept>
    <rtept lat="27.989881" lon="87.112931">
      <ele>4658.0</ele>
    </rtept>
    <rtept lat="27.989965" lon="87.112837">
      <ele>4658.0</ele>
    </rtept>
    <rtept lat="27.990008" lon="87.112719">
      <ele>4658.0</ele>
    </rtept>
    <rtept lat="27.990027" lon="87.1126">
      <ele>4661.0</ele>
    </rtept>
    <rtept lat="27.990013" lon="87.11249">
      <ele>4661.0</ele>
    </rtept>
    <rtept lat="27.990071" lon="87.112427">
      <ele>4661.0</ele>
    </rtept>
    <rtept lat="27.990127" lon="87.112347">
      <ele>4657.0</ele>
    </rtept>
    <rtept lat="27.990055" lon="87.112403">
      <ele>4661.0</ele>
    </rtept>
    <rtept lat="27.990057" lon="87.112513">
      <ele>4661.0</ele>
    </rtept>
    <rtept lat="27.990012" lon="87.11262">
      <ele>4661.0</ele>
    </rtept>
    <rtept lat="27.989959" lon="87.112713">
      <ele>4658.0</ele>
    </rtept>
    <rtept lat="27.989882" lon="87.11281">
      <ele>4658.0</ele>
    </rtept>
    <rtept lat="27.989797" lon="87.11278">
      <ele>4653.0</ele>
    </rtept>
    <rtept lat="27.989742" lon="87.112683">
      <ele>4653.0</ele>
    </rtept>
    <rtept lat="27.989737" lon="87.112558">
      <ele>4653.0</ele>
    </rtept>
    <rtept lat="27.989768" lon="87.112442">
      <ele>4653.0</ele>
    </rtept>
    <rtept lat="27.989795" lon="87.112322">
      <ele>4654.0</ele>
    </rtept>
    <rtept lat="27.989824" lon="87.112201">
      <ele>4654.0</ele>
    </rtept>
    <rtept lat="27.989843" lon="87.112087">
      <ele>4654.0</ele>
    </rtept>
    <rtept lat="27.989851" lon="87.111973">
      <ele>4660.0</ele>
    </rtept>
    <rtept lat="27.989863" lon="87.111853">
      <ele>4660.0</ele>
    </rtept>
    <rtept lat="27.989883" lon="87.111737">
      <ele>4666.0</ele>
    </rtept>
    <rtept lat="27.989907" lon="87.111628">
      <ele>4666.0</ele>
    </rtept>
    <rtept lat="27.989935" lon="87.111516">
      <ele>4674.0</ele>
    </rtept>
    <rtept lat="27.989956" lon="87.111403">
      <ele>4674.0</ele>
    </rtept>
    <rtept lat="27.989981" lon="87.111295">
      <ele>4674.0</ele>
    </rtept>
    <rtept lat="27.990023" lon="87.111201">
      <ele>4680.0</ele>
    </rtept>
    <rtept lat="27.990058" lon="87.111101">
      <ele>4680.0</ele>
    </rtept>
    <rtept lat="27.990093" lon="87.111004">
      <ele>4680.0</ele>
    </rtept>
    <rtept lat="27.9901" lon="87.110893">
      <ele>4681.0</ele>
    </rtept>
    <rtept lat="27.990085" lon="87.110785">
      <ele>4681.0</ele>
    </rtept>
    <rtept lat="27.99008" lon="87.110678">
      <ele>4685.0</ele>
    </rtept>
    <rtept lat="27.990075" lon="87.110631">
      <ele>4685.0</ele>
    </rtept>
    <rtept lat="27.990096" lon="87.110542">
      <ele>4685.0</ele>
    </rtept>
    <rtept lat="27.990139" lon="87.110448">
      <ele>4690.0</ele>
    </rtept>
    <rtept lat="27.990173" lon="87.110348">
      <ele>4695.0</ele>
    </rtept>
    <rtept lat="27.99021" lon="87.110247">
      <ele>4695.0</ele>
    </rtept>
    <rtept lat="27.990227" lon="87.110142">
      <ele>4695.0</ele>
    </rtept>
    <rtept lat="27.990216" lon="87.110039">
      <ele>4706.0</ele>
    </rtept>
    <rtept lat="27.99021" lon="87.110017">
      <ele>4706.0</ele>
    </rtept>
    <rtept lat="27.990217" lon="87.10994">
      <ele>4706.0</ele>
    </rtept>
    <rtept lat="27.990201" lon="87.10984">
      <ele>4715.0</ele>
    </rtept>
    <rtept lat="27.990192" lon="87.109731">
      <ele>4715.0</ele>
    </rtept>
    <rtept lat="27.990197" lon="87.109619">
      <ele>4715.0</ele>
    </rtept>
    <rtept lat="27.990175" lon="87.109509">
      <ele>4719.0</ele>
    </rtept>
    <rtept lat="27.990149" lon="87.109404">
      <ele>4719.0</ele>
    </rtept>
    <rtept lat="27.990086" lon="87.109329">
      <ele>4718.0</ele>
    </rtept>
    <rtept lat="27.990005" lon="87.109256">
      <ele>4722.0</ele>
    </rtept>
    <rtept lat="27.989933" lon="87.109179">
      <ele>4722.0</ele>
    </rtept>
    <rtept lat="27.989882" lon="87.109082">
      <ele>4722.0</ele>
    </rtept>
    <rtept lat="27.989852" lon="87.108977">
      <ele>4729.0</ele>
    </rtept>
    <rtept lat="27.989827" lon="87.108871">
      <ele>4729.0</ele>
    </rtept>
    <rtept lat="27.9898" lon="87.10876">
      <ele>4729.0</ele>
    </rtept>
    <rtept lat="27.989784" lon="87.108647">
      <ele>4730.0</ele>
    </rtept>
    <rtept lat="27.989765" lon="87.108536">
      <ele>4730.0</ele>
    </rtept>
    <rtept lat="27.989752" lon="87.108431">
      <ele>4733.0</ele>
    </rtept>
    <rtept lat="27.98973" lon="87.108323">
      <ele>4733.0</ele>
    </rtept>
    <rtept lat="27.989689" lon="87.108228">
      <ele>4733.0</ele>
    </rtept>
    <rtept lat="27.989637" lon="87.108136">
      <ele>4736.0</ele>
    </rtept>
    <rtept lat="27.989637" lon="87.108136">
      <ele>4736.0</ele>
    </rtept>
    <rtept lat="27.989577" lon="87.108035">
      <ele>4733.0</ele>
    </rtept>
    <rtept lat="27.989577" lon="87.108035">
      <ele>4733.0</ele>
    </rtept>
    <rtept lat="27.989528" lon="87.107939">
      <ele>4733.0</ele>
    </rtept>
    <rtept lat="27.989498" lon="87.107833">
      <ele>4740.0</ele>
    </rtept>
    <rtept lat="27.989456" lon="87.107735">
      <ele>4740.0</ele>
    </rtept>
    <rtept lat="27.989415" lon="87.107631">
      <ele>4750.0</ele>
    </rtept>
    <rtept lat="27.989364" lon="87.107534">
      <ele>4750.0</ele>
    </rtept>
    <rtept lat="27.989311" lon="87.107442">
      <ele>4750.0</ele>
    </rtept>
    <rtept lat="27.98927" lon="87.107345">
      <ele>4753.0</ele>
    </rtept>
    <rtept lat="27.989236" lon="87.107246">
      <ele>4753.0</ele>
    </rtept>
    <rtept lat="27.989197" lon="87.10714">
      <ele>4753.0</ele>
    </rtept>
    <rtept lat="27.989178" lon="87.107028">
      <ele>4760.0</ele>
    </rtept>
    <rtept lat="27.989162" lon="87.106918">
      <ele>4760.0</ele>
    </rtept>
    <rtept lat="27.989148" lon="87.106811">
      <ele>4760.0</ele>
    </rtept>
    <rtept lat="27.989113" lon="87.106716">
      <ele>4766.0</ele>
    </rtept>
    <rtept lat="27.989076" lon="87.106615">
      <ele>4766.0</ele>
    </rtept>
    <rtept lat="27.989047" lon="87.106516">
      <ele>4770.0</ele>
    </rtept>
    <rtept lat="27.98903" lon="87.106409">
      <ele>4770.0</ele>
    </rtept>
    <rtept lat="27.989007" lon="87.106305">
      <ele>4765.0</ele>
    </rtept>
    <rtept lat="27.988995" lon="87.106203">
      <ele>4768.0</ele>
    </rtept>
    <rtept lat="27.988975" lon="87.106098">
      <ele>4768.0</ele>
    </rtept>
    <rtept lat="27.988955" lon="87.105984">
      <ele>4768.0</ele>
    </rtept>
    <rtept lat="27.988948" lon="87.10587">
      <ele>4769.0</ele>
    </rtept>
    <rtept lat="27.988931" lon="87.105756">
      <ele>4769.0</ele>
    </rtept>
    <rtept lat="27.988918" lon="87.105645">
      <ele>4777.0</ele>
    </rtept>
    <rtept lat="27.988896" lon="87.105541">
      <ele>4777.0</ele>
    </rtept>
    <rtept lat="27.988876" lon="87.105427">
      <ele>4777.0</ele>
    </rtept>
    <rtept lat="27.988858" lon="87.105317">
      <ele>4781.0</ele>
    </rtept>
    <rtept lat="27.988835" lon="87.105205">
      <ele>4781.0</ele>
    </rtept>
    <rtept lat="27.988794" lon="87.105103">
      <ele>4785.0</ele>
    </rtept>
    <rtept lat="27.988775" lon="87.104999">
      <ele>4785.0</ele>
    </rtept>
    <rtept lat="27.988777" lon="87.104894">
      <ele>4785.0</ele>
    </rtept>
    <rtept lat="27.988765" lon="87.104785">
      <ele>4781.0</ele>
    </rtept>
    <rtept lat="27.988733" lon="87.104681">
      <ele>4784.0</ele>
    </rtept>
    <rtept lat="27.988702" lon="87.104582">
      <ele>4787.0</ele>
    </rtept>
    <rtept lat="27.988674" lon="87.104481">
      <ele>4787.0</ele>
    </rtept>
    <rtept lat="27.98863" lon="87.10438">
      <ele>4787.0</ele>
    </rtept>
    <rtept lat="27.988582" lon="87.104281">
      <ele>4790.0</ele>
    </rtept>
    <rtept lat="27.988559" lon="87.104179">
      <ele>4790.0</ele>
    </rtept>
    <rtept lat="27.988515" lon="87.10409">
      <ele>4790.0</ele>
    </rtept>
    <rtept lat="27.988459" lon="87.10401">
      <ele>4795.0</ele>
    </rtept>
    <rtept lat="27.98841" lon="87.103923">
      <ele>4795.0</ele>
    </rtept>
    <rtept lat="27.988352" lon="87.103842">
      <ele>4795.0</ele>
    </rtept>
    <rtept lat="27.988284" lon="87.103767">
      <ele>4795.0</ele>
    </rtept>
    <rtept lat="27.988236" lon="87.10366">
      <ele>4799.0</ele>
    </rtept>
    <rtept lat="27.988198" lon="87.103551">
      <ele>4799.0</ele>
    </rtept>
    <rtept lat="27.988167" lon="87.103438">
      <ele>4801.0</ele>
    </rtept>
    <rtept lat="27.988141" lon="87.103331">
      <ele>4801.0</ele>
    </rtept>
    <rtept lat="27.988111" lon="87.103221">
      <ele>4801.0</ele>
    </rtept>
    <rtept lat="27.988077" lon="87.103122">
      <ele>4807.0</ele>
    </rtept>
    <rtept lat="27.98804" lon="87.103015">
      <ele>4807.0</ele>
    </rtept>
    <rtept lat="27.987995" lon="87.102911">
      <ele>4816.0</ele>
    </rtept>
    <rtept lat="27.987936" lon="87.102818">
      <ele>4816.0</ele>
    </rtept>
    <rtept lat="27.987884" lon="87.102725">
      <ele>4808.0</ele>
    </rtept>
    <rtept lat="27.987823" lon="87.102638">
      <ele>4815.0</ele>
    </rtept>
    <rtept lat="27.987763" lon="87.102548">
      <ele>4815.0</ele>
    </rtept>
    <rtept lat="27.987732" lon="87.102488">
      <ele>4815.0</ele>
    </rtept>
    <rtept lat="27.98772" lon="87.102383">
      <ele>4815.0</ele>
    </rtept>
    <rtept lat="27.987697" lon="87.102273">
      <ele>4826.0</ele>
    </rtept>
    <rtept lat="27.987662" lon="87.102174">
      <ele>4826.0</ele>
    </rtept>
    <rtept lat="27.987611" lon="87.102084">
      <ele>4817.0</ele>
    </rtept>
    <rtept lat="27.987537" lon="87.102008">
      <ele>4821.0</ele>
    </rtept>
    <rtept lat="27.987495" lon="87.101916">
      <ele>4821.0</ele>
    </rtept>
    <rtept lat="27.987458" lon="87.101815">
      <ele>4821.0</ele>
    </rtept>
    <rtept lat="27.987403" lon="87.101719">
      <ele>4832.0</ele>
    </rtept>
    <rtept lat="27.987358" lon="87.101626">
      <ele>4816.0</ele>
    </rtept>
    <rtept lat="27.987311" lon="87.101527">
      <ele>4824.0</ele>
    </rtept>
    <rtept lat="27.987256" lon="87.101436">
      <ele>4824.0</ele>
    </rtept>
    <rtept lat="27.987194" lon="87.101342">
      <ele>4824.0</ele>
    </rtept>
    <rtept lat="27.987139" lon="87.101245">
      <ele>4828.0</ele>
    </rtept>
    <rtept lat="27.987092" lon="87.101139">
      <ele>4828.0</ele>
    </rtept>
    <rtept lat="27.987048" lon="87.101041">
      <ele>4819.0</ele>
    </rtept>
    <rtept lat="27.987003" lon="87.100936">
      <ele>4822.0</ele>
    </rtept>
    <rtept lat="27.98696" lon="87.100841">
      <ele>4822.0</ele>
    </rtept>
    <rtept lat="27.986929" lon="87.100741">
      <ele>4822.0</ele>
    </rtept>
    <rtept lat="27.986891" lon="87.10064">
      <ele>4828.0</ele>
    </rtept>
    <rtept lat="27.986857" lon="87.100538">
      <ele>4828.0</ele>
    </rtept>
    <rtept lat="27.986836" lon="87.100429">
      <ele>4828.0</ele>
    </rtept>
    <rtept lat="27.986818" lon="87.100323">
      <ele>4838.0</ele>
    </rtept>
    <rtept lat="27.986801" lon="87.100219">
      <ele>4838.0</ele>
    </rtept>
    <rtept lat="27.986779" lon="87.10011">
      <ele>4839.0</ele>
    </rtept>
    <rtept lat="27.986759" lon="87.100004">
      <ele>4839.0</ele>
    </rtept>
    <rtept lat="27.986728" lon="87.099899">
      <ele>4839.0</ele>
    </rtept>
    <rtept lat="27.98665" lon="87.099835">
      <ele>4845.0</ele>
    </rtept>
    <rtept lat="27.986582" lon="87.099753">
      <ele>4845.0</ele>
    </rtept>
    <rtept lat="27.986516" lon="87.099669">
      <ele>4844.0</ele>
    </rtept>
    <rtept lat="27.986516" lon="87.099669">
      <ele>4844.0</ele>
    </rtept>
    <rtept lat="27.986405" lon="87.099486">
      <ele>4849.0</ele>
    </rtept>
    <rtept lat="27.986405" lon="87.099486">
      <ele>4849.0</ele>
    </rtept>
    <rtept lat="27.986379" lon="87.099388">
      <ele>4849.0</ele>
    </rtept>
    <rtept lat="27.986352" lon="87.09928">
      <ele>4857.0</ele>
    </rtept>
    <rtept lat="27.98632" lon="87.099175">
      <ele>4857.0</ele>
    </rtept>
    <rtept lat="27.986264" lon="87.099092">
      <ele>4857.0</ele>
    </rtept>
    <rtept lat="27.986211" lon="87.098998">
      <ele>4856.0</ele>
    </rtept>
    <rtept lat="27.986193" lon="87.09889">
      <ele>4856.0</ele>
    </rtept>
    <rtept lat="27.986166" lon="87.098789">
      <ele>4856.0</ele>
    </rtept>
    <rtept lat="27.986153" lon="87.098686">
      <ele>4858.0</ele>
    </rtept>
    <rtept lat="27.986142" lon="87.098575">
      <ele>4858.0</ele>
    </rtept>
    <rtept lat="27.986136" lon="87.098467">
      <ele>4858.0</ele>
    </rtept>
    <rtept lat="27.98611" lon="87.098363">
      <ele>4858.0</ele>
    </rtept>
    <rtept lat="27.986106" lon="87.098259">
      <ele>4858.0</ele>
    </rtept>
    <rtept lat="27.986124" lon="87.098151">
      <ele>4863.0</ele>
    </rtept>
    <rtept lat="27.986152" lon="87.098043">
      <ele>4863.0</ele>
    </rtept>
    <rtept lat="27.986183" lon="87.097934">
      <ele>4863.0</ele>
    </rtept>
    <rtept lat="27.986196" lon="87.097823">
      <ele>4863.0</ele>
    </rtept>
    <rtept lat="27.986224" lon="87.097716">
      <ele>4863.0</ele>
    </rtept>
    <rtept lat="27.986249" lon="87.097607">
      <ele>4867.0</ele>
    </rtept>
    <rtept lat="27.98627" lon="87.097503">
      <ele>4868.0</ele>
    </rtept>
    <rtept lat="27.98629" lon="87.0974">
      <ele>4868.0</ele>
    </rtept>
    <rtept lat="27.986285" lon="87.097284">
      <ele>4875.0</ele>
    </rtept>
    <rtept lat="27.986285" lon="87.097162">
      <ele>4875.0</ele>
    </rtept>
    <rtept lat="27.986265" lon="87.097046">
      <ele>4883.0</ele>
    </rtept>
    <rtept lat="27.986253" lon="87.096933">
      <ele>4883.0</ele>
    </rtept>
    <rtept lat="27.986253" lon="87.096826">
      <ele>4883.0</ele>
    </rtept>
    <rtept lat="27.986263" lon="87.096717">
      <ele>4881.0</ele>
    </rtept>
    <rtept lat="27.986267" lon="87.09661">
      <ele>4881.0</ele>
    </rtept>
    <rtept lat="27.986273" lon="87.096505">
      <ele>4880.0</ele>
    </rtept>
    <rtept lat="27.986301" lon="87.096402">
      <ele>4880.0</ele>
    </rtept>
    <rtept lat="27.986326" lon="87.096296">
      <ele>4880.0</ele>
    </rtept>
    <rtept lat="27.986347" lon="87.096185">
      <ele>4879.0</ele>
    </rtept>
    <rtept lat="27.986362" lon="87.096074">
      <ele>4879.0</ele>
    </rtept>
    <rtept lat="27.986384" lon="87.095971">
      <ele>4878.0</ele>
    </rtept>
    <rtept lat="27.986415" lon="87.095861">
      <ele>4878.0</ele>
    </rtept>
    <rtept lat="27.986445" lon="87.095756">
      <ele>4878.0</ele>
    </rtept>
    <rtept lat="27.986445" lon="87.095756">
      <ele>4878.0</ele>
    </rtept>
    <rtept lat="27.986437" lon="87.09565">
      <ele>4875.0</ele>
    </rtept>
    <rtept lat="27.986437" lon="87.09565">
      <ele>4875.0</ele>
    </rtept>
    <rtept lat="27.986462" lon="87.095542">
      <ele>4875.0</ele>
    </rtept>
    <rtept lat="27.986497" lon="87.095439">
      <ele>4875.0</ele>
    </rtept>
    <rtept lat="27.986473" lon="87.09533">
      <ele>4879.0</ele>
    </rtept>
    <rtept lat="27.986441" lon="87.095226">
      <ele>4879.0</ele>
    </rtept>
    <rtept lat="27.986413" lon="87.095115">
      <ele>4887.0</ele>
    </rtept>
    <rtept lat="27.986393" lon="87.095007">
      <ele>4887.0</ele>
    </rtept>
    <rtept lat="27.986396" lon="87.0949">
      <ele>4887.0</ele>
    </rtept>
    <rtept lat="27.986408" lon="87.09479">
      <ele>4896.0</ele>
    </rtept>
    <rtept lat="27.986418" lon="87.094671">
      <ele>4896.0</ele>
    </rtept>
    <rtept lat="27.98642" lon="87.094556">
      <ele>4902.0</ele>
    </rtept>
    <rtept lat="27.986417" lon="87.09445">
      <ele>4902.0</ele>
    </rtept>
    <rtept lat="27.986426" lon="87.094333">
      <ele>4902.0</ele>
    </rtept>
    <rtept lat="27.986422" lon="87.094222">
      <ele>4903.0</ele>
    </rtept>
    <rtept lat="27.986418" lon="87.094118">
      <ele>4903.0</ele>
    </rtept>
    <rtept lat="27.986435" lon="87.094011">
      <ele>4900.0</ele>
    </rtept>
    <rtept lat="27.986446" lon="87.093906">
      <ele>4900.0</ele>
    </rtept>
    <rtept lat="27.986474" lon="87.093808">
      <ele>4900.0</ele>
    </rtept>
    <rtept lat="27.986512" lon="87.093707">
      <ele>4900.0</ele>
    </rtept>
    <rtept lat="27.986557" lon="87.093608">
      <ele>4899.0</ele>
    </rtept>
    <rtept lat="27.986614" lon="87.093519">
      <ele>4899.0</ele>
    </rtept>
    <rtept lat="27.986681" lon="87.093439">
      <ele>4897.0</ele>
    </rtept>
    <rtept lat="27.986751" lon="87.093359">
      <ele>4897.0</ele>
    </rtept>
    <rtept lat="27.986792" lon="87.093267">
      <ele>4897.0</ele>
    </rtept>
    <rtept lat="27.986784" lon="87.09316">
      <ele>4898.0</ele>
    </rtept>
    <rtept lat="27.986735" lon="87.093068">
      <ele>4898.0</ele>
    </rtept>
    <rtept lat="27.986698" lon="87.092961">
      <ele>4898.0</ele>
    </rtept>
    <rtept lat="27.986675" lon="87.092849">
      <ele>4912.0</ele>
    </rtept>
    <rtept lat="27.986709" lon="87.092751">
      <ele>4912.0</ele>
    </rtept>
    <rtept lat="27.986755" lon="87.092657">
      <ele>4912.0</ele>
    </rtept>
    <rtept lat="27.986768" lon="87.092555">
      <ele>4917.0</ele>
    </rtept>
    <rtept lat="27.986789" lon="87.09244">
      <ele>4917.0</ele>
    </rtept>
    <rtept lat="27.986799" lon="87.09232">
      <ele>4916.0</ele>
    </rtept>
    <rtept lat="27.986813" lon="87.092213">
      <ele>4926.0</ele>
    </rtept>
    <rtept lat="27.986833" lon="87.092101">
      <ele>4926.0</ele>
    </rtept>
    <rtept lat="27.986833" lon="87.091991">
      <ele>4933.0</ele>
    </rtept>
    <rtept lat="27.986835" lon="87.091874">
      <ele>4933.0</ele>
    </rtept>
    <rtept lat="27.986834" lon="87.091743">
      <ele>4934.0</ele>
    </rtept>
    <rtept lat="27.986836" lon="87.091625">
      <ele>4934.0</ele>
    </rtept>
    <rtept lat="27.986833" lon="87.091507">
      <ele>4930.0</ele>
    </rtept>
    <rtept lat="27.98684" lon="87.091389">
      <ele>4930.0</ele>
    </rtept>
    <rtept lat="27.98684" lon="87.091282">
      <ele>4930.0</ele>
    </rtept>
    <rtept lat="27.986829" lon="87.091177">
      <ele>4931.0</ele>
    </rtept>
    <rtept lat="27.986829" lon="87.091061">
      <ele>4931.0</ele>
    </rtept>
    <rtept lat="27.986823" lon="87.090936">
      <ele>4928.0</ele>
    </rtept>
    <rtept lat="27.986837" lon="87.090818">
      <ele>4928.0</ele>
    </rtept>
    <rtept lat="27.98686" lon="87.090711">
      <ele>4928.0</ele>
    </rtept>
    <rtept lat="27.986813" lon="87.090636">
      <ele>4923.0</ele>
    </rtept>
    <rtept lat="27.986782" lon="87.090538">
      <ele>4921.0</ele>
    </rtept>
    <rtept lat="27.986782" lon="87.090538">
      <ele>4921.0</ele>
    </rtept>
    <rtept lat="27.986698" lon="87.090594">
      <ele>4921.0</ele>
    </rtept>
    <rtept lat="27.986698" lon="87.090594">
      <ele>4921.0</ele>
    </rtept>
    <rtept lat="27.986605" lon="87.090648">
      <ele>4921.0</ele>
    </rtept>
    <rtept lat="27.986508" lon="87.090657">
      <ele>4918.0</ele>
    </rtept>
    <rtept lat="27.986476" lon="87.090577">
      <ele>4918.0</ele>
    </rtept>
    <rtept lat="27.986525" lon="87.090485">
      <ele>4918.0</ele>
    </rtept>
    <rtept lat="27.986608" lon="87.090393">
      <ele>4913.0</ele>
    </rtept>
    <rtept lat="27.986683" lon="87.090296">
      <ele>4913.0</ele>
    </rtept>
    <rtept lat="27.986765" lon="87.090223">
      <ele>4913.0</ele>
    </rtept>
    <rtept lat="27.986842" lon="87.090156">
      <ele>4914.0</ele>
    </rtept>
    <rtept lat="27.986928" lon="87.0901">
      <ele>4914.0</ele>
    </rtept>
    <rtept lat="27.987015" lon="87.090054">
      <ele>4914.0</ele>
    </rtept>
    <rtept lat="27.987098" lon="87.089986">
      <ele>4921.0</ele>
    </rtept>
    <rtept lat="27.987174" lon="87.089906">
      <ele>4921.0</ele>
    </rtept>
    <rtept lat="27.987251" lon="87.089824">
      <ele>4926.0</ele>
    </rtept>
    <rtept lat="27.987344" lon="87.089778">
      <ele>4926.0</ele>
    </rtept>
    <rtept lat="27.987437" lon="87.089763">
      <ele>4930.0</ele>
    </rtept>
    <rtept lat="27.987525" lon="87.089719">
      <ele>4930.0</ele>
    </rtept>
    <rtept lat="27.987592" lon="87.089635">
      <ele>4930.0</ele>
    </rtept>
    <rtept lat="27.987629" lon="87.089525">
      <ele>4933.0</ele>
    </rtept>
    <rtept lat="27.987663" lon="87.089406">
      <ele>4936.0</ele>
    </rtept>
    <rtept lat="27.987706" lon="87.089289">
      <ele>4931.0</ele>
    </rtept>
    <rtept lat="27.987756" lon="87.089175">
      <ele>4931.0</ele>
    </rtept>
    <rtept lat="27.987801" lon="87.089064">
      <ele>4931.0</ele>
    </rtept>
    <rtept lat="27.987853" lon="87.088974">
      <ele>4926.0</ele>
    </rtept>
    <rtept lat="27.987899" lon="87.088874">
      <ele>4926.0</ele>
    </rtept>
    <rtept lat="27.987947" lon="87.088765">
      <ele>4931.0</ele>
    </rtept>
    <rtept lat="27.987995" lon="87.088657">
      <ele>4929.0</ele>
    </rtept>
    <rtept lat="27.988047" lon="87.088552">
      <ele>4929.0</ele>
    </rtept>
    <rtept lat="27.988103" lon="87.088449">
      <ele>4925.0</ele>
    </rtept>
    <rtept lat="27.98816" lon="87.088346">
      <ele>4925.0</ele>
    </rtept>
    <rtept lat="27.988215" lon="87.088244">
      <ele>4934.0</ele>
    </rtept>
    <rtept lat="27.988259" lon="87.088137">
      <ele>4930.0</ele>
    </rtept>
    <rtept lat="27.988296" lon="87.088023">
      <ele>4930.0</ele>
    </rtept>
    <rtept lat="27.988334" lon="87.087914">
      <ele>4931.0</ele>
    </rtept>
    <rtept lat="27.988387" lon="87.087812">
      <ele>4931.0</ele>
    </rtept>
    <rtept lat="27.98844" lon="87.087713">
      <ele>4931.0</ele>
    </rtept>
    <rtept lat="27.9885" lon="87.087621">
      <ele>4929.0</ele>
    </rtept>
    <rtept lat="27.988539" lon="87.087524">
      <ele>4929.0</ele>
    </rtept>
    <rtept lat="27.988568" lon="87.087421">
      <ele>4929.0</ele>
    </rtept>
    <rtept lat="27.988606" lon="87.087322">
      <ele>4930.0</ele>
    </rtept>
    <rtept lat="27.988636" lon="87.087294">
      <ele>4930.0</ele>
    </rtept>
    <rtept lat="27.988669" lon="87.087216">
      <ele>4930.0</ele>
    </rtept>
    <rtept lat="27.988708" lon="87.08712">
      <ele>4930.0</ele>
    </rtept>
    <rtept lat="27.988735" lon="87.087001">
      <ele>4938.0</ele>
    </rtept>
    <rtept lat="27.988752" lon="87.08689">
      <ele>4940.0</ele>
    </rtept>
    <rtept lat="27.988765" lon="87.08678">
      <ele>4937.0</ele>
    </rtept>
    <rtept lat="27.988777" lon="87.086673">
      <ele>4937.0</ele>
    </rtept>
    <rtept lat="27.988792" lon="87.086568">
      <ele>4937.0</ele>
    </rtept>
    <rtept lat="27.988817" lon="87.086455">
      <ele>4940.0</ele>
    </rtept>
    <rtept lat="27.988852" lon="87.08635">
      <ele>4940.0</ele>
    </rtept>
    <rtept lat="27.988891" lon="87.086248">
      <ele>4941.0</ele>
    </rtept>
    <rtept lat="27.988925" lon="87.086146">
      <ele>4941.0</ele>
    </rtept>
    <rtept lat="27.988947" lon="87.086031">
      <ele>4941.0</ele>
    </rtept>
    <rtept lat="27.988975" lon="87.085916">
      <ele>4943.0</ele>
    </rtept>
    <rtept lat="27.989032" lon="87.085826">
      <ele>4945.0</ele>
    </rtept>
    <rtept lat="27.989087" lon="87.085723">
      <ele>4945.0</ele>
    </rtept>
    <rtept lat="27.989139" lon="87.085622">
      <ele>4945.0</ele>
    </rtept>
    <rtept lat="27.989181" lon="87.085521">
      <ele>4945.0</ele>
    </rtept>
    <rtept lat="27.989201" lon="87.085406">
      <ele>4952.0</ele>
    </rtept>
    <rtept lat="27.989229" lon="87.085296">
      <ele>4952.0</ele>
    </rtept>
    <rtept lat="27.989263" lon="87.085193">
      <ele>4952.0</ele>
    </rtept>
    <rtept lat="27.989298" lon="87.085096">
      <ele>4955.0</ele>
    </rtept>
    <rtept lat="27.989319" lon="87.084994">
      <ele>4953.0</ele>
    </rtept>
    <rtept lat="27.989303" lon="87.084886">
      <ele>4955.0</ele>
    </rtept>
    <rtept lat="27.989317" lon="87.084779">
      <ele>4952.0</ele>
    </rtept>
    <rtept lat="27.989339" lon="87.084677">
      <ele>4952.0</ele>
    </rtept>
    <rtept lat="27.989372" lon="87.084572">
      <ele>4947.0</ele>
    </rtept>
    <rtept lat="27.989403" lon="87.084464">
      <ele>4947.0</ele>
    </rtept>
    <rtept lat="27.989429" lon="87.08436">
      <ele>4947.0</ele>
    </rtept>
    <rtept lat="27.989475" lon="87.084257">
      <ele>4956.0</ele>
    </rtept>
    <rtept lat="27.989498" lon="87.084144">
      <ele>4956.0</ele>
    </rtept>
    <rtept lat="27.989504" lon="87.084036">
      <ele>4956.0</ele>
    </rtept>
    <rtept lat="27.989527" lon="87.083931">
      <ele>4963.0</ele>
    </rtept>
    <rtept lat="27.989543" lon="87.08382">
      <ele>4963.0</ele>
    </rtept>
    <rtept lat="27.989566" lon="87.083711">
      <ele>4965.0</ele>
    </rtept>
    <rtept lat="27.989561" lon="87.083602">
      <ele>4965.0</ele>
    </rtept>
    <rtept lat="27.989545" lon="87.08349">
      <ele>4965.0</ele>
    </rtept>
    <rtept lat="27.989567" lon="87.083393">
      <ele>4965.0</ele>
    </rtept>
    <rtept lat="27.989606" lon="87.0833">
      <ele>4969.0</ele>
    </rtept>
    <rtept lat="27.989672" lon="87.083221">
      <ele>4969.0</ele>
    </rtept>
    <rtept lat="27.989707" lon="87.083126">
      <ele>4969.0</ele>
    </rtept>
    <rtept lat="27.989696" lon="87.083023">
      <ele>4969.0</ele>
    </rtept>
    <rtept lat="27.989674" lon="87.082915">
      <ele>4976.0</ele>
    </rtept>
    <rtept lat="27.989668" lon="87.082806">
      <ele>4976.0</ele>
    </rtept>
    <rtept lat="27.989687" lon="87.082703">
      <ele>4976.0</ele>
    </rtept>
    <rtept lat="27.989701" lon="87.0826">
      <ele>4985.0</ele>
    </rtept>
    <rtept lat="27.989723" lon="87.082488">
      <ele>4985.0</ele>
    </rtept>
    <rtept lat="27.98972" lon="87.082376">
      <ele>4985.0</ele>
    </rtept>
    <rtept lat="27.989706" lon="87.082267">
      <ele>4991.0</ele>
    </rtept>
    <rtept lat="27.9897" lon="87.082153">
      <ele>4991.0</ele>
    </rtept>
    <rtept lat="27.989688" lon="87.082047">
      <ele>4990.0</ele>
    </rtept>
    <rtept lat="27.989687" lon="87.081934">
      <ele>4990.0</ele>
    </rtept>
    <rtept lat="27.989679" lon="87.081821">
      <ele>4990.0</ele>
    </rtept>
    <rtept lat="27.989671" lon="87.081713">
      <ele>4991.0</ele>
    </rtept>
    <rtept lat="27.989663" lon="87.081599">
      <ele>4991.0</ele>
    </rtept>
    <rtept lat="27.989652" lon="87.081493">
      <ele>4991.0</ele>
    </rtept>
    <rtept lat="27.989632" lon="87.081376">
      <ele>4991.0</ele>
    </rtept>
    <rtept lat="27.989612" lon="87.081267">
      <ele>4991.0</ele>
    </rtept>
    <rtept lat="27.989594" lon="87.081159">
      <ele>4990.0</ele>
    </rtept>
    <rtept lat="27.989583" lon="87.081113">
      <ele>4988.0</ele>
    </rtept>
    <rtept lat="27.989563" lon="87.081026">
      <ele>4988.0</ele>
    </rtept>
    <rtept lat="27.989551" lon="87.080918">
      <ele>4986.0</ele>
    </rtept>
    <rtept lat="27.989555" lon="87.080803">
      <ele>4986.0</ele>
    </rtept>
    <rtept lat="27.989544" lon="87.080682">
      <ele>4984.0</ele>
    </rtept>
    <rtept lat="27.989546" lon="87.080574">
      <ele>4984.0</ele>
    </rtept>
    <rtept lat="27.989565" lon="87.080473">
      <ele>4984.0</ele>
    </rtept>
    <rtept lat="27.989581" lon="87.080362">
      <ele>4984.0</ele>
    </rtept>
    <rtept lat="27.989606" lon="87.080251">
      <ele>4992.0</ele>
    </rtept>
    <rtept lat="27.989621" lon="87.080144">
      <ele>4992.0</ele>
    </rtept>
    <rtept lat="27.989631" lon="87.080037">
      <ele>4986.0</ele>
    </rtept>
    <rtept lat="27.989648" lon="87.079926">
      <ele>4986.0</ele>
    </rtept>
    <rtept lat="27.989641" lon="87.079809">
      <ele>4989.0</ele>
    </rtept>
    <rtept lat="27.989634" lon="87.079767">
      <ele>4989.0</ele>
    </rtept>
    <rtept lat="27.989639" lon="87.079684">
      <ele>4989.0</ele>
    </rtept>
    <rtept lat="27.989641" lon="87.079576">
      <ele>4994.0</ele>
    </rtept>
    <rtept lat="27.989647" lon="87.079459">
      <ele>4994.0</ele>
    </rtept>
    <rtept lat="27.989662" lon="87.079351">
      <ele>4994.0</ele>
    </rtept>
    <rtept lat="27.989683" lon="87.07925">
      <ele>4997.0</ele>
    </rtept>
    <rtept lat="27.989688" lon="87.079146">
      <ele>4997.0</ele>
    </rtept>
    <rtept lat="27.989699" lon="87.079031">
      <ele>4997.0</ele>
    </rtept>
    <rtept lat="27.989721" lon="87.078926">
      <ele>5002.0</ele>
    </rtept>
    <rtept lat="27.989737" lon="87.078813">
      <ele>5002.0</ele>
    </rtept>
    <rtept lat="27.989738" lon="87.078706">
      <ele>5001.0</ele>
    </rtept>
    <rtept lat="27.989738" lon="87.078706">
      <ele>5001.0</ele>
    </rtept>
    <rtept lat="27.989738" lon="87.078706">
      <ele>5001.0</ele>
    </rtept>
    <rtept lat="27.989738" lon="87.078706">
      <ele>5001.0</ele>
    </rtept>
    <rtept lat="27.989738" lon="87.078706">
      <ele>5001.0</ele>
    </rtept>
    <rtept lat="27.989738" lon="87.078706">
      <ele>5001.0</ele>
    </rtept>
    <rtept lat="27.989781" lon="87.078615">
      <ele>5001.0</ele>
    </rtept>
    <rtept lat="27.989781" lon="87.078615">
      <ele>5001.0</ele>
    </rtept>
    <rtept lat="27.989823" lon="87.078524">
      <ele>5001.0</ele>
    </rtept>
    <rtept lat="27.989858" lon="87.078423">
      <ele>5004.0</ele>
    </rtept>
    <rtept lat="27.98989" lon="87.078314">
      <ele>5010.0</ele>
    </rtept>
    <rtept lat="27.989929" lon="87.078217">
      <ele>5010.0</ele>
    </rtept>
    <rtept lat="27.989981" lon="87.078121">
      <ele>5019.0</ele>
    </rtept>
    <rtept lat="27.990025" lon="87.078009">
      <ele>5019.0</ele>
    </rtept>
    <rtept lat="27.990063" lon="87.077905">
      <ele>5016.0</ele>
    </rtept>
    <rtept lat="27.990075" lon="87.077798">
      <ele>5016.0</ele>
    </rtept>
    <rtept lat="27.990074" lon="87.077693">
      <ele>5016.0</ele>
    </rtept>
    <rtept lat="27.990071" lon="87.077582">
      <ele>5007.0</ele>
    </rtept>
    <rtept lat="27.990056" lon="87.077466">
      <ele>5007.0</ele>
    </rtept>
    <rtept lat="27.990058" lon="87.077357">
      <ele>5005.0</ele>
    </rtept>
    <rtept lat="27.990072" lon="87.077255">
      <ele>5005.0</ele>
    </rtept>
    <rtept lat="27.990099" lon="87.077143">
      <ele>5005.0</ele>
    </rtept>
    <rtept lat="27.990114" lon="87.077034">
      <ele>4994.0</ele>
    </rtept>
    <rtept lat="27.990121" lon="87.07692">
      <ele>4994.0</ele>
    </rtept>
    <rtept lat="27.990123" lon="87.076808">
      <ele>4994.0</ele>
    </rtept>
    <rtept lat="27.990125" lon="87.076698">
      <ele>4994.0</ele>
    </rtept>
    <rtept lat="27.990142" lon="87.076588">
      <ele>5012.0</ele>
    </rtept>
    <rtept lat="27.990154" lon="87.076474">
      <ele>5013.0</ele>
    </rtept>
    <rtept lat="27.990154" lon="87.076367">
      <ele>5013.0</ele>
    </rtept>
    <rtept lat="27.990165" lon="87.076258">
      <ele>5013.0</ele>
    </rtept>
    <rtept lat="27.990179" lon="87.076149">
      <ele>5018.0</ele>
    </rtept>
    <rtept lat="27.990193" lon="87.076042">
      <ele>5018.0</ele>
    </rtept>
    <rtept lat="27.990211" lon="87.075936">
      <ele>5025.0</ele>
    </rtept>
    <rtept lat="27.990243" lon="87.075828">
      <ele>5025.0</ele>
    </rtept>
    <rtept lat="27.990271" lon="87.075723">
      <ele>5025.0</ele>
    </rtept>
    <rtept lat="27.990284" lon="87.075614">
      <ele>5030.0</ele>
    </rtept>
    <rtept lat="27.990286" lon="87.075508">
      <ele>5030.0</ele>
    </rtept>
    <rtept lat="27.990291" lon="87.075405">
      <ele>5032.0</ele>
    </rtept>
    <rtept lat="27.990303" lon="87.075295">
      <ele>5032.0</ele>
    </rtept>
    <rtept lat="27.990319" lon="87.075192">
      <ele>5032.0</ele>
    </rtept>
    <rtept lat="27.990322" lon="87.075081">
      <ele>5029.0</ele>
    </rtept>
    <rtept lat="27.99034" lon="87.074977">
      <ele>5029.0</ele>
    </rtept>
    <rtept lat="27.990353" lon="87.074863">
      <ele>5029.0</ele>
    </rtept>
    <rtept lat="27.990364" lon="87.074754">
      <ele>5031.0</ele>
    </rtept>
    <rtept lat="27.990388" lon="87.074651">
      <ele>5031.0</ele>
    </rtept>
    <rtept lat="27.990416" lon="87.074552">
      <ele>5033.0</ele>
    </rtept>
    <rtept lat="27.990421" lon="87.074446">
      <ele>5045.0</ele>
    </rtept>
    <rtept lat="27.990416" lon="87.074337">
      <ele>5033.0</ele>
    </rtept>
    <rtept lat="27.990416" lon="87.074337">
      <ele>5033.0</ele>
    </rtept>
    <rtept lat="27.990409" lon="87.07423">
      <ele>5032.0</ele>
    </rtept>
    <rtept lat="27.990409" lon="87.07423">
      <ele>5032.0</ele>
    </rtept>
    <rtept lat="27.990411" lon="87.074221">
      <ele>5032.0</ele>
    </rtept>
    <rtept lat="27.990449" lon="87.074129">
      <ele>5046.0</ele>
    </rtept>
    <rtept lat="27.99047" lon="87.074027">
      <ele>5054.0</ele>
    </rtept>
    <rtept lat="27.990486" lon="87.073913">
      <ele>5054.0</ele>
    </rtept>
    <rtept lat="27.990496" lon="87.0738">
      <ele>5054.0</ele>
    </rtept>
    <rtept lat="27.990523" lon="87.073692">
      <ele>5055.0</ele>
    </rtept>
    <rtept lat="27.990544" lon="87.073588">
      <ele>5055.0</ele>
    </rtept>
    <rtept lat="27.990566" lon="87.073481">
      <ele>5055.0</ele>
    </rtept>
    <rtept lat="27.990578" lon="87.073376">
      <ele>5048.0</ele>
    </rtept>
    <rtept lat="27.990575" lon="87.073271">
      <ele>5048.0</ele>
    </rtept>
    <rtept lat="27.990575" lon="87.073271">
      <ele>5048.0</ele>
    </rtept>
    <rtept lat="27.990575" lon="87.073271">
      <ele>5048.0</ele>
    </rtept>
    <rtept lat="27.990575" lon="87.073271">
      <ele>5048.0</ele>
    </rtept>
    <rtept lat="27.990582" lon="87.073161">
      <ele>5041.0</ele>
    </rtept>
    <rtept lat="27.990582" lon="87.073161">
      <ele>5041.0</ele>
    </rtept>
    <rtept lat="27.990595" lon="87.073044">
      <ele>5041.0</ele>
    </rtept>
    <rtept lat="27.990603" lon="87.072934">
      <ele>5041.0</ele>
    </rtept>
    <rtept lat="27.990631" lon="87.072828">
      <ele>5034.0</ele>
    </rtept>
    <rtept lat="27.990657" lon="87.072721">
      <ele>5034.0</ele>
    </rtept>
    <rtept lat="27.990679" lon="87.07261">
      <ele>5021.0</ele>
    </rtept>
    <rtept lat="27.99072" lon="87.072512">
      <ele>5049.0</ele>
    </rtept>
    <rtept lat="27.99076" lon="87.072414">
      <ele>5049.0</ele>
    </rtept>
    <rtept lat="27.990804" lon="87.072311">
      <ele>5042.0</ele>
    </rtept>
    <rtept lat="27.990853" lon="87.072221">
      <ele>5042.0</ele>
    </rtept>
    <rtept lat="27.990853" lon="87.072117">
      <ele>5042.0</ele>
    </rtept>
    <rtept lat="27.990867" lon="87.072004">
      <ele>5041.0</ele>
    </rtept>
    <rtept lat="27.990881" lon="87.07189">
      <ele>5041.0</ele>
    </rtept>
    <rtept lat="27.990938" lon="87.0718">
      <ele>5036.0</ele>
    </rtept>
    <rtept lat="27.99095" lon="87.071696">
      <ele>5036.0</ele>
    </rtept>
    <rtept lat="27.990975" lon="87.07159">
      <ele>5050.0</ele>
    </rtept>
    <rtept lat="27.991013" lon="87.071481">
      <ele>5047.0</ele>
    </rtept>
    <rtept lat="27.991047" lon="87.071372">
      <ele>5047.0</ele>
    </rtept>
    <rtept lat="27.991056" lon="87.07126">
      <ele>5047.0</ele>
    </rtept>
    <rtept lat="27.991047" lon="87.071146">
      <ele>5036.0</ele>
    </rtept>
    <rtept lat="27.99105" lon="87.071038">
      <ele>5036.0</ele>
    </rtept>
    <rtept lat="27.990984" lon="87.070986">
      <ele>5036.0</ele>
    </rtept>
    <rtept lat="27.990972" lon="87.070997">
      <ele>5029.0</ele>
    </rtept>
    <rtept lat="27.991015" lon="87.070944">
      <ele>5039.0</ele>
    </rtept>
    <rtept lat="27.991091" lon="87.070785">
      <ele>5039.0</ele>
    </rtept>
    <rtept lat="27.99114" lon="87.070659">
      <ele>5046.0</ele>
    </rtept>
    <rtept lat="27.991178" lon="87.070543">
      <ele>5046.0</ele>
    </rtept>
    <rtept lat="27.991219" lon="87.070436">
      <ele>5046.0</ele>
    </rtept>
    <rtept lat="27.991261" lon="87.070341">
      <ele>5047.0</ele>
    </rtept>
    <rtept lat="27.991296" lon="87.070246">
      <ele>5047.0</ele>
    </rtept>
    <rtept lat="27.991338" lon="87.070146">
      <ele>5047.0</ele>
    </rtept>
    <rtept lat="27.991379" lon="87.07004">
      <ele>5049.0</ele>
    </rtept>
    <rtept lat="27.991422" lon="87.069944">
      <ele>5049.0</ele>
    </rtept>
    <rtept lat="27.991468" lon="87.069843">
      <ele>5049.0</ele>
    </rtept>
    <rtept lat="27.991474" lon="87.069734">
      <ele>5049.0</ele>
    </rtept>
    <rtept lat="27.991485" lon="87.069624">
      <ele>5049.0</ele>
    </rtept>
    <rtept lat="27.991473" lon="87.069511">
      <ele>5051.0</ele>
    </rtept>
    <rtept lat="27.991459" lon="87.069403">
      <ele>5051.0</ele>
    </rtept>
    <rtept lat="27.991474" lon="87.069288">
      <ele>5056.0</ele>
    </rtept>
    <rtept lat="27.991484" lon="87.069178">
      <ele>5056.0</ele>
    </rtept>
    <rtept lat="27.991492" lon="87.069071">
      <ele>5056.0</ele>
    </rtept>
    <rtept lat="27.991502" lon="87.068966">
      <ele>5061.0</ele>
    </rtept>
    <rtept lat="27.991531" lon="87.068869">
      <ele>5063.0</ele>
    </rtept>
    <rtept lat="27.991574" lon="87.068779">
      <ele>5063.0</ele>
    </rtept>
    <rtept lat="27.991605" lon="87.068675">
      <ele>5067.0</ele>
    </rtept>
    <rtept lat="27.991637" lon="87.068565">
      <ele>5067.0</ele>
    </rtept>
    <rtept lat="27.991664" lon="87.068457">
      <ele>5071.0</ele>
    </rtept>
    <rtept lat="27.991696" lon="87.06835">
      <ele>5071.0</ele>
    </rtept>
    <rtept lat="27.9917" lon="87.068243">
      <ele>5071.0</ele>
    </rtept>
    <rtept lat="27.991694" lon="87.068182">
      <ele>5071.0</ele>
    </rtept>
    <rtept lat="27.991722" lon="87.068085">
      <ele>5071.0</ele>
    </rtept>
    <rtept lat="27.991765" lon="87.067967">
      <ele>5071.0</ele>
    </rtept>
    <rtept lat="27.99178" lon="87.067864">
      <ele>5072.0</ele>
    </rtept>
    <rtept lat="27.991785" lon="87.067758">
      <ele>5072.0</ele>
    </rtept>
    <rtept lat="27.991788" lon="87.067643">
      <ele>5072.0</ele>
    </rtept>
    <rtept lat="27.991791" lon="87.067525">
      <ele>5075.0</ele>
    </rtept>
    <rtept lat="27.991792" lon="87.067433">
      <ele>5075.0</ele>
    </rtept>
    <rtept lat="27.991785" lon="87.067335">
      <ele>5072.0</ele>
    </rtept>
    <rtept lat="27.991765" lon="87.06723">
      <ele>5072.0</ele>
    </rtept>
    <rtept lat="27.991747" lon="87.067116">
      <ele>5072.0</ele>
    </rtept>
    <rtept lat="27.991761" lon="87.067013">
      <ele>5069.0</ele>
    </rtept>
    <rtept lat="27.991778" lon="87.066905">
      <ele>5069.0</ele>
    </rtept>
    <rtept lat="27.991763" lon="87.066799">
      <ele>5072.0</ele>
    </rtept>
    <rtept lat="27.99175" lon="87.066693">
      <ele>5072.0</ele>
    </rtept>
    <rtept lat="27.991741" lon="87.066586">
      <ele>5072.0</ele>
    </rtept>
    <rtept lat="27.991731" lon="87.06648">
      <ele>5076.0</ele>
    </rtept>
    <rtept lat="27.991728" lon="87.066422">
      <ele>5076.0</ele>
    </rtept>
    <rtept lat="27.991707" lon="87.066328">
      <ele>5076.0</ele>
    </rtept>
    <rtept lat="27.99171" lon="87.06622">
      <ele>5073.0</ele>
    </rtept>
    <rtept lat="27.991718" lon="87.066137">
      <ele>5073.0</ele>
    </rtept>
    <rtept lat="27.991699" lon="87.066035">
      <ele>5073.0</ele>
    </rtept>
    <rtept lat="27.991655" lon="87.065942">
      <ele>5068.0</ele>
    </rtept>
    <rtept lat="27.991606" lon="87.065839">
      <ele>5068.0</ele>
    </rtept>
    <rtept lat="27.991569" lon="87.065745">
      <ele>5068.0</ele>
    </rtept>
    <rtept lat="27.991531" lon="87.065639">
      <ele>5060.0</ele>
    </rtept>
    <rtept lat="27.991513" lon="87.065533">
      <ele>5053.0</ele>
    </rtept>
    <rtept lat="27.991504" lon="87.065461">
      <ele>5053.0</ele>
    </rtept>
    <rtept lat="27.99147" lon="87.065363">
      <ele>5048.0</ele>
    </rtept>
    <rtept lat="27.991416" lon="87.065264">
      <ele>5048.0</ele>
    </rtept>
    <rtept lat="27.991374" lon="87.06516">
      <ele>5048.0</ele>
    </rtept>
    <rtept lat="27.991318" lon="87.065057">
      <ele>5046.0</ele>
    </rtept>
    <rtept lat="27.991284" lon="87.064942">
      <ele>5046.0</ele>
    </rtept>
    <rtept lat="27.991276" lon="87.064826">
      <ele>5049.0</ele>
    </rtept>
    <rtept lat="27.99127" lon="87.06474">
      <ele>5049.0</ele>
    </rtept>
    <rtept lat="27.991283" lon="87.064643">
      <ele>5049.0</ele>
    </rtept>
    <rtept lat="27.991267" lon="87.064538">
      <ele>5049.0</ele>
    </rtept>
    <rtept lat="27.99128" lon="87.064434">
      <ele>5049.0</ele>
    </rtept>
    <rtept lat="27.991256" lon="87.064335">
      <ele>5049.0</ele>
    </rtept>
    <rtept lat="27.991225" lon="87.064234">
      <ele>5046.0</ele>
    </rtept>
    <rtept lat="27.991148" lon="87.064185">
      <ele>5046.0</ele>
    </rtept>
    <rtept lat="27.991087" lon="87.064111">
      <ele>5046.0</ele>
    </rtept>
    <rtept lat="27.991112" lon="87.064022">
      <ele>5044.0</ele>
    </rtept>
    <rtept lat="27.991179" lon="87.063936">
      <ele>5044.0</ele>
    </rtept>
    <rtept lat="27.991264" lon="87.063863">
      <ele>5049.0</ele>
    </rtept>
    <rtept lat="27.991357" lon="87.063812">
      <ele>5049.0</ele>
    </rtept>
    <rtept lat="27.991446" lon="87.063756">
      <ele>5049.0</ele>
    </rtept>
    <rtept lat="27.991522" lon="87.063675">
      <ele>5049.0</ele>
    </rtept>
    <rtept lat="27.991585" lon="87.063585">
      <ele>5057.0</ele>
    </rtept>
    <rtept lat="27.991649" lon="87.0635">
      <ele>5057.0</ele>
    </rtept>
    <rtept lat="27.991671" lon="87.063391">
      <ele>5058.0</ele>
    </rtept>
    <rtept lat="27.991719" lon="87.063302">
      <ele>5058.0</ele>
    </rtept>
    <rtept lat="27.991773" lon="87.063215">
      <ele>5058.0</ele>
    </rtept>
    <rtept lat="27.991826" lon="87.06313">
      <ele>5075.0</ele>
    </rtept>
    <rtept lat="27.991897" lon="87.063054">
      <ele>5075.0</ele>
    </rtept>
    <rtept lat="27.991935" lon="87.062962">
      <ele>5075.0</ele>
    </rtept>
    <rtept lat="27.99201" lon="87.062916">
      <ele>5074.0</ele>
    </rtept>
    <rtept lat="27.992067" lon="87.062839">
      <ele>5074.0</ele>
    </rtept>
    <rtept lat="27.99215" lon="87.06281">
      <ele>5078.0</ele>
    </rtept>
    <rtept lat="27.992213" lon="87.062744">
      <ele>5078.0</ele>
    </rtept>
    <rtept lat="27.992275" lon="87.062664">
      <ele>5078.0</ele>
    </rtept>
    <rtept lat="27.992324" lon="87.062573">
      <ele>5083.0</ele>
    </rtept>
    <rtept lat="27.992407" lon="87.06254">
      <ele>5090.0</ele>
    </rtept>
    <rtept lat="27.992483" lon="87.062477">
      <ele>5090.0</ele>
    </rtept>
    <rtept lat="27.992491" lon="87.062384">
      <ele>5090.0</ele>
    </rtept>
    <rtept lat="27.992501" lon="87.062278">
      <ele>5090.0</ele>
    </rtept>
    <rtept lat="27.992548" lon="87.062193">
      <ele>5090.0</ele>
    </rtept>
    <rtept lat="27.992617" lon="87.062122">
      <ele>5090.0</ele>
    </rtept>
    <rtept lat="27.992692" lon="87.062059">
      <ele>5095.0</ele>
    </rtept>
    <rtept lat="27.992767" lon="87.061986">
      <ele>5095.0</ele>
    </rtept>
    <rtept lat="27.992766" lon="87.061891">
      <ele>5095.0</ele>
    </rtept>
    <rtept lat="27.992742" lon="87.061785">
      <ele>5085.0</ele>
    </rtept>
    <rtept lat="27.992719" lon="87.061672">
      <ele>5085.0</ele>
    </rtept>
    <rtept lat="27.992665" lon="87.061573">
      <ele>5085.0</ele>
    </rtept>
    <rtept lat="27.992682" lon="87.06148">
      <ele>5079.0</ele>
    </rtept>
    <rtept lat="27.992719" lon="87.061375">
      <ele>5079.0</ele>
    </rtept>
    <rtept lat="27.992756" lon="87.061271">
      <ele>5079.0</ele>
    </rtept>
    <rtept lat="27.992754" lon="87.061166">
      <ele>5071.0</ele>
    </rtept>
    <rtept lat="27.992747" lon="87.061058">
      <ele>5071.0</ele>
    </rtept>
    <rtept lat="27.992768" lon="87.060958">
      <ele>5069.0</ele>
    </rtept>
    <rtept lat="27.992734" lon="87.060872">
      <ele>5069.0</ele>
    </rtept>
    <rtept lat="27.992676" lon="87.060794">
      <ele>5069.0</ele>
    </rtept>
    <rtept lat="27.992612" lon="87.060713">
      <ele>5075.0</ele>
    </rtept>
    <rtept lat="27.992612" lon="87.060713">
      <ele>5075.0</ele>
    </rtept>
    <rtept lat="27.99259" lon="87.060607">
      <ele>5087.0</ele>
    </rtept>
    <rtept lat="27.99259" lon="87.060607">
      <ele>5087.0</ele>
    </rtept>
    <rtept lat="27.992602" lon="87.060483">
      <ele>5087.0</ele>
    </rtept>
    <rtept lat="27.992595" lon="87.060364">
      <ele>5099.0</ele>
    </rtept>
    <rtept lat="27.992613" lon="87.060255">
      <ele>5099.0</ele>
    </rtept>
    <rtept lat="27.992623" lon="87.060182">
      <ele>5099.0</ele>
    </rtept>
    <rtept lat="27.992623" lon="87.060182">
      <ele>5099.0</ele>
    </rtept>
    <rtept lat="27.992564" lon="87.060105">
      <ele>5118.0</ele>
    </rtept>
    <rtept lat="27.992564" lon="87.060105">
      <ele>5118.0</ele>
    </rtept>
    <rtept lat="27.992461" lon="87.060065">
      <ele>5118.0</ele>
    </rtept>
    <rtept lat="27.992421" lon="87.059965">
      <ele>5118.0</ele>
    </rtept>
    <rtept lat="27.992365" lon="87.059853">
      <ele>5125.0</ele>
    </rtept>
    <rtept lat="27.992316" lon="87.059742">
      <ele>5114.0</ele>
    </rtept>
    <rtept lat="27.992268" lon="87.059642">
      <ele>5114.0</ele>
    </rtept>
    <rtept lat="27.992243" lon="87.05957">
      <ele>5120.0</ele>
    </rtept>
    <rtept lat="27.992238" lon="87.059471">
      <ele>5120.0</ele>
    </rtept>
    <rtept lat="27.992198" lon="87.05937">
      <ele>5120.0</ele>
    </rtept>
    <rtept lat="27.992178" lon="87.059265">
      <ele>5132.0</ele>
    </rtept>
    <rtept lat="27.992127" lon="87.059173">
      <ele>5132.0</ele>
    </rtept>
    <rtept lat="27.992049" lon="87.059113">
      <ele>5121.0</ele>
    </rtept>
    <rtept lat="27.991976" lon="87.059047">
      <ele>5121.0</ele>
    </rtept>
    <rtept lat="27.991888" lon="87.059003">
      <ele>5129.0</ele>
    </rtept>
    <rtept lat="27.991802" lon="87.058946">
      <ele>5124.0</ele>
    </rtept>
    <rtept lat="27.991753" lon="87.058861">
      <ele>5124.0</ele>
    </rtept>
    <rtept lat="27.991747" lon="87.058762">
      <ele>5124.0</ele>
    </rtept>
    <rtept lat="27.991752" lon="87.058653">
      <ele>5127.0</ele>
    </rtept>
    <rtept lat="27.991747" lon="87.058534">
      <ele>5127.0</ele>
    </rtept>
    <rtept lat="27.991686" lon="87.058447">
      <ele>5130.0</ele>
    </rtept>
    <rtept lat="27.991595" lon="87.058388">
      <ele>5130.0</ele>
    </rtept>
    <rtept lat="27.991503" lon="87.058331">
      <ele>5124.0</ele>
    </rtept>
    <rtept lat="27.991438" lon="87.058241">
      <ele>5124.0</ele>
    </rtept>
    <rtept lat="27.99142" lon="87.058139">
      <ele>5129.0</ele>
    </rtept>
    <rtept lat="27.991412" lon="87.058034">
      <ele>5129.0</ele>
    </rtept>
    <rtept lat="27.99141" lon="87.057921">
      <ele>5129.0</ele>
    </rtept>
    <rtept lat="27.991409" lon="87.057798">
      <ele>5133.0</ele>
    </rtept>
    <rtept lat="27.991386" lon="87.057682">
      <ele>5133.0</ele>
    </rtept>
    <rtept lat="27.991385" lon="87.057576">
      <ele>5120.0</ele>
    </rtept>
    <rtept lat="27.991372" lon="87.057472">
      <ele>5120.0</ele>
    </rtept>
    <rtept lat="27.991338" lon="87.057372">
      <ele>5120.0</ele>
    </rtept>
    <rtept lat="27.991319" lon="87.05727">
      <ele>5115.0</ele>
    </rtept>
    <rtept lat="27.991336" lon="87.057162">
      <ele>5115.0</ele>
    </rtept>
    <rtept lat="27.991377" lon="87.057064">
      <ele>5100.0</ele>
    </rtept>
    <rtept lat="27.99136" lon="87.057035">
      <ele>5100.0</ele>
    </rtept>
    <rtept lat="27.991422" lon="87.057064">
      <ele>5100.0</ele>
    </rtept>
    <rtept lat="27.991373" lon="87.057072">
      <ele>5100.0</ele>
    </rtept>
    <rtept lat="27.991288" lon="87.057048">
      <ele>5100.0</ele>
    </rtept>
    <rtept lat="27.991228" lon="87.056957">
      <ele>5100.0</ele>
    </rtept>
    <rtept lat="27.99118" lon="87.056849">
      <ele>5100.0</ele>
    </rtept>
    <rtept lat="27.991184" lon="87.056738">
      <ele>5097.0</ele>
    </rtept>
    <rtept lat="27.99121" lon="87.05663">
      <ele>5097.0</ele>
    </rtept>
    <rtept lat="27.991216" lon="87.056515">
      <ele>5101.0</ele>
    </rtept>
    <rtept lat="27.99124" lon="87.0564">
      <ele>5101.0</ele>
    </rtept>
    <rtept lat="27.991274" lon="87.056281">
      <ele>5099.0</ele>
    </rtept>
    <rtept lat="27.991293" lon="87.05616">
      <ele>5107.0</ele>
    </rtept>
    <rtept lat="27.991306" lon="87.05604">
      <ele>5107.0</ele>
    </rtept>
    <rtept lat="27.991328" lon="87.055909">
      <ele>5102.0</ele>
    </rtept>
    <rtept lat="27.991373" lon="87.055786">
      <ele>5102.0</ele>
    </rtept>
    <rtept lat="27.991414" lon="87.055684">
      <ele>5104.0</ele>
    </rtept>
    <rtept lat="27.991437" lon="87.055583">
      <ele>5104.0</ele>
    </rtept>
    <rtept lat="27.991451" lon="87.055477">
      <ele>5104.0</ele>
    </rtept>
    <rtept lat="27.991466" lon="87.055363">
      <ele>5104.0</ele>
    </rtept>
    <rtept lat="27.991449" lon="87.055252">
      <ele>5104.0</ele>
    </rtept>
    <rtept lat="27.991445" lon="87.055143">
      <ele>5104.0</ele>
    </rtept>
    <rtept lat="27.99147" lon="87.055041">
      <ele>5104.0</ele>
    </rtept>
    <rtept lat="27.991505" lon="87.054935">
      <ele>5104.0</ele>
    </rtept>
    <rtept lat="27.991548" lon="87.054834">
      <ele>5106.0</ele>
    </rtept>
    <rtept lat="27.991598" lon="87.054743">
      <ele>5106.0</ele>
    </rtept>
    <rtept lat="27.991664" lon="87.05467">
      <ele>5106.0</ele>
    </rtept>
    <rtept lat="27.99173" lon="87.054583">
      <ele>5105.0</ele>
    </rtept>
    <rtept lat="27.991777" lon="87.054472">
      <ele>5105.0</ele>
    </rtept>
    <rtept lat="27.991814" lon="87.054354">
      <ele>5103.0</ele>
    </rtept>
    <rtept lat="27.991836" lon="87.054236">
      <ele>5106.0</ele>
    </rtept>
    <rtept lat="27.991845" lon="87.054115">
      <ele>5106.0</ele>
    </rtept>
    <rtept lat="27.991851" lon="87.054002">
      <ele>5119.0</ele>
    </rtept>
    <rtept lat="27.991852" lon="87.053897">
      <ele>5119.0</ele>
    </rtept>
    <rtept lat="27.991865" lon="87.053792">
      <ele>5119.0</ele>
    </rtept>
    <rtept lat="27.991879" lon="87.05369">
      <ele>5120.0</ele>
    </rtept>
    <rtept lat="27.991899" lon="87.053577">
      <ele>5120.0</ele>
    </rtept>
    <rtept lat="27.991916" lon="87.053472">
      <ele>5121.0</ele>
    </rtept>
    <rtept lat="27.991948" lon="87.053375">
      <ele>5121.0</ele>
    </rtept>
    <rtept lat="27.991995" lon="87.053274">
      <ele>5121.0</ele>
    </rtept>
    <rtept lat="27.992032" lon="87.053167">
      <ele>5118.0</ele>
    </rtept>
    <rtept lat="27.992051" lon="87.053059">
      <ele>5118.0</ele>
    </rtept>
    <rtept lat="27.992063" lon="87.052952">
      <ele>5118.0</ele>
    </rtept>
    <rtept lat="27.992087" lon="87.052848">
      <ele>5118.0</ele>
    </rtept>
    <rtept lat="27.99211" lon="87.052735">
      <ele>5118.0</ele>
    </rtept>
    <rtept lat="27.992131" lon="87.052628">
      <ele>5122.0</ele>
    </rtept>
    <rtept lat="27.992129" lon="87.052513">
      <ele>5122.0</ele>
    </rtept>
    <rtept lat="27.992125" lon="87.0524">
      <ele>5122.0</ele>
    </rtept>
    <rtept lat="27.992143" lon="87.052294">
      <ele>5123.0</ele>
    </rtept>
    <rtept lat="27.992129" lon="87.052189">
      <ele>5123.0</ele>
    </rtept>
    <rtept lat="27.992101" lon="87.052089">
      <ele>5123.0</ele>
    </rtept>
    <rtept lat="27.992102" lon="87.051975">
      <ele>5123.0</ele>
    </rtept>
    <rtept lat="27.992106" lon="87.051868">
      <ele>5123.0</ele>
    </rtept>
    <rtept lat="27.992104" lon="87.051761">
      <ele>5120.0</ele>
    </rtept>
    <rtept lat="27.99211" lon="87.051657">
      <ele>5120.0</ele>
    </rtept>
    <rtept lat="27.992117" lon="87.051553">
      <ele>5120.0</ele>
    </rtept>
    <rtept lat="27.992129" lon="87.051444">
      <ele>5122.0</ele>
    </rtept>
    <rtept lat="27.992158" lon="87.051331">
      <ele>5122.0</ele>
    </rtept>
    <rtept lat="27.992186" lon="87.051227">
      <ele>5128.0</ele>
    </rtept>
    <rtept lat="27.992201" lon="87.051112">
      <ele>5128.0</ele>
    </rtept>
    <rtept lat="27.992219" lon="87.050992">
      <ele>5128.0</ele>
    </rtept>
    <rtept lat="27.992248" lon="87.050889">
      <ele>5127.0</ele>
    </rtept>
    <rtept lat="27.992284" lon="87.050778">
      <ele>5127.0</ele>
    </rtept>
    <rtept lat="27.992291" lon="87.050663">
      <ele>5132.0</ele>
    </rtept>
    <rtept lat="27.992306" lon="87.05056">
      <ele>5132.0</ele>
    </rtept>
    <rtept lat="27.99229" lon="87.050461">
      <ele>5132.0</ele>
    </rtept>
    <rtept lat="27.992301" lon="87.050354">
      <ele>5131.0</ele>
    </rtept>
    <rtept lat="27.992305" lon="87.050244">
      <ele>5131.0</ele>
    </rtept>
    <rtept lat="27.992283" lon="87.050162">
      <ele>5131.0</ele>
    </rtept>
    <rtept lat="27.992283" lon="87.050162">
      <ele>5131.0</ele>
    </rtept>
    <rtept lat="27.992283" lon="87.050162">
      <ele>5131.0</ele>
    </rtept>
    <rtept lat="27.992283" lon="87.050162">
      <ele>5131.0</ele>
    </rtept>
    <rtept lat="27.992307" lon="87.050067">
      <ele>5132.0</ele>
    </rtept>
    <rtept lat="27.992307" lon="87.050067">
      <ele>5132.0</ele>
    </rtept>
    <rtept lat="27.992333" lon="87.049942">
      <ele>5132.0</ele>
    </rtept>
    <rtept lat="27.992357" lon="87.049833">
      <ele>5134.0</ele>
    </rtept>
    <rtept lat="27.992378" lon="87.04972">
      <ele>5127.0</ele>
    </rtept>
    <rtept lat="27.992383" lon="87.049597">
      <ele>5127.0</ele>
    </rtept>
    <rtept lat="27.992387" lon="87.049483">
      <ele>5130.0</ele>
    </rtept>
    <rtept lat="27.992391" lon="87.049366">
      <ele>5130.0</ele>
    </rtept>
    <rtept lat="27.992383" lon="87.049246">
      <ele>5132.0</ele>
    </rtept>
    <rtept lat="27.992366" lon="87.049136">
      <ele>5132.0</ele>
    </rtept>
    <rtept lat="27.992353" lon="87.049024">
      <ele>5134.0</ele>
    </rtept>
    <rtept lat="27.992342" lon="87.048909">
      <ele>5134.0</ele>
    </rtept>
    <rtept lat="27.992327" lon="87.04879">
      <ele>5134.0</ele>
    </rtept>
    <rtept lat="27.992326" lon="87.048672">
      <ele>5138.0</ele>
    </rtept>
    <rtept lat="27.992332" lon="87.048559">
      <ele>5138.0</ele>
    </rtept>
    <rtept lat="27.992343" lon="87.04845">
      <ele>5138.0</ele>
    </rtept>
    <rtept lat="27.992365" lon="87.048341">
      <ele>5136.0</ele>
    </rtept>
    <rtept lat="27.992378" lon="87.048238">
      <ele>5136.0</ele>
    </rtept>
    <rtept lat="27.992379" lon="87.048135">
      <ele>5134.0</ele>
    </rtept>
    <rtept lat="27.99238" lon="87.048028">
      <ele>5134.0</ele>
    </rtept>
    <rtept lat="27.992375" lon="87.047915">
      <ele>5132.0</ele>
    </rtept>
    <rtept lat="27.992343" lon="87.047809">
      <ele>5139.0</ele>
    </rtept>
    <rtept lat="27.992311" lon="87.047704">
      <ele>5139.0</ele>
    </rtept>
    <rtept lat="27.992293" lon="87.047597">
      <ele>5144.0</ele>
    </rtept>
    <rtept lat="27.992293" lon="87.047493">
      <ele>5144.0</ele>
    </rtept>
    <rtept lat="27.992298" lon="87.04739">
      <ele>5144.0</ele>
    </rtept>
    <rtept lat="27.992346" lon="87.047298">
      <ele>5143.0</ele>
    </rtept>
    <rtept lat="27.992366" lon="87.047192">
      <ele>5133.0</ele>
    </rtept>
    <rtept lat="27.992407" lon="87.047092">
      <ele>5133.0</ele>
    </rtept>
    <rtept lat="27.99241" lon="87.046991">
      <ele>5138.0</ele>
    </rtept>
    <rtept lat="27.992399" lon="87.046889">
      <ele>5138.0</ele>
    </rtept>
    <rtept lat="27.99241" lon="87.046788">
      <ele>5139.0</ele>
    </rtept>
    <rtept lat="27.99241" lon="87.046788">
      <ele>5139.0</ele>
    </rtept>
    <rtept lat="27.992421" lon="87.046666">
      <ele>5139.0</ele>
    </rtept>
    <rtept lat="27.992421" lon="87.046666">
      <ele>5139.0</ele>
    </rtept>
    <rtept lat="27.992506" lon="87.04659">
      <ele>5139.0</ele>
    </rtept>
    <rtept lat="27.992505" lon="87.046479">
      <ele>5135.0</ele>
    </rtept>
    <rtept lat="27.992503" lon="87.046362">
      <ele>5135.0</ele>
    </rtept>
    <rtept lat="27.99249" lon="87.046252">
      <ele>5135.0</ele>
    </rtept>
    <rtept lat="27.992508" lon="87.046142">
      <ele>5138.0</ele>
    </rtept>
    <rtept lat="27.992525" lon="87.046035">
      <ele>5138.0</ele>
    </rtept>
    <rtept lat="27.99253" lon="87.045928">
      <ele>5141.0</ele>
    </rtept>
    <rtept lat="27.99256" lon="87.045818">
      <ele>5141.0</ele>
    </rtept>
    <rtept lat="27.992614" lon="87.045731">
      <ele>5141.0</ele>
    </rtept>
    <rtept lat="27.992628" lon="87.045621">
      <ele>5147.0</ele>
    </rtept>
    <rtept lat="27.992665" lon="87.045528">
      <ele>5143.0</ele>
    </rtept>
    <rtept lat="27.992703" lon="87.045436">
      <ele>5143.0</ele>
    </rtept>
    <rtept lat="27.992715" lon="87.045334">
      <ele>5148.0</ele>
    </rtept>
    <rtept lat="27.992714" lon="87.045229">
      <ele>5148.0</ele>
    </rtept>
    <rtept lat="27.992714" lon="87.045124">
      <ele>5145.0</ele>
    </rtept>
    <rtept lat="27.992739" lon="87.045024">
      <ele>5145.0</ele>
    </rtept>
    <rtept lat="27.992774" lon="87.044912">
      <ele>5145.0</ele>
    </rtept>
    <rtept lat="27.992812" lon="87.044798">
      <ele>5141.0</ele>
    </rtept>
    <rtept lat="27.99286" lon="87.044688">
      <ele>5141.0</ele>
    </rtept>
    <rtept lat="27.992856" lon="87.044635">
      <ele>5141.0</ele>
    </rtept>
    <rtept lat="27.992887" lon="87.044551">
      <ele>5146.0</ele>
    </rtept>
    <rtept lat="27.992929" lon="87.044453">
      <ele>5146.0</ele>
    </rtept>
    <rtept lat="27.992981" lon="87.044346">
      <ele>5146.0</ele>
    </rtept>
    <rtept lat="27.993006" lon="87.044227">
      <ele>5147.0</ele>
    </rtept>
    <rtept lat="27.993042" lon="87.044112">
      <ele>5147.0</ele>
    </rtept>
    <rtept lat="27.993071" lon="87.043997">
      <ele>5146.0</ele>
    </rtept>
    <rtept lat="27.993086" lon="87.043892">
      <ele>5146.0</ele>
    </rtept>
    <rtept lat="27.993102" lon="87.04379">
      <ele>5146.0</ele>
    </rtept>
    <rtept lat="27.993133" lon="87.04368">
      <ele>5142.0</ele>
    </rtept>
    <rtept lat="27.993169" lon="87.043573">
      <ele>5142.0</ele>
    </rtept>
    <rtept lat="27.993196" lon="87.043467">
      <ele>5146.0</ele>
    </rtept>
    <rtept lat="27.993235" lon="87.043363">
      <ele>5146.0</ele>
    </rtept>
    <rtept lat="27.99327" lon="87.043262">
      <ele>5146.0</ele>
    </rtept>
    <rtept lat="27.99329" lon="87.043155">
      <ele>5142.0</ele>
    </rtept>
    <rtept lat="27.993322" lon="87.043046">
      <ele>5142.0</ele>
    </rtept>
    <rtept lat="27.993351" lon="87.042937">
      <ele>5142.0</ele>
    </rtept>
    <rtept lat="27.99338" lon="87.042832">
      <ele>5150.0</ele>
    </rtept>
    <rtept lat="27.993404" lon="87.042753">
      <ele>5150.0</ele>
    </rtept>
    <rtept lat="27.993432" lon="87.042657">
      <ele>5150.0</ele>
    </rtept>
    <rtept lat="27.993468" lon="87.042562">
      <ele>5153.0</ele>
    </rtept>
    <rtept lat="27.993482" lon="87.042448">
      <ele>5160.0</ele>
    </rtept>
    <rtept lat="27.993484" lon="87.042338">
      <ele>5177.0</ele>
    </rtept>
    <rtept lat="27.993478" lon="87.042221">
      <ele>5177.0</ele>
    </rtept>
    <rtept lat="27.993462" lon="87.042109">
      <ele>5156.0</ele>
    </rtept>
    <rtept lat="27.993456" lon="87.041992">
      <ele>5169.0</ele>
    </rtept>
    <rtept lat="27.99343" lon="87.041879">
      <ele>5169.0</ele>
    </rtept>
    <rtept lat="27.993394" lon="87.041772">
      <ele>5162.0</ele>
    </rtept>
    <rtept lat="27.993341" lon="87.041665">
      <ele>5162.0</ele>
    </rtept>
    <rtept lat="27.993295" lon="87.041565">
      <ele>5162.0</ele>
    </rtept>
    <rtept lat="27.993249" lon="87.041469">
      <ele>5169.0</ele>
    </rtept>
    <rtept lat="27.993211" lon="87.041362">
      <ele>5169.0</ele>
    </rtept>
    <rtept lat="27.993182" lon="87.041248">
      <ele>5166.0</ele>
    </rtept>
    <rtept lat="27.993149" lon="87.04114">
      <ele>5166.0</ele>
    </rtept>
    <rtept lat="27.993123" lon="87.041034">
      <ele>5166.0</ele>
    </rtept>
    <rtept lat="27.993098" lon="87.040934">
      <ele>5167.0</ele>
    </rtept>
    <rtept lat="27.993071" lon="87.040828">
      <ele>5167.0</ele>
    </rtept>
    <rtept lat="27.993045" lon="87.040724">
      <ele>5167.0</ele>
    </rtept>
    <rtept lat="27.993017" lon="87.040611">
      <ele>5170.0</ele>
    </rtept>
    <rtept lat="27.99299" lon="87.040508">
      <ele>5170.0</ele>
    </rtept>
    <rtept lat="27.99295" lon="87.040409">
      <ele>5177.0</ele>
    </rtept>
    <rtept lat="27.992928" lon="87.040305">
      <ele>5177.0</ele>
    </rtept>
    <rtept lat="27.992941" lon="87.040203">
      <ele>5177.0</ele>
    </rtept>
    <rtept lat="27.992952" lon="87.0401">
      <ele>5178.0</ele>
    </rtept>
    <rtept lat="27.992968" lon="87.039995">
      <ele>5178.0</ele>
    </rtept>
    <rtept lat="27.99299" lon="87.039882">
      <ele>5178.0</ele>
    </rtept>
    <rtept lat="27.992998" lon="87.039771">
      <ele>5177.0</ele>
    </rtept>
    <rtept lat="27.992999" lon="87.039657">
      <ele>5177.0</ele>
    </rtept>
    <rtept lat="27.992999" lon="87.039547">
      <ele>5176.0</ele>
    </rtept>
    <rtept lat="27.992988" lon="87.039436">
      <ele>5176.0</ele>
    </rtept>
    <rtept lat="27.99298" lon="87.039331">
      <ele>5176.0</ele>
    </rtept>
    <rtept lat="27.992976" lon="87.039217">
      <ele>5178.0</ele>
    </rtept>
    <rtept lat="27.992975" lon="87.039106">
      <ele>5178.0</ele>
    </rtept>
    <rtept lat="27.992981" lon="87.03899">
      <ele>5180.0</ele>
    </rtept>
    <rtept lat="27.992992" lon="87.038883">
      <ele>5180.0</ele>
    </rtept>
    <rtept lat="27.993042" lon="87.038793">
      <ele>5180.0</ele>
    </rtept>
    <rtept lat="27.99308" lon="87.038695">
      <ele>5184.0</ele>
    </rtept>
    <rtept lat="27.993101" lon="87.038587">
      <ele>5184.0</ele>
    </rtept>
    <rtept lat="27.993091" lon="87.038484">
      <ele>5184.0</ele>
    </rtept>
    <rtept lat="27.993085" lon="87.038369">
      <ele>5182.0</ele>
    </rtept>
    <rtept lat="27.993087" lon="87.038253">
      <ele>5182.0</ele>
    </rtept>
    <rtept lat="27.993103" lon="87.038136">
      <ele>5181.0</ele>
    </rtept>
    <rtept lat="27.993116" lon="87.038018">
      <ele>5181.0</ele>
    </rtept>
    <rtept lat="27.993123" lon="87.037897">
      <ele>5185.0</ele>
    </rtept>
    <rtept lat="27.993142" lon="87.037827">
      <ele>5185.0</ele>
    </rtept>
    <rtept lat="27.993142" lon="87.037827">
      <ele>5185.0</ele>
    </rtept>
    <rtept lat="27.993142" lon="87.037827">
      <ele>5185.0</ele>
    </rtept>
    <rtept lat="27.993142" lon="87.037827">
      <ele>5185.0</ele>
    </rtept>
    <rtept lat="27.993142" lon="87.037827">
      <ele>5185.0</ele>
    </rtept>
    <rtept lat="27.993142" lon="87.037827">
      <ele>5185.0</ele>
    </rtept>
    <rtept lat="27.993146" lon="87.03773">
      <ele>5185.0</ele>
    </rtept>
    <rtept lat="27.993146" lon="87.03773">
      <ele>5185.0</ele>
    </rtept>
    <rtept lat="27.993147" lon="87.03762">
      <ele>5186.0</ele>
    </rtept>
    <rtept lat="27.993159" lon="87.037514">
      <ele>5186.0</ele>
    </rtept>
    <rtept lat="27.993177" lon="87.037402">
      <ele>5186.0</ele>
    </rtept>
    <rtept lat="27.993184" lon="87.037286">
      <ele>5183.0</ele>
    </rtept>
    <rtept lat="27.993202" lon="87.037172">
      <ele>5186.0</ele>
    </rtept>
    <rtept lat="27.993211" lon="87.037051">
      <ele>5192.0</ele>
    </rtept>
    <rtept lat="27.993215" lon="87.036933">
      <ele>5192.0</ele>
    </rtept>
    <rtept lat="27.993206" lon="87.036824">
      <ele>5192.0</ele>
    </rtept>
    <rtept lat="27.993196" lon="87.036712">
      <ele>5193.0</ele>
    </rtept>
    <rtept lat="27.993191" lon="87.036603">
      <ele>5192.0</ele>
    </rtept>
    <rtept lat="27.993201" lon="87.036482">
      <ele>5195.0</ele>
    </rtept>
    <rtept lat="27.993211" lon="87.036367">
      <ele>5195.0</ele>
    </rtept>
    <rtept lat="27.993232" lon="87.03626">
      <ele>5195.0</ele>
    </rtept>
    <rtept lat="27.993235" lon="87.036157">
      <ele>5192.0</ele>
    </rtept>
    <rtept lat="27.993239" lon="87.036039">
      <ele>5192.0</ele>
    </rtept>
    <rtept lat="27.993242" lon="87.035931">
      <ele>5191.0</ele>
    </rtept>
    <rtept lat="27.993242" lon="87.035817">
      <ele>5191.0</ele>
    </rtept>
    <rtept lat="27.993276" lon="87.035709">
      <ele>5191.0</ele>
    </rtept>
    <rtept lat="27.99332" lon="87.035614">
      <ele>5189.0</ele>
    </rtept>
    <rtept lat="27.99337" lon="87.035518">
      <ele>5189.0</ele>
    </rtept>
    <rtept lat="27.993402" lon="87.035416">
      <ele>5190.0</ele>
    </rtept>
    <rtept lat="27.99343" lon="87.035311">
      <ele>5190.0</ele>
    </rtept>
    <rtept lat="27.993453" lon="87.0352">
      <ele>5190.0</ele>
    </rtept>
    <rtept lat="27.993478" lon="87.035092">
      <ele>5206.0</ele>
    </rtept>
    <rtept lat="27.99349" lon="87.034981">
      <ele>5206.0</ele>
    </rtept>
    <rtept lat="27.993498" lon="87.034876">
      <ele>5206.0</ele>
    </rtept>
    <rtept lat="27.993505" lon="87.03477">
      <ele>5207.0</ele>
    </rtept>
    <rtept lat="27.993513" lon="87.034662">
      <ele>5207.0</ele>
    </rtept>
    <rtept lat="27.993506" lon="87.034553">
      <ele>5208.0</ele>
    </rtept>
    <rtept lat="27.993499" lon="87.034438">
      <ele>5208.0</ele>
    </rtept>
    <rtept lat="27.993498" lon="87.034327">
      <ele>5208.0</ele>
    </rtept>
    <rtept lat="27.993496" lon="87.034208">
      <ele>5207.0</ele>
    </rtept>
    <rtept lat="27.993503" lon="87.034087">
      <ele>5207.0</ele>
    </rtept>
    <rtept lat="27.993514" lon="87.033967">
      <ele>5208.0</ele>
    </rtept>
    <rtept lat="27.993503" lon="87.033856">
      <ele>5208.0</ele>
    </rtept>
    <rtept lat="27.993491" lon="87.033751">
      <ele>5208.0</ele>
    </rtept>
    <rtept lat="27.993494" lon="87.033642">
      <ele>5209.0</ele>
    </rtept>
    <rtept lat="27.993487" lon="87.03353">
      <ele>5209.0</ele>
    </rtept>
    <rtept lat="27.993479" lon="87.03341">
      <ele>5206.0</ele>
    </rtept>
    <rtept lat="27.993475" lon="87.0333">
      <ele>5206.0</ele>
    </rtept>
    <rtept lat="27.993478" lon="87.033185">
      <ele>5207.0</ele>
    </rtept>
    <rtept lat="27.993485" lon="87.033071">
      <ele>5207.0</ele>
    </rtept>
    <rtept lat="27.993514" lon="87.032967">
      <ele>5207.0</ele>
    </rtept>
    <rtept lat="27.993534" lon="87.032852">
      <ele>5209.0</ele>
    </rtept>
    <rtept lat="27.993541" lon="87.032733">
      <ele>5209.0</ele>
    </rtept>
    <rtept lat="27.993541" lon="87.032652">
      <ele>5209.0</ele>
    </rtept>
    <rtept lat="27.993577" lon="87.03257">
      <ele>5205.0</ele>
    </rtept>
    <rtept lat="27.993591" lon="87.032474">
      <ele>5205.0</ele>
    </rtept>
    <rtept lat="27.993593" lon="87.032361">
      <ele>5205.0</ele>
    </rtept>
    <rtept lat="27.993572" lon="87.032256">
      <ele>5208.0</ele>
    </rtept>
    <rtept lat="27.993554" lon="87.032148">
      <ele>5208.0</ele>
    </rtept>
    <rtept lat="27.993555" lon="87.032026">
      <ele>5213.0</ele>
    </rtept>
    <rtept lat="27.993565" lon="87.031916">
      <ele>5213.0</ele>
    </rtept>
    <rtept lat="27.993567" lon="87.031797">
      <ele>5216.0</ele>
    </rtept>
    <rtept lat="27.993556" lon="87.031682">
      <ele>5216.0</ele>
    </rtept>
    <rtept lat="27.993544" lon="87.031571">
      <ele>5216.0</ele>
    </rtept>
    <rtept lat="27.993541" lon="87.031468">
      <ele>5215.0</ele>
    </rtept>
    <rtept lat="27.993568" lon="87.031364">
      <ele>5215.0</ele>
    </rtept>
    <rtept lat="27.99361" lon="87.031264">
      <ele>5215.0</ele>
    </rtept>
    <rtept lat="27.993629" lon="87.03116">
      <ele>5216.0</ele>
    </rtept>
    <rtept lat="27.993649" lon="87.031057">
      <ele>5216.0</ele>
    </rtept>
    <rtept lat="27.993685" lon="87.03095">
      <ele>5217.0</ele>
    </rtept>
    <rtept lat="27.993702" lon="87.030846">
      <ele>5217.0</ele>
    </rtept>
    <rtept lat="27.993722" lon="87.030736">
      <ele>5217.0</ele>
    </rtept>
    <rtept lat="27.993731" lon="87.030631">
      <ele>5214.0</ele>
    </rtept>
    <rtept lat="27.993722" lon="87.030527">
      <ele>5214.0</ele>
    </rtept>
    <rtept lat="27.993715" lon="87.030425">
      <ele>5214.0</ele>
    </rtept>
    <rtept lat="27.993714" lon="87.030313">
      <ele>5217.0</ele>
    </rtept>
    <rtept lat="27.99371" lon="87.030204">
      <ele>5217.0</ele>
    </rtept>
    <rtept lat="27.99371" lon="87.030096">
      <ele>5218.0</ele>
    </rtept>
    <rtept lat="27.993719" lon="87.029983">
      <ele>5218.0</ele>
    </rtept>
    <rtept lat="27.993738" lon="87.029873">
      <ele>5218.0</ele>
    </rtept>
    <rtept lat="27.993745" lon="87.029761">
      <ele>5220.0</ele>
    </rtept>
    <rtept lat="27.993761" lon="87.029657">
      <ele>5226.0</ele>
    </rtept>
    <rtept lat="27.993769" lon="87.029548">
      <ele>5230.0</ele>
    </rtept>
    <rtept lat="27.993787" lon="87.029434">
      <ele>5230.0</ele>
    </rtept>
    <rtept lat="27.99382" lon="87.02932">
      <ele>5230.0</ele>
    </rtept>
    <rtept lat="27.993862" lon="87.029223">
      <ele>5236.0</ele>
    </rtept>
    <rtept lat="27.993899" lon="87.029129">
      <ele>5236.0</ele>
    </rtept>
    <rtept lat="27.993955" lon="87.029036">
      <ele>5236.0</ele>
    </rtept>
    <rtept lat="27.993984" lon="87.028932">
      <ele>5236.0</ele>
    </rtept>
    <rtept lat="27.994022" lon="87.028836">
      <ele>5236.0</ele>
    </rtept>
    <rtept lat="27.994073" lon="87.028745">
      <ele>5235.0</ele>
    </rtept>
    <rtept lat="27.994119" lon="87.028655">
      <ele>5235.0</ele>
    </rtept>
    <rtept lat="27.994176" lon="87.028564">
      <ele>5235.0</ele>
    </rtept>
    <rtept lat="27.994227" lon="87.028467">
      <ele>5237.0</ele>
    </rtept>
    <rtept lat="27.994234" lon="87.028362">
      <ele>5237.0</ele>
    </rtept>
    <rtept lat="27.994243" lon="87.028259">
      <ele>5237.0</ele>
    </rtept>
    <rtept lat="27.994244" lon="87.028145">
      <ele>5239.0</ele>
    </rtept>
    <rtept lat="27.994241" lon="87.028036">
      <ele>5239.0</ele>
    </rtept>
    <rtept lat="27.994233" lon="87.027925">
      <ele>5239.0</ele>
    </rtept>
    <rtept lat="27.994223" lon="87.027818">
      <ele>5235.0</ele>
    </rtept>
    <rtept lat="27.994263" lon="87.027727">
      <ele>5235.0</ele>
    </rtept>
    <rtept lat="27.99433" lon="87.027647">
      <ele>5241.0</ele>
    </rtept>
    <rtept lat="27.994402" lon="87.027573">
      <ele>5238.0</ele>
    </rtept>
    <rtept lat="27.994464" lon="87.027494">
      <ele>5238.0</ele>
    </rtept>
    <rtept lat="27.994511" lon="87.027394">
      <ele>5238.0</ele>
    </rtept>
    <rtept lat="27.994577" lon="87.0273">
      <ele>5234.0</ele>
    </rtept>
    <rtept lat="27.994642" lon="87.027207">
      <ele>5245.0</ele>
    </rtept>
    <rtept lat="27.994684" lon="87.027098">
      <ele>5245.0</ele>
    </rtept>
    <rtept lat="27.994725" lon="87.026991">
      <ele>5244.0</ele>
    </rtept>
    <rtept lat="27.994767" lon="87.026896">
      <ele>5244.0</ele>
    </rtept>
    <rtept lat="27.994804" lon="87.026798">
      <ele>5248.0</ele>
    </rtept>
    <rtept lat="27.994828" lon="87.026684">
      <ele>5248.0</ele>
    </rtept>
    <rtept lat="27.994853" lon="87.026578">
      <ele>5248.0</ele>
    </rtept>
    <rtept lat="27.994896" lon="87.026488">
      <ele>5271.0</ele>
    </rtept>
    <rtept lat="27.994918" lon="87.026388">
      <ele>5271.0</ele>
    </rtept>
    <rtept lat="27.994914" lon="87.026286">
      <ele>5271.0</ele>
    </rtept>
    <rtept lat="27.994898" lon="87.026178">
      <ele>5266.0</ele>
    </rtept>
    <rtept lat="27.994876" lon="87.026068">
      <ele>5266.0</ele>
    </rtept>
    <rtept lat="27.994889" lon="87.025961">
      <ele>5260.0</ele>
    </rtept>
    <rtept lat="27.99491" lon="87.025856">
      <ele>5260.0</ele>
    </rtept>
    <rtept lat="27.994927" lon="87.025744">
      <ele>5260.0</ele>
    </rtept>
    <rtept lat="27.994949" lon="87.025628">
      <ele>5256.0</ele>
    </rtept>
    <rtept lat="27.994979" lon="87.025525">
      <ele>5256.0</ele>
    </rtept>
    <rtept lat="27.995025" lon="87.025426">
      <ele>5256.0</ele>
    </rtept>
    <rtept lat="27.995073" lon="87.025332">
      <ele>5252.0</ele>
    </rtept>
    <rtept lat="27.995116" lon="87.025238">
      <ele>5252.0</ele>
    </rtept>
    <rtept lat="27.995169" lon="87.025153">
      <ele>5259.0</ele>
    </rtept>
    <rtept lat="27.995222" lon="87.025066">
      <ele>5250.0</ele>
    </rtept>
    <rtept lat="27.995242" lon="87.024958">
      <ele>5250.0</ele>
    </rtept>
    <rtept lat="27.995312" lon="87.024917">
      <ele>5250.0</ele>
    </rtept>
    <rtept lat="27.99534" lon="87.024832">
      <ele>5246.0</ele>
    </rtept>
    <rtept lat="27.995329" lon="87.024721">
      <ele>5246.0</ele>
    </rtept>
    <rtept lat="27.995332" lon="87.024612">
      <ele>5246.0</ele>
    </rtept>
    <rtept lat="27.995331" lon="87.024506">
      <ele>5244.0</ele>
    </rtept>
    <rtept lat="27.995349" lon="87.024467">
      <ele>5244.0</ele>
    </rtept>
    <rtept lat="27.995309" lon="87.024393">
      <ele>5244.0</ele>
    </rtept>
    <rtept lat="27.995356" lon="87.024324">
      <ele>5244.0</ele>
    </rtept>
    <rtept lat="27.99541" lon="87.024239">
      <ele>5250.0</ele>
    </rtept>
    <rtept lat="27.995442" lon="87.024138">
      <ele>5253.0</ele>
    </rtept>
    <rtept lat="27.995496" lon="87.024051">
      <ele>5253.0</ele>
    </rtept>
    <rtept lat="27.995564" lon="87.02397">
      <ele>5255.0</ele>
    </rtept>
    <rtept lat="27.995626" lon="87.023879">
      <ele>5255.0</ele>
    </rtept>
    <rtept lat="27.995683" lon="87.023779">
      <ele>5255.0</ele>
    </rtept>
    <rtept lat="27.995751" lon="87.023675">
      <ele>5266.0</ele>
    </rtept>
    <rtept lat="27.995817" lon="87.02359">
      <ele>5266.0</ele>
    </rtept>
    <rtept lat="27.995855" lon="87.02349">
      <ele>5266.0</ele>
    </rtept>
    <rtept lat="27.995913" lon="87.023389">
      <ele>5268.0</ele>
    </rtept>
    <rtept lat="27.995948" lon="87.023328">
      <ele>5268.0</ele>
    </rtept>
    <rtept lat="27.995887" lon="87.023295">
      <ele>5268.0</ele>
    </rtept>
    <rtept lat="27.995814" lon="87.023226">
      <ele>5268.0</ele>
    </rtept>
    <rtept lat="27.995832" lon="87.023134">
      <ele>5255.0</ele>
    </rtept>
    <rtept lat="27.995874" lon="87.023016">
      <ele>5255.0</ele>
    </rtept>
    <rtept lat="27.995904" lon="87.022906">
      <ele>5248.0</ele>
    </rtept>
    <rtept lat="27.995936" lon="87.022799">
      <ele>5248.0</ele>
    </rtept>
    <rtept lat="27.996024" lon="87.022739">
      <ele>5257.0</ele>
    </rtept>
    <rtept lat="27.996074" lon="87.022628">
      <ele>5256.0</ele>
    </rtept>
    <rtept lat="27.996094" lon="87.022578">
      <ele>5256.0</ele>
    </rtept>
    <rtept lat="27.996074" lon="87.022482">
      <ele>5256.0</ele>
    </rtept>
    <rtept lat="27.996068" lon="87.022373">
      <ele>5256.0</ele>
    </rtept>
    <rtept lat="27.996077" lon="87.022262">
      <ele>5256.0</ele>
    </rtept>
    <rtept lat="27.996078" lon="87.022153">
      <ele>5256.0</ele>
    </rtept>
    <rtept lat="27.996126" lon="87.022068">
      <ele>5251.0</ele>
    </rtept>
    <rtept lat="27.996175" lon="87.021981">
      <ele>5251.0</ele>
    </rtept>
    <rtept lat="27.99623" lon="87.021897">
      <ele>5251.0</ele>
    </rtept>
    <rtept lat="27.996296" lon="87.021817">
      <ele>5248.0</ele>
    </rtept>
    <rtept lat="27.996364" lon="87.021742">
      <ele>5244.0</ele>
    </rtept>
    <rtept lat="27.996439" lon="87.021668">
      <ele>5244.0</ele>
    </rtept>
    <rtept lat="27.996513" lon="87.02159">
      <ele>5244.0</ele>
    </rtept>
    <rtept lat="27.996589" lon="87.021495">
      <ele>5248.0</ele>
    </rtept>
    <rtept lat="27.996607" lon="87.021458">
      <ele>5248.0</ele>
    </rtept>
    <rtept lat="27.996638" lon="87.021374">
      <ele>5248.0</ele>
    </rtept>
    <rtept lat="27.996693" lon="87.021329">
      <ele>5248.0</ele>
    </rtept>
    <rtept lat="27.996774" lon="87.021272">
      <ele>5248.0</ele>
    </rtept>
    <rtept lat="27.996875" lon="87.02123">
      <ele>5265.0</ele>
    </rtept>
    <rtept lat="27.996972" lon="87.021195">
      <ele>5265.0</ele>
    </rtept>
    <rtept lat="27.997069" lon="87.021144">
      <ele>5265.0</ele>
    </rtept>
    <rtept lat="27.997163" lon="87.021085">
      <ele>5267.0</ele>
    </rtept>
    <rtept lat="27.997257" lon="87.02102">
      <ele>5267.0</ele>
    </rtept>
    <rtept lat="27.997323" lon="87.020928">
      <ele>5277.0</ele>
    </rtept>
    <rtept lat="27.997392" lon="87.020848">
      <ele>5270.0</ele>
    </rtept>
    <rtept lat="27.997431" lon="87.020755">
      <ele>5270.0</ele>
    </rtept>
    <rtept lat="27.997486" lon="87.02067">
      <ele>5272.0</ele>
    </rtept>
    <rtept lat="27.997554" lon="87.020581">
      <ele>5272.0</ele>
    </rtept>
    <rtept lat="27.997573" lon="87.02048">
      <ele>5272.0</ele>
    </rtept>
    <rtept lat="27.997611" lon="87.020381">
      <ele>5272.0</ele>
    </rtept>
    <rtept lat="27.997647" lon="87.020276">
      <ele>5271.0</ele>
    </rtept>
    <rtept lat="27.997694" lon="87.020161">
      <ele>5271.0</ele>
    </rtept>
    <rtept lat="27.997742" lon="87.020052">
      <ele>5273.0</ele>
    </rtept>
    <rtept lat="27.997806" lon="87.019975">
      <ele>5273.0</ele>
    </rtept>
    <rtept lat="27.99788" lon="87.019915">
      <ele>5273.0</ele>
    </rtept>
    <rtept lat="27.99797" lon="87.019885">
      <ele>5277.0</ele>
    </rtept>
    <rtept lat="27.998039" lon="87.019815">
      <ele>5277.0</ele>
    </rtept>
    <rtept lat="27.998119" lon="87.019761">
      <ele>5277.0</ele>
    </rtept>
    <rtept lat="27.99819" lon="87.019697">
      <ele>5277.0</ele>
    </rtept>
    <rtept lat="27.998245" lon="87.019609">
      <ele>5283.0</ele>
    </rtept>
    <rtept lat="27.9983" lon="87.019512">
      <ele>5279.0</ele>
    </rtept>
    <rtept lat="27.998351" lon="87.019413">
      <ele>5279.0</ele>
    </rtept>
    <rtept lat="27.99837" lon="87.019305">
      <ele>5278.0</ele>
    </rtept>
    <rtept lat="27.998402" lon="87.019208">
      <ele>5278.0</ele>
    </rtept>
    <rtept lat="27.998428" lon="87.01911">
      <ele>5278.0</ele>
    </rtept>
    <rtept lat="27.998423" lon="87.019005">
      <ele>5283.0</ele>
    </rtept>
    <rtept lat="27.99847" lon="87.018922">
      <ele>5283.0</ele>
    </rtept>
    <rtept lat="27.998522" lon="87.01883">
      <ele>5279.0</ele>
    </rtept>
    <rtept lat="27.998564" lon="87.018736">
      <ele>5281.0</ele>
    </rtept>
    <rtept lat="27.998604" lon="87.018635">
      <ele>5281.0</ele>
    </rtept>
    <rtept lat="27.99865" lon="87.018535">
      <ele>5281.0</ele>
    </rtept>
    <rtept lat="27.998607" lon="87.018461">
      <ele>5286.0</ele>
    </rtept>
    <rtept lat="27.998617" lon="87.018366">
      <ele>5286.0</ele>
    </rtept>
    <rtept lat="27.998678" lon="87.018293">
      <ele>5286.0</ele>
    </rtept>
    <rtept lat="27.998714" lon="87.0182">
      <ele>5286.0</ele>
    </rtept>
    <rtept lat="27.998742" lon="87.018102">
      <ele>5290.0</ele>
    </rtept>
    <rtept lat="27.998801" lon="87.018026">
      <ele>5282.0</ele>
    </rtept>
    <rtept lat="27.998843" lon="87.017927">
      <ele>5282.0</ele>
    </rtept>
    <rtept lat="27.998915" lon="87.017852">
      <ele>5289.0</ele>
    </rtept>
    <rtept lat="27.998986" lon="87.01778">
      <ele>5289.0</ele>
    </rtept>
    <rtept lat="27.999047" lon="87.017692">
      <ele>5281.0</ele>
    </rtept>
    <rtept lat="27.999094" lon="87.017601">
      <ele>5283.0</ele>
    </rtept>
    <rtept lat="27.999124" lon="87.017496">
      <ele>5283.0</ele>
    </rtept>
    <rtept lat="27.999162" lon="87.017388">
      <ele>5283.0</ele>
    </rtept>
    <rtept lat="27.999186" lon="87.017284">
      <ele>5290.0</ele>
    </rtept>
    <rtept lat="27.99919" lon="87.01718">
      <ele>5290.0</ele>
    </rtept>
    <rtept lat="27.999231" lon="87.017091">
      <ele>5290.0</ele>
    </rtept>
    <rtept lat="27.999278" lon="87.017001">
      <ele>5299.0</ele>
    </rtept>
    <rtept lat="27.999278" lon="87.017001">
      <ele>5299.0</ele>
    </rtept>
    <rtept lat="27.999278" lon="87.017001">
      <ele>5299.0</ele>
    </rtept>
    <rtept lat="27.999278" lon="87.017001">
      <ele>5299.0</ele>
    </rtept>
    <rtept lat="27.999278" lon="87.017001">
      <ele>5299.0</ele>
    </rtept>
    <rtept lat="27.999278" lon="87.017001">
      <ele>5299.0</ele>
    </rtept>
    <rtept lat="27.999377" lon="87.016958">
      <ele>5296.0</ele>
    </rtept>
    <rtept lat="27.999377" lon="87.016958">
      <ele>5296.0</ele>
    </rtept>
    <rtept lat="27.999468" lon="87.016946">
      <ele>5296.0</ele>
    </rtept>
    <rtept lat="27.999558" lon="87.016951">
      <ele>5296.0</ele>
    </rtept>
    <rtept lat="27.999648" lon="87.016938">
      <ele>5288.0</ele>
    </rtept>
    <rtept lat="27.99974" lon="87.016941">
      <ele>5288.0</ele>
    </rtept>
    <rtept lat="27.999802" lon="87.016876">
      <ele>5288.0</ele>
    </rtept>
    <rtept lat="27.999885" lon="87.016857">
      <ele>5280.0</ele>
    </rtept>
    <rtept lat="27.999924" lon="87.016945">
      <ele>5280.0</ele>
    </rtept>
    <rtept lat="27.999942" lon="87.017059">
      <ele>5280.0</ele>
    </rtept>
    <rtept lat="27.999951" lon="87.017181">
      <ele>5281.0</ele>
    </rtept>
    <rtept lat="27.999936" lon="87.017306">
      <ele>5281.0</ele>
    </rtept>
    <rtept lat="27.9999" lon="87.017429">
      <ele>5284.0</ele>
    </rtept>
    <rtept lat="27.999855" lon="87.017548">
      <ele>5284.0</ele>
    </rtept>
    <rtept lat="27.999791" lon="87.017651">
      <ele>5285.0</ele>
    </rtept>
    <rtept lat="27.999728" lon="87.017738">
      <ele>5285.0</ele>
    </rtept>
    <rtept lat="27.999679" lon="87.017825">
      <ele>5285.0</ele>
    </rtept>
    <rtept lat="27.999635" lon="87.017921">
      <ele>5290.0</ele>
    </rtept>
    <rtept lat="27.999597" lon="87.018017">
      <ele>5290.0</ele>
    </rtept>
    <rtept lat="27.999556" lon="87.01811">
      <ele>5284.0</ele>
    </rtept>
    <rtept lat="27.99952" lon="87.018204">
      <ele>5291.0</ele>
    </rtept>
    <rtept lat="27.999503" lon="87.018306">
      <ele>5291.0</ele>
    </rtept>
    <rtept lat="27.999488" lon="87.018409">
      <ele>5291.0</ele>
    </rtept>
    <rtept lat="27.999465" lon="87.01851">
      <ele>5291.0</ele>
    </rtept>
    <rtept lat="27.999456" lon="87.018541">
      <ele>5291.0</ele>
    </rtept>
    <rtept lat="27.999384" lon="87.018556">
      <ele>5291.0</ele>
    </rtept>
    <rtept lat="27.999281" lon="87.018553">
      <ele>5284.0</ele>
    </rtept>
    <rtept lat="27.999199" lon="87.018613">
      <ele>5284.0</ele>
    </rtept>
    <rtept lat="27.999175" lon="87.018711">
      <ele>5284.0</ele>
    </rtept>
    <rtept lat="27.999156" lon="87.018769">
      <ele>5283.0</ele>
    </rtept>
    <rtept lat="27.999163" lon="87.018869">
      <ele>5283.0</ele>
    </rtept>
    <rtept lat="27.999135" lon="87.01898">
      <ele>5283.0</ele>
    </rtept>
    <rtept lat="27.999074" lon="87.019063">
      <ele>5285.0</ele>
    </rtept>
    <rtept lat="27.999006" lon="87.019137">
      <ele>5284.0</ele>
    </rtept>
    <rtept lat="27.998908" lon="87.019171">
      <ele>5284.0</ele>
    </rtept>
    <rtept lat="27.998888" lon="87.01919">
      <ele>5284.0</ele>
    </rtept>
    <rtept lat="27.998815" lon="87.019244">
      <ele>5284.0</ele>
    </rtept>
    <rtept lat="27.998731" lon="87.019295">
      <ele>5283.0</ele>
    </rtept>
    <rtept lat="27.998671" lon="87.019376">
      <ele>5286.0</ele>
    </rtept>
    <rtept lat="27.998653" lon="87.019411">
      <ele>5286.0</ele>
    </rtept>
    <rtept lat="27.998624" lon="87.019495">
      <ele>5286.0</ele>
    </rtept>
    <rtept lat="27.99859" lon="87.019596">
      <ele>5285.0</ele>
    </rtept>
    <rtept lat="27.998574" lon="87.019709">
      <ele>5285.0</ele>
    </rtept>
    <rtept lat="27.998548" lon="87.019749">
      <ele>5285.0</ele>
    </rtept>
    <rtept lat="27.998526" lon="87.019832">
      <ele>5285.0</ele>
    </rtept>
    <rtept lat="27.998509" lon="87.019935">
      <ele>5278.0</ele>
    </rtept>
    <rtept lat="27.998513" lon="87.020039">
      <ele>5278.0</ele>
    </rtept>
    <rtept lat="27.998494" lon="87.020144">
      <ele>5277.0</ele>
    </rtept>
    <rtept lat="27.998468" lon="87.020261">
      <ele>5273.0</ele>
    </rtept>
    <rtept lat="27.998448" lon="87.020369">
      <ele>5273.0</ele>
    </rtept>
    <rtept lat="27.998417" lon="87.020468">
      <ele>5271.0</ele>
    </rtept>
    <rtept lat="27.99839" lon="87.020569">
      <ele>5271.0</ele>
    </rtept>
    <rtept lat="27.99836" lon="87.020683">
      <ele>5271.0</ele>
    </rtept>
    <rtept lat="27.99833" lon="87.020788">
      <ele>5276.0</ele>
    </rtept>
    <rtept lat="27.998279" lon="87.020896">
      <ele>5276.0</ele>
    </rtept>
    <rtept lat="27.998232" lon="87.020991">
      <ele>5282.0</ele>
    </rtept>
    <rtept lat="27.998207" lon="87.02109">
      <ele>5282.0</ele>
    </rtept>
    <rtept lat="27.998155" lon="87.021166">
      <ele>5281.0</ele>
    </rtept>
    <rtept lat="27.998134" lon="87.021261">
      <ele>5290.0</ele>
    </rtept>
    <rtept lat="27.998138" lon="87.021374">
      <ele>5290.0</ele>
    </rtept>
    <rtept lat="27.998151" lon="87.021498">
      <ele>5290.0</ele>
    </rtept>
    <rtept lat="27.998108" lon="87.021597">
      <ele>5299.0</ele>
    </rtept>
    <rtept lat="27.998038" lon="87.021674">
      <ele>5299.0</ele>
    </rtept>
    <rtept lat="27.997967" lon="87.021748">
      <ele>5299.0</ele>
    </rtept>
    <rtept lat="27.997875" lon="87.021784">
      <ele>5288.0</ele>
    </rtept>
    <rtept lat="27.997773" lon="87.021784">
      <ele>5288.0</ele>
    </rtept>
    <rtept lat="27.997682" lon="87.02181">
      <ele>5296.0</ele>
    </rtept>
    <rtept lat="27.997586" lon="87.021839">
      <ele>5271.0</ele>
    </rtept>
    <rtept lat="27.997506" lon="87.02189">
      <ele>5271.0</ele>
    </rtept>
    <rtept lat="27.997426" lon="87.021945">
      <ele>5271.0</ele>
    </rtept>
    <rtept lat="27.997354" lon="87.022018">
      <ele>5261.0</ele>
    </rtept>
    <rtept lat="27.9973" lon="87.022113">
      <ele>5264.0</ele>
    </rtept>
    <rtept lat="27.997239" lon="87.022217">
      <ele>5264.0</ele>
    </rtept>
    <rtept lat="27.997172" lon="87.022313">
      <ele>5264.0</ele>
    </rtept>
    <rtept lat="27.997105" lon="87.022391">
      <ele>5270.0</ele>
    </rtept>
    <rtept lat="27.997038" lon="87.02248">
      <ele>5261.0</ele>
    </rtept>
    <rtept lat="27.996984" lon="87.022573">
      <ele>5261.0</ele>
    </rtept>
    <rtept lat="27.996937" lon="87.022672">
      <ele>5270.0</ele>
    </rtept>
    <rtept lat="27.996889" lon="87.022768">
      <ele>5270.0</ele>
    </rtept>
    <rtept lat="27.996812" lon="87.022838">
      <ele>5270.0</ele>
    </rtept>
    <rtept lat="27.996716" lon="87.0229">
      <ele>5264.0</ele>
    </rtept>
    <rtept lat="27.996623" lon="87.022946">
      <ele>5283.0</ele>
    </rtept>
    <rtept lat="27.996527" lon="87.022995">
      <ele>5285.0</ele>
    </rtept>
    <rtept lat="27.996439" lon="87.023046">
      <ele>5285.0</ele>
    </rtept>
    <rtept lat="27.996349" lon="87.023107">
      <ele>5285.0</ele>
    </rtept>
    <rtept lat="27.996251" lon="87.023166">
      <ele>5285.0</ele>
    </rtept>
    <rtept lat="27.99616" lon="87.023232">
      <ele>5281.0</ele>
    </rtept>
    <rtept lat="27.99608" lon="87.023309">
      <ele>5281.0</ele>
    </rtept>
    <rtept lat="27.99601" lon="87.023406">
      <ele>5281.0</ele>
    </rtept>
    <rtept lat="27.995966" lon="87.023516">
      <ele>5266.0</ele>
    </rtept>
    <rtept lat="27.995919" lon="87.023615">
      <ele>5266.0</ele>
    </rtept>
    <rtept lat="27.995869" lon="87.023707">
      <ele>5266.0</ele>
    </rtept>
    <rtept lat="27.995821" lon="87.023809">
      <ele>5270.0</ele>
    </rtept>
    <rtept lat="27.995751" lon="87.023905">
      <ele>5270.0</ele>
    </rtept>
    <rtept lat="27.995684" lon="87.024009">
      <ele>5255.0</ele>
    </rtept>
    <rtept lat="27.995637" lon="87.024117">
      <ele>5253.0</ele>
    </rtept>
    <rtept lat="27.995587" lon="87.024212">
      <ele>5253.0</ele>
    </rtept>
    <rtept lat="27.995542" lon="87.024312">
      <ele>5250.0</ele>
    </rtept>
    <rtept lat="27.99549" lon="87.024403">
      <ele>5250.0</ele>
    </rtept>
    <rtept lat="27.995438" lon="87.024523">
      <ele>5250.0</ele>
    </rtept>
    <rtept lat="27.995377" lon="87.02464">
      <ele>5246.0</ele>
    </rtept>
    <rtept lat="27.995313" lon="87.024764">
      <ele>5246.0</ele>
    </rtept>
    <rtept lat="27.995236" lon="87.024855">
      <ele>5246.0</ele>
    </rtept>
    <rtept lat="27.995142" lon="87.024946">
      <ele>5250.0</ele>
    </rtept>
    <rtept lat="27.995064" lon="87.025044">
      <ele>5250.0</ele>
    </rtept>
    <rtept lat="27.995" lon="87.025144">
      <ele>5252.0</ele>
    </rtept>
    <rtept lat="27.994929" lon="87.02524">
      <ele>5252.0</ele>
    </rtept>
    <rtept lat="27.994878" lon="87.025342">
      <ele>5252.0</ele>
    </rtept>
    <rtept lat="27.994818" lon="87.025447">
      <ele>5250.0</ele>
    </rtept>
    <rtept lat="27.994756" lon="87.025535">
      <ele>5250.0</ele>
    </rtept>
    <rtept lat="27.994738" lon="87.025574">
      <ele>5250.0</ele>
    </rtept>
    <rtept lat="27.994701" lon="87.025681">
      <ele>5250.0</ele>
    </rtept>
    <rtept lat="27.994662" lon="87.025788">
      <ele>5251.0</ele>
    </rtept>
    <rtept lat="27.99465" lon="87.025919">
      <ele>5251.0</ele>
    </rtept>
    <rtept lat="27.994603" lon="87.026043">
      <ele>5250.0</ele>
    </rtept>
    <rtept lat="27.994574" lon="87.02612">
      <ele>5245.0</ele>
    </rtept>
    <rtept lat="27.994538" lon="87.026208">
      <ele>5245.0</ele>
    </rtept>
    <rtept lat="27.9945" lon="87.026314">
      <ele>5240.0</ele>
    </rtept>
    <rtept lat="27.994458" lon="87.026434">
      <ele>5240.0</ele>
    </rtept>
    <rtept lat="27.994416" lon="87.026569">
      <ele>5236.0</ele>
    </rtept>
    <rtept lat="27.994391" lon="87.026691">
      <ele>5236.0</ele>
    </rtept>
    <rtept lat="27.994367" lon="87.026806">
      <ele>5231.0</ele>
    </rtept>
    <rtept lat="27.994331" lon="87.02691">
      <ele>5231.0</ele>
    </rtept>
    <rtept lat="27.994293" lon="87.027012">
      <ele>5235.0</ele>
    </rtept>
    <rtept lat="27.994295" lon="87.02713">
      <ele>5232.0</ele>
    </rtept>
    <rtept lat="27.994289" lon="87.027203">
      <ele>5232.0</ele>
    </rtept>
    <rtept lat="27.994238" lon="87.027283">
      <ele>5232.0</ele>
    </rtept>
    <rtept lat="27.994173" lon="87.027363">
      <ele>5232.0</ele>
    </rtept>
    <rtept lat="27.994089" lon="87.027426">
      <ele>5232.0</ele>
    </rtept>
    <rtept lat="27.993991" lon="87.027477">
      <ele>5230.0</ele>
    </rtept>
    <rtept lat="27.993905" lon="87.027532">
      <ele>5230.0</ele>
    </rtept>
    <rtept lat="27.993867" lon="87.02762">
      <ele>5230.0</ele>
    </rtept>
    <rtept lat="27.99385" lon="87.027722">
      <ele>5231.0</ele>
    </rtept>
    <rtept lat="27.993837" lon="87.027831">
      <ele>5231.0</ele>
    </rtept>
    <rtept lat="27.993838" lon="87.027942">
      <ele>5233.0</ele>
    </rtept>
    <rtept lat="27.99384" lon="87.028052">
      <ele>5233.0</ele>
    </rtept>
    <rtept lat="27.993829" lon="87.028158">
      <ele>5233.0</ele>
    </rtept>
    <rtept lat="27.993807" lon="87.028266">
      <ele>5233.0</ele>
    </rtept>
    <rtept lat="27.993795" lon="87.028379">
      <ele>5233.0</ele>
    </rtept>
    <rtept lat="27.99375" lon="87.02849">
      <ele>5235.0</ele>
    </rtept>
    <rtept lat="27.993712" lon="87.028612">
      <ele>5235.0</ele>
    </rtept>
    <rtept lat="27.993698" lon="87.028735">
      <ele>5235.0</ele>
    </rtept>
    <rtept lat="27.993679" lon="87.028861">
      <ele>5234.0</ele>
    </rtept>
    <rtept lat="27.993667" lon="87.028979">
      <ele>5234.0</ele>
    </rtept>
    <rtept lat="27.993659" lon="87.029097">
      <ele>5229.0</ele>
    </rtept>
    <rtept lat="27.993675" lon="87.029219">
      <ele>5229.0</ele>
    </rtept>
    <rtept lat="27.993679" lon="87.029336">
      <ele>5226.0</ele>
    </rtept>
    <rtept lat="27.993676" lon="87.029372">
      <ele>5226.0</ele>
    </rtept>
    <rtept lat="27.993602" lon="87.029416">
      <ele>5226.0</ele>
    </rtept>
    <rtept lat="27.993511" lon="87.029469">
      <ele>5226.0</ele>
    </rtept>
    <rtept lat="27.993435" lon="87.029556">
      <ele>5224.0</ele>
    </rtept>
    <rtept lat="27.993369" lon="87.029651">
      <ele>5219.0</ele>
    </rtept>
    <rtept lat="27.993332" lon="87.029759">
      <ele>5219.0</ele>
    </rtept>
    <rtept lat="27.993319" lon="87.029884">
      <ele>5222.0</ele>
    </rtept>
    <rtept lat="27.993323" lon="87.030006">
      <ele>5222.0</ele>
    </rtept>
    <rtept lat="27.993353" lon="87.030111">
      <ele>5222.0</ele>
    </rtept>
    <rtept lat="27.993399" lon="87.030215">
      <ele>5214.0</ele>
    </rtept>
    <rtept lat="27.993398" lon="87.030317">
      <ele>5214.0</ele>
    </rtept>
    <rtept lat="27.993392" lon="87.030427">
      <ele>5214.0</ele>
    </rtept>
    <rtept lat="27.993376" lon="87.030537">
      <ele>5214.0</ele>
    </rtept>
    <rtept lat="27.99338" lon="87.030648">
      <ele>5214.0</ele>
    </rtept>
    <rtept lat="27.993382" lon="87.03076">
      <ele>5215.0</ele>
    </rtept>
    <rtept lat="27.993421" lon="87.030867">
      <ele>5215.0</ele>
    </rtept>
    <rtept lat="27.993469" lon="87.030959">
      <ele>5215.0</ele>
    </rtept>
    <rtept lat="27.993477" lon="87.03107">
      <ele>5216.0</ele>
    </rtept>
    <rtept lat="27.993493" lon="87.031183">
      <ele>5216.0</ele>
    </rtept>
    <rtept lat="27.993502" lon="87.031289">
      <ele>5215.0</ele>
    </rtept>
    <rtept lat="27.99352" lon="87.031394">
      <ele>5215.0</ele>
    </rtept>
    <rtept lat="27.993551" lon="87.031503">
      <ele>5215.0</ele>
    </rtept>
    <rtept lat="27.993588" lon="87.031617">
      <ele>5216.0</ele>
    </rtept>
    <rtept lat="27.993626" lon="87.031725">
      <ele>5216.0</ele>
    </rtept>
    <rtept lat="27.993654" lon="87.031828">
      <ele>5213.0</ele>
    </rtept>
    <rtept lat="27.993686" lon="87.031934">
      <ele>5213.0</ele>
    </rtept>
    <rtept lat="27.993688" lon="87.032043">
      <ele>5213.0</ele>
    </rtept>
    <rtept lat="27.993687" lon="87.032155">
      <ele>5208.0</ele>
    </rtept>
    <rtept lat="27.993684" lon="87.032276">
      <ele>5208.0</ele>
    </rtept>
    <rtept lat="27.993702" lon="87.032385">
      <ele>5205.0</ele>
    </rtept>
    <rtept lat="27.9937" lon="87.032494">
      <ele>5205.0</ele>
    </rtept>
    <rtept lat="27.993699" lon="87.032612">
      <ele>5205.0</ele>
    </rtept>
    <rtept lat="27.993667" lon="87.032718">
      <ele>5209.0</ele>
    </rtept>
    <rtept lat="27.993652" lon="87.032827">
      <ele>5209.0</ele>
    </rtept>
    <rtept lat="27.993659" lon="87.032937">
      <ele>5207.0</ele>
    </rtept>
    <rtept lat="27.993632" lon="87.033052">
      <ele>5207.0</ele>
    </rtept>
    <rtept lat="27.993597" lon="87.03316">
      <ele>5207.0</ele>
    </rtept>
    <rtept lat="27.993572" lon="87.03328">
      <ele>5206.0</ele>
    </rtept>
    <rtept lat="27.993561" lon="87.033401">
      <ele>5206.0</ele>
    </rtept>
    <rtept lat="27.993568" lon="87.033508">
      <ele>5209.0</ele>
    </rtept>
    <rtept lat="27.993566" lon="87.033563">
      <ele>5209.0</ele>
    </rtept>
    <rtept lat="27.993586" lon="87.033647">
      <ele>5209.0</ele>
    </rtept>
    <rtept lat="27.9936" lon="87.033759">
      <ele>5208.0</ele>
    </rtept>
    <rtept lat="27.993613" lon="87.033879">
      <ele>5208.0</ele>
    </rtept>
    <rtept lat="27.993623" lon="87.034001">
      <ele>5208.0</ele>
    </rtept>
    <rtept lat="27.993611" lon="87.034121">
      <ele>5207.0</ele>
    </rtept>
    <rtept lat="27.993598" lon="87.03423">
      <ele>5207.0</ele>
    </rtept>
    <rtept lat="27.9936" lon="87.034334">
      <ele>5208.0</ele>
    </rtept>
    <rtept lat="27.993595" lon="87.034444">
      <ele>5208.0</ele>
    </rtept>
    <rtept lat="27.993576" lon="87.034565">
      <ele>5208.0</ele>
    </rtept>
    <rtept lat="27.993596" lon="87.034683">
      <ele>5207.0</ele>
    </rtept>
    <rtept lat="27.993598" lon="87.034805">
      <ele>5207.0</ele>
    </rtept>
    <rtept lat="27.993607" lon="87.034918">
      <ele>5206.0</ele>
    </rtept>
    <rtept lat="27.993605" lon="87.03503">
      <ele>5206.0</ele>
    </rtept>
    <rtept lat="27.993598" lon="87.035148">
      <ele>5208.0</ele>
    </rtept>
    <rtept lat="27.993559" lon="87.035261">
      <ele>5208.0</ele>
    </rtept>
    <rtept lat="27.99353" lon="87.035365">
      <ele>5208.0</ele>
    </rtept>
    <rtept lat="27.99351" lon="87.035474">
      <ele>5206.0</ele>
    </rtept>
    <rtept lat="27.993484" lon="87.035577">
      <ele>5206.0</ele>
    </rtept>
    <rtept lat="27.993444" lon="87.035687">
      <ele>5189.0</ele>
    </rtept>
    <rtept lat="27.993386" lon="87.035772">
      <ele>5191.0</ele>
    </rtept>
    <rtept lat="27.993353" lon="87.035873">
      <ele>5191.0</ele>
    </rtept>
    <rtept lat="27.993343" lon="87.035986">
      <ele>5192.0</ele>
    </rtept>
    <rtept lat="27.993344" lon="87.036102">
      <ele>5192.0</ele>
    </rtept>
    <rtept lat="27.993353" lon="87.03622">
      <ele>5192.0</ele>
    </rtept>
    <rtept lat="27.993356" lon="87.036335">
      <ele>5195.0</ele>
    </rtept>
    <rtept lat="27.993344" lon="87.036441">
      <ele>5195.0</ele>
    </rtept>
    <rtept lat="27.993325" lon="87.03656">
      <ele>5193.0</ele>
    </rtept>
    <rtept lat="27.993318" lon="87.036678">
      <ele>5193.0</ele>
    </rtept>
    <rtept lat="27.993321" lon="87.036785">
      <ele>5193.0</ele>
    </rtept>
    <rtept lat="27.993323" lon="87.036903">
      <ele>5192.0</ele>
    </rtept>
    <rtept lat="27.993334" lon="87.03702">
      <ele>5192.0</ele>
    </rtept>
    <rtept lat="27.99334" lon="87.037133">
      <ele>5186.0</ele>
    </rtept>
    <rtept lat="27.993337" lon="87.03724">
      <ele>5186.0</ele>
    </rtept>
    <rtept lat="27.993305" lon="87.037349">
      <ele>5186.0</ele>
    </rtept>
    <rtept lat="27.99329" lon="87.037463">
      <ele>5186.0</ele>
    </rtept>
    <rtept lat="27.99327" lon="87.037575">
      <ele>5186.0</ele>
    </rtept>
    <rtept lat="27.993257" lon="87.037687">
      <ele>5187.0</ele>
    </rtept>
    <rtept lat="27.993248" lon="87.0378">
      <ele>5187.0</ele>
    </rtept>
    <rtept lat="27.993232" lon="87.037925">
      <ele>5190.0</ele>
    </rtept>
    <rtept lat="27.993237" lon="87.038054">
      <ele>5190.0</ele>
    </rtept>
    <rtept lat="27.993229" lon="87.038174">
      <ele>5190.0</ele>
    </rtept>
    <rtept lat="27.993221" lon="87.038289">
      <ele>5188.0</ele>
    </rtept>
    <rtept lat="27.993215" lon="87.038406">
      <ele>5188.0</ele>
    </rtept>
    <rtept lat="27.993207" lon="87.03852">
      <ele>5187.0</ele>
    </rtept>
    <rtept lat="27.993209" lon="87.038632">
      <ele>5187.0</ele>
    </rtept>
    <rtept lat="27.993207" lon="87.038745">
      <ele>5187.0</ele>
    </rtept>
    <rtept lat="27.993168" lon="87.038836">
      <ele>5180.0</ele>
    </rtept>
    <rtept lat="27.99314" lon="87.038862">
      <ele>5180.0</ele>
    </rtept>
    <rtept lat="27.993101" lon="87.038931">
      <ele>5180.0</ele>
    </rtept>
    <rtept lat="27.993081" lon="87.039043">
      <ele>5178.0</ele>
    </rtept>
    <rtept lat="27.993081" lon="87.039157">
      <ele>5178.0</ele>
    </rtept>
    <rtept lat="27.993085" lon="87.039273">
      <ele>5178.0</ele>
    </rtept>
    <rtept lat="27.993091" lon="87.03939">
      <ele>5176.0</ele>
    </rtept>
    <rtept lat="27.993105" lon="87.039509">
      <ele>5176.0</ele>
    </rtept>
    <rtept lat="27.993124" lon="87.039633">
      <ele>5177.0</ele>
    </rtept>
    <rtept lat="27.993124" lon="87.039749">
      <ele>5177.0</ele>
    </rtept>
    <rtept lat="27.993119" lon="87.039861">
      <ele>5177.0</ele>
    </rtept>
    <rtept lat="27.9931" lon="87.039963">
      <ele>5178.0</ele>
    </rtept>
    <rtept lat="27.993088" lon="87.040068">
      <ele>5178.0</ele>
    </rtept>
    <rtept lat="27.993071" lon="87.040178">
      <ele>5177.0</ele>
    </rtept>
    <rtept lat="27.993054" lon="87.040291">
      <ele>5177.0</ele>
    </rtept>
    <rtept lat="27.993047" lon="87.040409">
      <ele>5177.0</ele>
    </rtept>
    <rtept lat="27.993044" lon="87.040532">
      <ele>5170.0</ele>
    </rtept>
    <rtept lat="27.99302" lon="87.040641">
      <ele>5170.0</ele>
    </rtept>
    <rtept lat="27.99303" lon="87.040755">
      <ele>5167.0</ele>
    </rtept>
    <rtept lat="27.993051" lon="87.040859">
      <ele>5167.0</ele>
    </rtept>
    <rtept lat="27.993079" lon="87.04096">
      <ele>5167.0</ele>
    </rtept>
    <rtept lat="27.9931" lon="87.041066">
      <ele>5166.0</ele>
    </rtept>
    <rtept lat="27.993112" lon="87.041171">
      <ele>5166.0</ele>
    </rtept>
    <rtept lat="27.993139" lon="87.041269">
      <ele>5164.0</ele>
    </rtept>
    <rtept lat="27.993176" lon="87.041381">
      <ele>5164.0</ele>
    </rtept>
    <rtept lat="27.99321" lon="87.041498">
      <ele>5169.0</ele>
    </rtept>
    <rtept lat="27.993229" lon="87.041605">
      <ele>5162.0</ele>
    </rtept>
    <rtept lat="27.993259" lon="87.04171">
      <ele>5162.0</ele>
    </rtept>
    <rtept lat="27.993329" lon="87.041775">
      <ele>5162.0</ele>
    </rtept>
    <rtept lat="27.993393" lon="87.041864">
      <ele>5169.0</ele>
    </rtept>
    <rtept lat="27.993466" lon="87.041953">
      <ele>5169.0</ele>
    </rtept>
    <rtept lat="27.993554" lon="87.042009">
      <ele>5182.0</ele>
    </rtept>
    <rtept lat="27.993598" lon="87.0421">
      <ele>5177.0</ele>
    </rtept>
    <rtept lat="27.993612" lon="87.042213">
      <ele>5177.0</ele>
    </rtept>
    <rtept lat="27.993615" lon="87.042331">
      <ele>5177.0</ele>
    </rtept>
    <rtept lat="27.993609" lon="87.042452">
      <ele>5160.0</ele>
    </rtept>
    <rtept lat="27.993605" lon="87.042572">
      <ele>5160.0</ele>
    </rtept>
    <rtept lat="27.993569" lon="87.042684">
      <ele>5162.0</ele>
    </rtept>
    <rtept lat="27.993522" lon="87.042791">
      <ele>5162.0</ele>
    </rtept>
    <rtept lat="27.993471" lon="87.0429">
      <ele>5150.0</ele>
    </rtept>
    <rtept lat="27.993436" lon="87.043008">
      <ele>5142.0</ele>
    </rtept>
    <rtept lat="27.993412" lon="87.043116">
      <ele>5142.0</ele>
    </rtept>
    <rtept lat="27.993378" lon="87.043222">
      <ele>5146.0</ele>
    </rtept>
    <rtept lat="27.993349" lon="87.043337">
      <ele>5146.0</ele>
    </rtept>
    <rtept lat="27.993314" lon="87.043443">
      <ele>5146.0</ele>
    </rtept>
    <rtept lat="27.993279" lon="87.043548">
      <ele>5150.0</ele>
    </rtept>
    <rtept lat="27.993254" lon="87.043665">
      <ele>5150.0</ele>
    </rtept>
    <rtept lat="27.993215" lon="87.043779">
      <ele>5154.0</ele>
    </rtept>
    <rtept lat="27.9932" lon="87.043897">
      <ele>5154.0</ele>
    </rtept>
    <rtept lat="27.993182" lon="87.044002">
      <ele>5146.0</ele>
    </rtept>
    <rtept lat="27.993158" lon="87.044102">
      <ele>5147.0</ele>
    </rtept>
    <rtept lat="27.993125" lon="87.044202">
      <ele>5147.0</ele>
    </rtept>
    <rtept lat="27.993098" lon="87.044303">
      <ele>5147.0</ele>
    </rtept>
    <rtept lat="27.993071" lon="87.044412">
      <ele>5146.0</ele>
    </rtept>
    <rtept lat="27.993022" lon="87.044517">
      <ele>5146.0</ele>
    </rtept>
    <rtept lat="27.992984" lon="87.044632">
      <ele>5147.0</ele>
    </rtept>
    <rtept lat="27.992952" lon="87.04475">
      <ele>5147.0</ele>
    </rtept>
    <rtept lat="27.992906" lon="87.044852">
      <ele>5141.0</ele>
    </rtept>
    <rtept lat="27.992893" lon="87.044957">
      <ele>5145.0</ele>
    </rtept>
    <rtept lat="27.992882" lon="87.04506">
      <ele>5145.0</ele>
    </rtept>
    <rtept lat="27.992846" lon="87.045154">
      <ele>5148.0</ele>
    </rtept>
    <rtept lat="27.992826" lon="87.045255">
      <ele>5148.0</ele>
    </rtept>
    <rtept lat="27.992809" lon="87.045365">
      <ele>5148.0</ele>
    </rtept>
    <rtept lat="27.992806" lon="87.045477">
      <ele>5143.0</ele>
    </rtept>
    <rtept lat="27.992823" lon="87.045591">
      <ele>5143.0</ele>
    </rtept>
    <rtept lat="27.992826" lon="87.045707">
      <ele>5138.0</ele>
    </rtept>
    <rtept lat="27.992837" lon="87.045815">
      <ele>5138.0</ele>
    </rtept>
    <rtept lat="27.992832" lon="87.045933">
      <ele>5138.0</ele>
    </rtept>
    <rtept lat="27.992826" lon="87.046044">
      <ele>5135.0</ele>
    </rtept>
    <rtept lat="27.992809" lon="87.046155">
      <ele>5135.0</ele>
    </rtept>
    <rtept lat="27.992792" lon="87.046276">
      <ele>5138.0</ele>
    </rtept>
    <rtept lat="27.992756" lon="87.046392">
      <ele>5138.0</ele>
    </rtept>
    <rtept lat="27.992727" lon="87.046499">
      <ele>5138.0</ele>
    </rtept>
    <rtept lat="27.992726" lon="87.046601">
      <ele>5138.0</ele>
    </rtept>
    <rtept lat="27.992736" lon="87.04671">
      <ele>5138.0</ele>
    </rtept>
    <rtept lat="27.992749" lon="87.046821">
      <ele>5139.0</ele>
    </rtept>
    <rtept lat="27.992733" lon="87.046931">
      <ele>5139.0</ele>
    </rtept>
    <rtept lat="27.992724" lon="87.047051">
      <ele>5139.0</ele>
    </rtept>
    <rtept lat="27.99273" lon="87.047172">
      <ele>5138.0</ele>
    </rtept>
    <rtept lat="27.992724" lon="87.04728">
      <ele>5138.0</ele>
    </rtept>
    <rtept lat="27.992716" lon="87.047393">
      <ele>5135.0</ele>
    </rtept>
    <rtept lat="27.992714" lon="87.047506">
      <ele>5135.0</ele>
    </rtept>
    <rtept lat="27.99273" lon="87.047608">
      <ele>5135.0</ele>
    </rtept>
    <rtept lat="27.992742" lon="87.04771">
      <ele>5138.0</ele>
    </rtept>
    <rtept lat="27.992712" lon="87.047805">
      <ele>5138.0</ele>
    </rtept>
    <rtept lat="27.992695" lon="87.047915">
      <ele>5138.0</ele>
    </rtept>
    <rtept lat="27.992672" lon="87.048027">
      <ele>5143.0</ele>
    </rtept>
    <rtept lat="27.99261" lon="87.048113">
      <ele>5134.0</ele>
    </rtept>
    <rtept lat="27.992545" lon="87.048213">
      <ele>5136.0</ele>
    </rtept>
    <rtept lat="27.99252" lon="87.048318">
      <ele>5136.0</ele>
    </rtept>
    <rtept lat="27.992508" lon="87.048429">
      <ele>5136.0</ele>
    </rtept>
    <rtept lat="27.992498" lon="87.048544">
      <ele>5138.0</ele>
    </rtept>
    <rtept lat="27.9925" lon="87.048661">
      <ele>5138.0</ele>
    </rtept>
    <rtept lat="27.992496" lon="87.048771">
      <ele>5133.0</ele>
    </rtept>
    <rtept lat="27.992498" lon="87.048884">
      <ele>5133.0</ele>
    </rtept>
    <rtept lat="27.992511" lon="87.048997">
      <ele>5133.0</ele>
    </rtept>
    <rtept lat="27.992521" lon="87.049106">
      <ele>5132.0</ele>
    </rtept>
    <rtept lat="27.992533" lon="87.049222">
      <ele>5132.0</ele>
    </rtept>
    <rtept lat="27.992538" lon="87.049346">
      <ele>5130.0</ele>
    </rtept>
    <rtept lat="27.992535" lon="87.04947">
      <ele>5130.0</ele>
    </rtept>
    <rtept lat="27.992528" lon="87.049581">
      <ele>5130.0</ele>
    </rtept>
    <rtept lat="27.992518" lon="87.049687">
      <ele>5127.0</ele>
    </rtept>
    <rtept lat="27.992503" lon="87.049794">
      <ele>5127.0</ele>
    </rtept>
    <rtept lat="27.992476" lon="87.049901">
      <ele>5128.0</ele>
    </rtept>
    <rtept lat="27.992449" lon="87.05001">
      <ele>5128.0</ele>
    </rtept>
    <rtept lat="27.992452" lon="87.050121">
      <ele>5128.0</ele>
    </rtept>
    <rtept lat="27.992469" lon="87.050232">
      <ele>5133.0</ele>
    </rtept>
    <rtept lat="27.992464" lon="87.050349">
      <ele>5133.0</ele>
    </rtept>
    <rtept lat="27.992457" lon="87.050462">
      <ele>5138.0</ele>
    </rtept>
    <rtept lat="27.992429" lon="87.050564">
      <ele>5138.0</ele>
    </rtept>
    <rtept lat="27.992404" lon="87.050667">
      <ele>5138.0</ele>
    </rtept>
    <rtept lat="27.992391" lon="87.050777">
      <ele>5140.0</ele>
    </rtept>
    <rtept lat="27.992364" lon="87.050884">
      <ele>5140.0</ele>
    </rtept>
    <rtept lat="27.992334" lon="87.05099">
      <ele>5128.0</ele>
    </rtept>
    <rtept lat="27.992313" lon="87.051113">
      <ele>5128.0</ele>
    </rtept>
    <rtept lat="27.992297" lon="87.051232">
      <ele>5128.0</ele>
    </rtept>
    <rtept lat="27.992262" lon="87.051337">
      <ele>5122.0</ele>
    </rtept>
    <rtept lat="27.992238" lon="87.051445">
      <ele>5122.0</ele>
    </rtept>
    <rtept lat="27.992229" lon="87.051556">
      <ele>5120.0</ele>
    </rtept>
    <rtept lat="27.992235" lon="87.051676">
      <ele>5120.0</ele>
    </rtept>
    <rtept lat="27.992249" lon="87.051783">
      <ele>5120.0</ele>
    </rtept>
    <rtept lat="27.992231" lon="87.051895">
      <ele>5123.0</ele>
    </rtept>
    <rtept lat="27.992218" lon="87.052014">
      <ele>5123.0</ele>
    </rtept>
    <rtept lat="27.992223" lon="87.052133">
      <ele>5123.0</ele>
    </rtept>
    <rtept lat="27.992253" lon="87.052241">
      <ele>5123.0</ele>
    </rtept>
    <rtept lat="27.992277" lon="87.052311">
      <ele>5123.0</ele>
    </rtept>
    <rtept lat="27.992266" lon="87.052407">
      <ele>5122.0</ele>
    </rtept>
    <rtept lat="27.992269" lon="87.052529">
      <ele>5122.0</ele>
    </rtept>
    <rtept lat="27.992258" lon="87.052646">
      <ele>5118.0</ele>
    </rtept>
    <rtept lat="27.992242" lon="87.052759">
      <ele>5118.0</ele>
    </rtept>
    <rtept lat="27.99221" lon="87.052864">
      <ele>5118.0</ele>
    </rtept>
    <rtept lat="27.992186" lon="87.052964">
      <ele>5121.0</ele>
    </rtept>
    <rtept lat="27.992164" lon="87.05307">
      <ele>5121.0</ele>
    </rtept>
    <rtept lat="27.992154" lon="87.053187">
      <ele>5121.0</ele>
    </rtept>
    <rtept lat="27.99214" lon="87.053306">
      <ele>5125.0</ele>
    </rtept>
    <rtept lat="27.992108" lon="87.05341">
      <ele>5125.0</ele>
    </rtept>
    <rtept lat="27.992077" lon="87.053513">
      <ele>5120.0</ele>
    </rtept>
    <rtept lat="27.992058" lon="87.053617">
      <ele>5120.0</ele>
    </rtept>
    <rtept lat="27.992038" lon="87.053731">
      <ele>5120.0</ele>
    </rtept>
    <rtept lat="27.992021" lon="87.053846">
      <ele>5119.0</ele>
    </rtept>
    <rtept lat="27.992007" lon="87.05396">
      <ele>5119.0</ele>
    </rtept>
    <rtept lat="27.992005" lon="87.054077">
      <ele>5106.0</ele>
    </rtept>
    <rtept lat="27.991997" lon="87.054192">
      <ele>5106.0</ele>
    </rtept>
    <rtept lat="27.991986" lon="87.05431">
      <ele>5103.0</ele>
    </rtept>
    <rtept lat="27.991962" lon="87.054423">
      <ele>5103.0</ele>
    </rtept>
    <rtept lat="27.991933" lon="87.054525">
      <ele>5103.0</ele>
    </rtept>
    <rtept lat="27.991895" lon="87.054622">
      <ele>5104.0</ele>
    </rtept>
    <rtept lat="27.99183" lon="87.054704">
      <ele>5104.0</ele>
    </rtept>
    <rtept lat="27.991763" lon="87.054793">
      <ele>5106.0</ele>
    </rtept>
    <rtept lat="27.991702" lon="87.054896">
      <ele>5106.0</ele>
    </rtept>
    <rtept lat="27.991667" lon="87.054998">
      <ele>5106.0</ele>
    </rtept>
    <rtept lat="27.991622" lon="87.055089">
      <ele>5106.0</ele>
    </rtept>
    <rtept lat="27.991598" lon="87.055201">
      <ele>5105.0</ele>
    </rtept>
    <rtept lat="27.99158" lon="87.055306">
      <ele>5105.0</ele>
    </rtept>
    <rtept lat="27.991594" lon="87.05541">
      <ele>5105.0</ele>
    </rtept>
    <rtept lat="27.991591" lon="87.055511">
      <ele>5099.0</ele>
    </rtept>
    <rtept lat="27.991583" lon="87.055623">
      <ele>5099.0</ele>
    </rtept>
    <rtept lat="27.991568" lon="87.055727">
      <ele>5098.0</ele>
    </rtept>
    <rtept lat="27.99154" lon="87.055827">
      <ele>5098.0</ele>
    </rtept>
    <rtept lat="27.9915" lon="87.055924">
      <ele>5102.0</ele>
    </rtept>
    <rtept lat="27.991467" lon="87.056032">
      <ele>5107.0</ele>
    </rtept>
    <rtept lat="27.99145" lon="87.056145">
      <ele>5107.0</ele>
    </rtept>
    <rtept lat="27.991447" lon="87.056253">
      <ele>5099.0</ele>
    </rtept>
    <rtept lat="27.991432" lon="87.056371">
      <ele>5099.0</ele>
    </rtept>
    <rtept lat="27.991399" lon="87.05649">
      <ele>5099.0</ele>
    </rtept>
    <rtept lat="27.991374" lon="87.05661">
      <ele>5096.0</ele>
    </rtept>
    <rtept lat="27.99135" lon="87.056719">
      <ele>5096.0</ele>
    </rtept>
    <rtept lat="27.991323" lon="87.05681">
      <ele>5100.0</ele>
    </rtept>
    <rtept lat="27.991248" lon="87.056886">
      <ele>5100.0</ele>
    </rtept>
    <rtept lat="27.991176" lon="87.056974">
      <ele>5100.0</ele>
    </rtept>
    <rtept lat="27.991123" lon="87.057073">
      <ele>5100.0</ele>
    </rtept>
    <rtept lat="27.991123" lon="87.057073">
      <ele>5100.0</ele>
    </rtept>
    <rtept lat="27.991088" lon="87.057188">
      <ele>5108.0</ele>
    </rtept>
    <rtept lat="27.991088" lon="87.057188">
      <ele>5108.0</ele>
    </rtept>
    <rtept lat="27.991058" lon="87.057307">
      <ele>5108.0</ele>
    </rtept>
    <rtept lat="27.99103" lon="87.057428">
      <ele>5107.0</ele>
    </rtept>
    <rtept lat="27.991007" lon="87.057537">
      <ele>5107.0</ele>
    </rtept>
    <rtept lat="27.990988" lon="87.057653">
      <ele>5108.0</ele>
    </rtept>
    <rtept lat="27.990984" lon="87.05777">
      <ele>5108.0</ele>
    </rtept>
    <rtept lat="27.990973" lon="87.057874">
      <ele>5108.0</ele>
    </rtept>
    <rtept lat="27.990966" lon="87.057989">
      <ele>5105.0</ele>
    </rtept>
    <rtept lat="27.99096" lon="87.058104">
      <ele>5105.0</ele>
    </rtept>
    <rtept lat="27.990944" lon="87.058213">
      <ele>5102.0</ele>
    </rtept>
    <rtept lat="27.990913" lon="87.058314">
      <ele>5102.0</ele>
    </rtept>
    <rtept lat="27.990888" lon="87.058421">
      <ele>5102.0</ele>
    </rtept>
    <rtept lat="27.990876" lon="87.058531">
      <ele>5099.0</ele>
    </rtept>
    <rtept lat="27.990862" lon="87.058654">
      <ele>5099.0</ele>
    </rtept>
    <rtept lat="27.990842" lon="87.058773">
      <ele>5093.0</ele>
    </rtept>
    <rtept lat="27.990823" lon="87.058882">
      <ele>5093.0</ele>
    </rtept>
    <rtept lat="27.990807" lon="87.058985">
      <ele>5093.0</ele>
    </rtept>
    <rtept lat="27.990791" lon="87.059085">
      <ele>5096.0</ele>
    </rtept>
    <rtept lat="27.990769" lon="87.059197">
      <ele>5096.0</ele>
    </rtept>
    <rtept lat="27.990736" lon="87.059298">
      <ele>5096.0</ele>
    </rtept>
    <rtept lat="27.990731" lon="87.059401">
      <ele>5103.0</ele>
    </rtept>
    <rtept lat="27.990734" lon="87.059503">
      <ele>5103.0</ele>
    </rtept>
    <rtept lat="27.990703" lon="87.059606">
      <ele>5097.0</ele>
    </rtept>
    <rtept lat="27.990675" lon="87.05971">
      <ele>5088.0</ele>
    </rtept>
    <rtept lat="27.990652" lon="87.059813">
      <ele>5088.0</ele>
    </rtept>
    <rtept lat="27.990639" lon="87.059921">
      <ele>5082.0</ele>
    </rtept>
    <rtept lat="27.990628" lon="87.060044">
      <ele>5082.0</ele>
    </rtept>
    <rtept lat="27.990624" lon="87.060161">
      <ele>5070.0</ele>
    </rtept>
    <rtept lat="27.990624" lon="87.060278">
      <ele>5070.0</ele>
    </rtept>
    <rtept lat="27.990639" lon="87.060388">
      <ele>5070.0</ele>
    </rtept>
    <rtept lat="27.990626" lon="87.060493">
      <ele>5067.0</ele>
    </rtept>
    <rtept lat="27.990586" lon="87.060599">
      <ele>5067.0</ele>
    </rtept>
    <rtept lat="27.990574" lon="87.060708">
      <ele>5060.0</ele>
    </rtept>
    <rtept lat="27.990546" lon="87.06081">
      <ele>5060.0</ele>
    </rtept>
    <rtept lat="27.990519" lon="87.060918">
      <ele>5060.0</ele>
    </rtept>
    <rtept lat="27.9905" lon="87.061033">
      <ele>5057.0</ele>
    </rtept>
    <rtept lat="27.990492" lon="87.061125">
      <ele>5057.0</ele>
    </rtept>
    <rtept lat="27.990538" lon="87.061084">
      <ele>5057.0</ele>
    </rtept>
    <rtept lat="27.990626" lon="87.061071">
      <ele>5057.0</ele>
    </rtept>
    <rtept lat="27.990723" lon="87.061042">
      <ele>5048.0</ele>
    </rtept>
    <rtept lat="27.990819" lon="87.061078">
      <ele>5048.0</ele>
    </rtept>
    <rtept lat="27.990819" lon="87.061078">
      <ele>5048.0</ele>
    </rtept>
    <rtept lat="27.990914" lon="87.061055">
      <ele>5048.0</ele>
    </rtept>
    <rtept lat="27.990914" lon="87.061055">
      <ele>5048.0</ele>
    </rtept>
    <rtept lat="27.991004" lon="87.061025">
      <ele>5035.0</ele>
    </rtept>
    <rtept lat="27.991093" lon="87.060992">
      <ele>5035.0</ele>
    </rtept>
    <rtept lat="27.991172" lon="87.060937">
      <ele>5054.0</ele>
    </rtept>
    <rtept lat="27.991266" lon="87.060926">
      <ele>5057.0</ele>
    </rtept>
    <rtept lat="27.991345" lon="87.060974">
      <ele>5036.0</ele>
    </rtept>
    <rtept lat="27.991429" lon="87.06103">
      <ele>5036.0</ele>
    </rtept>
    <rtept lat="27.991519" lon="87.061073">
      <ele>5036.0</ele>
    </rtept>
    <rtept lat="27.991541" lon="87.061162">
      <ele>5054.0</ele>
    </rtept>
    <rtept lat="27.991524" lon="87.061283">
      <ele>5038.0</ele>
    </rtept>
    <rtept lat="27.991563" lon="87.061295">
      <ele>5043.0</ele>
    </rtept>
    <rtept lat="27.991532" lon="87.061373">
      <ele>5043.0</ele>
    </rtept>
    <rtept lat="27.991567" lon="87.061453">
      <ele>5043.0</ele>
    </rtept>
    <rtept lat="27.991567" lon="87.061453">
      <ele>5043.0</ele>
    </rtept>
    <rtept lat="27.991656" lon="87.061522">
      <ele>5043.0</ele>
    </rtept>
    <rtept lat="27.991656" lon="87.061522">
      <ele>5043.0</ele>
    </rtept>
    <rtept lat="27.991712" lon="87.061608">
      <ele>5040.0</ele>
    </rtept>
    <rtept lat="27.991777" lon="87.06169">
      <ele>5040.0</ele>
    </rtept>
    <rtept lat="27.991815" lon="87.061795">
      <ele>5055.0</ele>
    </rtept>
    <rtept lat="27.991883" lon="87.061871">
      <ele>5057.0</ele>
    </rtept>
    <rtept lat="27.99193" lon="87.061963">
      <ele>5057.0</ele>
    </rtept>
    <rtept lat="27.991959" lon="87.062067">
      <ele>5057.0</ele>
    </rtept>
    <rtept lat="27.991981" lon="87.062175">
      <ele>5063.0</ele>
    </rtept>
    <rtept lat="27.991969" lon="87.062284">
      <ele>5063.0</ele>
    </rtept>
    <rtept lat="27.991908" lon="87.062372">
      <ele>5069.0</ele>
    </rtept>
    <rtept lat="27.991883" lon="87.062469">
      <ele>5069.0</ele>
    </rtept>
    <rtept lat="27.991903" lon="87.062572">
      <ele>5069.0</ele>
    </rtept>
    <rtept lat="27.991875" lon="87.062664">
      <ele>5074.0</ele>
    </rtept>
    <rtept lat="27.991824" lon="87.062752">
      <ele>5074.0</ele>
    </rtept>
    <rtept lat="27.991776" lon="87.062842">
      <ele>5068.0</ele>
    </rtept>
    <rtept lat="27.991732" lon="87.062938">
      <ele>5068.0</ele>
    </rtept>
    <rtept lat="27.991703" lon="87.063039">
      <ele>5068.0</ele>
    </rtept>
    <rtept lat="27.991667" lon="87.063135">
      <ele>5068.0</ele>
    </rtept>
    <rtept lat="27.991638" lon="87.063236">
      <ele>5058.0</ele>
    </rtept>
    <rtept lat="27.991623" lon="87.063342">
      <ele>5058.0</ele>
    </rtept>
    <rtept lat="27.991578" lon="87.063429">
      <ele>5058.0</ele>
    </rtept>
    <rtept lat="27.991539" lon="87.063528">
      <ele>5057.0</ele>
    </rtept>
    <rtept lat="27.99154" lon="87.063643">
      <ele>5057.0</ele>
    </rtept>
    <rtept lat="27.991566" lon="87.063757">
      <ele>5054.0</ele>
    </rtept>
    <rtept lat="27.991539" lon="87.06386">
      <ele>5054.0</ele>
    </rtept>
    <rtept lat="27.991479" lon="87.063942">
      <ele>5049.0</ele>
    </rtept>
    <rtept lat="27.991396" lon="87.064018">
      <ele>5049.0</ele>
    </rtept>
    <rtept lat="27.991321" lon="87.064096">
      <ele>5046.0</ele>
    </rtept>
    <rtept lat="27.991237" lon="87.064155">
      <ele>5046.0</ele>
    </rtept>
    <rtept lat="27.991274" lon="87.064214">
      <ele>5046.0</ele>
    </rtept>
    <rtept lat="27.991352" lon="87.064289">
      <ele>5046.0</ele>
    </rtept>
    <rtept lat="27.991415" lon="87.064376">
      <ele>5049.0</ele>
    </rtept>
    <rtept lat="27.991452" lon="87.06448">
      <ele>5049.0</ele>
    </rtept>
    <rtept lat="27.991441" lon="87.064582">
      <ele>5049.0</ele>
    </rtept>
    <rtept lat="27.991433" lon="87.06469">
      <ele>5049.0</ele>
    </rtept>
    <rtept lat="27.991443" lon="87.064808">
      <ele>5049.0</ele>
    </rtept>
    <rtept lat="27.991441" lon="87.064923">
      <ele>5046.0</ele>
    </rtept>
    <rtept lat="27.99145" lon="87.065034">
      <ele>5046.0</ele>
    </rtept>
    <rtept lat="27.991483" lon="87.065141">
      <ele>5048.0</ele>
    </rtept>
    <rtept lat="27.991539" lon="87.065231">
      <ele>5057.0</ele>
    </rtept>
    <rtept lat="27.991588" lon="87.06533">
      <ele>5057.0</ele>
    </rtept>
    <rtept lat="27.991641" lon="87.065429">
      <ele>5060.0</ele>
    </rtept>
    <rtept lat="27.991683" lon="87.065526">
      <ele>5060.0</ele>
    </rtept>
    <rtept lat="27.991711" lon="87.065633">
      <ele>5060.0</ele>
    </rtept>
    <rtept lat="27.991738" lon="87.065749">
      <ele>5068.0</ele>
    </rtept>
    <rtept lat="27.991768" lon="87.065854">
      <ele>5068.0</ele>
    </rtept>
    <rtept lat="27.991803" lon="87.065962">
      <ele>5068.0</ele>
    </rtept>
    <rtept lat="27.991839" lon="87.066063">
      <ele>5081.0</ele>
    </rtept>
    <rtept lat="27.99188" lon="87.066173">
      <ele>5081.0</ele>
    </rtept>
    <rtept lat="27.991898" lon="87.06628">
      <ele>5081.0</ele>
    </rtept>
    <rtept lat="27.991908" lon="87.066386">
      <ele>5081.0</ele>
    </rtept>
    <rtept lat="27.991929" lon="87.066492">
      <ele>5081.0</ele>
    </rtept>
    <rtept lat="27.991939" lon="87.066595">
      <ele>5076.0</ele>
    </rtept>
    <rtept lat="27.991951" lon="87.066714">
      <ele>5076.0</ele>
    </rtept>
    <rtept lat="27.991961" lon="87.066835">
      <ele>5069.0</ele>
    </rtept>
    <rtept lat="27.991964" lon="87.066955">
      <ele>5069.0</ele>
    </rtept>
    <rtept lat="27.991949" lon="87.06708">
      <ele>5069.0</ele>
    </rtept>
    <rtept lat="27.991948" lon="87.067206">
      <ele>5070.0</ele>
    </rtept>
    <rtept lat="27.99196" lon="87.067329">
      <ele>5070.0</ele>
    </rtept>
    <rtept lat="27.991975" lon="87.06745">
      <ele>5072.0</ele>
    </rtept>
    <rtept lat="27.991988" lon="87.067571">
      <ele>5072.0</ele>
    </rtept>
    <rtept lat="27.991987" lon="87.067679">
      <ele>5073.0</ele>
    </rtept>
    <rtept lat="27.991975" lon="87.067786">
      <ele>5073.0</ele>
    </rtept>
    <rtept lat="27.991971" lon="87.067894">
      <ele>5073.0</ele>
    </rtept>
    <rtept lat="27.991963" lon="87.068004">
      <ele>5073.0</ele>
    </rtept>
    <rtept lat="27.991946" lon="87.068109">
      <ele>5073.0</ele>
    </rtept>
    <rtept lat="27.991924" lon="87.068228">
      <ele>5072.0</ele>
    </rtept>
    <rtept lat="27.991882" lon="87.068339">
      <ele>5072.0</ele>
    </rtept>
    <rtept lat="27.991849" lon="87.068446">
      <ele>5072.0</ele>
    </rtept>
    <rtept lat="27.991815" lon="87.068556">
      <ele>5071.0</ele>
    </rtept>
    <rtept lat="27.991792" lon="87.068659">
      <ele>5067.0</ele>
    </rtept>
    <rtept lat="27.991755" lon="87.068761">
      <ele>5063.0</ele>
    </rtept>
    <rtept lat="27.991717" lon="87.068866">
      <ele>5063.0</ele>
    </rtept>
    <rtept lat="27.991691" lon="87.068983">
      <ele>5063.0</ele>
    </rtept>
    <rtept lat="27.991678" lon="87.06911">
      <ele>5059.0</ele>
    </rtept>
    <rtept lat="27.991665" lon="87.069238">
      <ele>5059.0</ele>
    </rtept>
    <rtept lat="27.99164" lon="87.069351">
      <ele>5061.0</ele>
    </rtept>
    <rtept lat="27.991639" lon="87.069461">
      <ele>5061.0</ele>
    </rtept>
    <rtept lat="27.991652" lon="87.069576">
      <ele>5061.0</ele>
    </rtept>
    <rtept lat="27.99165" lon="87.069688">
      <ele>5059.0</ele>
    </rtept>
    <rtept lat="27.99165" lon="87.06981">
      <ele>5059.0</ele>
    </rtept>
    <rtept lat="27.991613" lon="87.069924">
      <ele>5057.0</ele>
    </rtept>
    <rtept lat="27.991562" lon="87.070021">
      <ele>5057.0</ele>
    </rtept>
    <rtept lat="27.991514" lon="87.070115">
      <ele>5049.0</ele>
    </rtept>
    <rtept lat="27.991466" lon="87.070223">
      <ele>5047.0</ele>
    </rtept>
    <rtept lat="27.991422" lon="87.070324">
      <ele>5047.0</ele>
    </rtept>
    <rtept lat="27.991379" lon="87.070419">
      <ele>5049.0</ele>
    </rtept>
    <rtept lat="27.991338" lon="87.070515">
      <ele>5049.0</ele>
    </rtept>
    <rtept lat="27.991313" lon="87.070616">
      <ele>5049.0</ele>
    </rtept>
    <rtept lat="27.991281" lon="87.070712">
      <ele>5047.0</ele>
    </rtept>
    <rtept lat="27.991242" lon="87.070805">
      <ele>5039.0</ele>
    </rtept>
    <rtept lat="27.991208" lon="87.070914">
      <ele>5039.0</ele>
    </rtept>
    <rtept lat="27.991174" lon="87.071023">
      <ele>5036.0</ele>
    </rtept>
    <rtept lat="27.991162" lon="87.071134">
      <ele>5036.0</ele>
    </rtept>
    <rtept lat="27.991171" lon="87.071259">
      <ele>5047.0</ele>
    </rtept>
    <rtept lat="27.991183" lon="87.071372">
      <ele>5047.0</ele>
    </rtept>
    <rtept lat="27.991167" lon="87.071488">
      <ele>5047.0</ele>
    </rtept>
    <rtept lat="27.991132" lon="87.071593">
      <ele>5050.0</ele>
    </rtept>
    <rtept lat="27.991105" lon="87.071696">
      <ele>5050.0</ele>
    </rtept>
    <rtept lat="27.991081" lon="87.071798">
      <ele>5050.0</ele>
    </rtept>
    <rtept lat="27.99105" lon="87.071897">
      <ele>5053.0</ele>
    </rtept>
    <rtept lat="27.991026" lon="87.071998">
      <ele>5053.0</ele>
    </rtept>
    <rtept lat="27.991013" lon="87.0721">
      <ele>5052.0</ele>
    </rtept>
    <rtept lat="27.990996" lon="87.072222">
      <ele>5052.0</ele>
    </rtept>
    <rtept lat="27.99097" lon="87.072329">
      <ele>5042.0</ele>
    </rtept>
    <rtept lat="27.990919" lon="87.072432">
      <ele>5049.0</ele>
    </rtept>
    <rtept lat="27.990869" lon="87.07253">
      <ele>5049.0</ele>
    </rtept>
    <rtept lat="27.990845" lon="87.072649">
      <ele>5055.0</ele>
    </rtept>
    <rtept lat="27.990817" lon="87.072756">
      <ele>5055.0</ele>
    </rtept>
    <rtept lat="27.990787" lon="87.072874">
      <ele>5055.0</ele>
    </rtept>
    <rtept lat="27.990773" lon="87.072983">
      <ele>5060.0</ele>
    </rtept>
    <rtept lat="27.990762" lon="87.073094">
      <ele>5060.0</ele>
    </rtept>
    <rtept lat="27.990743" lon="87.07321">
      <ele>5062.0</ele>
    </rtept>
    <rtept lat="27.990731" lon="87.073322">
      <ele>5062.0</ele>
    </rtept>
    <rtept lat="27.990734" lon="87.073431">
      <ele>5062.0</ele>
    </rtept>
    <rtept lat="27.990721" lon="87.073535">
      <ele>5065.0</ele>
    </rtept>
    <rtept lat="27.990708" lon="87.073641">
      <ele>5065.0</ele>
    </rtept>
    <rtept lat="27.990679" lon="87.073744">
      <ele>5055.0</ele>
    </rtept>
    <rtept lat="27.990672" lon="87.073848">
      <ele>5054.0</ele>
    </rtept>
    <rtept lat="27.990662" lon="87.073965">
      <ele>5054.0</ele>
    </rtept>
    <rtept lat="27.990662" lon="87.074079">
      <ele>5046.0</ele>
    </rtept>
    <rtept lat="27.990623" lon="87.074173">
      <ele>5046.0</ele>
    </rtept>
    <rtept lat="27.990606" lon="87.074282">
      <ele>5046.0</ele>
    </rtept>
    <rtept lat="27.990602" lon="87.074404">
      <ele>5045.0</ele>
    </rtept>
    <rtept lat="27.990604" lon="87.07453">
      <ele>5045.0</ele>
    </rtept>
    <rtept lat="27.990574" lon="87.074647">
      <ele>5048.0</ele>
    </rtept>
    <rtept lat="27.990547" lon="87.074766">
      <ele>5048.0</ele>
    </rtept>
    <rtept lat="27.990536" lon="87.074874">
      <ele>5049.0</ele>
    </rtept>
    <rtept lat="27.990523" lon="87.074976">
      <ele>5049.0</ele>
    </rtept>
    <rtept lat="27.990517" lon="87.075096">
      <ele>5049.0</ele>
    </rtept>
    <rtept lat="27.990513" lon="87.075209">
      <ele>5051.0</ele>
    </rtept>
    <rtept lat="27.990503" lon="87.075313">
      <ele>5051.0</ele>
    </rtept>
    <rtept lat="27.990483" lon="87.075425">
      <ele>5047.0</ele>
    </rtept>
    <rtept lat="27.990482" lon="87.075542">
      <ele>5047.0</ele>
    </rtept>
    <rtept lat="27.990483" lon="87.075665">
      <ele>5047.0</ele>
    </rtept>
    <rtept lat="27.990468" lon="87.075781">
      <ele>5042.0</ele>
    </rtept>
    <rtept lat="27.990435" lon="87.075892">
      <ele>5042.0</ele>
    </rtept>
    <rtept lat="27.99041" lon="87.075999">
      <ele>5018.0</ele>
    </rtept>
    <rtept lat="27.990397" lon="87.076108">
      <ele>5018.0</ele>
    </rtept>
    <rtept lat="27.990379" lon="87.076219">
      <ele>5018.0</ele>
    </rtept>
    <rtept lat="27.990361" lon="87.076337">
      <ele>5013.0</ele>
    </rtept>
    <rtept lat="27.990354" lon="87.076448">
      <ele>5013.0</ele>
    </rtept>
    <rtept lat="27.990347" lon="87.076555">
      <ele>5012.0</ele>
    </rtept>
    <rtept lat="27.990331" lon="87.076659">
      <ele>5012.0</ele>
    </rtept>
    <rtept lat="27.990325" lon="87.076773">
      <ele>5012.0</ele>
    </rtept>
    <rtept lat="27.990326" lon="87.07689">
      <ele>5012.0</ele>
    </rtept>
    <rtept lat="27.990321" lon="87.077006">
      <ele>5012.0</ele>
    </rtept>
    <rtept lat="27.990301" lon="87.07712">
      <ele>5014.0</ele>
    </rtept>
    <rtept lat="27.990279" lon="87.07723">
      <ele>5014.0</ele>
    </rtept>
    <rtept lat="27.990261" lon="87.077343">
      <ele>5014.0</ele>
    </rtept>
    <rtept lat="27.990255" lon="87.077463">
      <ele>5021.0</ele>
    </rtept>
    <rtept lat="27.990265" lon="87.077584">
      <ele>5021.0</ele>
    </rtept>
    <rtept lat="27.990268" lon="87.077703">
      <ele>5027.0</ele>
    </rtept>
    <rtept lat="27.990269" lon="87.077826">
      <ele>5027.0</ele>
    </rtept>
    <rtept lat="27.990242" lon="87.077936">
      <ele>5035.0</ele>
    </rtept>
    <rtept lat="27.990194" lon="87.078047">
      <ele>5035.0</ele>
    </rtept>
    <rtept lat="27.990135" lon="87.078149">
      <ele>5019.0</ele>
    </rtept>
    <rtept lat="27.990087" lon="87.078244">
      <ele>5010.0</ele>
    </rtept>
    <rtept lat="27.990041" lon="87.078345">
      <ele>5010.0</ele>
    </rtept>
    <rtept lat="27.990013" lon="87.078446">
      <ele>5010.0</ele>
    </rtept>
    <rtept lat="27.989992" lon="87.078547">
      <ele>5008.0</ele>
    </rtept>
    <rtept lat="27.989967" lon="87.078658">
      <ele>5008.0</ele>
    </rtept>
    <rtept lat="27.98995" lon="87.078773">
      <ele>5007.0</ele>
    </rtept>
    <rtept lat="27.989925" lon="87.078882">
      <ele>5007.0</ele>
    </rtept>
    <rtept lat="27.989915" lon="87.078988">
      <ele>5007.0</ele>
    </rtept>
    <rtept lat="27.989902" lon="87.079107">
      <ele>5002.0</ele>
    </rtept>
    <rtept lat="27.989888" lon="87.079213">
      <ele>5002.0</ele>
    </rtept>
    <rtept lat="27.989893" lon="87.079329">
      <ele>4994.0</ele>
    </rtept>
    <rtept lat="27.989885" lon="87.079441">
      <ele>4994.0</ele>
    </rtept>
    <rtept lat="27.989871" lon="87.079549">
      <ele>4994.0</ele>
    </rtept>
    <rtept lat="27.989864" lon="87.079664">
      <ele>4993.0</ele>
    </rtept>
    <rtept lat="27.989863" lon="87.079781">
      <ele>4993.0</ele>
    </rtept>
    <rtept lat="27.989859" lon="87.079894">
      <ele>4986.0</ele>
    </rtept>
    <rtept lat="27.989838" lon="87.079998">
      <ele>4986.0</ele>
    </rtept>
    <rtept lat="27.989831" lon="87.08011">
      <ele>4986.0</ele>
    </rtept>
    <rtept lat="27.989815" lon="87.080223">
      <ele>4992.0</ele>
    </rtept>
    <rtept lat="27.989808" lon="87.080331">
      <ele>4992.0</ele>
    </rtept>
    <rtept lat="27.989796" lon="87.080444">
      <ele>4995.0</ele>
    </rtept>
    <rtept lat="27.989769" lon="87.080546">
      <ele>4995.0</ele>
    </rtept>
    <rtept lat="27.989768" lon="87.080658">
      <ele>4995.0</ele>
    </rtept>
    <rtept lat="27.989766" lon="87.08077">
      <ele>4992.0</ele>
    </rtept>
    <rtept lat="27.989778" lon="87.080891">
      <ele>4992.0</ele>
    </rtept>
    <rtept lat="27.989815" lon="87.081009">
      <ele>4990.0</ele>
    </rtept>
    <rtept lat="27.989834" lon="87.081117">
      <ele>4990.0</ele>
    </rtept>
    <rtept lat="27.989824" lon="87.081229">
      <ele>4990.0</ele>
    </rtept>
    <rtept lat="27.989836" lon="87.081345">
      <ele>4991.0</ele>
    </rtept>
    <rtept lat="27.989853" lon="87.081461">
      <ele>4991.0</ele>
    </rtept>
    <rtept lat="27.989852" lon="87.08157">
      <ele>4991.0</ele>
    </rtept>
    <rtept lat="27.989872" lon="87.081683">
      <ele>4995.0</ele>
    </rtept>
    <rtept lat="27.989887" lon="87.081789">
      <ele>4995.0</ele>
    </rtept>
    <rtept lat="27.989904" lon="87.081901">
      <ele>4988.0</ele>
    </rtept>
    <rtept lat="27.989899" lon="87.082014">
      <ele>4988.0</ele>
    </rtept>
    <rtept lat="27.989908" lon="87.082118">
      <ele>4992.0</ele>
    </rtept>
    <rtept lat="27.989898" lon="87.082224">
      <ele>4992.0</ele>
    </rtept>
    <rtept lat="27.989891" lon="87.082331">
      <ele>4992.0</ele>
    </rtept>
    <rtept lat="27.989883" lon="87.082455">
      <ele>4984.0</ele>
    </rtept>
    <rtept lat="27.989867" lon="87.082579">
      <ele>4984.0</ele>
    </rtept>
    <rtept lat="27.989852" lon="87.082694">
      <ele>4976.0</ele>
    </rtept>
    <rtept lat="27.989852" lon="87.082809">
      <ele>4976.0</ele>
    </rtept>
    <rtept lat="27.989866" lon="87.08293">
      <ele>4974.0</ele>
    </rtept>
    <rtept lat="27.989905" lon="87.083042">
      <ele>4974.0</ele>
    </rtept>
    <rtept lat="27.98995" lon="87.083157">
      <ele>4974.0</ele>
    </rtept>
    <rtept lat="27.98997" lon="87.083273">
      <ele>4972.0</ele>
    </rtept>
    <rtept lat="27.989949" lon="87.083382">
      <ele>4972.0</ele>
    </rtept>
    <rtept lat="27.989931" lon="87.083495">
      <ele>4964.0</ele>
    </rtept>
    <rtept lat="27.98991" lon="87.083606">
      <ele>4964.0</ele>
    </rtept>
    <rtept lat="27.989902" lon="87.083722">
      <ele>4964.0</ele>
    </rtept>
    <rtept lat="27.989881" lon="87.083836">
      <ele>4960.0</ele>
    </rtept>
    <rtept lat="27.989849" lon="87.083942">
      <ele>4963.0</ele>
    </rtept>
    <rtept lat="27.989803" lon="87.084033">
      <ele>4952.0</ele>
    </rtept>
    <rtept lat="27.989739" lon="87.084113">
      <ele>4952.0</ele>
    </rtept>
    <rtept lat="27.989672" lon="87.084203">
      <ele>4952.0</ele>
    </rtept>
    <rtept lat="27.989622" lon="87.084294">
      <ele>4952.0</ele>
    </rtept>
    <rtept lat="27.989596" lon="87.084396">
      <ele>4947.0</ele>
    </rtept>
    <rtept lat="27.989563" lon="87.084496">
      <ele>4947.0</ele>
    </rtept>
    <rtept lat="27.989534" lon="87.084613">
      <ele>4952.0</ele>
    </rtept>
    <rtept lat="27.989498" lon="87.08472">
      <ele>4952.0</ele>
    </rtept>
    <rtept lat="27.989488" lon="87.08483">
      <ele>4952.0</ele>
    </rtept>
    <rtept lat="27.989498" lon="87.084941">
      <ele>4953.0</ele>
    </rtept>
    <rtept lat="27.989484" lon="87.085051">
      <ele>4953.0</ele>
    </rtept>
    <rtept lat="27.989454" lon="87.085153">
      <ele>4952.0</ele>
    </rtept>
    <rtept lat="27.989413" lon="87.085256">
      <ele>4952.0</ele>
    </rtept>
    <rtept lat="27.989378" lon="87.085364">
      <ele>4952.0</ele>
    </rtept>
    <rtept lat="27.989355" lon="87.085481">
      <ele>4946.0</ele>
    </rtept>
    <rtept lat="27.989317" lon="87.085591">
      <ele>4946.0</ele>
    </rtept>
    <rtept lat="27.989266" lon="87.085693">
      <ele>4945.0</ele>
    </rtept>
    <rtept lat="27.989218" lon="87.085798">
      <ele>4945.0</ele>
    </rtept>
    <rtept lat="27.989192" lon="87.085905">
      <ele>4945.0</ele>
    </rtept>
    <rtept lat="27.989166" lon="87.086027">
      <ele>4946.0</ele>
    </rtept>
    <rtept lat="27.989157" lon="87.086151">
      <ele>4946.0</ele>
    </rtept>
    <rtept lat="27.989134" lon="87.08626">
      <ele>4945.0</ele>
    </rtept>
    <rtept lat="27.989115" lon="87.086369">
      <ele>4945.0</ele>
    </rtept>
    <rtept lat="27.989095" lon="87.086471">
      <ele>4945.0</ele>
    </rtept>
    <rtept lat="27.989053" lon="87.086579">
      <ele>4946.0</ele>
    </rtept>
    <rtept lat="27.989018" lon="87.086697">
      <ele>4937.0</ele>
    </rtept>
    <rtept lat="27.988986" lon="87.086815">
      <ele>4940.0</ele>
    </rtept>
    <rtept lat="27.988973" lon="87.086935">
      <ele>4940.0</ele>
    </rtept>
    <rtept lat="27.988958" lon="87.087056">
      <ele>4940.0</ele>
    </rtept>
    <rtept lat="27.988928" lon="87.087158">
      <ele>4935.0</ele>
    </rtept>
    <rtept lat="27.988893" lon="87.087257">
      <ele>4935.0</ele>
    </rtept>
    <rtept lat="27.988847" lon="87.087365">
      <ele>4934.0</ele>
    </rtept>
    <rtept lat="27.988783" lon="87.087466">
      <ele>4934.0</ele>
    </rtept>
    <rtept lat="27.988713" lon="87.087553">
      <ele>4929.0</ele>
    </rtept>
    <rtept lat="27.988677" lon="87.087663">
      <ele>4933.0</ele>
    </rtept>
    <rtept lat="27.988625" lon="87.087761">
      <ele>4933.0</ele>
    </rtept>
    <rtept lat="27.988578" lon="87.087851">
      <ele>4933.0</ele>
    </rtept>
    <rtept lat="27.988535" lon="87.087952">
      <ele>4935.0</ele>
    </rtept>
    <rtept lat="27.988479" lon="87.088059">
      <ele>4935.0</ele>
    </rtept>
    <rtept lat="27.988434" lon="87.088162">
      <ele>4930.0</ele>
    </rtept>
    <rtept lat="27.988378" lon="87.088257">
      <ele>4934.0</ele>
    </rtept>
    <rtept lat="27.98832" lon="87.088343">
      <ele>4934.0</ele>
    </rtept>
    <rtept lat="27.988265" lon="87.08844">
      <ele>4934.0</ele>
    </rtept>
    <rtept lat="27.988213" lon="87.088543">
      <ele>4930.0</ele>
    </rtept>
    <rtept lat="27.988159" lon="87.088651">
      <ele>4929.0</ele>
    </rtept>
    <rtept lat="27.98811" lon="87.08876">
      <ele>4931.0</ele>
    </rtept>
    <rtept lat="27.988067" lon="87.088858">
      <ele>4931.0</ele>
    </rtept>
    <rtept lat="27.988023" lon="87.088956">
      <ele>4931.0</ele>
    </rtept>
    <rtept lat="27.987993" lon="87.089057">
      <ele>4934.0</ele>
    </rtept>
    <rtept lat="27.98796" lon="87.089163">
      <ele>4934.0</ele>
    </rtept>
    <rtept lat="27.987902" lon="87.089247">
      <ele>4931.0</ele>
    </rtept>
    <rtept lat="27.987868" lon="87.08934">
      <ele>4936.0</ele>
    </rtept>
    <rtept lat="27.987851" lon="87.089444">
      <ele>4936.0</ele>
    </rtept>
    <rtept lat="27.98784" lon="87.089555">
      <ele>4936.0</ele>
    </rtept>
    <rtept lat="27.987808" lon="87.089672">
      <ele>4935.0</ele>
    </rtept>
    <rtept lat="27.987769" lon="87.089757">
      <ele>4935.0</ele>
    </rtept>
    <rtept lat="27.987726" lon="87.089849">
      <ele>4935.0</ele>
    </rtept>
    <rtept lat="27.987713" lon="87.089952">
      <ele>4928.0</ele>
    </rtept>
    <rtept lat="27.987699" lon="87.090056">
      <ele>4928.0</ele>
    </rtept>
    <rtept lat="27.987692" lon="87.090168">
      <ele>4927.0</ele>
    </rtept>
    <rtept lat="27.987664" lon="87.090267">
      <ele>4927.0</ele>
    </rtept>
    <rtept lat="27.987603" lon="87.090349">
      <ele>4924.0</ele>
    </rtept>
    <rtept lat="27.987524" lon="87.090423">
      <ele>4929.0</ele>
    </rtept>
    <rtept lat="27.987442" lon="87.090485">
      <ele>4929.0</ele>
    </rtept>
    <rtept lat="27.987372" lon="87.09056">
      <ele>4929.0</ele>
    </rtept>
    <rtept lat="27.987315" lon="87.090662">
      <ele>4927.0</ele>
    </rtept>
    <rtept lat="27.987269" lon="87.090795">
      <ele>4929.0</ele>
    </rtept>
    <rtept lat="27.98724" lon="87.090908">
      <ele>4929.0</ele>
    </rtept>
    <rtept lat="27.987209" lon="87.091008">
      <ele>4933.0</ele>
    </rtept>
    <rtept lat="27.987221" lon="87.091109">
      <ele>4933.0</ele>
    </rtept>
    <rtept lat="27.987237" lon="87.091224">
      <ele>4933.0</ele>
    </rtept>
    <rtept lat="27.987247" lon="87.091346">
      <ele>4928.0</ele>
    </rtept>
    <rtept lat="27.987234" lon="87.091471">
      <ele>4928.0</ele>
    </rtept>
    <rtept lat="27.987222" lon="87.091587">
      <ele>4929.0</ele>
    </rtept>
    <rtept lat="27.987194" lon="87.091691">
      <ele>4929.0</ele>
    </rtept>
    <rtept lat="27.987167" lon="87.091793">
      <ele>4929.0</ele>
    </rtept>
    <rtept lat="27.987139" lon="87.091896">
      <ele>4931.0</ele>
    </rtept>
    <rtept lat="27.987097" lon="87.091992">
      <ele>4931.0</ele>
    </rtept>
    <rtept lat="27.987063" lon="87.092092">
      <ele>4926.0</ele>
    </rtept>
    <rtept lat="27.987022" lon="87.092201">
      <ele>4926.0</ele>
    </rtept>
    <rtept lat="27.986967" lon="87.09231">
      <ele>4926.0</ele>
    </rtept>
    <rtept lat="27.986941" lon="87.092421">
      <ele>4918.0</ele>
    </rtept>
    <rtept lat="27.986922" lon="87.092542">
      <ele>4918.0</ele>
    </rtept>
    <rtept lat="27.986903" lon="87.092656">
      <ele>4917.0</ele>
    </rtept>
    <rtept lat="27.986866" lon="87.092758">
      <ele>4917.0</ele>
    </rtept>
    <rtept lat="27.98682" lon="87.092854">
      <ele>4917.0</ele>
    </rtept>
    <rtept lat="27.98683" lon="87.092952">
      <ele>4913.0</ele>
    </rtept>
    <rtept lat="27.986843" lon="87.092989">
      <ele>4913.0</ele>
    </rtept>
    <rtept lat="27.986871" lon="87.093067">
      <ele>4913.0</ele>
    </rtept>
    <rtept lat="27.986933" lon="87.093163">
      <ele>4913.0</ele>
    </rtept>
    <rtept lat="27.986936" lon="87.09327">
      <ele>4902.0</ele>
    </rtept>
    <rtept lat="27.986897" lon="87.093378">
      <ele>4902.0</ele>
    </rtept>
    <rtept lat="27.986832" lon="87.09347">
      <ele>4902.0</ele>
    </rtept>
    <rtept lat="27.986765" lon="87.093554">
      <ele>4899.0</ele>
    </rtept>
    <rtept lat="27.986708" lon="87.093647">
      <ele>4899.0</ele>
    </rtept>
    <rtept lat="27.986654" lon="87.093741">
      <ele>4899.0</ele>
    </rtept>
    <rtept lat="27.9866" lon="87.093833">
      <ele>4903.0</ele>
    </rtept>
    <rtept lat="27.986583" lon="87.093937">
      <ele>4903.0</ele>
    </rtept>
    <rtept lat="27.986579" lon="87.094059">
      <ele>4906.0</ele>
    </rtept>
    <rtept lat="27.986578" lon="87.094169">
      <ele>4906.0</ele>
    </rtept>
    <rtept lat="27.98658" lon="87.094275">
      <ele>4906.0</ele>
    </rtept>
    <rtept lat="27.986572" lon="87.09438">
      <ele>4901.0</ele>
    </rtept>
    <rtept lat="27.986565" lon="87.094488">
      <ele>4901.0</ele>
    </rtept>
    <rtept lat="27.986566" lon="87.094597">
      <ele>4898.0</ele>
    </rtept>
    <rtept lat="27.986564" lon="87.094704">
      <ele>4898.0</ele>
    </rtept>
    <rtept lat="27.986556" lon="87.094811">
      <ele>4898.0</ele>
    </rtept>
    <rtept lat="27.986544" lon="87.094918">
      <ele>4897.0</ele>
    </rtept>
    <rtept lat="27.986542" lon="87.095027">
      <ele>4897.0</ele>
    </rtept>
    <rtept lat="27.986541" lon="87.09509">
      <ele>4897.0</ele>
    </rtept>
    <rtept lat="27.986541" lon="87.09509">
      <ele>4897.0</ele>
    </rtept>
    <rtept lat="27.986577" lon="87.095179">
      <ele>4887.0</ele>
    </rtept>
    <rtept lat="27.986577" lon="87.095179">
      <ele>4887.0</ele>
    </rtept>
    <rtept lat="27.986625" lon="87.095283">
      <ele>4887.0</ele>
    </rtept>
    <rtept lat="27.986668" lon="87.095384">
      <ele>4887.0</ele>
    </rtept>
    <rtept lat="27.986671" lon="87.095497">
      <ele>4883.0</ele>
    </rtept>
    <rtept lat="27.986654" lon="87.095617">
      <ele>4883.0</ele>
    </rtept>
    <rtept lat="27.986653" lon="87.095735">
      <ele>4882.0</ele>
    </rtept>
    <rtept lat="27.986631" lon="87.09585">
      <ele>4882.0</ele>
    </rtept>
    <rtept lat="27.986598" lon="87.095957">
      <ele>4882.0</ele>
    </rtept>
    <rtept lat="27.986567" lon="87.096064">
      <ele>4884.0</ele>
    </rtept>
    <rtept lat="27.986543" lon="87.096168">
      <ele>4884.0</ele>
    </rtept>
    <rtept lat="27.986525" lon="87.096281">
      <ele>4880.0</ele>
    </rtept>
    <rtept lat="27.986515" lon="87.096397">
      <ele>4880.0</ele>
    </rtept>
    <rtept lat="27.986491" lon="87.096515">
      <ele>4880.0</ele>
    </rtept>
    <rtept lat="27.986482" lon="87.096631">
      <ele>4881.0</ele>
    </rtept>
    <rtept lat="27.986465" lon="87.096709">
      <ele>4881.0</ele>
    </rtept>
    <rtept lat="27.986428" lon="87.096795">
      <ele>4881.0</ele>
    </rtept>
    <rtept lat="27.986408" lon="87.096909">
      <ele>4883.0</ele>
    </rtept>
    <rtept lat="27.986414" lon="87.097032">
      <ele>4883.0</ele>
    </rtept>
    <rtept lat="27.986378" lon="87.097141">
      <ele>4875.0</ele>
    </rtept>
    <rtept lat="27.986338" lon="87.097238">
      <ele>4875.0</ele>
    </rtept>
    <rtept lat="27.986255" lon="87.097295">
      <ele>4875.0</ele>
    </rtept>
    <rtept lat="27.98618" lon="87.09737">
      <ele>4867.0</ele>
    </rtept>
    <rtept lat="27.986131" lon="87.097474">
      <ele>4867.0</ele>
    </rtept>
    <rtept lat="27.986126" lon="87.097572">
      <ele>4867.0</ele>
    </rtept>
    <rtept lat="27.986105" lon="87.097677">
      <ele>4863.0</ele>
    </rtept>
    <rtept lat="27.986093" lon="87.097787">
      <ele>4863.0</ele>
    </rtept>
    <rtept lat="27.986098" lon="87.097905">
      <ele>4863.0</ele>
    </rtept>
    <rtept lat="27.986105" lon="87.097948">
      <ele>4863.0</ele>
    </rtept>
    <rtept lat="27.98611" lon="87.098048">
      <ele>4863.0</ele>
    </rtept>
    <rtept lat="27.986116" lon="87.098094">
      <ele>4863.0</ele>
    </rtept>
    <rtept lat="27.98611" lon="87.098184">
      <ele>4863.0</ele>
    </rtept>
    <rtept lat="27.986105" lon="87.098229">
      <ele>4858.0</ele>
    </rtept>
    <rtept lat="27.9861" lon="87.098321">
      <ele>4858.0</ele>
    </rtept>
    <rtept lat="27.986123" lon="87.098422">
      <ele>4858.0</ele>
    </rtept>
    <rtept lat="27.986168" lon="87.098527">
      <ele>4858.0</ele>
    </rtept>
    <rtept lat="27.986195" lon="87.098591">
      <ele>4858.0</ele>
    </rtept>
    <rtept lat="27.986221" lon="87.098679">
      <ele>4858.0</ele>
    </rtept>
    <rtept lat="27.986259" lon="87.098776">
      <ele>4859.0</ele>
    </rtept>
    <rtept lat="27.986302" lon="87.098875">
      <ele>4859.0</ele>
    </rtept>
    <rtept lat="27.986331" lon="87.098982">
      <ele>4859.0</ele>
    </rtept>
    <rtept lat="27.986335" lon="87.099043">
      <ele>4857.0</ele>
    </rtept>
    <rtept lat="27.986332" lon="87.099133">
      <ele>4857.0</ele>
    </rtept>
    <rtept lat="27.986362" lon="87.099226">
      <ele>4857.0</ele>
    </rtept>
    <rtept lat="27.986362" lon="87.099226">
      <ele>4857.0</ele>
    </rtept>
    <rtept lat="27.986407" lon="87.099352">
      <ele>4849.0</ele>
    </rtept>
    <rtept lat="27.986407" lon="87.099352">
      <ele>4849.0</ele>
    </rtept>
    <rtept lat="27.986459" lon="87.099436">
      <ele>4849.0</ele>
    </rtept>
    <rtept lat="27.986501" lon="87.099528">
      <ele>4849.0</ele>
    </rtept>
    <rtept lat="27.986548" lon="87.099625">
      <ele>4845.0</ele>
    </rtept>
    <rtept lat="27.98659" lon="87.099718">
      <ele>4845.0</ele>
    </rtept>
    <rtept lat="27.986629" lon="87.099819">
      <ele>4845.0</ele>
    </rtept>
    <rtept lat="27.986714" lon="87.099838">
      <ele>4845.0</ele>
    </rtept>
    <rtept lat="27.986808" lon="87.099854">
      <ele>4848.0</ele>
    </rtept>
    <rtept lat="27.986909" lon="87.099891">
      <ele>4843.0</ele>
    </rtept>
    <rtept lat="27.986969" lon="87.099982">
      <ele>4843.0</ele>
    </rtept>
    <rtept lat="27.987001" lon="87.100099">
      <ele>4843.0</ele>
    </rtept>
    <rtept lat="27.987006" lon="87.100213">
      <ele>4838.0</ele>
    </rtept>
    <rtept lat="27.987039" lon="87.100322">
      <ele>4838.0</ele>
    </rtept>
    <rtept lat="27.987079" lon="87.10043">
      <ele>4828.0</ele>
    </rtept>
    <rtept lat="27.987106" lon="87.100546">
      <ele>4839.0</ele>
    </rtept>
    <rtept lat="27.98713" lon="87.10065">
      <ele>4839.0</ele>
    </rtept>
    <rtept lat="27.987154" lon="87.100768">
      <ele>4828.0</ele>
    </rtept>
    <rtept lat="27.987187" lon="87.100871">
      <ele>4828.0</ele>
    </rtept>
    <rtept lat="27.987233" lon="87.100961">
      <ele>4828.0</ele>
    </rtept>
    <rtept lat="27.987267" lon="87.10103">
      <ele>4828.0</ele>
    </rtept>
    <rtept lat="27.987258" lon="87.10113">
      <ele>4828.0</ele>
    </rtept>
    <rtept lat="27.987266" lon="87.101231">
      <ele>4828.0</ele>
    </rtept>
    <rtept lat="27.987307" lon="87.101324">
      <ele>4824.0</ele>
    </rtept>
    <rtept lat="27.987376" lon="87.101399">
      <ele>4831.0</ele>
    </rtept>
    <rtept lat="27.987443" lon="87.101475">
      <ele>4831.0</ele>
    </rtept>
    <rtept lat="27.987496" lon="87.101564">
      <ele>4832.0</ele>
    </rtept>
    <rtept lat="27.987542" lon="87.10166">
      <ele>4832.0</ele>
    </rtept>
    <rtept lat="27.987592" lon="87.101756">
      <ele>4832.0</ele>
    </rtept>
    <rtept lat="27.98764" lon="87.101847">
      <ele>4826.0</ele>
    </rtept>
    <rtept lat="27.987663" lon="87.10195">
      <ele>4826.0</ele>
    </rtept>
    <rtept lat="27.987683" lon="87.102024">
      <ele>4826.0</ele>
    </rtept>
    <rtept lat="27.987762" lon="87.102073">
      <ele>4826.0</ele>
    </rtept>
    <rtept lat="27.987823" lon="87.102149">
      <ele>4826.0</ele>
    </rtept>
    <rtept lat="27.987877" lon="87.102257">
      <ele>4826.0</ele>
    </rtept>
    <rtept lat="27.987911" lon="87.102362">
      <ele>4815.0</ele>
    </rtept>
    <rtept lat="27.987945" lon="87.102462">
      <ele>4819.0</ele>
    </rtept>
    <rtept lat="27.987974" lon="87.10257">
      <ele>4819.0</ele>
    </rtept>
    <rtept lat="27.988023" lon="87.102679">
      <ele>4816.0</ele>
    </rtept>
    <rtept lat="27.988093" lon="87.102772">
      <ele>4816.0</ele>
    </rtept>
    <rtept lat="27.98815" lon="87.102858">
      <ele>4816.0</ele>
    </rtept>
    <rtept lat="27.988201" lon="87.102947">
      <ele>4813.0</ele>
    </rtept>
    <rtept lat="27.988247" lon="87.103035">
      <ele>4813.0</ele>
    </rtept>
    <rtept lat="27.988287" lon="87.10313">
      <ele>4813.0</ele>
    </rtept>
    <rtept lat="27.988329" lon="87.103229">
      <ele>4808.0</ele>
    </rtept>
    <rtept lat="27.98836" lon="87.103338">
      <ele>4808.0</ele>
    </rtept>
    <rtept lat="27.988395" lon="87.103447">
      <ele>4808.0</ele>
    </rtept>
    <rtept lat="27.988423" lon="87.103554">
      <ele>4799.0</ele>
    </rtept>
    <rtept lat="27.988456" lon="87.103659">
      <ele>4799.0</ele>
    </rtept>
    <rtept lat="27.988489" lon="87.103775">
      <ele>4791.0</ele>
    </rtept>
    <rtept lat="27.988522" lon="87.103827">
      <ele>4791.0</ele>
    </rtept>
    <rtept lat="27.988582" lon="87.103889">
      <ele>4791.0</ele>
    </rtept>
    <rtept lat="27.988655" lon="87.103958">
      <ele>4791.0</ele>
    </rtept>
    <rtept lat="27.988703" lon="87.104048">
      <ele>4790.0</ele>
    </rtept>
    <rtept lat="27.988758" lon="87.104131">
      <ele>4781.0</ele>
    </rtept>
    <rtept lat="27.988803" lon="87.104231">
      <ele>4781.0</ele>
    </rtept>
    <rtept lat="27.988822" lon="87.10435">
      <ele>4780.0</ele>
    </rtept>
    <rtept lat="27.988872" lon="87.104452">
      <ele>4780.0</ele>
    </rtept>
    <rtept lat="27.988896" lon="87.104553">
      <ele>4780.0</ele>
    </rtept>
    <rtept lat="27.9889" lon="87.104656">
      <ele>4781.0</ele>
    </rtept>
    <rtept lat="27.988904" lon="87.104762">
      <ele>4781.0</ele>
    </rtept>
    <rtept lat="27.988925" lon="87.10488">
      <ele>4785.0</ele>
    </rtept>
    <rtept lat="27.988957" lon="87.104987">
      <ele>4785.0</ele>
    </rtept>
    <rtept lat="27.988984" lon="87.105094">
      <ele>4785.0</ele>
    </rtept>
    <rtept lat="27.989011" lon="87.105196">
      <ele>4781.0</ele>
    </rtept>
    <rtept lat="27.98904" lon="87.105301">
      <ele>4788.0</ele>
    </rtept>
    <rtept lat="27.989054" lon="87.105412">
      <ele>4788.0</ele>
    </rtept>
    <rtept lat="27.98907" lon="87.105521">
      <ele>4786.0</ele>
    </rtept>
    <rtept lat="27.989088" lon="87.105631">
      <ele>4786.0</ele>
    </rtept>
    <rtept lat="27.989103" lon="87.105742">
      <ele>4781.0</ele>
    </rtept>
    <rtept lat="27.989122" lon="87.105853">
      <ele>4781.0</ele>
    </rtept>
    <rtept lat="27.989138" lon="87.10596">
      <ele>4781.0</ele>
    </rtept>
    <rtept lat="27.989147" lon="87.106047">
      <ele>4776.0</ele>
    </rtept>
    <rtept lat="27.989165" lon="87.106149">
      <ele>4776.0</ele>
    </rtept>
    <rtept lat="27.989184" lon="87.10625">
      <ele>4776.0</ele>
    </rtept>
    <rtept lat="27.989197" lon="87.106355">
      <ele>4770.0</ele>
    </rtept>
    <rtept lat="27.989226" lon="87.106456">
      <ele>4770.0</ele>
    </rtept>
    <rtept lat="27.989236" lon="87.106571">
      <ele>4766.0</ele>
    </rtept>
    <rtept lat="27.989254" lon="87.106687">
      <ele>4766.0</ele>
    </rtept>
    <rtept lat="27.989302" lon="87.106789">
      <ele>4766.0</ele>
    </rtept>
    <rtept lat="27.989345" lon="87.106895">
      <ele>4766.0</ele>
    </rtept>
    <rtept lat="27.989367" lon="87.107005">
      <ele>4766.0</ele>
    </rtept>
    <rtept lat="27.989379" lon="87.107126">
      <ele>4757.0</ele>
    </rtept>
    <rtept lat="27.989403" lon="87.107247">
      <ele>4757.0</ele>
    </rtept>
    <rtept lat="27.989445" lon="87.107346">
      <ele>4757.0</ele>
    </rtept>
    <rtept lat="27.989489" lon="87.107453">
      <ele>4750.0</ele>
    </rtept>
    <rtept lat="27.989543" lon="87.107553">
      <ele>4750.0</ele>
    </rtept>
    <rtept lat="27.989596" lon="87.107641">
      <ele>4743.0</ele>
    </rtept>
    <rtept lat="27.989646" lon="87.10775">
      <ele>4743.0</ele>
    </rtept>
    <rtept lat="27.989688" lon="87.107865">
      <ele>4743.0</ele>
    </rtept>
    <rtept lat="27.989714" lon="87.10797">
      <ele>4736.0</ele>
    </rtept>
    <rtept lat="27.989763" lon="87.108059">
      <ele>4736.0</ele>
    </rtept>
    <rtept lat="27.98981" lon="87.108152">
      <ele>4736.0</ele>
    </rtept>
    <rtept lat="27.989861" lon="87.108239">
      <ele>4733.0</ele>
    </rtept>
    <rtept lat="27.989901" lon="87.108337">
      <ele>4733.0</ele>
    </rtept>
    <rtept lat="27.98993" lon="87.108442">
      <ele>4733.0</ele>
    </rtept>
    <rtept lat="27.989945" lon="87.10855">
      <ele>4732.0</ele>
    </rtept>
    <rtept lat="27.989959" lon="87.108659">
      <ele>4732.0</ele>
    </rtept>
    <rtept lat="27.989974" lon="87.108771">
      <ele>4730.0</ele>
    </rtept>
    <rtept lat="27.990002" lon="87.10888">
      <ele>4730.0</ele>
    </rtept>
    <rtept lat="27.990044" lon="87.108977">
      <ele>4730.0</ele>
    </rtept>
    <rtept lat="27.990068" lon="87.109022">
      <ele>4730.0</ele>
    </rtept>
    <rtept lat="27.990105" lon="87.109101">
      <ele>4722.0</ele>
    </rtept>
    <rtept lat="27.990145" lon="87.109195">
      <ele>4723.0</ele>
    </rtept>
    <rtept lat="27.990196" lon="87.109292">
      <ele>4723.0</ele>
    </rtept>
    <rtept lat="27.990264" lon="87.109372">
      <ele>4719.0</ele>
    </rtept>
    <rtept lat="27.990319" lon="87.109458">
      <ele>4719.0</ele>
    </rtept>
    <rtept lat="27.990357" lon="87.109557">
      <ele>4719.0</ele>
    </rtept>
    <rtept lat="27.990368" lon="87.109667">
      <ele>4715.0</ele>
    </rtept>
    <rtept lat="27.990374" lon="87.109773">
      <ele>4715.0</ele>
    </rtept>
    <rtept lat="27.990384" lon="87.109878">
      <ele>4706.0</ele>
    </rtept>
    <rtept lat="27.990402" lon="87.10999">
      <ele>4706.0</ele>
    </rtept>
    <rtept lat="27.990423" lon="87.110104">
      <ele>4700.0</ele>
    </rtept>
    <rtept lat="27.99043" lon="87.110226">
      <ele>4689.0</ele>
    </rtept>
    <rtept lat="27.990392" lon="87.110329">
      <ele>4695.0</ele>
    </rtept>
    <rtept lat="27.990337" lon="87.110423">
      <ele>4690.0</ele>
    </rtept>
    <rtept lat="27.990252" lon="87.11048">
      <ele>4690.0</ele>
    </rtept>
    <rtept lat="27.990182" lon="87.110552">
      <ele>4690.0</ele>
    </rtept>
    <rtept lat="27.990181" lon="87.11065">
      <ele>4690.0</ele>
    </rtept>
    <rtept lat="27.990184" lon="87.110764">
      <ele>4687.0</ele>
    </rtept>
    <rtept lat="27.990181" lon="87.110873">
      <ele>4687.0</ele>
    </rtept>
    <rtept lat="27.990169" lon="87.110984">
      <ele>4686.0</ele>
    </rtept>
    <rtept lat="27.990159" lon="87.111088">
      <ele>4686.0</ele>
    </rtept>
    <rtept lat="27.990165" lon="87.111197">
      <ele>4686.0</ele>
    </rtept>
    <rtept lat="27.990157" lon="87.111304">
      <ele>4683.0</ele>
    </rtept>
    <rtept lat="27.990142" lon="87.111413">
      <ele>4683.0</ele>
    </rtept>
    <rtept lat="27.990104" lon="87.111467">
      <ele>4674.0</ele>
    </rtept>
    <rtept lat="27.990071" lon="87.111565">
      <ele>4666.0</ele>
    </rtept>
    <rtept lat="27.990043" lon="87.11168">
      <ele>4666.0</ele>
    </rtept>
    <rtept lat="27.990018" lon="87.111788">
      <ele>4666.0</ele>
    </rtept>
    <rtept lat="27.990003" lon="87.111899">
      <ele>4660.0</ele>
    </rtept>
    <rtept lat="27.99" lon="87.112013">
      <ele>4660.0</ele>
    </rtept>
    <rtept lat="27.989989" lon="87.112124">
      <ele>4657.0</ele>
    </rtept>
    <rtept lat="27.989979" lon="87.112239">
      <ele>4657.0</ele>
    </rtept>
    <rtept lat="27.989974" lon="87.11235">
      <ele>4657.0</ele>
    </rtept>
    <rtept lat="27.989956" lon="87.11246">
      <ele>4661.0</ele>
    </rtept>
    <rtept lat="27.989937" lon="87.112583">
      <ele>4661.0</ele>
    </rtept>
    <rtept lat="27.989939" lon="87.1127">
      <ele>4658.0</ele>
    </rtept>
    <rtept lat="27.989984" lon="87.112794">
      <ele>4658.0</ele>
    </rtept>
    <rtept lat="27.989984" lon="87.11289">
      <ele>4658.0</ele>
    </rtept>
    <rtept lat="27.989921" lon="87.112969">
      <ele>4658.0</ele>
    </rtept>
    <rtept lat="27.989829" lon="87.113039">
      <ele>4656.0</ele>
    </rtept>
    <rtept lat="27.989779" lon="87.113059">
      <ele>4656.0</ele>
    </rtept>
    <rtept lat="27.989779" lon="87.113059">
      <ele>4656.0</ele>
    </rtept>
    <rtept lat="27.989701" lon="87.113102">
      <ele>4656.0</ele>
    </rtept>
    <rtept lat="27.989701" lon="87.113102">
      <ele>4656.0</ele>
    </rtept>
    <rtept lat="27.989604" lon="87.113102">
      <ele>4656.0</ele>
    </rtept>
    <rtept lat="27.989532" lon="87.113162">
      <ele>4653.0</ele>
    </rtept>
    <rtept lat="27.989532" lon="87.113162">
      <ele>4653.0</ele>
    </rtept>
    <rtept lat="27.989532" lon="87.113162">
      <ele>4653.0</ele>
    </rtept>
    <rtept lat="27.989532" lon="87.113162">
      <ele>4653.0</ele>
    </rtept>
    <rtept lat="27.989532" lon="87.113162">
      <ele>4653.0</ele>
    </rtept>
    <rtept lat="27.989532" lon="87.113162">
      <ele>4653.0</ele>
    </rtept>
    <rtept lat="27.989412" lon="87.113148">
      <ele>4653.0</ele>
    </rtept>
    <rtept lat="27.989452" lon="87.113145">
      <ele>4653.0</ele>
    </rtept>
    <rtept lat="27.989452" lon="87.113145">
      <ele>4653.0</ele>
    </rtept>
    <rtept lat="27.989518" lon="87.113199">
      <ele>4655.0</ele>
    </rtept>
    <rtept lat="27.989466" lon="87.11311">
      <ele>4653.0</ele>
    </rtept>
    <rtept lat="27.989466" lon="87.11311">
      <ele>4653.0</ele>
    </rtept>
    <rtept lat="27.989288" lon="87.113278">
      <ele>4653.0</ele>
    </rtept>
    <rtept lat="27.989288" lon="87.113278">
      <ele>4653.0</ele>
    </rtept>
    <rtept lat="27.989259" lon="87.11306">
      <ele>4657.0</ele>
    </rtept>
    <rtept lat="27.989259" lon="87.11306">
      <ele>4657.0</ele>
    </rtept>
    <rtept lat="27.989259" lon="87.11306">
      <ele>4657.0</ele>
    </rtept>
    <rtept lat="27.989259" lon="87.11306">
      <ele>4657.0</ele>
    </rtept>
    <rtept lat="27.989259" lon="87.11306">
      <ele>4657.0</ele>
    </rtept>
    <rtept lat="27.989259" lon="87.11306">
      <ele>4657.0</ele>
    </rtept>
    <rtept lat="27.989438" lon="87.113138">
      <ele>4653.0</ele>
    </rtept>
    <rtept lat="27.989438" lon="87.113138">
      <ele>4653.0</ele>
    </rtept>
    <rtept lat="27.989518" lon="87.113091">
      <ele>4653.0</ele>
    </rtept>
    <rtept lat="27.989611" lon="87.113105">
      <ele>4656.0</ele>
    </rtept>
    <rtept lat="27.989611" lon="87.113105">
      <ele>4656.0</ele>
    </rtept>
    <rtept lat="27.989611" lon="87.113105">
      <ele>4656.0</ele>
    </rtept>
    <rtept lat="27.989611" lon="87.113105">
      <ele>4656.0</ele>
    </rtept>
    <rtept lat="27.989611" lon="87.113105">
      <ele>4656.0</ele>
    </rtept>
    <rtept lat="27.989611" lon="87.113105">
      <ele>4656.0</ele>
    </rtept>
    <rtept lat="27.989512" lon="87.113127">
      <ele>4653.0</ele>
    </rtept>
    <rtept lat="27.989512" lon="87.113127">
      <ele>4653.0</ele>
    </rtept>
    <rtept lat="27.989419" lon="87.113083">
      <ele>4653.0</ele>
    </rtept>
    <rtept lat="27.989419" lon="87.113083">
      <ele>4653.0</ele>
    </rtept>
    <rtept lat="27.989419" lon="87.113083">
      <ele>4653.0</ele>
    </rtept>
    <rtept lat="27.989419" lon="87.113083">
      <ele>4653.0</ele>
    </rtept>
    <rtept lat="27.989419" lon="87.113083">
      <ele>4653.0</ele>
    </rtept>
    <rtept lat="27.989419" lon="87.113083">
      <ele>4653.0</ele>
    </rtept>
    <rtept lat="27.989498" lon="87.113134">
      <ele>4653.0</ele>
    </rtept>
    <rtept lat="27.989498" lon="87.113134">
      <ele>4653.0</ele>
    </rtept>
    <rtept lat="27.989408" lon="87.113147">
      <ele>4653.0</ele>
    </rtept>
    <rtept lat="27.98948" lon="87.113129">
      <ele>4653.0</ele>
    </rtept>
    <rtept lat="27.989579" lon="87.113118">
      <ele>4653.0</ele>
    </rtept>
    <rtept lat="27.98954" lon="87.11309">
      <ele>4653.0</ele>
    </rtept>
    <rtept lat="27.98945" lon="87.113103">
      <ele>4653.0</ele>
    </rtept>
    <rtept lat="27.98945" lon="87.113103">
      <ele>4653.0</ele>
    </rtept>
    <rtept lat="27.98945" lon="87.113103">
      <ele>4653.0</ele>
    </rtept>
    <rtept lat="27.98945" lon="87.113103">
      <ele>4653.0</ele>
    </rtept>
    <rtept lat="27.98945" lon="87.113103">
      <ele>4653.0</ele>
    </rtept>
    <rtept lat="27.98945" lon="87.113103">
      <ele>4653.0</ele>
    </rtept>
    <rtept lat="27.98945" lon="87.113103">
      <ele>4653.0</ele>
    </rtept>
    <rtept lat="27.98945" lon="87.113103">
      <ele>4653.0</ele>
    </rtept>
    <rtept lat="27.98945" lon="87.113103">
      <ele>4653.0</ele>
    </rtept>
    <rtept lat="27.98945" lon="87.113103">
      <ele>4653.0</ele>
    </rtept>
    <rtept lat="27.98945" lon="87.113103">
      <ele>4653.0</ele>
    </rtept>
    <rtept lat="27.98945" lon="87.113103">
      <ele>4653.0</ele>
    </rtept>
    <rtept lat="27.98945" lon="87.113103">
      <ele>4653.0</ele>
    </rtept>
    <rtept lat="27.98945" lon="87.113103">
      <ele>4653.0</ele>
    </rtept>
    <rtept lat="27.98945" lon="87.113103">
      <ele>4653.0</ele>
    </rtept>
    <rtept lat="27.98945" lon="87.113103">
      <ele>4653.0</ele>
    </rtept>
    <rtept lat="27.989516" lon="87.113141">
      <ele>4653.0</ele>
    </rtept>
    <rtept lat="27.989516" lon="87.113141">
      <ele>4653.0</ele>
    </rtept>
    <rtept lat="27.989605" lon="87.113121">
      <ele>4656.0</ele>
    </rtept>
    <rtept lat="27.989605" lon="87.113121">
      <ele>4656.0</ele>
    </rtept>
    <rtept lat="27.989605" lon="87.113121">
      <ele>4656.0</ele>
    </rtept>
    <rtept lat="27.989605" lon="87.113121">
      <ele>4656.0</ele>
    </rtept>
    <rtept lat="27.989605" lon="87.113121">
      <ele>4656.0</ele>
    </rtept>
    <rtept lat="27.989605" lon="87.113121">
      <ele>4656.0</ele>
    </rtept>
    <rtept lat="27.989605" lon="87.113121">
      <ele>4656.0</ele>
    </rtept>
    <rtept lat="27.989605" lon="87.113121">
      <ele>4656.0</ele>
    </rtept>
    <rtept lat="27.989605" lon="87.113121">
      <ele>4656.0</ele>
    </rtept>
    <rtept lat="27.989605" lon="87.113121">
      <ele>4656.0</ele>
    </rtept>
    <rtept lat="27.989605" lon="87.113121">
      <ele>4656.0</ele>
    </rtept>
    <rtept lat="27.989605" lon="87.113121">
      <ele>4656.0</ele>
    </rtept>
    <rtept lat="27.989605" lon="87.113121">
      <ele>4656.0</ele>
    </rtept>
    <rtept lat="27.989605" lon="87.113121">
      <ele>4656.0</ele>
    </rtept>
    <rtept lat="27.989605" lon="87.113121">
      <ele>4656.0</ele>
    </rtept>
    <rtept lat="27.989605" lon="87.113121">
      <ele>4656.0</ele>
    </rtept>
    <rtept lat="27.989555" lon="87.113224">
      <ele>4655.0</ele>
    </rtept>
    <rtept lat="27.989555" lon="87.113224">
      <ele>4655.0</ele>
    </rtept>
    <rtept lat="27.989594" lon="87.113341">
      <ele>4657.0</ele>
    </rtept>
    <rtept lat="27.989621" lon="87.113458">
      <ele>4657.0</ele>
    </rtept>
    <rtept lat="27.98962" lon="87.113568">
      <ele>4659.0</ele>
    </rtept>
    <rtept lat="27.989602" lon="87.113671">
      <ele>4659.0</ele>
    </rtept>
    <rtept lat="27.989575" lon="87.113776">
      <ele>4670.0</ele>
    </rtept>
    <rtept lat="27.989545" lon="87.11388">
      <ele>4670.0</ele>
    </rtept>
    <rtept lat="27.989508" lon="87.113987">
      <ele>4670.0</ele>
    </rtept>
    <rtept lat="27.98947" lon="87.114091">
      <ele>4664.0</ele>
    </rtept>
    <rtept lat="27.989442" lon="87.114197">
      <ele>4664.0</ele>
    </rtept>
    <rtept lat="27.989444" lon="87.114308">
      <ele>4665.0</ele>
    </rtept>
    <rtept lat="27.989465" lon="87.114422">
      <ele>4665.0</ele>
    </rtept>
    <rtept lat="27.989503" lon="87.114524">
      <ele>4665.0</ele>
    </rtept>
    <rtept lat="27.989481" lon="87.11463">
      <ele>4665.0</ele>
    </rtept>
    <rtept lat="27.98944" lon="87.114725">
      <ele>4665.0</ele>
    </rtept>
    <rtept lat="27.989411" lon="87.114836">
      <ele>4665.0</ele>
    </rtept>
    <rtept lat="27.989351" lon="87.114924">
      <ele>4671.0</ele>
    </rtept>
    <rtept lat="27.989262" lon="87.114992">
      <ele>4659.0</ele>
    </rtept>
    <rtept lat="27.98917" lon="87.115059">
      <ele>4659.0</ele>
    </rtept>
    <rtept lat="27.989101" lon="87.115151">
      <ele>4664.0</ele>
    </rtept>
    <rtept lat="27.989087" lon="87.115264">
      <ele>4664.0</ele>
    </rtept>
    <rtept lat="27.989052" lon="87.115375">
      <ele>4664.0</ele>
    </rtept>
    <rtept lat="27.988988" lon="87.115471">
      <ele>4667.0</ele>
    </rtept>
    <rtept lat="27.988917" lon="87.115549">
      <ele>4667.0</ele>
    </rtept>
    <rtept lat="27.988867" lon="87.11564">
      <ele>4667.0</ele>
    </rtept>
    <rtept lat="27.988849" lon="87.115748">
      <ele>4661.0</ele>
    </rtept>
    <rtept lat="27.988825" lon="87.115854">
      <ele>4661.0</ele>
    </rtept>
    <rtept lat="27.988832" lon="87.115966">
      <ele>4661.0</ele>
    </rtept>
    <rtept lat="27.988851" lon="87.116079">
      <ele>4659.0</ele>
    </rtept>
    <rtept lat="27.988863" lon="87.116198">
      <ele>4659.0</ele>
    </rtept>
    <rtept lat="27.988872" lon="87.116313">
      <ele>4658.0</ele>
    </rtept>
    <rtept lat="27.988886" lon="87.116425">
      <ele>4658.0</ele>
    </rtept>
    <rtept lat="27.988909" lon="87.116528">
      <ele>4658.0</ele>
    </rtept>
    <rtept lat="27.988924" lon="87.11663">
      <ele>4654.0</ele>
    </rtept>
    <rtept lat="27.988951" lon="87.116731">
      <ele>4654.0</ele>
    </rtept>
    <rtept lat="27.988985" lon="87.116838">
      <ele>4650.0</ele>
    </rtept>
    <rtept lat="27.988993" lon="87.116956">
      <ele>4650.0</ele>
    </rtept>
    <rtept lat="27.989014" lon="87.11707">
      <ele>4650.0</ele>
    </rtept>
    <rtept lat="27.989051" lon="87.117171">
      <ele>4651.0</ele>
    </rtept>
    <rtept lat="27.98906" lon="87.117287">
      <ele>4651.0</ele>
    </rtept>
    <rtept lat="27.989043" lon="87.117395">
      <ele>4658.0</ele>
    </rtept>
    <rtept lat="27.989031" lon="87.117508">
      <ele>4658.0</ele>
    </rtept>
    <rtept lat="27.988988" lon="87.11762">
      <ele>4659.0</ele>
    </rtept>
    <rtept lat="27.988946" lon="87.117721">
      <ele>4660.0</ele>
    </rtept>
    <rtept lat="27.988923" lon="87.117782">
      <ele>4660.0</ele>
    </rtept>
    <rtept lat="27.988917" lon="87.117875">
      <ele>4660.0</ele>
    </rtept>
    <rtept lat="27.988917" lon="87.117875">
      <ele>4660.0</ele>
    </rtept>
    <rtept lat="27.988929" lon="87.117986">
      <ele>4666.0</ele>
    </rtept>
    <rtept lat="27.988929" lon="87.117986">
      <ele>4666.0</ele>
    </rtept>
    <rtept lat="27.988913" lon="87.118092">
      <ele>4666.0</ele>
    </rtept>
    <rtept lat="27.988876" lon="87.118196">
      <ele>4668.0</ele>
    </rtept>
    <rtept lat="27.988851" lon="87.118298">
      <ele>4668.0</ele>
    </rtept>
    <rtept lat="27.988819" lon="87.118396">
      <ele>4668.0</ele>
    </rtept>
    <rtept lat="27.988791" lon="87.118497">
      <ele>4671.0</ele>
    </rtept>
    <rtept lat="27.988786" lon="87.118604">
      <ele>4671.0</ele>
    </rtept>
    <rtept lat="27.988766" lon="87.118707">
      <ele>4671.0</ele>
    </rtept>
    <rtept lat="27.988741" lon="87.118806">
      <ele>4663.0</ele>
    </rtept>
    <rtept lat="27.988701" lon="87.118911">
      <ele>4663.0</ele>
    </rtept>
    <rtept lat="27.988679" lon="87.119025">
      <ele>4663.0</ele>
    </rtept>
    <rtept lat="27.988647" lon="87.119136">
      <ele>4667.0</ele>
    </rtept>
    <rtept lat="27.98862" lon="87.119246">
      <ele>4667.0</ele>
    </rtept>
    <rtept lat="27.988609" lon="87.119353">
      <ele>4670.0</ele>
    </rtept>
    <rtept lat="27.988591" lon="87.11946">
      <ele>4670.0</ele>
    </rtept>
    <rtept lat="27.988583" lon="87.119566">
      <ele>4670.0</ele>
    </rtept>
    <rtept lat="27.988587" lon="87.119672">
      <ele>4670.0</ele>
    </rtept>
    <rtept lat="27.988591" lon="87.119779">
      <ele>4670.0</ele>
    </rtept>
    <rtept lat="27.988577" lon="87.119889">
      <ele>4674.0</ele>
    </rtept>
    <rtept lat="27.988554" lon="87.120002">
      <ele>4674.0</ele>
    </rtept>
    <rtept lat="27.98854" lon="87.120107">
      <ele>4674.0</ele>
    </rtept>
    <rtept lat="27.98854" lon="87.120222">
      <ele>4675.0</ele>
    </rtept>
    <rtept lat="27.988502" lon="87.120318">
      <ele>4675.0</ele>
    </rtept>
    <rtept lat="27.98846" lon="87.120423">
      <ele>4655.0</ele>
    </rtept>
    <rtept lat="27.98842" lon="87.120531">
      <ele>4655.0</ele>
    </rtept>
    <rtept lat="27.988383" lon="87.120644">
      <ele>4655.0</ele>
    </rtept>
    <rtept lat="27.988362" lon="87.120758">
      <ele>4657.0</ele>
    </rtept>
    <rtept lat="27.988358" lon="87.120865">
      <ele>4657.0</ele>
    </rtept>
    <rtept lat="27.988361" lon="87.12097">
      <ele>4657.0</ele>
    </rtept>
    <rtept lat="27.98834" lon="87.121071">
      <ele>4656.0</ele>
    </rtept>
    <rtept lat="27.988314" lon="87.121183">
      <ele>4656.0</ele>
    </rtept>
    <rtept lat="27.988303" lon="87.121288">
      <ele>4657.0</ele>
    </rtept>
    <rtept lat="27.988287" lon="87.121408">
      <ele>4657.0</ele>
    </rtept>
    <rtept lat="27.988254" lon="87.121521">
      <ele>4657.0</ele>
    </rtept>
    <rtept lat="27.988218" lon="87.121587">
      <ele>4667.0</ele>
    </rtept>
    <rtept lat="27.988177" lon="87.12167">
      <ele>4645.0</ele>
    </rtept>
    <rtept lat="27.988149" lon="87.121779">
      <ele>4645.0</ele>
    </rtept>
    <rtept lat="27.988127" lon="87.121887">
      <ele>4650.0</ele>
    </rtept>
    <rtept lat="27.988104" lon="87.121994">
      <ele>4650.0</ele>
    </rtept>
    <rtept lat="27.988069" lon="87.122109">
      <ele>4657.0</ele>
    </rtept>
    <rtept lat="27.988034" lon="87.12221">
      <ele>4657.0</ele>
    </rtept>
    <rtept lat="27.988011" lon="87.122326">
      <ele>4657.0</ele>
    </rtept>
    <rtept lat="27.987977" lon="87.122432">
      <ele>4654.0</ele>
    </rtept>
    <rtept lat="27.987945" lon="87.12254">
      <ele>4654.0</ele>
    </rtept>
    <rtept lat="27.987933" lon="87.122644">
      <ele>4662.0</ele>
    </rtept>
    <rtept lat="27.987928" lon="87.122758">
      <ele>4662.0</ele>
    </rtept>
    <rtept lat="27.987912" lon="87.122864">
      <ele>4642.0</ele>
    </rtept>
    <rtept lat="27.987901" lon="87.122969">
      <ele>4639.0</ele>
    </rtept>
    <rtept lat="27.98788" lon="87.123078">
      <ele>4639.0</ele>
    </rtept>
    <rtept lat="27.987842" lon="87.12318">
      <ele>4639.0</ele>
    </rtept>
    <rtept lat="27.987784" lon="87.123271">
      <ele>4638.0</ele>
    </rtept>
    <rtept lat="27.987747" lon="87.123381">
      <ele>4638.0</ele>
    </rtept>
    <rtept lat="27.987723" lon="87.123498">
      <ele>4642.0</ele>
    </rtept>
    <rtept lat="27.987697" lon="87.123612">
      <ele>4642.0</ele>
    </rtept>
    <rtept lat="27.987676" lon="87.123731">
      <ele>4642.0</ele>
    </rtept>
    <rtept lat="27.987671" lon="87.123848">
      <ele>4646.0</ele>
    </rtept>
    <rtept lat="27.98764" lon="87.123959">
      <ele>4646.0</ele>
    </rtept>
    <rtept lat="27.98762" lon="87.124027">
      <ele>4630.0</ele>
    </rtept>
    <rtept lat="27.987651" lon="87.124237">
      <ele>4650.0</ele>
    </rtept>
    <rtept lat="27.987677" lon="87.124391">
      <ele>4645.0</ele>
    </rtept>
    <rtept lat="27.987709" lon="87.124518">
      <ele>4645.0</ele>
    </rtept>
    <rtept lat="27.987752" lon="87.124624">
      <ele>4640.0</ele>
    </rtept>
    <rtept lat="27.987796" lon="87.124731">
      <ele>4640.0</ele>
    </rtept>
    <rtept lat="27.987853" lon="87.124832">
      <ele>4640.0</ele>
    </rtept>
    <rtept lat="27.987909" lon="87.124932">
      <ele>4628.0</ele>
    </rtept>
    <rtept lat="27.987944" lon="87.125032">
      <ele>4646.0</ele>
    </rtept>
    <rtept lat="27.987978" lon="87.125131">
      <ele>4646.0</ele>
    </rtept>
    <rtept lat="27.988055" lon="87.125168">
      <ele>4627.0</ele>
    </rtept>
    <rtept lat="27.988159" lon="87.125186">
      <ele>4627.0</ele>
    </rtept>
    <rtept lat="27.98827" lon="87.125204">
      <ele>4639.0</ele>
    </rtept>
    <rtept lat="27.988372" lon="87.125224">
      <ele>4639.0</ele>
    </rtept>
    <rtept lat="27.988475" lon="87.125256">
      <ele>4635.0</ele>
    </rtept>
    <rtept lat="27.988549" lon="87.125293">
      <ele>4635.0</ele>
    </rtept>
    <rtept lat="27.988594" lon="87.125377">
      <ele>4635.0</ele>
    </rtept>
    <rtept lat="27.988646" lon="87.125461">
      <ele>4634.0</ele>
    </rtept>
    <rtept lat="27.988646" lon="87.125567">
      <ele>4634.0</ele>
    </rtept>
    <rtept lat="27.988631" lon="87.125683">
      <ele>4634.0</ele>
    </rtept>
    <rtept lat="27.988611" lon="87.125797">
      <ele>4631.0</ele>
    </rtept>
    <rtept lat="27.988594" lon="87.125912">
      <ele>4631.0</ele>
    </rtept>
    <rtept lat="27.988564" lon="87.126025">
      <ele>4636.0</ele>
    </rtept>
    <rtept lat="27.988545" lon="87.126139">
      <ele>4636.0</ele>
    </rtept>
    <rtept lat="27.988535" lon="87.126249">
      <ele>4636.0</ele>
    </rtept>
    <rtept lat="27.988547" lon="87.12636">
      <ele>4650.0</ele>
    </rtept>
    <rtept lat="27.988557" lon="87.126467">
      <ele>4650.0</ele>
    </rtept>
    <rtept lat="27.988571" lon="87.126569">
      <ele>4670.0</ele>
    </rtept>
    <rtept lat="27.98855" lon="87.126669">
      <ele>4670.0</ele>
    </rtept>
    <rtept lat="27.988502" lon="87.126768">
      <ele>4670.0</ele>
    </rtept>
    <rtept lat="27.988481" lon="87.126878">
      <ele>4670.0</ele>
    </rtept>
    <rtept lat="27.988493" lon="87.126985">
      <ele>4670.0</ele>
    </rtept>
    <rtept lat="27.988491" lon="87.127092">
      <ele>4661.0</ele>
    </rtept>
    <rtept lat="27.988513" lon="87.127195">
      <ele>4661.0</ele>
    </rtept>
    <rtept lat="27.988529" lon="87.127311">
      <ele>4661.0</ele>
    </rtept>
    <rtept lat="27.988556" lon="87.127419">
      <ele>4646.0</ele>
    </rtept>
    <rtept lat="27.988592" lon="87.127517">
      <ele>4646.0</ele>
    </rtept>
    <rtept lat="27.988595" lon="87.127627">
      <ele>4646.0</ele>
    </rtept>
    <rtept lat="27.988602" lon="87.127733">
      <ele>4640.0</ele>
    </rtept>
    <rtept lat="27.988638" lon="87.127825">
      <ele>4640.0</ele>
    </rtept>
    <rtept lat="27.988665" lon="87.127922">
      <ele>4648.0</ele>
    </rtept>
    <rtept lat="27.988657" lon="87.128024">
      <ele>4648.0</ele>
    </rtept>
    <rtept lat="27.988667" lon="87.12813">
      <ele>4648.0</ele>
    </rtept>
    <rtept lat="27.988645" lon="87.128236">
      <ele>4644.0</ele>
    </rtept>
    <rtept lat="27.988644" lon="87.12834">
      <ele>4644.0</ele>
    </rtept>
    <rtept lat="27.98864" lon="87.128449">
      <ele>4644.0</ele>
    </rtept>
    <rtept lat="27.988652" lon="87.128561">
      <ele>4624.0</ele>
    </rtept>
    <rtept lat="27.988715" lon="87.128652">
      <ele>4624.0</ele>
    </rtept>
    <rtept lat="27.988757" lon="87.128744">
      <ele>4667.0</ele>
    </rtept>
    <rtept lat="27.988818" lon="87.128824">
      <ele>4654.0</ele>
    </rtept>
    <rtept lat="27.988878" lon="87.128906">
      <ele>4654.0</ele>
    </rtept>
    <rtept lat="27.988915" lon="87.129008">
      <ele>4654.0</ele>
    </rtept>
    <rtept lat="27.988923" lon="87.12906">
      <ele>4652.0</ele>
    </rtept>
    <rtept lat="27.988877" lon="87.129137">
      <ele>4652.0</ele>
    </rtept>
    <rtept lat="27.988881" lon="87.129231">
      <ele>4652.0</ele>
    </rtept>
    <rtept lat="27.988927" lon="87.129328">
      <ele>4640.0</ele>
    </rtept>
    <rtept lat="27.988961" lon="87.129431">
      <ele>4640.0</ele>
    </rtept>
    <rtept lat="27.989018" lon="87.12952">
      <ele>4640.0</ele>
    </rtept>
    <rtept lat="27.989076" lon="87.129608">
      <ele>4645.0</ele>
    </rtept>
    <rtept lat="27.989146" lon="87.129682">
      <ele>4645.0</ele>
    </rtept>
    <rtept lat="27.989218" lon="87.129751">
      <ele>4645.0</ele>
    </rtept>
    <rtept lat="27.989306" lon="87.129798">
      <ele>4647.0</ele>
    </rtept>
    <rtept lat="27.989397" lon="87.129824">
      <ele>4647.0</ele>
    </rtept>
    <rtept lat="27.989485" lon="87.12986">
      <ele>4647.0</ele>
    </rtept>
    <rtept lat="27.989574" lon="87.129897">
      <ele>4644.0</ele>
    </rtept>
    <rtept lat="27.989648" lon="87.129965">
      <ele>4649.0</ele>
    </rtept>
    <rtept lat="27.989648" lon="87.129965">
      <ele>4649.0</ele>
    </rtept>
    <rtept lat="27.989648" lon="87.129965">
      <ele>4649.0</ele>
    </rtept>
    <rtept lat="27.989648" lon="87.129965">
      <ele>4649.0</ele>
    </rtept>
    <rtept lat="27.989648" lon="87.129965">
      <ele>4649.0</ele>
    </rtept>
    <rtept lat="27.989648" lon="87.129965">
      <ele>4649.0</ele>
    </rtept>
    <rtept lat="27.989724" lon="87.130046">
      <ele>4649.0</ele>
    </rtept>
    <rtept lat="27.989724" lon="87.130046">
      <ele>4649.0</ele>
    </rtept>
    <rtept lat="27.989811" lon="87.130093">
      <ele>4649.0</ele>
    </rtept>
    <rtept lat="27.989883" lon="87.130166">
      <ele>4651.0</ele>
    </rtept>
    <rtept lat="27.989918" lon="87.130271">
      <ele>4651.0</ele>
    </rtept>
    <rtept lat="27.989984" lon="87.130359">
      <ele>4651.0</ele>
    </rtept>
    <rtept lat="27.990041" lon="87.130455">
      <ele>4647.0</ele>
    </rtept>
    <rtept lat="27.990078" lon="87.130561">
      <ele>4647.0</ele>
    </rtept>
    <rtept lat="27.990104" lon="87.130665">
      <ele>4647.0</ele>
    </rtept>
    <rtept lat="27.990151" lon="87.130758">
      <ele>4637.0</ele>
    </rtept>
    <rtept lat="27.990185" lon="87.130863">
      <ele>4637.0</ele>
    </rtept>
    <rtept lat="27.990192" lon="87.130969">
      <ele>4637.0</ele>
    </rtept>
    <rtept lat="27.990178" lon="87.131074">
      <ele>4624.0</ele>
    </rtept>
    <rtept lat="27.990166" lon="87.131146">
      <ele>4624.0</ele>
    </rtept>
    <rtept lat="27.990188" lon="87.131233">
      <ele>4624.0</ele>
    </rtept>
    <rtept lat="27.990218" lon="87.131331">
      <ele>4604.0</ele>
    </rtept>
    <rtept lat="27.990239" lon="87.131433">
      <ele>4604.0</ele>
    </rtept>
    <rtept lat="27.990288" lon="87.131518">
      <ele>4604.0</ele>
    </rtept>
    <rtept lat="27.990352" lon="87.131599">
      <ele>4594.0</ele>
    </rtept>
    <rtept lat="27.990382" lon="87.131699">
      <ele>4594.0</ele>
    </rtept>
    <rtept lat="27.990408" lon="87.1318">
      <ele>4594.0</ele>
    </rtept>
    <rtept lat="27.990452" lon="87.131889">
      <ele>4586.0</ele>
    </rtept>
    <rtept lat="27.990476" lon="87.131994">
      <ele>4586.0</ele>
    </rtept>
    <rtept lat="27.990507" lon="87.132099">
      <ele>4570.0</ele>
    </rtept>
    <rtept lat="27.990552" lon="87.132202">
      <ele>4570.0</ele>
    </rtept>
    <rtept lat="27.990612" lon="87.132296">
      <ele>4570.0</ele>
    </rtept>
    <rtept lat="27.990681" lon="87.132384">
      <ele>4555.0</ele>
    </rtept>
    <rtept lat="27.990748" lon="87.132462">
      <ele>4570.0</ele>
    </rtept>
    <rtept lat="27.990751" lon="87.132559">
      <ele>4570.0</ele>
    </rtept>
    <rtept lat="27.990735" lon="87.13266">
      <ele>4566.0</ele>
    </rtept>
    <rtept lat="27.990704" lon="87.13276">
      <ele>4566.0</ele>
    </rtept>
    <rtept lat="27.99072" lon="87.132864">
      <ele>4566.0</ele>
    </rtept>
    <rtept lat="27.990778" lon="87.132953">
      <ele>4557.0</ele>
    </rtept>
    <rtept lat="27.990817" lon="87.133052">
      <ele>4557.0</ele>
    </rtept>
    <rtept lat="27.990804" lon="87.133152">
      <ele>4557.0</ele>
    </rtept>
    <rtept lat="27.990792" lon="87.133254">
      <ele>4549.0</ele>
    </rtept>
    <rtept lat="27.990845" lon="87.13332">
      <ele>4549.0</ele>
    </rtept>
    <rtept lat="27.990878" lon="87.133409">
      <ele>4549.0</ele>
    </rtept>
    <rtept lat="27.990895" lon="87.133511">
      <ele>4539.0</ele>
    </rtept>
    <rtept lat="27.990906" lon="87.133626">
      <ele>4539.0</ele>
    </rtept>
    <rtept lat="27.990955" lon="87.13372">
      <ele>4539.0</ele>
    </rtept>
    <rtept lat="27.991005" lon="87.133815">
      <ele>4533.0</ele>
    </rtept>
    <rtept lat="27.991045" lon="87.133921">
      <ele>4533.0</ele>
    </rtept>
    <rtept lat="27.991053" lon="87.134027">
      <ele>4533.0</ele>
    </rtept>
    <rtept lat="27.991037" lon="87.134134">
      <ele>4530.0</ele>
    </rtept>
    <rtept lat="27.99102" lon="87.134247">
      <ele>4530.0</ele>
    </rtept>
    <rtept lat="27.99102" lon="87.134247">
      <ele>4530.0</ele>
    </rtept>
    <rtept lat="27.991058" lon="87.134343">
      <ele>4520.0</ele>
    </rtept>
    <rtept lat="27.991058" lon="87.134343">
      <ele>4520.0</ele>
    </rtept>
    <rtept lat="27.991077" lon="87.134448">
      <ele>4520.0</ele>
    </rtept>
    <rtept lat="27.991134" lon="87.134528">
      <ele>4520.0</ele>
    </rtept>
    <rtept lat="27.991074" lon="87.134558">
      <ele>4520.0</ele>
    </rtept>
    <rtept lat="27.99109" lon="87.134632">
      <ele>4509.0</ele>
    </rtept>
    <rtept lat="27.991052" lon="87.134719">
      <ele>4509.0</ele>
    </rtept>
    <rtept lat="27.991005" lon="87.134812">
      <ele>4509.0</ele>
    </rtept>
    <rtept lat="27.991032" lon="87.134906">
      <ele>4485.0</ele>
    </rtept>
    <rtept lat="27.991086" lon="87.134998">
      <ele>4485.0</ele>
    </rtept>
    <rtept lat="27.991174" lon="87.135074">
      <ele>4485.0</ele>
    </rtept>
    <rtept lat="27.991266" lon="87.135131">
      <ele>4498.0</ele>
    </rtept>
    <rtept lat="27.991282" lon="87.135224">
      <ele>4480.0</ele>
    </rtept>
    <rtept lat="27.991268" lon="87.135262">
      <ele>4480.0</ele>
    </rtept>
    <rtept lat="27.991288" lon="87.135341">
      <ele>4480.0</ele>
    </rtept>
    <rtept lat="27.991338" lon="87.13543">
      <ele>4464.0</ele>
    </rtept>
    <rtept lat="27.991338" lon="87.13543">
      <ele>4464.0</ele>
    </rtept>
    <rtept lat="27.991381" lon="87.135541">
      <ele>4464.0</ele>
    </rtept>
    <rtept lat="27.991381" lon="87.135541">
      <ele>4464.0</ele>
    </rtept>
    <rtept lat="27.991424" lon="87.135636">
      <ele>4464.0</ele>
    </rtept>
    <rtept lat="27.991453" lon="87.135738">
      <ele>4462.0</ele>
    </rtept>
    <rtept lat="27.99145" lon="87.135768">
      <ele>4462.0</ele>
    </rtept>
    <rtept lat="27.991487" lon="87.135846">
      <ele>4462.0</ele>
    </rtept>
    <rtept lat="27.991526" lon="87.135938">
      <ele>4462.0</ele>
    </rtept>
    <rtept lat="27.991556" lon="87.13605">
      <ele>4464.0</ele>
    </rtept>
    <rtept lat="27.991581" lon="87.136169">
      <ele>4464.0</ele>
    </rtept>
    <rtept lat="27.991585" lon="87.136287">
      <ele>4460.0</ele>
    </rtept>
    <rtept lat="27.991568" lon="87.136395">
      <ele>4460.0</ele>
    </rtept>
    <rtept lat="27.991558" lon="87.136499">
      <ele>4460.0</ele>
    </rtept>
    <rtept lat="27.991578" lon="87.136597">
      <ele>4458.0</ele>
    </rtept>
    <rtept lat="27.991578" lon="87.136597">
      <ele>4458.0</ele>
    </rtept>
    <rtept lat="27.991611" lon="87.136695">
      <ele>4458.0</ele>
    </rtept>
    <rtept lat="27.991611" lon="87.136695">
      <ele>4458.0</ele>
    </rtept>
    <rtept lat="27.991641" lon="87.136793">
      <ele>4458.0</ele>
    </rtept>
    <rtept lat="27.991674" lon="87.136902">
      <ele>4450.0</ele>
    </rtept>
    <rtept lat="27.991722" lon="87.137002">
      <ele>4450.0</ele>
    </rtept>
    <rtept lat="27.991733" lon="87.137104">
      <ele>4444.0</ele>
    </rtept>
    <rtept lat="27.991736" lon="87.13721">
      <ele>4444.0</ele>
    </rtept>
    <rtept lat="27.991736" lon="87.13721">
      <ele>4444.0</ele>
    </rtept>
    <rtept lat="27.991778" lon="87.137302">
      <ele>4444.0</ele>
    </rtept>
    <rtept lat="27.991778" lon="87.137302">
      <ele>4444.0</ele>
    </rtept>
    <rtept lat="27.991788" lon="87.137427">
      <ele>4440.0</ele>
    </rtept>
    <rtept lat="27.991827" lon="87.137524">
      <ele>4452.0</ele>
    </rtept>
    <rtept lat="27.991894" lon="87.137616">
      <ele>4452.0</ele>
    </rtept>
    <rtept lat="27.991933" lon="87.137713">
      <ele>4443.0</ele>
    </rtept>
    <rtept lat="27.991965" lon="87.137822">
      <ele>4443.0</ele>
    </rtept>
    <rtept lat="27.992016" lon="87.137925">
      <ele>4443.0</ele>
    </rtept>
    <rtept lat="27.992096" lon="87.137984">
      <ele>4454.0</ele>
    </rtept>
    <rtept lat="27.992179" lon="87.138045">
      <ele>4454.0</ele>
    </rtept>
    <rtept lat="27.99225" lon="87.138112">
      <ele>4454.0</ele>
    </rtept>
    <rtept lat="27.992326" lon="87.138191">
      <ele>4454.0</ele>
    </rtept>
    <rtept lat="27.99241" lon="87.138265">
      <ele>4454.0</ele>
    </rtept>
    <rtept lat="27.992481" lon="87.13835">
      <ele>4454.0</ele>
    </rtept>
    <rtept lat="27.992515" lon="87.138455">
      <ele>4454.0</ele>
    </rtept>
    <rtept lat="27.992547" lon="87.138564">
      <ele>4447.0</ele>
    </rtept>
    <rtept lat="27.992603" lon="87.138665">
      <ele>4447.0</ele>
    </rtept>
    <rtept lat="27.992652" lon="87.138763">
      <ele>4441.0</ele>
    </rtept>
    <rtept lat="27.992699" lon="87.138858">
      <ele>4441.0</ele>
    </rtept>
    <rtept lat="27.992747" lon="87.13896">
      <ele>4441.0</ele>
    </rtept>
    <rtept lat="27.992799" lon="87.139054">
      <ele>4435.0</ele>
    </rtept>
    <rtept lat="27.992829" lon="87.139162">
      <ele>4435.0</ele>
    </rtept>
    <rtept lat="27.992847" lon="87.139273">
      <ele>4435.0</ele>
    </rtept>
    <rtept lat="27.99284" lon="87.139394">
      <ele>4428.0</ele>
    </rtept>
    <rtept lat="27.992844" lon="87.139469">
      <ele>4428.0</ele>
    </rtept>
    <rtept lat="27.99286" lon="87.139566">
      <ele>4428.0</ele>
    </rtept>
    <rtept lat="27.992877" lon="87.139603">
      <ele>4430.0</ele>
    </rtept>
    <rtept lat="27.992905" lon="87.139679">
      <ele>4430.0</ele>
    </rtept>
    <rtept lat="27.992893" lon="87.139785">
      <ele>4430.0</ele>
    </rtept>
    <rtept lat="27.992879" lon="87.139903">
      <ele>4421.0</ele>
    </rtept>
    <rtept lat="27.992891" lon="87.140012">
      <ele>4421.0</ele>
    </rtept>
    <rtept lat="27.992872" lon="87.140125">
      <ele>4421.0</ele>
    </rtept>
    <rtept lat="27.992908" lon="87.140212">
      <ele>4416.0</ele>
    </rtept>
    <rtept lat="27.992937" lon="87.140314">
      <ele>4427.0</ele>
    </rtept>
    <rtept lat="27.992982" lon="87.140416">
      <ele>4427.0</ele>
    </rtept>
    <rtept lat="27.993003" lon="87.140539">
      <ele>4428.0</ele>
    </rtept>
    <rtept lat="27.993022" lon="87.140652">
      <ele>4428.0</ele>
    </rtept>
    <rtept lat="27.993047" lon="87.140762">
      <ele>4425.0</ele>
    </rtept>
    <rtept lat="27.993076" lon="87.140872">
      <ele>4425.0</ele>
    </rtept>
    <rtept lat="27.993104" lon="87.140979">
      <ele>4427.0</ele>
    </rtept>
    <rtept lat="27.993136" lon="87.141081">
      <ele>4427.0</ele>
    </rtept>
    <rtept lat="27.993153" lon="87.141182">
      <ele>4427.0</ele>
    </rtept>
    <rtept lat="27.993182" lon="87.141282">
      <ele>4419.0</ele>
    </rtept>
    <rtept lat="27.993217" lon="87.141386">
      <ele>4430.0</ele>
    </rtept>
    <rtept lat="27.993234" lon="87.141495">
      <ele>4430.0</ele>
    </rtept>
    <rtept lat="27.993233" lon="87.141599">
      <ele>4424.0</ele>
    </rtept>
    <rtept lat="27.99324" lon="87.141712">
      <ele>4424.0</ele>
    </rtept>
    <rtept lat="27.993235" lon="87.141821">
      <ele>4420.0</ele>
    </rtept>
    <rtept lat="27.993209" lon="87.141936">
      <ele>4420.0</ele>
    </rtept>
    <rtept lat="27.993229" lon="87.14204">
      <ele>4420.0</ele>
    </rtept>
    <rtept lat="27.993265" lon="87.142142">
      <ele>4409.0</ele>
    </rtept>
    <rtept lat="27.993281" lon="87.142252">
      <ele>4409.0</ele>
    </rtept>
    <rtept lat="27.993283" lon="87.142364">
      <ele>4406.0</ele>
    </rtept>
    <rtept lat="27.993294" lon="87.14248">
      <ele>4406.0</ele>
    </rtept>
    <rtept lat="27.9933" lon="87.142593">
      <ele>4406.0</ele>
    </rtept>
    <rtept lat="27.993304" lon="87.142705">
      <ele>4410.0</ele>
    </rtept>
    <rtept lat="27.993341" lon="87.142799">
      <ele>4410.0</ele>
    </rtept>
    <rtept lat="27.993387" lon="87.142894">
      <ele>4410.0</ele>
    </rtept>
    <rtept lat="27.993422" lon="87.142993">
      <ele>4410.0</ele>
    </rtept>
    <rtept lat="27.993432" lon="87.14311">
      <ele>4410.0</ele>
    </rtept>
    <rtept lat="27.993405" lon="87.14322">
      <ele>4402.0</ele>
    </rtept>
    <rtept lat="27.99338" lon="87.143339">
      <ele>4402.0</ele>
    </rtept>
    <rtept lat="27.993376" lon="87.14345">
      <ele>4402.0</ele>
    </rtept>
    <rtept lat="27.993409" lon="87.14355">
      <ele>4398.0</ele>
    </rtept>
    <rtept lat="27.993408" lon="87.14365">
      <ele>4398.0</ele>
    </rtept>
    <rtept lat="27.993387" lon="87.143683">
      <ele>4398.0</ele>
    </rtept>
    <rtept lat="27.993416" lon="87.143757">
      <ele>4396.0</ele>
    </rtept>
    <rtept lat="27.993421" lon="87.143855">
      <ele>4396.0</ele>
    </rtept>
    <rtept lat="27.993397" lon="87.143956">
      <ele>4396.0</ele>
    </rtept>
    <rtept lat="27.993386" lon="87.144062">
      <ele>4391.0</ele>
    </rtept>
    <rtept lat="27.993384" lon="87.14416">
      <ele>4391.0</ele>
    </rtept>
    <rtept lat="27.993402" lon="87.144264">
      <ele>4391.0</ele>
    </rtept>
    <rtept lat="27.993432" lon="87.144365">
      <ele>4388.0</ele>
    </rtept>
    <rtept lat="27.993457" lon="87.14447">
      <ele>4388.0</ele>
    </rtept>
    <rtept lat="27.993496" lon="87.144574">
      <ele>4390.0</ele>
    </rtept>
    <rtept lat="27.993529" lon="87.144678">
      <ele>4385.0</ele>
    </rtept>
    <rtept lat="27.993559" lon="87.144783">
      <ele>4385.0</ele>
    </rtept>
    <rtept lat="27.993592" lon="87.144884">
      <ele>4381.0</ele>
    </rtept>
    <rtept lat="27.993636" lon="87.144991">
      <ele>4381.0</ele>
    </rtept>
    <rtept lat="27.993637" lon="87.145105">
      <ele>4381.0</ele>
    </rtept>
    <rtept lat="27.993644" lon="87.145228">
      <ele>4383.0</ele>
    </rtept>
    <rtept lat="27.993661" lon="87.145335">
      <ele>4383.0</ele>
    </rtept>
    <rtept lat="27.993703" lon="87.145429">
      <ele>4387.0</ele>
    </rtept>
    <rtept lat="27.993768" lon="87.145512">
      <ele>4397.0</ele>
    </rtept>
    <rtept lat="27.993818" lon="87.145611">
      <ele>4397.0</ele>
    </rtept>
    <rtept lat="27.993894" lon="87.145687">
      <ele>4397.0</ele>
    </rtept>
    <rtept lat="27.993966" lon="87.145777">
      <ele>4388.0</ele>
    </rtept>
    <rtept lat="27.99405" lon="87.14583">
      <ele>4396.0</ele>
    </rtept>
    <rtept lat="27.994127" lon="87.145887">
      <ele>4396.0</ele>
    </rtept>
    <rtept lat="27.994145" lon="87.145984">
      <ele>4386.0</ele>
    </rtept>
    <rtept lat="27.994172" lon="87.146098">
      <ele>4386.0</ele>
    </rtept>
    <rtept lat="27.994188" lon="87.146218">
      <ele>4386.0</ele>
    </rtept>
    <rtept lat="27.994174" lon="87.146325">
      <ele>4383.0</ele>
    </rtept>
    <rtept lat="27.994128" lon="87.146416">
      <ele>4383.0</ele>
    </rtept>
    <rtept lat="27.994135" lon="87.146512">
      <ele>4383.0</ele>
    </rtept>
    <rtept lat="27.994137" lon="87.146624">
      <ele>4379.0</ele>
    </rtept>
    <rtept lat="27.994141" lon="87.146742">
      <ele>4379.0</ele>
    </rtept>
    <rtept lat="27.994104" lon="87.146835">
      <ele>4377.0</ele>
    </rtept>
    <rtept lat="27.994022" lon="87.146896">
      <ele>4374.0</ele>
    </rtept>
    <rtept lat="27.994007" lon="87.146984">
      <ele>4374.0</ele>
    </rtept>
    <rtept lat="27.994008" lon="87.147088">
      <ele>4367.0</ele>
    </rtept>
    <rtept lat="27.994058" lon="87.147186">
      <ele>4368.0</ele>
    </rtept>
    <rtept lat="27.994109" lon="87.147285">
      <ele>4368.0</ele>
    </rtept>
    <rtept lat="27.994184" lon="87.147356">
      <ele>4368.0</ele>
    </rtept>
    <rtept lat="27.994259" lon="87.14744">
      <ele>4363.0</ele>
    </rtept>
    <rtept lat="27.994293" lon="87.147539">
      <ele>4363.0</ele>
    </rtept>
    <rtept lat="27.994289" lon="87.147645">
      <ele>4364.0</ele>
    </rtept>
    <rtept lat="27.994263" lon="87.147749">
      <ele>4364.0</ele>
    </rtept>
    <rtept lat="27.994259" lon="87.147859">
      <ele>4364.0</ele>
    </rtept>
    <rtept lat="27.994226" lon="87.147964">
      <ele>4363.0</ele>
    </rtept>
    <rtept lat="27.994224" lon="87.14807">
      <ele>4363.0</ele>
    </rtept>
    <rtept lat="27.994296" lon="87.148124">
      <ele>4363.0</ele>
    </rtept>
    <rtept lat="27.994337" lon="87.148209">
      <ele>4371.0</ele>
    </rtept>
    <rtept lat="27.994308" lon="87.148308">
      <ele>4371.0</ele>
    </rtept>
    <rtept lat="27.994285" lon="87.148422">
      <ele>4361.0</ele>
    </rtept>
    <rtept lat="27.994297" lon="87.148531">
      <ele>4361.0</ele>
    </rtept>
    <rtept lat="27.994351" lon="87.148628">
      <ele>4361.0</ele>
    </rtept>
    <rtept lat="27.994375" lon="87.148738">
      <ele>4361.0</ele>
    </rtept>
    <rtept lat="27.994429" lon="87.148824">
      <ele>4357.0</ele>
    </rtept>
    <rtept lat="27.994455" lon="87.148902">
      <ele>4357.0</ele>
    </rtept>
    <rtept lat="27.994455" lon="87.148902">
      <ele>4357.0</ele>
    </rtept>
    <rtept lat="27.994455" lon="87.148902">
      <ele>4357.0</ele>
    </rtept>
    <rtept lat="27.994455" lon="87.148902">
      <ele>4357.0</ele>
    </rtept>
    <rtept lat="27.994455" lon="87.148902">
      <ele>4357.0</ele>
    </rtept>
    <rtept lat="27.994455" lon="87.148902">
      <ele>4357.0</ele>
    </rtept>
    <rtept lat="27.994516" lon="87.148977">
      <ele>4357.0</ele>
    </rtept>
    <rtept lat="27.994516" lon="87.148977">
      <ele>4357.0</ele>
    </rtept>
    <rtept lat="27.994555" lon="87.149097">
      <ele>4354.0</ele>
    </rtept>
    <rtept lat="27.994584" lon="87.149208">
      <ele>4363.0</ele>
    </rtept>
    <rtept lat="27.994591" lon="87.149317">
      <ele>4352.0</ele>
    </rtept>
    <rtept lat="27.994599" lon="87.14943">
      <ele>4352.0</ele>
    </rtept>
    <rtept lat="27.994619" lon="87.149546">
      <ele>4352.0</ele>
    </rtept>
    <rtept lat="27.99463" lon="87.149666">
      <ele>4352.0</ele>
    </rtept>
    <rtept lat="27.994626" lon="87.149777">
      <ele>4352.0</ele>
    </rtept>
    <rtept lat="27.994618" lon="87.149885">
      <ele>4348.0</ele>
    </rtept>
    <rtept lat="27.994615" lon="87.150004">
      <ele>4348.0</ele>
    </rtept>
    <rtept lat="27.994643" lon="87.150106">
      <ele>4348.0</ele>
    </rtept>
    <rtept lat="27.994655" lon="87.150216">
      <ele>4343.0</ele>
    </rtept>
    <rtept lat="27.994668" lon="87.150327">
      <ele>4343.0</ele>
    </rtept>
    <rtept lat="27.994658" lon="87.150443">
      <ele>4340.0</ele>
    </rtept>
    <rtept lat="27.994605" lon="87.150548">
      <ele>4340.0</ele>
    </rtept>
    <rtept lat="27.994569" lon="87.150657">
      <ele>4337.0</ele>
    </rtept>
    <rtept lat="27.994587" lon="87.150762">
      <ele>4340.0</ele>
    </rtept>
    <rtept lat="27.99464" lon="87.150862">
      <ele>4340.0</ele>
    </rtept>
    <rtept lat="27.99472" lon="87.150951">
      <ele>4340.0</ele>
    </rtept>
    <rtept lat="27.994802" lon="87.151043">
      <ele>4336.0</ele>
    </rtept>
    <rtept lat="27.994859" lon="87.151133">
      <ele>4336.0</ele>
    </rtept>
    <rtept lat="27.994903" lon="87.151243">
      <ele>4338.0</ele>
    </rtept>
    <rtept lat="27.994929" lon="87.15136">
      <ele>4337.0</ele>
    </rtept>
    <rtept lat="27.994936" lon="87.151478">
      <ele>4337.0</ele>
    </rtept>
    <rtept lat="27.994891" lon="87.151582">
      <ele>4338.0</ele>
    </rtept>
    <rtept lat="27.994854" lon="87.151693">
      <ele>4344.0</ele>
    </rtept>
    <rtept lat="27.994812" lon="87.151798">
      <ele>4344.0</ele>
    </rtept>
    <rtept lat="27.994794" lon="87.151911">
      <ele>4345.0</ele>
    </rtept>
    <rtept lat="27.994806" lon="87.152017">
      <ele>4345.0</ele>
    </rtept>
    <rtept lat="27.99483" lon="87.152129">
      <ele>4336.0</ele>
    </rtept>
    <rtept lat="27.994857" lon="87.152248">
      <ele>4336.0</ele>
    </rtept>
    <rtept lat="27.99487" lon="87.152369">
      <ele>4333.0</ele>
    </rtept>
    <rtept lat="27.994835" lon="87.152473">
      <ele>4324.0</ele>
    </rtept>
    <rtept lat="27.9948" lon="87.152581">
      <ele>4324.0</ele>
    </rtept>
    <rtept lat="27.994758" lon="87.152692">
      <ele>4326.0</ele>
    </rtept>
    <rtept lat="27.994747" lon="87.152808">
      <ele>4326.0</ele>
    </rtept>
    <rtept lat="27.994721" lon="87.152924">
      <ele>4321.0</ele>
    </rtept>
    <rtept lat="27.994718" lon="87.153038">
      <ele>4321.0</ele>
    </rtept>
    <rtept lat="27.994689" lon="87.153157">
      <ele>4321.0</ele>
    </rtept>
    <rtept lat="27.994674" lon="87.153267">
      <ele>4320.0</ele>
    </rtept>
    <rtept lat="27.994656" lon="87.153375">
      <ele>4320.0</ele>
    </rtept>
    <rtept lat="27.994615" lon="87.153471">
      <ele>4320.0</ele>
    </rtept>
    <rtept lat="27.994575" lon="87.153568">
      <ele>4319.0</ele>
    </rtept>
    <rtept lat="27.994533" lon="87.153662">
      <ele>4319.0</ele>
    </rtept>
    <rtept lat="27.994531" lon="87.153769">
      <ele>4323.0</ele>
    </rtept>
    <rtept lat="27.994529" lon="87.153874">
      <ele>4323.0</ele>
    </rtept>
    <rtept lat="27.994533" lon="87.153989">
      <ele>4323.0</ele>
    </rtept>
    <rtept lat="27.994588" lon="87.154082">
      <ele>4328.0</ele>
    </rtept>
    <rtept lat="27.994596" lon="87.154174">
      <ele>4328.0</ele>
    </rtept>
    <rtept lat="27.994626" lon="87.154278">
      <ele>4328.0</ele>
    </rtept>
    <rtept lat="27.994674" lon="87.154369">
      <ele>4331.0</ele>
    </rtept>
    <rtept lat="27.99472" lon="87.15446">
      <ele>4331.0</ele>
    </rtept>
    <rtept lat="27.994766" lon="87.154557">
      <ele>4331.0</ele>
    </rtept>
    <rtept lat="27.99484" lon="87.15462">
      <ele>4330.0</ele>
    </rtept>
    <rtept lat="27.994883" lon="87.15471">
      <ele>4339.0</ele>
    </rtept>
    <rtept lat="27.994911" lon="87.154807">
      <ele>4339.0</ele>
    </rtept>
    <rtept lat="27.994928" lon="87.154913">
      <ele>4335.0</ele>
    </rtept>
    <rtept lat="27.99494" lon="87.155022">
      <ele>4335.0</ele>
    </rtept>
    <rtept lat="27.994916" lon="87.155134">
      <ele>4335.0</ele>
    </rtept>
    <rtept lat="27.994881" lon="87.155208">
      <ele>4334.0</ele>
    </rtept>
    <rtept lat="27.994834" lon="87.155293">
      <ele>4328.0</ele>
    </rtept>
    <rtept lat="27.99478" lon="87.155382">
      <ele>4328.0</ele>
    </rtept>
    <rtept lat="27.994779" lon="87.155491">
      <ele>4327.0</ele>
    </rtept>
    <rtept lat="27.994772" lon="87.15561">
      <ele>4327.0</ele>
    </rtept>
    <rtept lat="27.994786" lon="87.155719">
      <ele>4323.0</ele>
    </rtept>
    <rtept lat="27.994807" lon="87.155837">
      <ele>4323.0</ele>
    </rtept>
    <rtept lat="27.99484" lon="87.155948">
      <ele>4323.0</ele>
    </rtept>
    <rtept lat="27.994866" lon="87.156054">
      <ele>4324.0</ele>
    </rtept>
    <rtept lat="27.994943" lon="87.156107">
      <ele>4324.0</ele>
    </rtept>
    <rtept lat="27.995032" lon="87.156141">
      <ele>4324.0</ele>
    </rtept>
    <rtept lat="27.9951" lon="87.156206">
      <ele>4324.0</ele>
    </rtept>
    <rtept lat="27.995139" lon="87.156298">
      <ele>4320.0</ele>
    </rtept>
    <rtept lat="27.995134" lon="87.156406">
      <ele>4319.0</ele>
    </rtept>
    <rtept lat="27.995118" lon="87.156525">
      <ele>4319.0</ele>
    </rtept>
    <rtept lat="27.995097" lon="87.156637">
      <ele>4317.0</ele>
    </rtept>
    <rtept lat="27.995085" lon="87.156754">
      <ele>4317.0</ele>
    </rtept>
    <rtept lat="27.99511" lon="87.156863">
      <ele>4310.0</ele>
    </rtept>
    <rtept lat="27.995088" lon="87.156964">
      <ele>4310.0</ele>
    </rtept>
    <rtept lat="27.99509" lon="87.157065">
      <ele>4310.0</ele>
    </rtept>
    <rtept lat="27.995069" lon="87.157169">
      <ele>4308.0</ele>
    </rtept>
    <rtept lat="27.995071" lon="87.157279">
      <ele>4308.0</ele>
    </rtept>
    <rtept lat="27.995067" lon="87.157393">
      <ele>4307.0</ele>
    </rtept>
    <rtept lat="27.995047" lon="87.157497">
      <ele>4307.0</ele>
    </rtept>
    <rtept lat="27.995051" lon="87.157607">
      <ele>4307.0</ele>
    </rtept>
    <rtept lat="27.99509" lon="87.15771">
      <ele>4307.0</ele>
    </rtept>
    <rtept lat="27.995137" lon="87.15781">
      <ele>4307.0</ele>
    </rtept>
    <rtept lat="27.995156" lon="87.157913">
      <ele>4309.0</ele>
    </rtept>
    <rtept lat="27.995152" lon="87.158015">
      <ele>4298.0</ele>
    </rtept>
    <rtept lat="27.995172" lon="87.158113">
      <ele>4298.0</ele>
    </rtept>
    <rtept lat="27.995223" lon="87.158197">
      <ele>4290.0</ele>
    </rtept>
    <rtept lat="27.995257" lon="87.158291">
      <ele>4290.0</ele>
    </rtept>
    <rtept lat="27.995242" lon="87.158361">
      <ele>4290.0</ele>
    </rtept>
    <rtept lat="27.995299" lon="87.158415">
      <ele>4290.0</ele>
    </rtept>
    <rtept lat="27.995312" lon="87.15851">
      <ele>4292.0</ele>
    </rtept>
    <rtept lat="27.995334" lon="87.158609">
      <ele>4292.0</ele>
    </rtept>
    <rtept lat="27.995408" lon="87.158675">
      <ele>4292.0</ele>
    </rtept>
    <rtept lat="27.995471" lon="87.158753">
      <ele>4292.0</ele>
    </rtept>
    <rtept lat="27.995537" lon="87.158839">
      <ele>4292.0</ele>
    </rtept>
    <rtept lat="27.995567" lon="87.158945">
      <ele>4292.0</ele>
    </rtept>
    <rtept lat="27.995625" lon="87.159022">
      <ele>4292.0</ele>
    </rtept>
    <rtept lat="27.995693" lon="87.159088">
      <ele>4288.0</ele>
    </rtept>
    <rtept lat="27.995759" lon="87.159171">
      <ele>4288.0</ele>
    </rtept>
    <rtept lat="27.995845" lon="87.159234">
      <ele>4288.0</ele>
    </rtept>
    <rtept lat="27.995915" lon="87.15931">
      <ele>4287.0</ele>
    </rtept>
    <rtept lat="27.995981" lon="87.159387">
      <ele>4286.0</ele>
    </rtept>
    <rtept lat="27.996022" lon="87.159487">
      <ele>4286.0</ele>
    </rtept>
    <rtept lat="27.996091" lon="87.159548">
      <ele>4286.0</ele>
    </rtept>
    <rtept lat="27.996171" lon="87.159607">
      <ele>4275.0</ele>
    </rtept>
    <rtept lat="27.996262" lon="87.159659">
      <ele>4271.0</ele>
    </rtept>
    <rtept lat="27.996342" lon="87.159726">
      <ele>4271.0</ele>
    </rtept>
    <rtept lat="27.996423" lon="87.159787">
      <ele>4271.0</ele>
    </rtept>
    <rtept lat="27.996517" lon="87.159841">
      <ele>4271.0</ele>
    </rtept>
    <rtept lat="27.99661" lon="87.15987">
      <ele>4259.0</ele>
    </rtept>
    <rtept lat="27.996709" lon="87.159889">
      <ele>4259.0</ele>
    </rtept>
    <rtept lat="27.996758" lon="87.159965">
      <ele>4259.0</ele>
    </rtept>
    <rtept lat="27.996758" lon="87.159965">
      <ele>4259.0</ele>
    </rtept>
    <rtept lat="27.9968" lon="87.160064">
      <ele>4259.0</ele>
    </rtept>
    <rtept lat="27.9968" lon="87.160064">
      <ele>4259.0</ele>
    </rtept>
    <rtept lat="27.996861" lon="87.16014">
      <ele>4251.0</ele>
    </rtept>
    <rtept lat="27.996951" lon="87.160163">
      <ele>4251.0</ele>
    </rtept>
    <rtept lat="27.997045" lon="87.160191">
      <ele>4251.0</ele>
    </rtept>
    <rtept lat="27.997134" lon="87.160155">
      <ele>4254.0</ele>
    </rtept>
    <rtept lat="27.997163" lon="87.160129">
      <ele>4261.0</ele>
    </rtept>
    <rtept lat="27.997235" lon="87.160081">
      <ele>4261.0</ele>
    </rtept>
    <rtept lat="27.997318" lon="87.160089">
      <ele>4261.0</ele>
    </rtept>
    <rtept lat="27.997412" lon="87.160128">
      <ele>4264.0</ele>
    </rtept>
    <rtept lat="27.997512" lon="87.160151">
      <ele>4258.0</ele>
    </rtept>
    <rtept lat="27.997616" lon="87.160156">
      <ele>4258.0</ele>
    </rtept>
    <rtept lat="27.997716" lon="87.160126">
      <ele>4278.0</ele>
    </rtept>
    <rtept lat="27.997808" lon="87.160107">
      <ele>4278.0</ele>
    </rtept>
    <rtept lat="27.997892" lon="87.160148">
      <ele>4263.0</ele>
    </rtept>
    <rtept lat="27.997973" lon="87.160109">
      <ele>4275.0</ele>
    </rtept>
    <rtept lat="27.998061" lon="87.160092">
      <ele>4275.0</ele>
    </rtept>
    <rtept lat="27.998155" lon="87.160088">
      <ele>4275.0</ele>
    </rtept>
    <rtept lat="27.998212" lon="87.160161">
      <ele>4283.0</ele>
    </rtept>
    <rtept lat="27.998276" lon="87.160257">
      <ele>4283.0</ele>
    </rtept>
    <rtept lat="27.998337" lon="87.160346">
      <ele>4283.0</ele>
    </rtept>
    <rtept lat="27.99839" lon="87.160444">
      <ele>4278.0</ele>
    </rtept>
    <rtept lat="27.998372" lon="87.160547">
      <ele>4278.0</ele>
    </rtept>
    <rtept lat="27.998345" lon="87.160661">
      <ele>4278.0</ele>
    </rtept>
    <rtept lat="27.998346" lon="87.160777">
      <ele>4275.0</ele>
    </rtept>
    <rtept lat="27.998331" lon="87.160883">
      <ele>4275.0</ele>
    </rtept>
    <rtept lat="27.998358" lon="87.160983">
      <ele>4274.0</ele>
    </rtept>
    <rtept lat="27.998459" lon="87.161047">
      <ele>4274.0</ele>
    </rtept>
    <rtept lat="27.998482" lon="87.161066">
      <ele>4265.0</ele>
    </rtept>
    <rtept lat="27.998552" lon="87.161124">
      <ele>4265.0</ele>
    </rtept>
    <rtept lat="27.998624" lon="87.161192">
      <ele>4265.0</ele>
    </rtept>
    <rtept lat="27.9987" lon="87.161275">
      <ele>4266.0</ele>
    </rtept>
    <rtept lat="27.998765" lon="87.161359">
      <ele>4262.0</ele>
    </rtept>
    <rtept lat="27.998832" lon="87.161447">
      <ele>4262.0</ele>
    </rtept>
    <rtept lat="27.998855" lon="87.161466">
      <ele>4262.0</ele>
    </rtept>
    <rtept lat="27.998855" lon="87.161466">
      <ele>4262.0</ele>
    </rtept>
    <rtept lat="27.998744" lon="87.161405">
      <ele>4266.0</ele>
    </rtept>
    <rtept lat="27.998744" lon="87.161405">
      <ele>4266.0</ele>
    </rtept>
    <rtept lat="27.998836" lon="87.161429">
      <ele>4262.0</ele>
    </rtept>
    <rtept lat="27.998836" lon="87.161429">
      <ele>4262.0</ele>
    </rtept>
    <rtept lat="27.998836" lon="87.161429">
      <ele>4262.0</ele>
    </rtept>
    <rtept lat="27.998836" lon="87.161429">
      <ele>4262.0</ele>
    </rtept>
    <rtept lat="27.998804" lon="87.161532">
      <ele>4257.0</ele>
    </rtept>
    <rtept lat="27.998804" lon="87.161532">
      <ele>4257.0</ele>
    </rtept>
    <rtept lat="27.998796" lon="87.161646">
      <ele>4257.0</ele>
    </rtept>
    <rtept lat="27.998752" lon="87.16174">
      <ele>4257.0</ele>
    </rtept>
    <rtept lat="27.99868" lon="87.161812">
      <ele>4265.0</ele>
    </rtept>
    <rtept lat="27.998629" lon="87.161905">
      <ele>4265.0</ele>
    </rtept>
    <rtept lat="27.998565" lon="87.161981">
      <ele>4265.0</ele>
    </rtept>
    <rtept lat="27.998529" lon="87.162023">
      <ele>4265.0</ele>
    </rtept>
    <rtept lat="27.99851" lon="87.162105">
      <ele>4264.0</ele>
    </rtept>
    <rtept lat="27.998514" lon="87.162209">
      <ele>4264.0</ele>
    </rtept>
    <rtept lat="27.998523" lon="87.162322">
      <ele>4264.0</ele>
    </rtept>
    <rtept lat="27.998522" lon="87.162431">
      <ele>4267.0</ele>
    </rtept>
    <rtept lat="27.998501" lon="87.162542">
      <ele>4267.0</ele>
    </rtept>
    <rtept lat="27.998477" lon="87.162646">
      <ele>4284.0</ele>
    </rtept>
    <rtept lat="27.998412" lon="87.162718">
      <ele>4272.0</ele>
    </rtept>
    <rtept lat="27.998337" lon="87.162784">
      <ele>4272.0</ele>
    </rtept>
    <rtept lat="27.998297" lon="87.162876">
      <ele>4272.0</ele>
    </rtept>
    <rtept lat="27.998297" lon="87.162876">
      <ele>4272.0</ele>
    </rtept>
    <rtept lat="27.998227" lon="87.162937">
      <ele>4295.0</ele>
    </rtept>
    <rtept lat="27.998227" lon="87.162937">
      <ele>4295.0</ele>
    </rtept>
    <rtept lat="27.998152" lon="87.163003">
      <ele>4274.0</ele>
    </rtept>
    <rtept lat="27.998085" lon="87.163073">
      <ele>4274.0</ele>
    </rtept>
    <rtept lat="27.998085" lon="87.163073">
      <ele>4274.0</ele>
    </rtept>
    <rtept lat="27.998085" lon="87.163073">
      <ele>4274.0</ele>
    </rtept>
    <rtept lat="27.998085" lon="87.163073">
      <ele>4274.0</ele>
    </rtept>
    <rtept lat="27.99803" lon="87.163153">
      <ele>4274.0</ele>
    </rtept>
    <rtept lat="27.99803" lon="87.163153">
      <ele>4274.0</ele>
    </rtept>
    <rtept lat="27.997956" lon="87.16322">
      <ele>4313.0</ele>
    </rtept>
    <rtept lat="27.998013" lon="87.16328">
      <ele>4313.0</ele>
    </rtept>
    <rtept lat="27.998035" lon="87.163303">
      <ele>4313.0</ele>
    </rtept>
    <rtept lat="27.998111" lon="87.16329">
      <ele>4313.0</ele>
    </rtept>
    <rtept lat="27.9981" lon="87.163343">
      <ele>4313.0</ele>
    </rtept>
    <rtept lat="27.998052" lon="87.163426">
      <ele>4313.0</ele>
    </rtept>
    <rtept lat="27.99799" lon="87.163512">
      <ele>4316.0</ele>
    </rtept>
    <rtept lat="27.99799" lon="87.163512">
      <ele>4316.0</ele>
    </rtept>
    <rtept lat="27.997923" lon="87.163612">
      <ele>4316.0</ele>
    </rtept>
    <rtept lat="27.997923" lon="87.163612">
      <ele>4316.0</ele>
    </rtept>
    <rtept lat="27.99802" lon="87.163647">
      <ele>4316.0</ele>
    </rtept>
    <rtept lat="27.998097" lon="87.163707">
      <ele>4316.0</ele>
    </rtept>
    <rtept lat="27.998183" lon="87.163745">
      <ele>4316.0</ele>
    </rtept>
    <rtept lat="27.998278" lon="87.163775">
      <ele>4351.0</ele>
    </rtept>
    <rtept lat="27.998372" lon="87.163788">
      <ele>4351.0</ele>
    </rtept>
    <rtept lat="27.998457" lon="87.163823">
      <ele>4351.0</ele>
    </rtept>
    <rtept lat="27.99854" lon="87.16387">
      <ele>4371.0</ele>
    </rtept>
    <rtept lat="27.998623" lon="87.163914">
      <ele>4371.0</ele>
    </rtept>
    <rtept lat="27.998696" lon="87.163976">
      <ele>4371.0</ele>
    </rtept>
    <rtept lat="27.998777" lon="87.164029">
      <ele>4386.0</ele>
    </rtept>
    <rtept lat="27.998793" lon="87.16412">
      <ele>4386.0</ele>
    </rtept>
    <rtept lat="27.998783" lon="87.164226">
      <ele>4386.0</ele>
    </rtept>
    <rtept lat="27.998736" lon="87.164341">
      <ele>4391.0</ele>
    </rtept>
    <rtept lat="27.998678" lon="87.16443">
      <ele>4391.0</ele>
    </rtept>
    <rtept lat="27.998623" lon="87.164515">
      <ele>4391.0</ele>
    </rtept>
    <rtept lat="27.998649" lon="87.1646">
      <ele>4397.0</ele>
    </rtept>
    <rtept lat="27.998733" lon="87.164642">
      <ele>4397.0</ele>
    </rtept>
    <rtept lat="27.998739" lon="87.164723">
      <ele>4397.0</ele>
    </rtept>
    <rtept lat="27.99879" lon="87.1648">
      <ele>4409.0</ele>
    </rtept>
    <rtept lat="27.998893" lon="87.164824">
      <ele>4409.0</ele>
    </rtept>
    <rtept lat="27.998857" lon="87.164921">
      <ele>4420.0</ele>
    </rtept>
    <rtept lat="27.998818" lon="87.165017">
      <ele>4420.0</ele>
    </rtept>
    <rtept lat="27.998878" lon="87.165058">
      <ele>4420.0</ele>
    </rtept>
    <rtept lat="27.998903" lon="87.165143">
      <ele>4432.0</ele>
    </rtept>
    <rtept lat="27.998903" lon="87.165143">
      <ele>4432.0</ele>
    </rtept>
    <rtept lat="27.998767" lon="87.165118">
      <ele>4420.0</ele>
    </rtept>
    <rtept lat="27.998767" lon="87.165118">
      <ele>4420.0</ele>
    </rtept>
    <rtept lat="27.9988" lon="87.16521">
      <ele>4432.0</ele>
    </rtept>
    <rtept lat="27.9988" lon="87.16521">
      <ele>4432.0</ele>
    </rtept>
    <rtept lat="27.998895" lon="87.165211">
      <ele>4432.0</ele>
    </rtept>
    <rtept lat="27.998895" lon="87.165211">
      <ele>4432.0</ele>
    </rtept>
    <rtept lat="27.998998" lon="87.165232">
      <ele>4432.0</ele>
    </rtept>
    <rtept lat="27.999072" lon="87.165296">
      <ele>4442.0</ele>
    </rtept>
    <rtept lat="27.999096" lon="87.165321">
      <ele>4442.0</ele>
    </rtept>
    <rtept lat="27.999096" lon="87.165321">
      <ele>4442.0</ele>
    </rtept>
    <rtept lat="27.999142" lon="87.16539">
      <ele>4442.0</ele>
    </rtept>
    <rtept lat="27.999142" lon="87.16539">
      <ele>4442.0</ele>
    </rtept>
    <rtept lat="27.999243" lon="87.165414">
      <ele>4442.0</ele>
    </rtept>
    <rtept lat="27.999335" lon="87.165431">
      <ele>4466.0</ele>
    </rtept>
    <rtept lat="27.999425" lon="87.165442">
      <ele>4466.0</ele>
    </rtept>
    <rtept lat="27.999517" lon="87.165429">
      <ele>4466.0</ele>
    </rtept>
    <rtept lat="27.999606" lon="87.16544">
      <ele>4475.0</ele>
    </rtept>
    <rtept lat="27.999673" lon="87.165511">
      <ele>4475.0</ele>
    </rtept>
    <rtept lat="27.999601" lon="87.165579">
      <ele>4475.0</ele>
    </rtept>
    <rtept lat="27.999533" lon="87.165653">
      <ele>4466.0</ele>
    </rtept>
    <rtept lat="27.999487" lon="87.165741">
      <ele>4480.0</ele>
    </rtept>
    <rtept lat="27.999547" lon="87.165761">
      <ele>4480.0</ele>
    </rtept>
    <rtept lat="27.999644" lon="87.165775">
      <ele>4492.0</ele>
    </rtept>
    <rtept lat="27.999743" lon="87.165841">
      <ele>4492.0</ele>
    </rtept>
    <rtept lat="27.999799" lon="87.165921">
      <ele>4492.0</ele>
    </rtept>
    <rtept lat="27.999869" lon="87.165986">
      <ele>4513.0</ele>
    </rtept>
    <rtept lat="27.999819" lon="87.166028">
      <ele>4499.0</ele>
    </rtept>
    <rtept lat="27.999797" lon="87.166113">
      <ele>4499.0</ele>
    </rtept>
    <rtept lat="27.999731" lon="87.16618">
      <ele>4499.0</ele>
    </rtept>
    <rtept lat="27.999771" lon="87.166232">
      <ele>4499.0</ele>
    </rtept>
    <rtept lat="27.999858" lon="87.166258">
      <ele>4498.0</ele>
    </rtept>
    <rtept lat="27.999955" lon="87.166288">
      <ele>4506.0</ele>
    </rtept>
    <rtept lat="28.000038" lon="87.166343">
      <ele>4506.0</ele>
    </rtept>
    <rtept lat="28.000121" lon="87.166396">
      <ele>4506.0</ele>
    </rtept>
    <rtept lat="28.000208" lon="87.166446">
      <ele>4512.0</ele>
    </rtept>
    <rtept lat="28.000293" lon="87.166497">
      <ele>4512.0</ele>
    </rtept>
    <rtept lat="28.00036" lon="87.166568">
      <ele>4505.0</ele>
    </rtept>
    <rtept lat="28.000439" lon="87.166628">
      <ele>4505.0</ele>
    </rtept>
    <rtept lat="28.000528" lon="87.166656">
      <ele>4505.0</ele>
    </rtept>
    <rtept lat="28.000608" lon="87.166708">
      <ele>4505.0</ele>
    </rtept>
    <rtept lat="28.000684" lon="87.166673">
      <ele>4505.0</ele>
    </rtept>
    <rtept lat="28.000721" lon="87.166569">
      <ele>4510.0</ele>
    </rtept>
    <rtept lat="28.000721" lon="87.166569">
      <ele>4510.0</ele>
    </rtept>
    <rtept lat="28.000721" lon="87.166569">
      <ele>4510.0</ele>
    </rtept>
    <rtept lat="28.000721" lon="87.166569">
      <ele>4510.0</ele>
    </rtept>
    <rtept lat="28.000721" lon="87.166569">
      <ele>4510.0</ele>
    </rtept>
    <rtept lat="28.000721" lon="87.166569">
      <ele>4510.0</ele>
    </rtept>
    <rtept lat="28.000721" lon="87.166569">
      <ele>4510.0</ele>
    </rtept>
    <rtept lat="28.000721" lon="87.166569">
      <ele>4510.0</ele>
    </rtept>
    <rtept lat="28.000682" lon="87.166632">
      <ele>4505.0</ele>
    </rtept>
    <rtept lat="28.000682" lon="87.166632">
      <ele>4505.0</ele>
    </rtept>
    <rtept lat="28.000616" lon="87.166712">
      <ele>4505.0</ele>
    </rtept>
    <rtept lat="28.000535" lon="87.166773">
      <ele>4505.0</ele>
    </rtept>
    <rtept lat="28.000535" lon="87.166773">
      <ele>4505.0</ele>
    </rtept>
    <rtept lat="28.000535" lon="87.166773">
      <ele>4505.0</ele>
    </rtept>
    <rtept lat="28.000535" lon="87.166773">
      <ele>4505.0</ele>
    </rtept>
    <rtept lat="28.000535" lon="87.166773">
      <ele>4505.0</ele>
    </rtept>
    <rtept lat="28.000535" lon="87.166773">
      <ele>4505.0</ele>
    </rtept>
    <rtept lat="28.000535" lon="87.166773">
      <ele>4505.0</ele>
    </rtept>
    <rtept lat="28.000535" lon="87.166773">
      <ele>4505.0</ele>
    </rtept>
    <rtept lat="28.000535" lon="87.166773">
      <ele>4505.0</ele>
    </rtept>
    <rtept lat="28.000535" lon="87.166773">
      <ele>4505.0</ele>
    </rtept>
    <rtept lat="28.000535" lon="87.166773">
      <ele>4505.0</ele>
    </rtept>
    <rtept lat="28.000535" lon="87.166773">
      <ele>4505.0</ele>
    </rtept>
    <rtept lat="28.000608" lon="87.166707">
      <ele>4505.0</ele>
    </rtept>
    <rtept lat="28.000608" lon="87.166707">
      <ele>4505.0</ele>
    </rtept>
    <rtept lat="28.000683" lon="87.166621">
      <ele>4505.0</ele>
    </rtept>
    <rtept lat="28.00073" lon="87.166523">
      <ele>4513.0</ele>
    </rtept>
    <rtept lat="28.000738" lon="87.166583">
      <ele>4510.0</ele>
    </rtept>
    <rtept lat="28.000813" lon="87.166631">
      <ele>4510.0</ele>
    </rtept>
    <rtept lat="28.000904" lon="87.16664">
      <ele>4510.0</ele>
    </rtept>
    <rtept lat="28.000942" lon="87.166641">
      <ele>4510.0</ele>
    </rtept>
    <rtept lat="28.001019" lon="87.166644">
      <ele>4510.0</ele>
    </rtept>
    <rtept lat="28.001114" lon="87.166651">
      <ele>4510.0</ele>
    </rtept>
    <rtept lat="28.001211" lon="87.166688">
      <ele>4510.0</ele>
    </rtept>
    <rtept lat="28.001313" lon="87.166703">
      <ele>4486.0</ele>
    </rtept>
    <rtept lat="28.001414" lon="87.166695">
      <ele>4486.0</ele>
    </rtept>
    <rtept lat="28.001516" lon="87.166681">
      <ele>4486.0</ele>
    </rtept>
    <rtept lat="28.001617" lon="87.166682">
      <ele>4482.0</ele>
    </rtept>
    <rtept lat="28.001723" lon="87.166678">
      <ele>4482.0</ele>
    </rtept>
    <rtept lat="28.00182" lon="87.166681">
      <ele>4484.0</ele>
    </rtept>
    <rtept lat="28.001917" lon="87.166694">
      <ele>4484.0</ele>
    </rtept>
    <rtept lat="28.002013" lon="87.166711">
      <ele>4484.0</ele>
    </rtept>
    <rtept lat="28.002111" lon="87.166734">
      <ele>4487.0</ele>
    </rtept>
    <rtept lat="28.002205" lon="87.166748">
      <ele>4487.0</ele>
    </rtept>
    <rtept lat="28.002304" lon="87.166744">
      <ele>4487.0</ele>
    </rtept>
    <rtept lat="28.002402" lon="87.166735">
      <ele>4498.0</ele>
    </rtept>
    <rtept lat="28.002506" lon="87.166736">
      <ele>4498.0</ele>
    </rtept>
    <rtept lat="28.002611" lon="87.166741">
      <ele>4498.0</ele>
    </rtept>
    <rtept lat="28.002708" lon="87.166734">
      <ele>4502.0</ele>
    </rtept>
    <rtept lat="28.002803" lon="87.166714">
      <ele>4502.0</ele>
    </rtept>
    <rtept lat="28.002898" lon="87.1667">
      <ele>4502.0</ele>
    </rtept>
    <rtept lat="28.00299" lon="87.166693">
      <ele>4520.0</ele>
    </rtept>
    <rtept lat="28.00308" lon="87.16671">
      <ele>4520.0</ele>
    </rtept>
    <rtept lat="28.003173" lon="87.16673">
      <ele>4520.0</ele>
    </rtept>
    <rtept lat="28.003256" lon="87.166782">
      <ele>4529.0</ele>
    </rtept>
    <rtept lat="28.003328" lon="87.166851">
      <ele>4541.0</ele>
    </rtept>
    <rtept lat="28.003413" lon="87.166892">
      <ele>4541.0</ele>
    </rtept>
    <rtept lat="28.003507" lon="87.166918">
      <ele>4560.0</ele>
    </rtept>
    <rtept lat="28.003608" lon="87.166926">
      <ele>4560.0</ele>
    </rtept>
    <rtept lat="28.003706" lon="87.166913">
      <ele>4560.0</ele>
    </rtept>
    <rtept lat="28.003808" lon="87.16689">
      <ele>4568.0</ele>
    </rtept>
    <rtept lat="28.003912" lon="87.166861">
      <ele>4568.0</ele>
    </rtept>
    <rtept lat="28.004015" lon="87.166872">
      <ele>4568.0</ele>
    </rtept>
    <rtept lat="28.004067" lon="87.166888">
      <ele>4593.0</ele>
    </rtept>
    <rtept lat="28.004141" lon="87.166922">
      <ele>4593.0</ele>
    </rtept>
    <rtept lat="28.00423" lon="87.166959">
      <ele>4593.0</ele>
    </rtept>
    <rtept lat="28.004323" lon="87.166972">
      <ele>4607.0</ele>
    </rtept>
    <rtept lat="28.004422" lon="87.166987">
      <ele>4607.0</ele>
    </rtept>
    <rtept lat="28.004524" lon="87.167005">
      <ele>4607.0</ele>
    </rtept>
    <rtept lat="28.004619" lon="87.167052">
      <ele>4618.0</ele>
    </rtept>
    <rtept lat="28.004717" lon="87.167101">
      <ele>4617.0</ele>
    </rtept>
    <rtept lat="28.004813" lon="87.167144">
      <ele>4617.0</ele>
    </rtept>
    <rtept lat="28.004905" lon="87.167182">
      <ele>4631.0</ele>
    </rtept>
    <rtept lat="28.004981" lon="87.16724">
      <ele>4631.0</ele>
    </rtept>
    <rtept lat="28.005069" lon="87.167254">
      <ele>4631.0</ele>
    </rtept>
    <rtept lat="28.00516" lon="87.167293">
      <ele>4632.0</ele>
    </rtept>
    <rtept lat="28.005243" lon="87.167354">
      <ele>4632.0</ele>
    </rtept>
    <rtept lat="28.005295" lon="87.167452">
      <ele>4633.0</ele>
    </rtept>
    <rtept lat="28.005368" lon="87.167519">
      <ele>4633.0</ele>
    </rtept>
    <rtept lat="28.005448" lon="87.167587">
      <ele>4636.0</ele>
    </rtept>
    <rtept lat="28.00553" lon="87.167656">
      <ele>4645.0</ele>
    </rtept>
    <rtept lat="28.00562" lon="87.167709">
      <ele>4645.0</ele>
    </rtept>
    <rtept lat="28.00572" lon="87.167751">
      <ele>4638.0</ele>
    </rtept>
    <rtept lat="28.005812" lon="87.167793">
      <ele>4638.0</ele>
    </rtept>
    <rtept lat="28.005901" lon="87.167819">
      <ele>4638.0</ele>
    </rtept>
    <rtept lat="28.005998" lon="87.167814">
      <ele>4629.0</ele>
    </rtept>
    <rtept lat="28.006093" lon="87.167826">
      <ele>4629.0</ele>
    </rtept>
    <rtept lat="28.006177" lon="87.167885">
      <ele>4629.0</ele>
    </rtept>
    <rtept lat="28.00625" lon="87.167973">
      <ele>4617.0</ele>
    </rtept>
    <rtept lat="28.006328" lon="87.168053">
      <ele>4617.0</ele>
    </rtept>
    <rtept lat="28.006413" lon="87.168124">
      <ele>4617.0</ele>
    </rtept>
    <rtept lat="28.006487" lon="87.168193">
      <ele>4617.0</ele>
    </rtept>
    <rtept lat="28.006581" lon="87.168248">
      <ele>4624.0</ele>
    </rtept>
    <rtept lat="28.006666" lon="87.168296">
      <ele>4624.0</ele>
    </rtept>
    <rtept lat="28.006748" lon="87.168342">
      <ele>4624.0</ele>
    </rtept>
    <rtept lat="28.006835" lon="87.168401">
      <ele>4621.0</ele>
    </rtept>
    <rtept lat="28.006921" lon="87.168447">
      <ele>4621.0</ele>
    </rtept>
    <rtept lat="28.00701" lon="87.168476">
      <ele>4627.0</ele>
    </rtept>
    <rtept lat="28.007106" lon="87.168509">
      <ele>4632.0</ele>
    </rtept>
    <rtept lat="28.007201" lon="87.168564">
      <ele>4632.0</ele>
    </rtept>
    <rtept lat="28.007301" lon="87.168614">
      <ele>4632.0</ele>
    </rtept>
    <rtept lat="28.007406" lon="87.168654">
      <ele>4660.0</ele>
    </rtept>
    <rtept lat="28.0075" lon="87.168692">
      <ele>4660.0</ele>
    </rtept>
    <rtept lat="28.007618" lon="87.168719">
      <ele>4660.0</ele>
    </rtept>
    <rtept lat="28.007717" lon="87.168776">
      <ele>4670.0</ele>
    </rtept>
    <rtept lat="28.007809" lon="87.16884">
      <ele>4670.0</ele>
    </rtept>
    <rtept lat="28.00791" lon="87.168857">
      <ele>4670.0</ele>
    </rtept>
    <rtept lat="28.008017" lon="87.168859">
      <ele>4682.0</ele>
    </rtept>
    <rtept lat="28.008124" lon="87.168878">
      <ele>4682.0</ele>
    </rtept>
    <rtept lat="28.008216" lon="87.168909">
      <ele>4683.0</ele>
    </rtept>
    <rtept lat="28.008315" lon="87.168957">
      <ele>4683.0</ele>
    </rtept>
    <rtept lat="28.008417" lon="87.16899">
      <ele>4683.0</ele>
    </rtept>
    <rtept lat="28.00851" lon="87.16901">
      <ele>4666.0</ele>
    </rtept>
    <rtept lat="28.008599" lon="87.169035">
      <ele>4687.0</ele>
    </rtept>
    <rtept lat="28.008697" lon="87.169068">
      <ele>4687.0</ele>
    </rtept>
    <rtept lat="28.008806" lon="87.169098">
      <ele>4667.0</ele>
    </rtept>
    <rtept lat="28.008907" lon="87.169146">
      <ele>4667.0</ele>
    </rtept>
    <rtept lat="28.00901" lon="87.169181">
      <ele>4667.0</ele>
    </rtept>
    <rtept lat="28.009115" lon="87.169194">
      <ele>4666.0</ele>
    </rtept>
    <rtept lat="28.009221" lon="87.1692">
      <ele>4666.0</ele>
    </rtept>
    <rtept lat="28.009332" lon="87.169213">
      <ele>4654.0</ele>
    </rtept>
    <rtept lat="28.009425" lon="87.16925">
      <ele>4654.0</ele>
    </rtept>
    <rtept lat="28.009504" lon="87.169304">
      <ele>4654.0</ele>
    </rtept>
    <rtept lat="28.009595" lon="87.16936">
      <ele>4655.0</ele>
    </rtept>
    <rtept lat="28.009672" lon="87.169422">
      <ele>4655.0</ele>
    </rtept>
    <rtept lat="28.009758" lon="87.169478">
      <ele>4655.0</ele>
    </rtept>
    <rtept lat="28.009842" lon="87.169526">
      <ele>4655.0</ele>
    </rtept>
    <rtept lat="28.009931" lon="87.169558">
      <ele>4647.0</ele>
    </rtept>
    <rtept lat="28.010019" lon="87.169595">
      <ele>4667.0</ele>
    </rtept>
    <rtept lat="28.010128" lon="87.169645">
      <ele>4667.0</ele>
    </rtept>
    <rtept lat="28.010231" lon="87.16969">
      <ele>4655.0</ele>
    </rtept>
    <rtept lat="28.010319" lon="87.169733">
      <ele>4655.0</ele>
    </rtept>
    <rtept lat="28.010409" lon="87.169781">
      <ele>4655.0</ele>
    </rtept>
    <rtept lat="28.010483" lon="87.169852">
      <ele>4648.0</ele>
    </rtept>
    <rtept lat="28.010565" lon="87.169915">
      <ele>4651.0</ele>
    </rtept>
    <rtept lat="28.010653" lon="87.16996">
      <ele>4651.0</ele>
    </rtept>
    <rtept lat="28.010734" lon="87.170007">
      <ele>4642.0</ele>
    </rtept>
    <rtept lat="28.010815" lon="87.170071">
      <ele>4642.0</ele>
    </rtept>
    <rtept lat="28.010899" lon="87.17011">
      <ele>4642.0</ele>
    </rtept>
    <rtept lat="28.010983" lon="87.170157">
      <ele>4610.0</ele>
    </rtept>
    <rtept lat="28.011038" lon="87.170199">
      <ele>4610.0</ele>
    </rtept>
    <rtept lat="28.011117" lon="87.170228">
      <ele>4610.0</ele>
    </rtept>
    <rtept lat="28.011219" lon="87.170254">
      <ele>4610.0</ele>
    </rtept>
    <rtept lat="28.011285" lon="87.170287">
      <ele>4605.0</ele>
    </rtept>
    <rtept lat="28.011371" lon="87.170336">
      <ele>4605.0</ele>
    </rtept>
    <rtept lat="28.011453" lon="87.170388">
      <ele>4605.0</ele>
    </rtept>
    <rtept lat="28.011548" lon="87.170441">
      <ele>4605.0</ele>
    </rtept>
    <rtept lat="28.011646" lon="87.170501">
      <ele>4605.0</ele>
    </rtept>
    <rtept lat="28.01174" lon="87.170545">
      <ele>4605.0</ele>
    </rtept>
    <rtept lat="28.011841" lon="87.170577">
      <ele>4599.0</ele>
    </rtept>
    <rtept lat="28.011944" lon="87.170614">
      <ele>4599.0</ele>
    </rtept>
    <rtept lat="28.012038" lon="87.170656">
      <ele>4599.0</ele>
    </rtept>
    <rtept lat="28.012123" lon="87.170698">
      <ele>4623.0</ele>
    </rtept>
    <rtept lat="28.012207" lon="87.170736">
      <ele>4623.0</ele>
    </rtept>
    <rtept lat="28.012298" lon="87.170766">
      <ele>4623.0</ele>
    </rtept>
    <rtept lat="28.012392" lon="87.170798">
      <ele>4617.0</ele>
    </rtept>
    <rtept lat="28.012482" lon="87.170828">
      <ele>4617.0</ele>
    </rtept>
    <rtept lat="28.012569" lon="87.170873">
      <ele>4617.0</ele>
    </rtept>
    <rtept lat="28.012666" lon="87.170912">
      <ele>4618.0</ele>
    </rtept>
    <rtept lat="28.012755" lon="87.170948">
      <ele>4618.0</ele>
    </rtept>
    <rtept lat="28.012838" lon="87.170993">
      <ele>4624.0</ele>
    </rtept>
    <rtept lat="28.012925" lon="87.17103">
      <ele>4632.0</ele>
    </rtept>
    <rtept lat="28.013014" lon="87.17108">
      <ele>4632.0</ele>
    </rtept>
    <rtept lat="28.0131" lon="87.171126">
      <ele>4632.0</ele>
    </rtept>
    <rtept lat="28.013185" lon="87.17116">
      <ele>4632.0</ele>
    </rtept>
    <rtept lat="28.013271" lon="87.171201">
      <ele>4626.0</ele>
    </rtept>
    <rtept lat="28.013349" lon="87.17126">
      <ele>4631.0</ele>
    </rtept>
    <rtept lat="28.013436" lon="87.171291">
      <ele>4631.0</ele>
    </rtept>
    <rtept lat="28.013508" lon="87.171349">
      <ele>4638.0</ele>
    </rtept>
    <rtept lat="28.013598" lon="87.171392">
      <ele>4638.0</ele>
    </rtept>
    <rtept lat="28.013694" lon="87.171431">
      <ele>4638.0</ele>
    </rtept>
    <rtept lat="28.013774" lon="87.171492">
      <ele>4640.0</ele>
    </rtept>
    <rtept lat="28.013848" lon="87.17156">
      <ele>4641.0</ele>
    </rtept>
    <rtept lat="28.013936" lon="87.171605">
      <ele>4641.0</ele>
    </rtept>
    <rtept lat="28.014022" lon="87.171654">
      <ele>4641.0</ele>
    </rtept>
    <rtept lat="28.014111" lon="87.171714">
      <ele>4645.0</ele>
    </rtept>
    <rtept lat="28.014193" lon="87.17178">
      <ele>4645.0</ele>
    </rtept>
    <rtept lat="28.01428" lon="87.171832">
      <ele>4652.0</ele>
    </rtept>
    <rtept lat="28.014334" lon="87.171915">
      <ele>4658.0</ele>
    </rtept>
    <rtept lat="28.014405" lon="87.171983">
      <ele>4658.0</ele>
    </rtept>
    <rtept lat="28.01449" lon="87.172034">
      <ele>4658.0</ele>
    </rtept>
    <rtept lat="28.014581" lon="87.17207">
      <ele>4658.0</ele>
    </rtept>
    <rtept lat="28.014673" lon="87.172074">
      <ele>4655.0</ele>
    </rtept>
    <rtept lat="28.014766" lon="87.172078">
      <ele>4655.0</ele>
    </rtept>
    <rtept lat="28.014836" lon="87.172135">
      <ele>4668.0</ele>
    </rtept>
    <rtept lat="28.014899" lon="87.172212">
      <ele>4670.0</ele>
    </rtept>
    <rtept lat="28.014972" lon="87.172277">
      <ele>4670.0</ele>
    </rtept>
    <rtept lat="28.01505" lon="87.172343">
      <ele>4670.0</ele>
    </rtept>
    <rtept lat="28.015118" lon="87.172419">
      <ele>4675.0</ele>
    </rtept>
    <rtept lat="28.015187" lon="87.172493">
      <ele>4674.0</ele>
    </rtept>
    <rtept lat="28.015248" lon="87.172574">
      <ele>4674.0</ele>
    </rtept>
    <rtept lat="28.015322" lon="87.172638">
      <ele>4674.0</ele>
    </rtept>
    <rtept lat="28.015391" lon="87.17271">
      <ele>4681.0</ele>
    </rtept>
    <rtept lat="28.015451" lon="87.172795">
      <ele>4683.0</ele>
    </rtept>
    <rtept lat="28.015528" lon="87.172859">
      <ele>4683.0</ele>
    </rtept>
    <rtept lat="28.015586" lon="87.172944">
      <ele>4688.0</ele>
    </rtept>
    <rtept lat="28.015636" lon="87.173033">
      <ele>4688.0</ele>
    </rtept>
    <rtept lat="28.015681" lon="87.173124">
      <ele>4688.0</ele>
    </rtept>
    <rtept lat="28.015758" lon="87.173175">
      <ele>4692.0</ele>
    </rtept>
    <rtept lat="28.015838" lon="87.173228">
      <ele>4693.0</ele>
    </rtept>
    <rtept lat="28.01591" lon="87.173292">
      <ele>4693.0</ele>
    </rtept>
    <rtept lat="28.015987" lon="87.173346">
      <ele>4691.0</ele>
    </rtept>
    <rtept lat="28.016083" lon="87.173366">
      <ele>4691.0</ele>
    </rtept>
    <rtept lat="28.016083" lon="87.173366">
      <ele>4691.0</ele>
    </rtept>
    <rtept lat="28.016179" lon="87.173391">
      <ele>4691.0</ele>
    </rtept>
    <rtept lat="28.016179" lon="87.173391">
      <ele>4691.0</ele>
    </rtept>
    <rtept lat="28.016249" lon="87.173463">
      <ele>4691.0</ele>
    </rtept>
    <rtept lat="28.016324" lon="87.173527">
      <ele>4701.0</ele>
    </rtept>
    <rtept lat="28.016399" lon="87.173586">
      <ele>4701.0</ele>
    </rtept>
    <rtept lat="28.016472" lon="87.173646">
      <ele>4701.0</ele>
    </rtept>
    <rtept lat="28.016544" lon="87.173715">
      <ele>4708.0</ele>
    </rtept>
    <rtept lat="28.016622" lon="87.173774">
      <ele>4714.0</ele>
    </rtept>
    <rtept lat="28.01671" lon="87.173823">
      <ele>4714.0</ele>
    </rtept>
    <rtept lat="28.016799" lon="87.173869">
      <ele>4714.0</ele>
    </rtept>
    <rtept lat="28.016888" lon="87.173906">
      <ele>4721.0</ele>
    </rtept>
    <rtept lat="28.016981" lon="87.173947">
      <ele>4721.0</ele>
    </rtept>
    <rtept lat="28.017066" lon="87.173991">
      <ele>4721.0</ele>
    </rtept>
    <rtept lat="28.017136" lon="87.174055">
      <ele>4735.0</ele>
    </rtept>
    <rtept lat="28.017224" lon="87.174107">
      <ele>4735.0</ele>
    </rtept>
    <rtept lat="28.017316" lon="87.174146">
      <ele>4735.0</ele>
    </rtept>
    <rtept lat="28.017392" lon="87.174206">
      <ele>4743.0</ele>
    </rtept>
    <rtept lat="28.01748" lon="87.174241">
      <ele>4743.0</ele>
    </rtept>
    <rtept lat="28.017567" lon="87.174282">
      <ele>4743.0</ele>
    </rtept>
    <rtept lat="28.017662" lon="87.174307">
      <ele>4758.0</ele>
    </rtept>
    <rtept lat="28.017754" lon="87.174311">
      <ele>4758.0</ele>
    </rtept>
    <rtept lat="28.017845" lon="87.174322">
      <ele>4758.0</ele>
    </rtept>
    <rtept lat="28.017939" lon="87.174319">
      <ele>4764.0</ele>
    </rtept>
    <rtept lat="28.018035" lon="87.174318">
      <ele>4764.0</ele>
    </rtept>
    <rtept lat="28.018134" lon="87.174341">
      <ele>4764.0</ele>
    </rtept>
    <rtept lat="28.018221" lon="87.174389">
      <ele>4763.0</ele>
    </rtept>
    <rtept lat="28.018306" lon="87.17445">
      <ele>4763.0</ele>
    </rtept>
    <rtept lat="28.018394" lon="87.174488">
      <ele>4763.0</ele>
    </rtept>
    <rtept lat="28.018486" lon="87.174522">
      <ele>4765.0</ele>
    </rtept>
    <rtept lat="28.018563" lon="87.174578">
      <ele>4765.0</ele>
    </rtept>
    <rtept lat="28.01864" lon="87.174636">
      <ele>4776.0</ele>
    </rtept>
    <rtept lat="28.018717" lon="87.174693">
      <ele>4776.0</ele>
    </rtept>
    <rtept lat="28.018804" lon="87.174734">
      <ele>4779.0</ele>
    </rtept>
    <rtept lat="28.018804" lon="87.174734">
      <ele>4779.0</ele>
    </rtept>
    <rtept lat="28.018889" lon="87.17479">
      <ele>4779.0</ele>
    </rtept>
    <rtept lat="28.018889" lon="87.17479">
      <ele>4779.0</ele>
    </rtept>
    <rtept lat="28.018969" lon="87.174848">
      <ele>4779.0</ele>
    </rtept>
    <rtept lat="28.019051" lon="87.174912">
      <ele>4788.0</ele>
    </rtept>
    <rtept lat="28.019051" lon="87.174912">
      <ele>4788.0</ele>
    </rtept>
    <rtept lat="28.019129" lon="87.174972">
      <ele>4788.0</ele>
    </rtept>
    <rtept lat="28.019129" lon="87.174972">
      <ele>4788.0</ele>
    </rtept>
    <rtept lat="28.019214" lon="87.175019">
      <ele>4788.0</ele>
    </rtept>
    <rtept lat="28.019272" lon="87.175097">
      <ele>4788.0</ele>
    </rtept>
    <rtept lat="28.019341" lon="87.175164">
      <ele>4797.0</ele>
    </rtept>
    <rtept lat="28.019416" lon="87.175226">
      <ele>4797.0</ele>
    </rtept>
    <rtept lat="28.019492" lon="87.17529">
      <ele>4797.0</ele>
    </rtept>
    <rtept lat="28.019584" lon="87.1753">
      <ele>4789.0</ele>
    </rtept>
    <rtept lat="28.019675" lon="87.175324">
      <ele>4789.0</ele>
    </rtept>
    <rtept lat="28.019764" lon="87.175366">
      <ele>4789.0</ele>
    </rtept>
    <rtept lat="28.01986" lon="87.175404">
      <ele>4789.0</ele>
    </rtept>
    <rtept lat="28.019951" lon="87.175429">
      <ele>4799.0</ele>
    </rtept>
    <rtept lat="28.020041" lon="87.175455">
      <ele>4799.0</ele>
    </rtept>
    <rtept lat="28.020139" lon="87.175465">
      <ele>4799.0</ele>
    </rtept>
    <rtept lat="28.020233" lon="87.175495">
      <ele>4802.0</ele>
    </rtept>
    <rtept lat="28.020327" lon="87.175513">
      <ele>4802.0</ele>
    </rtept>
    <rtept lat="28.020421" lon="87.175506">
      <ele>4806.0</ele>
    </rtept>
    <rtept lat="28.020515" lon="87.175513">
      <ele>4806.0</ele>
    </rtept>
    <rtept lat="28.020612" lon="87.175508">
      <ele>4806.0</ele>
    </rtept>
    <rtept lat="28.020704" lon="87.175517">
      <ele>4808.0</ele>
    </rtept>
    <rtept lat="28.020797" lon="87.175522">
      <ele>4808.0</ele>
    </rtept>
    <rtept lat="28.020891" lon="87.175523">
      <ele>4808.0</ele>
    </rtept>
    <rtept lat="28.020975" lon="87.175568">
      <ele>4809.0</ele>
    </rtept>
    <rtept lat="28.021041" lon="87.175645">
      <ele>4809.0</ele>
    </rtept>
    <rtept lat="28.021103" lon="87.175732">
      <ele>4818.0</ele>
    </rtept>
    <rtept lat="28.021173" lon="87.175814">
      <ele>4818.0</ele>
    </rtept>
    <rtept lat="28.021253" lon="87.175869">
      <ele>4820.0</ele>
    </rtept>
    <rtept lat="28.021327" lon="87.175935">
      <ele>4820.0</ele>
    </rtept>
    <rtept lat="28.021386" lon="87.176021">
      <ele>4827.0</ele>
    </rtept>
    <rtept lat="28.021428" lon="87.176122">
      <ele>4827.0</ele>
    </rtept>
    <rtept lat="28.021474" lon="87.176222">
      <ele>4827.0</ele>
    </rtept>
    <rtept lat="28.021548" lon="87.176288">
      <ele>4827.0</ele>
    </rtept>
    <rtept lat="28.021641" lon="87.176277">
      <ele>4827.0</ele>
    </rtept>
    <rtept lat="28.021734" lon="87.176245">
      <ele>4822.0</ele>
    </rtept>
    <rtept lat="28.021829" lon="87.176224">
      <ele>4816.0</ele>
    </rtept>
    <rtept lat="28.021925" lon="87.176238">
      <ele>4816.0</ele>
    </rtept>
    <rtept lat="28.022026" lon="87.176234">
      <ele>4816.0</ele>
    </rtept>
    <rtept lat="28.022122" lon="87.176206">
      <ele>4818.0</ele>
    </rtept>
    <rtept lat="28.022215" lon="87.176221">
      <ele>4818.0</ele>
    </rtept>
    <rtept lat="28.022302" lon="87.176272">
      <ele>4814.0</ele>
    </rtept>
    <rtept lat="28.022393" lon="87.176326">
      <ele>4822.0</ele>
    </rtept>
    <rtept lat="28.022485" lon="87.176385">
      <ele>4822.0</ele>
    </rtept>
    <rtept lat="28.022579" lon="87.176395">
      <ele>4822.0</ele>
    </rtept>
    <rtept lat="28.022671" lon="87.176395">
      <ele>4832.0</ele>
    </rtept>
    <rtept lat="28.022761" lon="87.176412">
      <ele>4832.0</ele>
    </rtept>
    <rtept lat="28.022854" lon="87.176445">
      <ele>4832.0</ele>
    </rtept>
    <rtept lat="28.022946" lon="87.176462">
      <ele>4837.0</ele>
    </rtept>
    <rtept lat="28.023022" lon="87.176415">
      <ele>4837.0</ele>
    </rtept>
    <rtept lat="28.023089" lon="87.176338">
      <ele>4837.0</ele>
    </rtept>
    <rtept lat="28.023147" lon="87.176238">
      <ele>4841.0</ele>
    </rtept>
    <rtept lat="28.023175" lon="87.17613">
      <ele>4841.0</ele>
    </rtept>
    <rtept lat="28.023175" lon="87.17613">
      <ele>4841.0</ele>
    </rtept>
    <rtept lat="28.023209" lon="87.176021">
      <ele>4854.0</ele>
    </rtept>
    <rtept lat="28.023209" lon="87.176021">
      <ele>4854.0</ele>
    </rtept>
    <rtept lat="28.023231" lon="87.175915">
      <ele>4854.0</ele>
    </rtept>
    <rtept lat="28.023259" lon="87.175815">
      <ele>4854.0</ele>
    </rtept>
    <rtept lat="28.023291" lon="87.175706">
      <ele>4854.0</ele>
    </rtept>
    <rtept lat="28.023342" lon="87.175606">
      <ele>4852.0</ele>
    </rtept>
    <rtept lat="28.023422" lon="87.175557">
      <ele>4852.0</ele>
    </rtept>
    <rtept lat="28.023523" lon="87.175567">
      <ele>4855.0</ele>
    </rtept>
    <rtept lat="28.023631" lon="87.175605">
      <ele>4855.0</ele>
    </rtept>
    <rtept lat="28.023725" lon="87.175671">
      <ele>4855.0</ele>
    </rtept>
    <rtept lat="28.023809" lon="87.175736">
      <ele>4858.0</ele>
    </rtept>
    <rtept lat="28.023904" lon="87.175786">
      <ele>4858.0</ele>
    </rtept>
    <rtept lat="28.023991" lon="87.175853">
      <ele>4858.0</ele>
    </rtept>
    <rtept lat="28.024082" lon="87.17592">
      <ele>4860.0</ele>
    </rtept>
    <rtept lat="28.024161" lon="87.175981">
      <ele>4864.0</ele>
    </rtept>
    <rtept lat="28.024241" lon="87.176044">
      <ele>4864.0</ele>
    </rtept>
    <rtept lat="28.02433" lon="87.176096">
      <ele>4863.0</ele>
    </rtept>
    <rtept lat="28.02442" lon="87.17614">
      <ele>4863.0</ele>
    </rtept>
    <rtept lat="28.024514" lon="87.176154">
      <ele>4863.0</ele>
    </rtept>
    <rtept lat="28.024608" lon="87.176171">
      <ele>4866.0</ele>
    </rtept>
    <rtept lat="28.024701" lon="87.176182">
      <ele>4866.0</ele>
    </rtept>
    <rtept lat="28.024797" lon="87.176175">
      <ele>4866.0</ele>
    </rtept>
    <rtept lat="28.024895" lon="87.176147">
      <ele>4870.0</ele>
    </rtept>
    <rtept lat="28.024983" lon="87.176108">
      <ele>4870.0</ele>
    </rtept>
    <rtept lat="28.025068" lon="87.176054">
      <ele>4870.0</ele>
    </rtept>
    <rtept lat="28.025141" lon="87.175986">
      <ele>4900.0</ele>
    </rtept>
    <rtept lat="28.025219" lon="87.175914">
      <ele>4886.0</ele>
    </rtept>
    <rtept lat="28.025307" lon="87.175866">
      <ele>4886.0</ele>
    </rtept>
    <rtept lat="28.025389" lon="87.175809">
      <ele>4886.0</ele>
    </rtept>
    <rtept lat="28.025464" lon="87.175741">
      <ele>4907.0</ele>
    </rtept>
    <rtept lat="28.025535" lon="87.17566">
      <ele>4889.0</ele>
    </rtept>
    <rtept lat="28.025608" lon="87.175586">
      <ele>4889.0</ele>
    </rtept>
    <rtept lat="28.02568" lon="87.175514">
      <ele>4889.0</ele>
    </rtept>
    <rtept lat="28.02575" lon="87.175448">
      <ele>4910.0</ele>
    </rtept>
    <rtept lat="28.025832" lon="87.175396">
      <ele>4894.0</ele>
    </rtept>
    <rtept lat="28.025913" lon="87.175335">
      <ele>4894.0</ele>
    </rtept>
    <rtept lat="28.025996" lon="87.175279">
      <ele>4907.0</ele>
    </rtept>
    <rtept lat="28.026064" lon="87.17521">
      <ele>4907.0</ele>
    </rtept>
    <rtept lat="28.026136" lon="87.175134">
      <ele>4895.0</ele>
    </rtept>
    <rtept lat="28.026206" lon="87.175063">
      <ele>4895.0</ele>
    </rtept>
    <rtept lat="28.026272" lon="87.17499">
      <ele>4910.0</ele>
    </rtept>
    <rtept lat="28.026337" lon="87.174912">
      <ele>4910.0</ele>
    </rtept>
    <rtept lat="28.026412" lon="87.174852">
      <ele>4903.0</ele>
    </rtept>
    <rtept lat="28.026485" lon="87.174781">
      <ele>4903.0</ele>
    </rtept>
    <rtept lat="28.026566" lon="87.174723">
      <ele>4915.0</ele>
    </rtept>
    <rtept lat="28.02665" lon="87.174676">
      <ele>4915.0</ele>
    </rtept>
    <rtept lat="28.026741" lon="87.174651">
      <ele>4915.0</ele>
    </rtept>
    <rtept lat="28.02684" lon="87.174639">
      <ele>4926.0</ele>
    </rtept>
    <rtept lat="28.026929" lon="87.174678">
      <ele>4926.0</ele>
    </rtept>
    <rtept lat="28.026994" lon="87.174756">
      <ele>4926.0</ele>
    </rtept>
    <rtept lat="28.027075" lon="87.174793">
      <ele>4926.0</ele>
    </rtept>
    <rtept lat="28.027157" lon="87.174837">
      <ele>4933.0</ele>
    </rtept>
    <rtept lat="28.027246" lon="87.17485">
      <ele>4933.0</ele>
    </rtept>
    <rtept lat="28.027341" lon="87.174863">
      <ele>4951.0</ele>
    </rtept>
    <rtept lat="28.027434" lon="87.174882">
      <ele>4947.0</ele>
    </rtept>
    <rtept lat="28.027518" lon="87.17493">
      <ele>4947.0</ele>
    </rtept>
    <rtept lat="28.027602" lon="87.174974">
      <ele>4947.0</ele>
    </rtept>
    <rtept lat="28.027689" lon="87.17501">
      <ele>4947.0</ele>
    </rtept>
    <rtept lat="28.027778" lon="87.175042">
      <ele>4947.0</ele>
    </rtept>
    <rtept lat="28.027871" lon="87.175063">
      <ele>4947.0</ele>
    </rtept>
    <rtept lat="28.027968" lon="87.175074">
      <ele>4941.0</ele>
    </rtept>
    <rtept lat="28.028065" lon="87.175081">
      <ele>4941.0</ele>
    </rtept>
    <rtept lat="28.028159" lon="87.175085">
      <ele>4941.0</ele>
    </rtept>
    <rtept lat="28.02826" lon="87.175077">
      <ele>4929.0</ele>
    </rtept>
    <rtept lat="28.028357" lon="87.175101">
      <ele>4929.0</ele>
    </rtept>
    <rtept lat="28.028449" lon="87.175116">
      <ele>4929.0</ele>
    </rtept>
    <rtept lat="28.02854" lon="87.17514">
      <ele>4936.0</ele>
    </rtept>
    <rtept lat="28.028637" lon="87.175159">
      <ele>4936.0</ele>
    </rtept>
    <rtept lat="28.028733" lon="87.175171">
      <ele>4936.0</ele>
    </rtept>
    <rtept lat="28.028828" lon="87.175192">
      <ele>4945.0</ele>
    </rtept>
    <rtept lat="28.028924" lon="87.175212">
      <ele>4945.0</ele>
    </rtept>
    <rtept lat="28.029021" lon="87.175249">
      <ele>4945.0</ele>
    </rtept>
    <rtept lat="28.02911" lon="87.175311">
      <ele>4950.0</ele>
    </rtept>
    <rtept lat="28.029202" lon="87.17536">
      <ele>4950.0</ele>
    </rtept>
    <rtept lat="28.029296" lon="87.175396">
      <ele>4950.0</ele>
    </rtept>
    <rtept lat="28.029387" lon="87.175433">
      <ele>4944.0</ele>
    </rtept>
    <rtept lat="28.029484" lon="87.175466">
      <ele>4944.0</ele>
    </rtept>
    <rtept lat="28.029586" lon="87.175492">
      <ele>4937.0</ele>
    </rtept>
    <rtept lat="28.029675" lon="87.175547">
      <ele>4937.0</ele>
    </rtept>
    <rtept lat="28.029767" lon="87.175595">
      <ele>4937.0</ele>
    </rtept>
    <rtept lat="28.029842" lon="87.175665">
      <ele>4937.0</ele>
    </rtept>
    <rtept lat="28.029927" lon="87.175696">
      <ele>4933.0</ele>
    </rtept>
    <rtept lat="28.030016" lon="87.175725">
      <ele>4933.0</ele>
    </rtept>
    <rtept lat="28.030106" lon="87.175755">
      <ele>4933.0</ele>
    </rtept>
    <rtept lat="28.030148" lon="87.175766">
      <ele>4923.0</ele>
    </rtept>
    <rtept lat="28.030223" lon="87.17578">
      <ele>4923.0</ele>
    </rtept>
    <rtept lat="28.030311" lon="87.175822">
      <ele>4923.0</ele>
    </rtept>
    <rtept lat="28.03039" lon="87.175882">
      <ele>4923.0</ele>
    </rtept>
    <rtept lat="28.030459" lon="87.175966">
      <ele>4910.0</ele>
    </rtept>
    <rtept lat="28.030516" lon="87.176052">
      <ele>4922.0</ele>
    </rtept>
    <rtept lat="28.030573" lon="87.17614">
      <ele>4922.0</ele>
    </rtept>
    <rtept lat="28.030638" lon="87.176227">
      <ele>4922.0</ele>
    </rtept>
    <rtept lat="28.030706" lon="87.176308">
      <ele>4922.0</ele>
    </rtept>
    <rtept lat="28.030771" lon="87.176388">
      <ele>4922.0</ele>
    </rtept>
    <rtept lat="28.030833" lon="87.176474">
      <ele>4922.0</ele>
    </rtept>
    <rtept lat="28.030887" lon="87.17657">
      <ele>4931.0</ele>
    </rtept>
    <rtept lat="28.030952" lon="87.176648">
      <ele>4931.0</ele>
    </rtept>
    <rtept lat="28.031007" lon="87.176739">
      <ele>4921.0</ele>
    </rtept>
    <rtept lat="28.031059" lon="87.176833">
      <ele>4922.0</ele>
    </rtept>
    <rtept lat="28.031103" lon="87.176925">
      <ele>4922.0</ele>
    </rtept>
    <rtept lat="28.031152" lon="87.177019">
      <ele>4922.0</ele>
    </rtept>
    <rtept lat="28.031215" lon="87.177098">
      <ele>4928.0</ele>
    </rtept>
    <rtept lat="28.03129" lon="87.177166">
      <ele>4924.0</ele>
    </rtept>
    <rtept lat="28.031355" lon="87.177245">
      <ele>4924.0</ele>
    </rtept>
    <rtept lat="28.031427" lon="87.177324">
      <ele>4924.0</ele>
    </rtept>
    <rtept lat="28.03149" lon="87.177405">
      <ele>4933.0</ele>
    </rtept>
    <rtept lat="28.031506" lon="87.177504">
      <ele>4933.0</ele>
    </rtept>
    <rtept lat="28.031528" lon="87.177604">
      <ele>4932.0</ele>
    </rtept>
    <rtept lat="28.03155" lon="87.177709">
      <ele>4934.0</ele>
    </rtept>
    <rtept lat="28.031585" lon="87.177809">
      <ele>4934.0</ele>
    </rtept>
    <rtept lat="28.031631" lon="87.1779">
      <ele>4934.0</ele>
    </rtept>
    <rtept lat="28.031658" lon="87.177998">
      <ele>4941.0</ele>
    </rtept>
    <rtept lat="28.0317" lon="87.178092">
      <ele>4941.0</ele>
    </rtept>
    <rtept lat="28.031761" lon="87.178172">
      <ele>4941.0</ele>
    </rtept>
    <rtept lat="28.031817" lon="87.178263">
      <ele>4941.0</ele>
    </rtept>
    <rtept lat="28.031878" lon="87.178352">
      <ele>4941.0</ele>
    </rtept>
    <rtept lat="28.031942" lon="87.178435">
      <ele>4941.0</ele>
    </rtept>
    <rtept lat="28.031995" lon="87.178521">
      <ele>4940.0</ele>
    </rtept>
    <rtept lat="28.032038" lon="87.178616">
      <ele>4940.0</ele>
    </rtept>
    <rtept lat="28.032077" lon="87.178715">
      <ele>4940.0</ele>
    </rtept>
    <rtept lat="28.032111" lon="87.178819">
      <ele>4942.0</ele>
    </rtept>
    <rtept lat="28.032132" lon="87.178929">
      <ele>4942.0</ele>
    </rtept>
    <rtept lat="28.032151" lon="87.179033">
      <ele>4943.0</ele>
    </rtept>
    <rtept lat="28.032195" lon="87.179127">
      <ele>4943.0</ele>
    </rtept>
    <rtept lat="28.032266" lon="87.179199">
      <ele>4943.0</ele>
    </rtept>
    <rtept lat="28.032341" lon="87.179262">
      <ele>4943.0</ele>
    </rtept>
    <rtept lat="28.03243" lon="87.179301">
      <ele>4943.0</ele>
    </rtept>
    <rtept lat="28.032452" lon="87.179387">
      <ele>4949.0</ele>
    </rtept>
    <rtept lat="28.032469" lon="87.17949">
      <ele>4949.0</ele>
    </rtept>
    <rtept lat="28.032474" lon="87.179596">
      <ele>4948.0</ele>
    </rtept>
    <rtept lat="28.032493" lon="87.179705">
      <ele>4948.0</ele>
    </rtept>
    <rtept lat="28.032503" lon="87.17982">
      <ele>4948.0</ele>
    </rtept>
    <rtept lat="28.03252" lon="87.179936">
      <ele>4952.0</ele>
    </rtept>
    <rtept lat="28.032527" lon="87.180043">
      <ele>4952.0</ele>
    </rtept>
    <rtept lat="28.032507" lon="87.180144">
      <ele>4957.0</ele>
    </rtept>
    <rtept lat="28.032495" lon="87.180246">
      <ele>4957.0</ele>
    </rtept>
    <rtept lat="28.032502" lon="87.180349">
      <ele>4957.0</ele>
    </rtept>
    <rtept lat="28.0325" lon="87.180454">
      <ele>4955.0</ele>
    </rtept>
    <rtept lat="28.032512" lon="87.180563">
      <ele>4955.0</ele>
    </rtept>
    <rtept lat="28.032525" lon="87.18067">
      <ele>4955.0</ele>
    </rtept>
    <rtept lat="28.032547" lon="87.180773">
      <ele>4958.0</ele>
    </rtept>
    <rtept lat="28.032567" lon="87.180884">
      <ele>4958.0</ele>
    </rtept>
    <rtept lat="28.032575" lon="87.181003">
      <ele>4959.0</ele>
    </rtept>
    <rtept lat="28.032595" lon="87.18111">
      <ele>4959.0</ele>
    </rtept>
    <rtept lat="28.032636" lon="87.181216">
      <ele>4959.0</ele>
    </rtept>
    <rtept lat="28.032681" lon="87.181321">
      <ele>4969.0</ele>
    </rtept>
    <rtept lat="28.032636" lon="87.181407">
      <ele>4961.0</ele>
    </rtept>
    <rtept lat="28.032576" lon="87.181523">
      <ele>4961.0</ele>
    </rtept>
    <rtept lat="28.032553" lon="87.181562">
      <ele>4969.0</ele>
    </rtept>
    <rtept lat="28.032504" lon="87.181631">
      <ele>4969.0</ele>
    </rtept>
    <rtept lat="28.032443" lon="87.181721">
      <ele>4969.0</ele>
    </rtept>
    <rtept lat="28.032382" lon="87.181738">
      <ele>4969.0</ele>
    </rtept>
    <rtept lat="28.032352" lon="87.18181">
      <ele>4961.0</ele>
    </rtept>
    <rtept lat="28.032375" lon="87.181908">
      <ele>4975.0</ele>
    </rtept>
    <rtept lat="28.032435" lon="87.182006">
      <ele>4975.0</ele>
    </rtept>
    <rtept lat="28.032515" lon="87.181979">
      <ele>4975.0</ele>
    </rtept>
    <rtept lat="28.032544" lon="87.181876">
      <ele>4975.0</ele>
    </rtept>
    <rtept lat="28.03253" lon="87.181758">
      <ele>4969.0</ele>
    </rtept>
    <rtept lat="28.03251" lon="87.181642">
      <ele>4969.0</ele>
    </rtept>
    <rtept lat="28.032519" lon="87.181534">
      <ele>4969.0</ele>
    </rtept>
    <rtept lat="28.032521" lon="87.18142">
      <ele>4961.0</ele>
    </rtept>
    <rtept lat="28.032458" lon="87.18135">
      <ele>4961.0</ele>
    </rtept>
    <rtept lat="28.032534" lon="87.181369">
      <ele>4961.0</ele>
    </rtept>
    <rtept lat="28.032635" lon="87.181398">
      <ele>4961.0</ele>
    </rtept>
    <rtept lat="28.032724" lon="87.181441">
      <ele>4969.0</ele>
    </rtept>
    <rtept lat="28.032771" lon="87.181524">
      <ele>4969.0</ele>
    </rtept>
    <rtept lat="28.032812" lon="87.181624">
      <ele>4974.0</ele>
    </rtept>
    <rtept lat="28.032856" lon="87.181718">
      <ele>4974.0</ele>
    </rtept>
    <rtept lat="28.032888" lon="87.181823">
      <ele>4973.0</ele>
    </rtept>
    <rtept lat="28.032916" lon="87.181926">
      <ele>4973.0</ele>
    </rtept>
    <rtept lat="28.032946" lon="87.182037">
      <ele>4975.0</ele>
    </rtept>
    <rtept lat="28.032969" lon="87.182146">
      <ele>4977.0</ele>
    </rtept>
    <rtept lat="28.032982" lon="87.182251">
      <ele>4977.0</ele>
    </rtept>
    <rtept lat="28.032993" lon="87.182361">
      <ele>4977.0</ele>
    </rtept>
    <rtept lat="28.033016" lon="87.182461">
      <ele>4977.0</ele>
    </rtept>
    <rtept lat="28.033038" lon="87.182564">
      <ele>4977.0</ele>
    </rtept>
    <rtept lat="28.033051" lon="87.182675">
      <ele>4974.0</ele>
    </rtept>
    <rtept lat="28.03306" lon="87.182788">
      <ele>4974.0</ele>
    </rtept>
    <rtept lat="28.03306" lon="87.182894">
      <ele>4974.0</ele>
    </rtept>
    <rtept lat="28.033066" lon="87.182999">
      <ele>4980.0</ele>
    </rtept>
    <rtept lat="28.033069" lon="87.183108">
      <ele>4980.0</ele>
    </rtept>
    <rtept lat="28.033069" lon="87.183212">
      <ele>4980.0</ele>
    </rtept>
    <rtept lat="28.033052" lon="87.183314">
      <ele>4980.0</ele>
    </rtept>
    <rtept lat="28.033046" lon="87.183415">
      <ele>4980.0</ele>
    </rtept>
    <rtept lat="28.033047" lon="87.183524">
      <ele>4982.0</ele>
    </rtept>
    <rtept lat="28.033046" lon="87.183629">
      <ele>4982.0</ele>
    </rtept>
    <rtept lat="28.033051" lon="87.183737">
      <ele>4982.0</ele>
    </rtept>
    <rtept lat="28.033064" lon="87.18385">
      <ele>4979.0</ele>
    </rtept>
    <rtept lat="28.033083" lon="87.18396">
      <ele>4979.0</ele>
    </rtept>
    <rtept lat="28.033102" lon="87.184071">
      <ele>4978.0</ele>
    </rtept>
    <rtept lat="28.033114" lon="87.184181">
      <ele>4978.0</ele>
    </rtept>
    <rtept lat="28.033141" lon="87.184283">
      <ele>4978.0</ele>
    </rtept>
    <rtept lat="28.033159" lon="87.184384">
      <ele>4972.0</ele>
    </rtept>
    <rtept lat="28.03317" lon="87.184489">
      <ele>4972.0</ele>
    </rtept>
    <rtept lat="28.033237" lon="87.184555">
      <ele>4976.0</ele>
    </rtept>
    <rtept lat="28.033288" lon="87.184646">
      <ele>4974.0</ele>
    </rtept>
    <rtept lat="28.033317" lon="87.184744">
      <ele>4974.0</ele>
    </rtept>
    <rtept lat="28.033329" lon="87.184847">
      <ele>4974.0</ele>
    </rtept>
    <rtept lat="28.033328" lon="87.184961">
      <ele>4974.0</ele>
    </rtept>
    <rtept lat="28.033342" lon="87.18507">
      <ele>4974.0</ele>
    </rtept>
    <rtept lat="28.033383" lon="87.185172">
      <ele>4980.0</ele>
    </rtept>
    <rtept lat="28.033407" lon="87.185273">
      <ele>4980.0</ele>
    </rtept>
    <rtept lat="28.033433" lon="87.18538">
      <ele>4980.0</ele>
    </rtept>
    <rtept lat="28.033431" lon="87.18549">
      <ele>4995.0</ele>
    </rtept>
    <rtept lat="28.033409" lon="87.185603">
      <ele>4995.0</ele>
    </rtept>
    <rtept lat="28.03338" lon="87.185716">
      <ele>4999.0</ele>
    </rtept>
    <rtept lat="28.033347" lon="87.185824">
      <ele>4999.0</ele>
    </rtept>
    <rtept lat="28.033309" lon="87.185925">
      <ele>4999.0</ele>
    </rtept>
    <rtept lat="28.033243" lon="87.185993">
      <ele>4999.0</ele>
    </rtept>
    <rtept lat="28.033169" lon="87.186054">
      <ele>4995.0</ele>
    </rtept>
    <rtept lat="28.033092" lon="87.186115">
      <ele>4995.0</ele>
    </rtept>
    <rtept lat="28.033" lon="87.186154">
      <ele>4995.0</ele>
    </rtept>
    <rtept lat="28.032927" lon="87.186222">
      <ele>4995.0</ele>
    </rtept>
    <rtept lat="28.032842" lon="87.186275">
      <ele>5003.0</ele>
    </rtept>
    <rtept lat="28.032746" lon="87.186275">
      <ele>5003.0</ele>
    </rtept>
    <rtept lat="28.032653" lon="87.186302">
      <ele>5003.0</ele>
    </rtept>
    <rtept lat="28.032573" lon="87.186351">
      <ele>4999.0</ele>
    </rtept>
    <rtept lat="28.032484" lon="87.18637">
      <ele>4999.0</ele>
    </rtept>
    <rtept lat="28.032415" lon="87.186429">
      <ele>4999.0</ele>
    </rtept>
    <rtept lat="28.032336" lon="87.186502">
      <ele>4984.0</ele>
    </rtept>
    <rtept lat="28.032263" lon="87.186575">
      <ele>4983.0</ele>
    </rtept>
    <rtept lat="28.032207" lon="87.186666">
      <ele>4983.0</ele>
    </rtept>
    <rtept lat="28.032147" lon="87.186754">
      <ele>4983.0</ele>
    </rtept>
    <rtept lat="28.032063" lon="87.186775">
      <ele>4967.0</ele>
    </rtept>
    <rtept lat="28.031978" lon="87.186824">
      <ele>4960.0</ele>
    </rtept>
    <rtept lat="28.031902" lon="87.186785">
      <ele>4967.0</ele>
    </rtept>
    <rtept lat="28.031855" lon="87.186695">
      <ele>4967.0</ele>
    </rtept>
    <rtept lat="28.031779" lon="87.186703">
      <ele>4963.0</ele>
    </rtept>
    <rtept lat="28.031699" lon="87.186762">
      <ele>4963.0</ele>
    </rtept>
    <rtept lat="28.031617" lon="87.186844">
      <ele>4961.0</ele>
    </rtept>
    <rtept lat="28.031537" lon="87.186866">
      <ele>4961.0</ele>
    </rtept>
    <rtept lat="28.031435" lon="87.186883">
      <ele>4962.0</ele>
    </rtept>
    <rtept lat="28.031435" lon="87.186915">
      <ele>4962.0</ele>
    </rtept>
    <rtept lat="28.031513" lon="87.1869">
      <ele>4962.0</ele>
    </rtept>
    <rtept lat="28.031615" lon="87.186856">
      <ele>4961.0</ele>
    </rtept>
    <rtept lat="28.031727" lon="87.186815">
      <ele>4961.0</ele>
    </rtept>
    <rtept lat="28.031827" lon="87.186781">
      <ele>4967.0</ele>
    </rtept>
    <rtept lat="28.031879" lon="87.186742">
      <ele>4967.0</ele>
    </rtept>
    <rtept lat="28.031879" lon="87.186742">
      <ele>4967.0</ele>
    </rtept>
    <rtept lat="28.031898" lon="87.186644">
      <ele>4967.0</ele>
    </rtept>
    <rtept lat="28.031898" lon="87.186644">
      <ele>4967.0</ele>
    </rtept>
    <rtept lat="28.031824" lon="87.186635">
      <ele>4967.0</ele>
    </rtept>
    <rtept lat="28.03175" lon="87.186712">
      <ele>4963.0</ele>
    </rtept>
    <rtept lat="28.031678" lon="87.186807">
      <ele>4961.0</ele>
    </rtept>
    <rtept lat="28.031678" lon="87.186807">
      <ele>4961.0</ele>
    </rtept>
    <rtept lat="28.031669" lon="87.186867">
      <ele>4961.0</ele>
    </rtept>
    <rtept lat="28.031669" lon="87.186867">
      <ele>4961.0</ele>
    </rtept>
    <rtept lat="28.031727" lon="87.186951">
      <ele>4961.0</ele>
    </rtept>
    <rtept lat="28.031784" lon="87.187047">
      <ele>4961.0</ele>
    </rtept>
    <rtept lat="28.031844" lon="87.187128">
      <ele>4958.0</ele>
    </rtept>
    <rtept lat="28.031886" lon="87.187222">
      <ele>4958.0</ele>
    </rtept>
    <rtept lat="28.031895" lon="87.187332">
      <ele>4958.0</ele>
    </rtept>
    <rtept lat="28.031902" lon="87.187439">
      <ele>4965.0</ele>
    </rtept>
    <rtept lat="28.031942" lon="87.187536">
      <ele>4965.0</ele>
    </rtept>
    <rtept lat="28.031906" lon="87.187625">
      <ele>4965.0</ele>
    </rtept>
    <rtept lat="28.031829" lon="87.187686">
      <ele>4970.0</ele>
    </rtept>
    <rtept lat="28.03172" lon="87.187626">
      <ele>4959.0</ele>
    </rtept>
    <rtept lat="28.031813" lon="87.187615">
      <ele>4965.0</ele>
    </rtept>
    <rtept lat="28.031904" lon="87.187585">
      <ele>4965.0</ele>
    </rtept>
    <rtept lat="28.031941" lon="87.187486">
      <ele>4965.0</ele>
    </rtept>
    <rtept lat="28.031964" lon="87.187383">
      <ele>4965.0</ele>
    </rtept>
    <rtept lat="28.031978" lon="87.187277">
      <ele>4958.0</ele>
    </rtept>
    <rtept lat="28.031925" lon="87.187194">
      <ele>4958.0</ele>
    </rtept>
    <rtept lat="28.031914" lon="87.187098">
      <ele>4958.0</ele>
    </rtept>
    <rtept lat="28.031888" lon="87.186993">
      <ele>4960.0</ele>
    </rtept>
    <rtept lat="28.031836" lon="87.186894">
      <ele>4960.0</ele>
    </rtept>
    <rtept lat="28.031752" lon="87.186821">
      <ele>4961.0</ele>
    </rtept>
    <rtept lat="28.031746" lon="87.186718">
      <ele>4963.0</ele>
    </rtept>
    <rtept lat="28.031794" lon="87.186609">
      <ele>4963.0</ele>
    </rtept>
    <rtept lat="28.03184" lon="87.186502">
      <ele>4982.0</ele>
    </rtept>
    <rtept lat="28.03184" lon="87.186502">
      <ele>4982.0</ele>
    </rtept>
    <rtept lat="28.031812" lon="87.186613">
      <ele>4967.0</ele>
    </rtept>
    <rtept lat="28.031812" lon="87.186613">
      <ele>4967.0</ele>
    </rtept>
    <rtept lat="28.031758" lon="87.186717">
      <ele>4963.0</ele>
    </rtept>
    <rtept lat="28.031684" lon="87.186781">
      <ele>4963.0</ele>
    </rtept>
    <rtept lat="28.031641" lon="87.186817">
      <ele>4961.0</ele>
    </rtept>
    <rtept lat="28.031641" lon="87.186817">
      <ele>4961.0</ele>
    </rtept>
    <rtept lat="28.031751" lon="87.186791">
      <ele>4963.0</ele>
    </rtept>
    <rtept lat="28.031751" lon="87.186791">
      <ele>4963.0</ele>
    </rtept>
    <rtept lat="28.031801" lon="87.186688">
      <ele>4963.0</ele>
    </rtept>
    <rtept lat="28.03183" lon="87.186578">
      <ele>4967.0</ele>
    </rtept>
    <rtept lat="28.03183" lon="87.186578">
      <ele>4967.0</ele>
    </rtept>
    <rtept lat="28.03183" lon="87.186578">
      <ele>4967.0</ele>
    </rtept>
    <rtept lat="28.03183" lon="87.186578">
      <ele>4967.0</ele>
    </rtept>
    <rtept lat="28.031823" lon="87.186697">
      <ele>4967.0</ele>
    </rtept>
    <rtept lat="28.031823" lon="87.186697">
      <ele>4967.0</ele>
    </rtept>
    <rtept lat="28.03182" lon="87.186806">
      <ele>4967.0</ele>
    </rtept>
    <rtept lat="28.03182" lon="87.186806">
      <ele>4967.0</ele>
    </rtept>
    <rtept lat="28.031926" lon="87.187232">
      <ele>4958.0</ele>
    </rtept>
    <rtept lat="28.031769" lon="87.186779">
      <ele>4963.0</ele>
    </rtept>
    <rtept lat="28.031801" lon="87.186654">
      <ele>4963.0</ele>
    </rtept>
    <rtept lat="28.031827" lon="87.186536">
      <ele>4967.0</ele>
    </rtept>
    <rtept lat="28.0318" lon="87.186435">
      <ele>4968.0</ele>
    </rtept>
    <rtept lat="28.031777" lon="87.18632">
      <ele>4968.0</ele>
    </rtept>
    <rtept lat="28.031735" lon="87.186223">
      <ele>4975.0</ele>
    </rtept>
    <rtept lat="28.031736" lon="87.186121">
      <ele>4975.0</ele>
    </rtept>
    <rtept lat="28.03179" lon="87.186043">
      <ele>4975.0</ele>
    </rtept>
    <rtept lat="28.031908" lon="87.186058">
      <ele>4980.0</ele>
    </rtept>
    <rtept lat="28.031995" lon="87.186028">
      <ele>4980.0</ele>
    </rtept>
    <rtept lat="28.032084" lon="87.18603">
      <ele>4985.0</ele>
    </rtept>
    <rtept lat="28.032179" lon="87.18601">
      <ele>4985.0</ele>
    </rtept>
    <rtept lat="28.03228" lon="87.185996">
      <ele>4985.0</ele>
    </rtept>
    <rtept lat="28.032369" lon="87.185972">
      <ele>4994.0</ele>
    </rtept>
    <rtept lat="28.032448" lon="87.185915">
      <ele>4993.0</ele>
    </rtept>
    <rtept lat="28.032535" lon="87.185862">
      <ele>4993.0</ele>
    </rtept>
    <rtept lat="28.032629" lon="87.185887">
      <ele>4993.0</ele>
    </rtept>
    <rtept lat="28.032723" lon="87.185901">
      <ele>4989.0</ele>
    </rtept>
    <rtept lat="28.032804" lon="87.185867">
      <ele>4989.0</ele>
    </rtept>
    <rtept lat="28.032887" lon="87.185812">
      <ele>4989.0</ele>
    </rtept>
    <rtept lat="28.032946" lon="87.185726">
      <ele>4993.0</ele>
    </rtept>
    <rtept lat="28.03296" lon="87.185654">
      <ele>4990.0</ele>
    </rtept>
    <rtept lat="28.033016" lon="87.185574">
      <ele>4990.0</ele>
    </rtept>
    <rtept lat="28.033088" lon="87.185503">
      <ele>4990.0</ele>
    </rtept>
    <rtept lat="28.033176" lon="87.185475">
      <ele>4990.0</ele>
    </rtept>
    <rtept lat="28.033274" lon="87.185438">
      <ele>4995.0</ele>
    </rtept>
    <rtept lat="28.033364" lon="87.185399">
      <ele>4980.0</ele>
    </rtept>
    <rtept lat="28.033436" lon="87.185335">
      <ele>4980.0</ele>
    </rtept>
    <rtept lat="28.033511" lon="87.185264">
      <ele>4978.0</ele>
    </rtept>
    <rtept lat="28.033593" lon="87.185197">
      <ele>4978.0</ele>
    </rtept>
    <rtept lat="28.033684" lon="87.185148">
      <ele>4978.0</ele>
    </rtept>
    <rtept lat="28.033777" lon="87.185126">
      <ele>4985.0</ele>
    </rtept>
    <rtept lat="28.033873" lon="87.185115">
      <ele>4985.0</ele>
    </rtept>
    <rtept lat="28.033965" lon="87.185154">
      <ele>4985.0</ele>
    </rtept>
    <rtept lat="28.034053" lon="87.185209">
      <ele>4994.0</ele>
    </rtept>
    <rtept lat="28.034137" lon="87.18526">
      <ele>4994.0</ele>
    </rtept>
    <rtept lat="28.034225" lon="87.185312">
      <ele>4994.0</ele>
    </rtept>
    <rtept lat="28.034322" lon="87.185348">
      <ele>4995.0</ele>
    </rtept>
    <rtept lat="28.034415" lon="87.185381">
      <ele>4995.0</ele>
    </rtept>
    <rtept lat="28.034512" lon="87.185377">
      <ele>4995.0</ele>
    </rtept>
    <rtept lat="28.0346" lon="87.185339">
      <ele>4992.0</ele>
    </rtept>
    <rtept lat="28.034685" lon="87.185372">
      <ele>4992.0</ele>
    </rtept>
    <rtept lat="28.034764" lon="87.185435">
      <ele>4995.0</ele>
    </rtept>
    <rtept lat="28.034849" lon="87.185482">
      <ele>4995.0</ele>
    </rtept>
    <rtept lat="28.034941" lon="87.185521">
      <ele>4981.0</ele>
    </rtept>
    <rtept lat="28.035012" lon="87.185591">
      <ele>4981.0</ele>
    </rtept>
    <rtept lat="28.035082" lon="87.185663">
      <ele>4981.0</ele>
    </rtept>
    <rtept lat="28.035168" lon="87.185697">
      <ele>4983.0</ele>
    </rtept>
    <rtept lat="28.035261" lon="87.185688">
      <ele>4982.0</ele>
    </rtept>
    <rtept lat="28.035261" lon="87.185688">
      <ele>4982.0</ele>
    </rtept>
    <rtept lat="28.035261" lon="87.185688">
      <ele>4982.0</ele>
    </rtept>
    <rtept lat="28.035261" lon="87.185688">
      <ele>4982.0</ele>
    </rtept>
    <rtept lat="28.035175" lon="87.185671">
      <ele>4982.0</ele>
    </rtept>
    <rtept lat="28.035175" lon="87.185671">
      <ele>4982.0</ele>
    </rtept>
    <rtept lat="28.035175" lon="87.185671">
      <ele>4982.0</ele>
    </rtept>
    <rtept lat="28.035077" lon="87.18566">
      <ele>4981.0</ele>
    </rtept>
    <rtept lat="28.035077" lon="87.18566">
      <ele>4981.0</ele>
    </rtept>
    <rtept lat="28.035003" lon="87.18559">
      <ele>4981.0</ele>
    </rtept>
    <rtept lat="28.034953" lon="87.185501">
      <ele>4981.0</ele>
    </rtept>
    <rtept lat="28.034868" lon="87.185487">
      <ele>4981.0</ele>
    </rtept>
    <rtept lat="28.034777" lon="87.185486">
      <ele>4995.0</ele>
    </rtept>
    <rtept lat="28.034685" lon="87.185481">
      <ele>4995.0</ele>
    </rtept>
    <rtept lat="28.034589" lon="87.185461">
      <ele>4995.0</ele>
    </rtept>
    <rtept lat="28.03449" lon="87.185448">
      <ele>4993.0</ele>
    </rtept>
    <rtept lat="28.03439" lon="87.185439">
      <ele>4993.0</ele>
    </rtept>
    <rtept lat="28.034302" lon="87.185466">
      <ele>4998.0</ele>
    </rtept>
    <rtept lat="28.034212" lon="87.185493">
      <ele>4998.0</ele>
    </rtept>
    <rtept lat="28.034118" lon="87.185487">
      <ele>4998.0</ele>
    </rtept>
    <rtept lat="28.034028" lon="87.185517">
      <ele>4998.0</ele>
    </rtept>
    <rtept lat="28.033952" lon="87.185585">
      <ele>4997.0</ele>
    </rtept>
    <rtept lat="28.03388" lon="87.185655">
      <ele>4997.0</ele>
    </rtept>
    <rtept lat="28.0338" lon="87.185713">
      <ele>4992.0</ele>
    </rtept>
    <rtept lat="28.033712" lon="87.185763">
      <ele>5005.0</ele>
    </rtept>
    <rtept lat="28.033621" lon="87.185785">
      <ele>5005.0</ele>
    </rtept>
    <rtept lat="28.033553" lon="87.185848">
      <ele>5005.0</ele>
    </rtept>
    <rtept lat="28.033492" lon="87.185929">
      <ele>5005.0</ele>
    </rtept>
    <rtept lat="28.033416" lon="87.185997">
      <ele>4999.0</ele>
    </rtept>
    <rtept lat="28.033331" lon="87.186037">
      <ele>4999.0</ele>
    </rtept>
    <rtept lat="28.033251" lon="87.186096">
      <ele>4999.0</ele>
    </rtept>
    <rtept lat="28.033166" lon="87.186144">
      <ele>4995.0</ele>
    </rtept>
    <rtept lat="28.033095" lon="87.186214">
      <ele>4995.0</ele>
    </rtept>
    <rtept lat="28.033022" lon="87.186279">
      <ele>5006.0</ele>
    </rtept>
    <rtept lat="28.032954" lon="87.186356">
      <ele>5006.0</ele>
    </rtept>
    <rtept lat="28.032865" lon="87.186402">
      <ele>5003.0</ele>
    </rtept>
    <rtept lat="28.032775" lon="87.186435">
      <ele>5003.0</ele>
    </rtept>
    <rtept lat="28.032681" lon="87.186463">
      <ele>5003.0</ele>
    </rtept>
    <rtept lat="28.032579" lon="87.186483">
      <ele>4999.0</ele>
    </rtept>
    <rtept lat="28.032478" lon="87.186478">
      <ele>4999.0</ele>
    </rtept>
    <rtept lat="28.032377" lon="87.186466">
      <ele>4999.0</ele>
    </rtept>
    <rtept lat="28.032279" lon="87.186476">
      <ele>4984.0</ele>
    </rtept>
    <rtept lat="28.03219" lon="87.186503">
      <ele>4984.0</ele>
    </rtept>
    <rtept lat="28.032143" lon="87.186588">
      <ele>4983.0</ele>
    </rtept>
    <rtept lat="28.032071" lon="87.186646">
      <ele>4967.0</ele>
    </rtept>
    <rtept lat="28.031985" lon="87.186708">
      <ele>4967.0</ele>
    </rtept>
    <rtept lat="28.03191" lon="87.186785">
      <ele>4967.0</ele>
    </rtept>
    <rtept lat="28.031816" lon="87.186824">
      <ele>4960.0</ele>
    </rtept>
    <rtept lat="28.031721" lon="87.186835">
      <ele>4961.0</ele>
    </rtept>
    <rtept lat="28.031625" lon="87.186843">
      <ele>4961.0</ele>
    </rtept>
    <rtept lat="28.031564" lon="87.186841">
      <ele>4961.0</ele>
    </rtept>
    <rtept lat="28.031564" lon="87.186841">
      <ele>4961.0</ele>
    </rtept>
    <rtept lat="28.031564" lon="87.186841">
      <ele>4961.0</ele>
    </rtept>
    <rtept lat="28.031564" lon="87.186841">
      <ele>4961.0</ele>
    </rtept>
    <rtept lat="28.031564" lon="87.186841">
      <ele>4961.0</ele>
    </rtept>
    <rtept lat="28.031564" lon="87.186841">
      <ele>4961.0</ele>
    </rtept>
    <rtept lat="28.031564" lon="87.186841">
      <ele>4961.0</ele>
    </rtept>
    <rtept lat="28.031564" lon="87.186841">
      <ele>4961.0</ele>
    </rtept>
    <rtept lat="28.031564" lon="87.186841">
      <ele>4961.0</ele>
    </rtept>
    <rtept lat="28.031564" lon="87.186841">
      <ele>4961.0</ele>
    </rtept>
    <rtept lat="28.031564" lon="87.186841">
      <ele>4961.0</ele>
    </rtept>
    <rtept lat="28.031564" lon="87.186841">
      <ele>4961.0</ele>
    </rtept>
    <rtept lat="28.031471" lon="87.186841">
      <ele>4962.0</ele>
    </rtept>
    <rtept lat="28.031471" lon="87.186841">
      <ele>4962.0</ele>
    </rtept>
    <rtept lat="28.031428" lon="87.186822">
      <ele>4962.0</ele>
    </rtept>
    <rtept lat="28.031349" lon="87.18679">
      <ele>4964.0</ele>
    </rtept>
    <rtept lat="28.031254" lon="87.186772">
      <ele>4964.0</ele>
    </rtept>
    <rtept lat="28.031159" lon="87.186772">
      <ele>4979.0</ele>
    </rtept>
    <rtept lat="28.031067" lon="87.186766">
      <ele>4979.0</ele>
    </rtept>
    <rtept lat="28.030984" lon="87.186715">
      <ele>4979.0</ele>
    </rtept>
    <rtept lat="28.030911" lon="87.186637">
      <ele>5000.0</ele>
    </rtept>
    <rtept lat="28.030847" lon="87.186547">
      <ele>5000.0</ele>
    </rtept>
    <rtept lat="28.030763" lon="87.186486">
      <ele>4998.0</ele>
    </rtept>
    <rtept lat="28.03072" lon="87.186396">
      <ele>4998.0</ele>
    </rtept>
    <rtept lat="28.03066" lon="87.186309">
      <ele>5021.0</ele>
    </rtept>
    <rtept lat="28.030643" lon="87.1862">
      <ele>5016.0</ele>
    </rtept>
    <rtept lat="28.030605" lon="87.186105">
      <ele>5016.0</ele>
    </rtept>
    <rtept lat="28.030549" lon="87.186027">
      <ele>5016.0</ele>
    </rtept>
    <rtept lat="28.030507" lon="87.185936">
      <ele>5017.0</ele>
    </rtept>
    <rtept lat="28.030499" lon="87.185833">
      <ele>5017.0</ele>
    </rtept>
    <rtept lat="28.030495" lon="87.185727">
      <ele>5017.0</ele>
    </rtept>
    <rtept lat="28.030469" lon="87.185629">
      <ele>5015.0</ele>
    </rtept>
    <rtept lat="28.030432" lon="87.18553">
      <ele>5015.0</ele>
    </rtept>
    <rtept lat="28.030414" lon="87.185418">
      <ele>5028.0</ele>
    </rtept>
    <rtept lat="28.030327" lon="87.185407">
      <ele>5026.0</ele>
    </rtept>
    <rtept lat="28.03024" lon="87.185366">
      <ele>5026.0</ele>
    </rtept>
    <rtept lat="28.030151" lon="87.185334">
      <ele>5026.0</ele>
    </rtept>
    <rtept lat="28.03008" lon="87.185267">
      <ele>5040.0</ele>
    </rtept>
    <rtept lat="28.030024" lon="87.185185">
      <ele>5040.0</ele>
    </rtept>
    <rtept lat="28.029934" lon="87.185194">
      <ele>5040.0</ele>
    </rtept>
    <rtept lat="28.029845" lon="87.185216">
      <ele>5054.0</ele>
    </rtept>
    <rtept lat="28.029845" lon="87.185216">
      <ele>5054.0</ele>
    </rtept>
    <rtept lat="28.029767" lon="87.185144">
      <ele>5054.0</ele>
    </rtept>
    <rtept lat="28.029767" lon="87.185144">
      <ele>5054.0</ele>
    </rtept>
    <rtept lat="28.029767" lon="87.18513">
      <ele>5054.0</ele>
    </rtept>
    <rtept lat="28.029728" lon="87.185048">
      <ele>5054.0</ele>
    </rtept>
    <rtept lat="28.029672" lon="87.184955">
      <ele>5054.0</ele>
    </rtept>
    <rtept lat="28.029594" lon="87.184889">
      <ele>5054.0</ele>
    </rtept>
    <rtept lat="28.029594" lon="87.184889">
      <ele>5054.0</ele>
    </rtept>
    <rtept lat="28.029628" lon="87.184798">
      <ele>5054.0</ele>
    </rtept>
    <rtept lat="28.029628" lon="87.184798">
      <ele>5054.0</ele>
    </rtept>
    <rtept lat="28.029675" lon="87.184706">
      <ele>5054.0</ele>
    </rtept>
    <rtept lat="28.029714" lon="87.184592">
      <ele>5054.0</ele>
    </rtept>
    <rtept lat="28.029752" lon="87.184501">
      <ele>5054.0</ele>
    </rtept>
    <rtept lat="28.029775" lon="87.184391">
      <ele>5054.0</ele>
    </rtept>
    <rtept lat="28.0298" lon="87.184289">
      <ele>5052.0</ele>
    </rtept>
    <rtept lat="28.029816" lon="87.184176">
      <ele>5052.0</ele>
    </rtept>
    <rtept lat="28.029791" lon="87.184067">
      <ele>5052.0</ele>
    </rtept>
    <rtept lat="28.029767" lon="87.18396">
      <ele>5050.0</ele>
    </rtept>
    <rtept lat="28.029761" lon="87.183845">
      <ele>5050.0</ele>
    </rtept>
    <rtept lat="28.029756" lon="87.183726">
      <ele>5050.0</ele>
    </rtept>
    <rtept lat="28.029753" lon="87.183694">
      <ele>5050.0</ele>
    </rtept>
    <rtept lat="28.029731" lon="87.183621">
      <ele>5050.0</ele>
    </rtept>
    <rtept lat="28.029704" lon="87.18353">
      <ele>5050.0</ele>
    </rtept>
    <rtept lat="28.029657" lon="87.183436">
      <ele>5047.0</ele>
    </rtept>
    <rtept lat="28.029641" lon="87.183329">
      <ele>5047.0</ele>
    </rtept>
    <rtept lat="28.029624" lon="87.183222">
      <ele>5047.0</ele>
    </rtept>
    <rtept lat="28.029614" lon="87.183108">
      <ele>5038.0</ele>
    </rtept>
    <rtept lat="28.029583" lon="87.182995">
      <ele>5043.0</ele>
    </rtept>
    <rtept lat="28.029551" lon="87.182888">
      <ele>5032.0</ele>
    </rtept>
    <rtept lat="28.02951" lon="87.182788">
      <ele>5032.0</ele>
    </rtept>
    <rtept lat="28.029491" lon="87.182679">
      <ele>5032.0</ele>
    </rtept>
    <rtept lat="28.029495" lon="87.182556">
      <ele>5025.0</ele>
    </rtept>
    <rtept lat="28.029483" lon="87.182438">
      <ele>5025.0</ele>
    </rtept>
    <rtept lat="28.029471" lon="87.182327">
      <ele>5013.0</ele>
    </rtept>
    <rtept lat="28.029472" lon="87.182222">
      <ele>5013.0</ele>
    </rtept>
    <rtept lat="28.029477" lon="87.182106">
      <ele>5013.0</ele>
    </rtept>
    <rtept lat="28.02948" lon="87.181998">
      <ele>5009.0</ele>
    </rtept>
    <rtept lat="28.029471" lon="87.181891">
      <ele>5009.0</ele>
    </rtept>
    <rtept lat="28.029463" lon="87.181786">
      <ele>5010.0</ele>
    </rtept>
    <rtept lat="28.029463" lon="87.181786">
      <ele>5010.0</ele>
    </rtept>
    <rtept lat="28.029463" lon="87.181786">
      <ele>5010.0</ele>
    </rtept>
    <rtept lat="28.029463" lon="87.181786">
      <ele>5010.0</ele>
    </rtept>
    <rtept lat="28.029463" lon="87.181786">
      <ele>5010.0</ele>
    </rtept>
    <rtept lat="28.029463" lon="87.181786">
      <ele>5010.0</ele>
    </rtept>
    <rtept lat="28.029463" lon="87.181786">
      <ele>5010.0</ele>
    </rtept>
    <rtept lat="28.029463" lon="87.181786">
      <ele>5010.0</ele>
    </rtept>
    <rtept lat="28.029517" lon="87.181695">
      <ele>5010.0</ele>
    </rtept>
    <rtept lat="28.029517" lon="87.181695">
      <ele>5010.0</ele>
    </rtept>
    <rtept lat="28.029579" lon="87.181614">
      <ele>5010.0</ele>
    </rtept>
    <rtept lat="28.029617" lon="87.181516">
      <ele>5006.0</ele>
    </rtept>
    <rtept lat="28.02961" lon="87.181453">
      <ele>5006.0</ele>
    </rtept>
    <rtept lat="28.02961" lon="87.181453">
      <ele>5006.0</ele>
    </rtept>
    <rtept lat="28.029624" lon="87.181345">
      <ele>5006.0</ele>
    </rtept>
    <rtept lat="28.029624" lon="87.181345">
      <ele>5006.0</ele>
    </rtept>
    <rtept lat="28.029624" lon="87.181345">
      <ele>5006.0</ele>
    </rtept>
    <rtept lat="28.029624" lon="87.181345">
      <ele>5006.0</ele>
    </rtept>
    <rtept lat="28.029624" lon="87.181345">
      <ele>5006.0</ele>
    </rtept>
    <rtept lat="28.029653" lon="87.181449">
      <ele>5006.0</ele>
    </rtept>
    <rtept lat="28.029653" lon="87.181449">
      <ele>5006.0</ele>
    </rtept>
    <rtept lat="28.029633" lon="87.181562">
      <ele>5004.0</ele>
    </rtept>
    <rtept lat="28.029574" lon="87.181647">
      <ele>5010.0</ele>
    </rtept>
    <rtept lat="28.029496" lon="87.18172">
      <ele>5010.0</ele>
    </rtept>
    <rtept lat="28.029409" lon="87.181769">
      <ele>5010.0</ele>
    </rtept>
    <rtept lat="28.029332" lon="87.181825">
      <ele>5009.0</ele>
    </rtept>
    <rtept lat="28.029332" lon="87.181825">
      <ele>5009.0</ele>
    </rtept>
    <rtept lat="28.029332" lon="87.181825">
      <ele>5009.0</ele>
    </rtept>
    <rtept lat="28.029332" lon="87.181825">
      <ele>5009.0</ele>
    </rtept>
    <rtept lat="28.029404" lon="87.181744">
      <ele>5010.0</ele>
    </rtept>
    <rtept lat="28.029404" lon="87.181744">
      <ele>5010.0</ele>
    </rtept>
    <rtept lat="28.029404" lon="87.181744">
      <ele>5010.0</ele>
    </rtept>
    <rtept lat="28.029404" lon="87.181744">
      <ele>5010.0</ele>
    </rtept>
    <rtept lat="28.029404" lon="87.181744">
      <ele>5010.0</ele>
    </rtept>
    <rtept lat="28.029499" lon="87.181706">
      <ele>5010.0</ele>
    </rtept>
    <rtept lat="28.029499" lon="87.181706">
      <ele>5010.0</ele>
    </rtept>
    <rtept lat="28.029499" lon="87.181706">
      <ele>5010.0</ele>
    </rtept>
    <rtept lat="28.029569" lon="87.181618">
      <ele>5010.0</ele>
    </rtept>
    <rtept lat="28.029569" lon="87.181618">
      <ele>5010.0</ele>
    </rtept>
    <rtept lat="28.029625" lon="87.181526">
      <ele>5006.0</ele>
    </rtept>
    <rtept lat="28.029661" lon="87.18142">
      <ele>5006.0</ele>
    </rtept>
    <rtept lat="28.029685" lon="87.181316">
      <ele>5006.0</ele>
    </rtept>
    <rtept lat="28.029692" lon="87.181213">
      <ele>5001.0</ele>
    </rtept>
    <rtept lat="28.02974" lon="87.18113">
      <ele>5001.0</ele>
    </rtept>
    <rtept lat="28.029732" lon="87.181019">
      <ele>5001.0</ele>
    </rtept>
    <rtept lat="28.029697" lon="87.180923">
      <ele>5005.0</ele>
    </rtept>
    <rtept lat="28.029616" lon="87.18086">
      <ele>5005.0</ele>
    </rtept>
    <rtept lat="28.029571" lon="87.18083">
      <ele>5007.0</ele>
    </rtept>
    <rtept lat="28.029513" lon="87.180772">
      <ele>5007.0</ele>
    </rtept>
    <rtept lat="28.029479" lon="87.180756">
      <ele>5007.0</ele>
    </rtept>
    <rtept lat="28.029415" lon="87.180705">
      <ele>5007.0</ele>
    </rtept>
    <rtept lat="28.029434" lon="87.180619">
      <ele>5007.0</ele>
    </rtept>
    <rtept lat="28.02945" lon="87.180512">
      <ele>5007.0</ele>
    </rtept>
    <rtept lat="28.02944" lon="87.180386">
      <ele>5014.0</ele>
    </rtept>
    <rtept lat="28.029443" lon="87.180269">
      <ele>5014.0</ele>
    </rtept>
    <rtept lat="28.029448" lon="87.180222">
      <ele>5014.0</ele>
    </rtept>
    <rtept lat="28.029459" lon="87.180126">
      <ele>5021.0</ele>
    </rtept>
    <rtept lat="28.029453" lon="87.180018">
      <ele>5021.0</ele>
    </rtept>
    <rtept lat="28.029419" lon="87.17992">
      <ele>5021.0</ele>
    </rtept>
    <rtept lat="28.029354" lon="87.17983">
      <ele>5023.0</ele>
    </rtept>
    <rtept lat="28.029278" lon="87.179762">
      <ele>5013.0</ele>
    </rtept>
    <rtept lat="28.02918" lon="87.179698">
      <ele>5013.0</ele>
    </rtept>
    <rtept lat="28.029099" lon="87.179629">
      <ele>5013.0</ele>
    </rtept>
    <rtept lat="28.029004" lon="87.179604">
      <ele>5008.0</ele>
    </rtept>
    <rtept lat="28.028898" lon="87.179592">
      <ele>5008.0</ele>
    </rtept>
    <rtept lat="28.02879" lon="87.179567">
      <ele>5010.0</ele>
    </rtept>
    <rtept lat="28.028721" lon="87.179558">
      <ele>5009.0</ele>
    </rtept>
    <rtept lat="28.02865" lon="87.179513">
      <ele>5009.0</ele>
    </rtept>
    <rtept lat="28.028638" lon="87.179419">
      <ele>5009.0</ele>
    </rtept>
    <rtept lat="28.028616" lon="87.17931">
      <ele>5009.0</ele>
    </rtept>
    <rtept lat="28.028598" lon="87.179201">
      <ele>5000.0</ele>
    </rtept>
    <rtept lat="28.028598" lon="87.179201">
      <ele>5000.0</ele>
    </rtept>
    <rtept lat="28.028598" lon="87.179201">
      <ele>5000.0</ele>
    </rtept>
    <rtept lat="28.028598" lon="87.179201">
      <ele>5000.0</ele>
    </rtept>
    <rtept lat="28.028598" lon="87.179201">
      <ele>5000.0</ele>
    </rtept>
    <rtept lat="28.028598" lon="87.179201">
      <ele>5000.0</ele>
    </rtept>
    <rtept lat="28.028598" lon="87.179201">
      <ele>5000.0</ele>
    </rtept>
    <rtept lat="28.028598" lon="87.179201">
      <ele>5000.0</ele>
    </rtept>
    <rtept lat="28.028519" lon="87.179149">
      <ele>5000.0</ele>
    </rtept>
    <rtept lat="28.028519" lon="87.179149">
      <ele>5000.0</ele>
    </rtept>
    <rtept lat="28.028426" lon="87.179108">
      <ele>5005.0</ele>
    </rtept>
    <rtept lat="28.028327" lon="87.179087">
      <ele>5005.0</ele>
    </rtept>
    <rtept lat="28.028233" lon="87.179086">
      <ele>5005.0</ele>
    </rtept>
    <rtept lat="28.028134" lon="87.179071">
      <ele>5003.0</ele>
    </rtept>
    <rtept lat="28.028042" lon="87.179024">
      <ele>4995.0</ele>
    </rtept>
    <rtept lat="28.027943" lon="87.178989">
      <ele>4995.0</ele>
    </rtept>
    <rtept lat="28.027831" lon="87.178884">
      <ele>4993.0</ele>
    </rtept>
    <rtept lat="28.027761" lon="87.178795">
      <ele>4993.0</ele>
    </rtept>
    <rtept lat="28.027761" lon="87.178795">
      <ele>4993.0</ele>
    </rtept>
    <rtept lat="28.027761" lon="87.178795">
      <ele>4993.0</ele>
    </rtept>
    <rtept lat="28.027761" lon="87.178795">
      <ele>4993.0</ele>
    </rtept>
    <rtept lat="28.027761" lon="87.178795">
      <ele>4993.0</ele>
    </rtept>
    <rtept lat="28.027761" lon="87.178795">
      <ele>4993.0</ele>
    </rtept>
    <rtept lat="28.027675" lon="87.178786">
      <ele>4993.0</ele>
    </rtept>
    <rtept lat="28.027675" lon="87.178786">
      <ele>4993.0</ele>
    </rtept>
    <rtept lat="28.02758" lon="87.178763">
      <ele>4994.0</ele>
    </rtept>
    <rtept lat="28.027488" lon="87.178756">
      <ele>4994.0</ele>
    </rtept>
    <rtept lat="28.027406" lon="87.178716">
      <ele>4982.0</ele>
    </rtept>
    <rtept lat="28.027406" lon="87.178716">
      <ele>4982.0</ele>
    </rtept>
    <rtept lat="28.027406" lon="87.178716">
      <ele>4982.0</ele>
    </rtept>
    <rtept lat="28.027406" lon="87.178716">
      <ele>4982.0</ele>
    </rtept>
    <rtept lat="28.027406" lon="87.178716">
      <ele>4982.0</ele>
    </rtept>
    <rtept lat="28.027406" lon="87.178716">
      <ele>4982.0</ele>
    </rtept>
    <rtept lat="28.027406" lon="87.178716">
      <ele>4982.0</ele>
    </rtept>
    <rtept lat="28.027406" lon="87.178716">
      <ele>4982.0</ele>
    </rtept>
    <rtept lat="28.027406" lon="87.178716">
      <ele>4982.0</ele>
    </rtept>
    <rtept lat="28.027406" lon="87.178716">
      <ele>4982.0</ele>
    </rtept>
    <rtept lat="28.027406" lon="87.178716">
      <ele>4982.0</ele>
    </rtept>
    <rtept lat="28.027406" lon="87.178716">
      <ele>4982.0</ele>
    </rtept>
    <rtept lat="28.027406" lon="87.178716">
      <ele>4982.0</ele>
    </rtept>
    <rtept lat="28.027406" lon="87.178716">
      <ele>4982.0</ele>
    </rtept>
    <rtept lat="28.027406" lon="87.178716">
      <ele>4982.0</ele>
    </rtept>
    <rtept lat="28.027406" lon="87.178716">
      <ele>4982.0</ele>
    </rtept>
    <rtept lat="28.027406" lon="87.178716">
      <ele>4982.0</ele>
    </rtept>
    <rtept lat="28.027406" lon="87.178716">
      <ele>4982.0</ele>
    </rtept>
    <rtept lat="28.027406" lon="87.178716">
      <ele>4982.0</ele>
    </rtept>
    <rtept lat="28.027406" lon="87.178716">
      <ele>4982.0</ele>
    </rtept>
    <rtept lat="28.027406" lon="87.178716">
      <ele>4982.0</ele>
    </rtept>
    <rtept lat="28.027406" lon="87.178716">
      <ele>4982.0</ele>
    </rtept>
    <rtept lat="28.027406" lon="87.178716">
      <ele>4982.0</ele>
    </rtept>
    <rtept lat="28.027406" lon="87.178716">
      <ele>4982.0</ele>
    </rtept>
    <rtept lat="28.027406" lon="87.178716">
      <ele>4982.0</ele>
    </rtept>
    <rtept lat="28.027406" lon="87.178716">
      <ele>4982.0</ele>
    </rtept>
    <rtept lat="28.027406" lon="87.178716">
      <ele>4982.0</ele>
    </rtept>
    <rtept lat="28.027406" lon="87.178716">
      <ele>4982.0</ele>
    </rtept>
    <rtept lat="28.027406" lon="87.178716">
      <ele>4982.0</ele>
    </rtept>
    <rtept lat="28.027406" lon="87.178716">
      <ele>4982.0</ele>
    </rtept>
    <rtept lat="28.027406" lon="87.178716">
      <ele>4982.0</ele>
    </rtept>
    <rtept lat="28.027406" lon="87.178716">
      <ele>4982.0</ele>
    </rtept>
    <rtept lat="28.027406" lon="87.178716">
      <ele>4982.0</ele>
    </rtept>
    <rtept lat="28.027406" lon="87.178716">
      <ele>4982.0</ele>
    </rtept>
    <rtept lat="28.027406" lon="87.178716">
      <ele>4982.0</ele>
    </rtept>
    <rtept lat="28.027406" lon="87.178716">
      <ele>4982.0</ele>
    </rtept>
    <rtept lat="28.027503" lon="87.178737">
      <ele>4982.0</ele>
    </rtept>
    <rtept lat="28.027503" lon="87.178737">
      <ele>4982.0</ele>
    </rtept>
    <rtept lat="28.027593" lon="87.178768">
      <ele>4994.0</ele>
    </rtept>
    <rtept lat="28.027689" lon="87.178785">
      <ele>4993.0</ele>
    </rtept>
    <rtept lat="28.027785" lon="87.178801">
      <ele>4993.0</ele>
    </rtept>
    <rtept lat="28.027877" lon="87.178823">
      <ele>4993.0</ele>
    </rtept>
    <rtept lat="28.02796" lon="87.178881">
      <ele>4995.0</ele>
    </rtept>
    <rtept lat="28.028049" lon="87.178926">
      <ele>4995.0</ele>
    </rtept>
    <rtept lat="28.028134" lon="87.178989">
      <ele>4995.0</ele>
    </rtept>
    <rtept lat="28.028215" lon="87.179065">
      <ele>5005.0</ele>
    </rtept>
    <rtept lat="28.028302" lon="87.17911">
      <ele>5005.0</ele>
    </rtept>
    <rtept lat="28.028388" lon="87.179172">
      <ele>5005.0</ele>
    </rtept>
    <rtept lat="28.028465" lon="87.179233">
      <ele>5005.0</ele>
    </rtept>
    <rtept lat="28.028553" lon="87.179292">
      <ele>5000.0</ele>
    </rtept>
    <rtept lat="28.028627" lon="87.179364">
      <ele>5009.0</ele>
    </rtept>
    <rtept lat="28.028695" lon="87.179443">
      <ele>5009.0</ele>
    </rtept>
    <rtept lat="28.028746" lon="87.179541">
      <ele>5009.0</ele>
    </rtept>
    <rtept lat="28.028806" lon="87.179623">
      <ele>5008.0</ele>
    </rtept>
    <rtept lat="28.028885" lon="87.179691">
      <ele>5008.0</ele>
    </rtept>
    <rtept lat="28.028957" lon="87.17976">
      <ele>5008.0</ele>
    </rtept>
    <rtept lat="28.029016" lon="87.179841">
      <ele>5008.0</ele>
    </rtept>
    <rtept lat="28.029047" lon="87.179944">
      <ele>5016.0</ele>
    </rtept>
    <rtept lat="28.029087" lon="87.180039">
      <ele>5016.0</ele>
    </rtept>
    <rtept lat="28.02914" lon="87.180136">
      <ele>5016.0</ele>
    </rtept>
    <rtept lat="28.029198" lon="87.180232">
      <ele>5016.0</ele>
    </rtept>
    <rtept lat="28.029236" lon="87.180335">
      <ele>5016.0</ele>
    </rtept>
    <rtept lat="28.029266" lon="87.180446">
      <ele>5011.0</ele>
    </rtept>
    <rtept lat="28.029303" lon="87.180553">
      <ele>5011.0</ele>
    </rtept>
    <rtept lat="28.029353" lon="87.180657">
      <ele>5007.0</ele>
    </rtept>
    <rtept lat="28.029375" lon="87.180733">
      <ele>5007.0</ele>
    </rtept>
    <rtept lat="28.02944" lon="87.180799">
      <ele>5007.0</ele>
    </rtept>
    <rtept lat="28.029525" lon="87.180868">
      <ele>5007.0</ele>
    </rtept>
    <rtept lat="28.029614" lon="87.180946">
      <ele>5005.0</ele>
    </rtept>
    <rtept lat="28.029687" lon="87.181038">
      <ele>5001.0</ele>
    </rtept>
    <rtept lat="28.029736" lon="87.18114">
      <ele>5001.0</ele>
    </rtept>
    <rtept lat="28.029764" lon="87.181254">
      <ele>5006.0</ele>
    </rtept>
    <rtept lat="28.029769" lon="87.181372">
      <ele>5006.0</ele>
    </rtept>
    <rtept lat="28.029751" lon="87.181478">
      <ele>5006.0</ele>
    </rtept>
    <rtept lat="28.02975" lon="87.181483">
      <ele>5006.0</ele>
    </rtept>
    <rtept lat="28.029698" lon="87.181545">
      <ele>5004.0</ele>
    </rtept>
    <rtept lat="28.029696" lon="87.181559">
      <ele>5004.0</ele>
    </rtept>
    <rtept lat="28.029696" lon="87.181559">
      <ele>5004.0</ele>
    </rtept>
    <rtept lat="28.029625" lon="87.181627">
      <ele>5004.0</ele>
    </rtept>
    <rtept lat="28.029625" lon="87.181627">
      <ele>5004.0</ele>
    </rtept>
    <rtept lat="28.029622" lon="87.181629">
      <ele>5004.0</ele>
    </rtept>
    <rtept lat="28.029622" lon="87.181629">
      <ele>5004.0</ele>
    </rtept>
    <rtept lat="28.029622" lon="87.181629">
      <ele>5004.0</ele>
    </rtept>
    <rtept lat="28.029622" lon="87.181629">
      <ele>5004.0</ele>
    </rtept>
    <rtept lat="28.029711" lon="87.181607">
      <ele>5004.0</ele>
    </rtept>
    <rtept lat="28.029711" lon="87.181607">
      <ele>5004.0</ele>
    </rtept>
    <rtept lat="28.0298" lon="87.181578">
      <ele>5004.0</ele>
    </rtept>
    <rtept lat="28.029873" lon="87.181634">
      <ele>4995.0</ele>
    </rtept>
    <rtept lat="28.02994" lon="87.181717">
      <ele>4995.0</ele>
    </rtept>
    <rtept lat="28.029998" lon="87.181812">
      <ele>4999.0</ele>
    </rtept>
    <rtept lat="28.030037" lon="87.181915">
      <ele>4999.0</ele>
    </rtept>
    <rtept lat="28.03008" lon="87.182019">
      <ele>4999.0</ele>
    </rtept>
    <rtept lat="28.030133" lon="87.182114">
      <ele>5007.0</ele>
    </rtept>
    <rtept lat="28.030196" lon="87.182197">
      <ele>4994.0</ele>
    </rtept>
    <rtept lat="28.03025" lon="87.182285">
      <ele>4994.0</ele>
    </rtept>
    <rtept lat="28.030332" lon="87.182313">
      <ele>4994.0</ele>
    </rtept>
    <rtept lat="28.030413" lon="87.182361">
      <ele>4994.0</ele>
    </rtept>
    <rtept lat="28.030489" lon="87.182436">
      <ele>4991.0</ele>
    </rtept>
    <rtept lat="28.030571" lon="87.182502">
      <ele>4991.0</ele>
    </rtept>
    <rtept lat="28.030647" lon="87.18258">
      <ele>4991.0</ele>
    </rtept>
    <rtept lat="28.030724" lon="87.182669">
      <ele>4982.0</ele>
    </rtept>
    <rtept lat="28.030784" lon="87.182754">
      <ele>4982.0</ele>
    </rtept>
    <rtept lat="28.030836" lon="87.182839">
      <ele>4982.0</ele>
    </rtept>
    <rtept lat="28.030901" lon="87.182908">
      <ele>4982.0</ele>
    </rtept>
    <rtept lat="28.030957" lon="87.183">
      <ele>4978.0</ele>
    </rtept>
    <rtept lat="28.030992" lon="87.18311">
      <ele>4972.0</ele>
    </rtept>
    <rtept lat="28.03106" lon="87.183193">
      <ele>4972.0</ele>
    </rtept>
    <rtept lat="28.031125" lon="87.183277">
      <ele>4970.0</ele>
    </rtept>
    <rtept lat="28.031172" lon="87.183366">
      <ele>4970.0</ele>
    </rtept>
    <rtept lat="28.031218" lon="87.183456">
      <ele>4970.0</ele>
    </rtept>
    <rtept lat="28.031263" lon="87.183547">
      <ele>4962.0</ele>
    </rtept>
    <rtept lat="28.031256" lon="87.183647">
      <ele>4962.0</ele>
    </rtept>
    <rtept lat="28.031237" lon="87.183755">
      <ele>4973.0</ele>
    </rtept>
    <rtept lat="28.031187" lon="87.183858">
      <ele>4973.0</ele>
    </rtept>
    <rtept lat="28.03114" lon="87.183955">
      <ele>4973.0</ele>
    </rtept>
    <rtept lat="28.031128" lon="87.184066">
      <ele>4978.0</ele>
    </rtept>
    <rtept lat="28.03112" lon="87.184179">
      <ele>4978.0</ele>
    </rtept>
    <rtept lat="28.031124" lon="87.184289">
      <ele>4978.0</ele>
    </rtept>
    <rtept lat="28.031154" lon="87.184393">
      <ele>4977.0</ele>
    </rtept>
    <rtept lat="28.031155" lon="87.184498">
      <ele>4977.0</ele>
    </rtept>
    <rtept lat="28.031152" lon="87.184601">
      <ele>4977.0</ele>
    </rtept>
    <rtept lat="28.031162" lon="87.184703">
      <ele>4977.0</ele>
    </rtept>
    <rtept lat="28.031178" lon="87.184811">
      <ele>4977.0</ele>
    </rtept>
    <rtept lat="28.031172" lon="87.18492">
      <ele>4978.0</ele>
    </rtept>
    <rtept lat="28.031162" lon="87.185023">
      <ele>4978.0</ele>
    </rtept>
    <rtept lat="28.031158" lon="87.185127">
      <ele>4978.0</ele>
    </rtept>
    <rtept lat="28.031195" lon="87.185217">
      <ele>4980.0</ele>
    </rtept>
    <rtept lat="28.031244" lon="87.185313">
      <ele>4980.0</ele>
    </rtept>
    <rtept lat="28.031256" lon="87.185413">
      <ele>4968.0</ele>
    </rtept>
    <rtept lat="28.031242" lon="87.185513">
      <ele>4983.0</ele>
    </rtept>
    <rtept lat="28.031217" lon="87.185617">
      <ele>4983.0</ele>
    </rtept>
    <rtept lat="28.03117" lon="87.185715">
      <ele>4986.0</ele>
    </rtept>
    <rtept lat="28.031132" lon="87.185815">
      <ele>4986.0</ele>
    </rtept>
    <rtept lat="28.031079" lon="87.185902">
      <ele>4986.0</ele>
    </rtept>
    <rtept lat="28.031038" lon="87.185997">
      <ele>4981.0</ele>
    </rtept>
    <rtept lat="28.031028" lon="87.186098">
      <ele>4981.0</ele>
    </rtept>
    <rtept lat="28.031002" lon="87.1862">
      <ele>4981.0</ele>
    </rtept>
    <rtept lat="28.030987" lon="87.186303">
      <ele>4980.0</ele>
    </rtept>
    <rtept lat="28.030986" lon="87.186408">
      <ele>4980.0</ele>
    </rtept>
    <rtept lat="28.030968" lon="87.186508">
      <ele>4998.0</ele>
    </rtept>
    <rtept lat="28.031006" lon="87.186598">
      <ele>4979.0</ele>
    </rtept>
    <rtept lat="28.031059" lon="87.186685">
      <ele>4979.0</ele>
    </rtept>
    <rtept lat="28.031097" lon="87.186782">
      <ele>4979.0</ele>
    </rtept>
    <rtept lat="28.031179" lon="87.186846">
      <ele>4981.0</ele>
    </rtept>
    <rtept lat="28.031273" lon="87.186857">
      <ele>4962.0</ele>
    </rtept>
    <rtept lat="28.031374" lon="87.186864">
      <ele>4962.0</ele>
    </rtept>
    <rtept lat="28.031477" lon="87.186848">
      <ele>4962.0</ele>
    </rtept>
    <rtept lat="28.031579" lon="87.186827">
      <ele>4961.0</ele>
    </rtept>
    <rtept lat="28.031686" lon="87.186824">
      <ele>4961.0</ele>
    </rtept>
    <rtept lat="28.031754" lon="87.186796">
      <ele>4963.0</ele>
    </rtept>
    <rtept lat="28.031821" lon="87.186731">
      <ele>4967.0</ele>
    </rtept>
    <rtept lat="28.031757" lon="87.186802">
      <ele>4963.0</ele>
    </rtept>
    <rtept lat="28.031659" lon="87.186841">
      <ele>4961.0</ele>
    </rtept>
    <rtept lat="28.031659" lon="87.186841">
      <ele>4961.0</ele>
    </rtept>
    <rtept lat="28.031659" lon="87.186841">
      <ele>4961.0</ele>
    </rtept>
    <rtept lat="28.031659" lon="87.186841">
      <ele>4961.0</ele>
    </rtept>
    <rtept lat="28.031659" lon="87.186841">
      <ele>4961.0</ele>
    </rtept>
    <rtept lat="28.031659" lon="87.186841">
      <ele>4961.0</ele>
    </rtept>
    <rtept lat="28.031659" lon="87.186841">
      <ele>4961.0</ele>
    </rtept>
    <rtept lat="28.031659" lon="87.186841">
      <ele>4961.0</ele>
    </rtept>
    <rtept lat="28.031659" lon="87.186841">
      <ele>4961.0</ele>
    </rtept>
    <rtept lat="28.031659" lon="87.186841">
      <ele>4961.0</ele>
    </rtept>
    <rtept lat="28.031659" lon="87.186841">
      <ele>4961.0</ele>
    </rtept>
    <rtept lat="28.031659" lon="87.186841">
      <ele>4961.0</ele>
    </rtept>
    <rtept lat="28.031659" lon="87.186841">
      <ele>4961.0</ele>
    </rtept>
    <rtept lat="28.031659" lon="87.186841">
      <ele>4961.0</ele>
    </rtept>
    <rtept lat="28.031544" lon="87.186858">
      <ele>4961.0</ele>
    </rtept>
    <rtept lat="28.031544" lon="87.186858">
      <ele>4961.0</ele>
    </rtept>
    <rtept lat="28.031544" lon="87.186858">
      <ele>4961.0</ele>
    </rtept>
    <rtept lat="28.031544" lon="87.186858">
      <ele>4961.0</ele>
    </rtept>
    <rtept lat="28.031544" lon="87.186858">
      <ele>4961.0</ele>
    </rtept>
    <rtept lat="28.031544" lon="87.186858">
      <ele>4961.0</ele>
    </rtept>
    <rtept lat="28.031544" lon="87.186858">
      <ele>4961.0</ele>
    </rtept>
    <rtept lat="28.031544" lon="87.186858">
      <ele>4961.0</ele>
    </rtept>
    <rtept lat="28.031544" lon="87.186858">
      <ele>4961.0</ele>
    </rtept>
    <rtept lat="28.031544" lon="87.186858">
      <ele>4961.0</ele>
    </rtept>
    <rtept lat="28.031544" lon="87.186858">
      <ele>4961.0</ele>
    </rtept>
    <rtept lat="28.031544" lon="87.186858">
      <ele>4961.0</ele>
    </rtept>
    <rtept lat="28.031544" lon="87.186858">
      <ele>4961.0</ele>
    </rtept>
    <rtept lat="28.031544" lon="87.186858">
      <ele>4961.0</ele>
    </rtept>
    <rtept lat="28.031544" lon="87.186858">
      <ele>4961.0</ele>
    </rtept>
    <rtept lat="28.031544" lon="87.186858">
      <ele>4961.0</ele>
    </rtept>
    <rtept lat="28.031544" lon="87.186858">
      <ele>4961.0</ele>
    </rtept>
    <rtept lat="28.031638" lon="87.186832">
      <ele>4961.0</ele>
    </rtept>
    <rtept lat="28.031638" lon="87.186832">
      <ele>4961.0</ele>
    </rtept>
    <rtept lat="28.031727" lon="87.186815">
      <ele>4961.0</ele>
    </rtept>
    <rtept lat="28.031675" lon="87.18686">
      <ele>4961.0</ele>
    </rtept>
    <rtept lat="28.031578" lon="87.186881">
      <ele>4961.0</ele>
    </rtept>
    <rtept lat="28.031464" lon="87.186875">
      <ele>4962.0</ele>
    </rtept>
    <rtept lat="28.03153" lon="87.18683">
      <ele>4961.0</ele>
    </rtept>
    <rtept lat="28.031565" lon="87.18682">
      <ele>4961.0</ele>
    </rtept>
    <rtept lat="28.031655" lon="87.186838">
      <ele>4961.0</ele>
    </rtept>
    <rtept lat="28.031723" lon="87.186801">
      <ele>4963.0</ele>
    </rtept>
    <rtept lat="28.031723" lon="87.186801">
      <ele>4963.0</ele>
    </rtept>
    <rtept lat="28.031797" lon="87.186715">
      <ele>4963.0</ele>
    </rtept>
    <rtept lat="28.031797" lon="87.186715">
      <ele>4963.0</ele>
    </rtept>
    <rtept lat="28.031825" lon="87.186607">
      <ele>4967.0</ele>
    </rtept>
    <rtept lat="28.031851" lon="87.186501">
      <ele>4982.0</ele>
    </rtept>
    <rtept lat="28.031828" lon="87.186402">
      <ele>4982.0</ele>
    </rtept>
    <rtept lat="28.031795" lon="87.1863">
      <ele>4968.0</ele>
    </rtept>
    <rtept lat="28.031759" lon="87.186202">
      <ele>4975.0</ele>
    </rtept>
    <rtept lat="28.031764" lon="87.186093">
      <ele>4975.0</ele>
    </rtept>
    <rtept lat="28.031813" lon="87.186007">
      <ele>4980.0</ele>
    </rtept>
    <rtept lat="28.031862" lon="87.185916">
      <ele>4982.0</ele>
    </rtept>
    <rtept lat="28.031929" lon="87.185832">
      <ele>4982.0</ele>
    </rtept>
    <rtept lat="28.031986" lon="87.185743">
      <ele>4982.0</ele>
    </rtept>
    <rtept lat="28.032022" lon="87.185648">
      <ele>4977.0</ele>
    </rtept>
    <rtept lat="28.032088" lon="87.185572">
      <ele>4980.0</ele>
    </rtept>
    <rtept lat="28.032118" lon="87.185476">
      <ele>4980.0</ele>
    </rtept>
    <rtept lat="28.032113" lon="87.185366">
      <ele>4971.0</ele>
    </rtept>
    <rtept lat="28.032162" lon="87.185288">
      <ele>4971.0</ele>
    </rtept>
    <rtept lat="28.032197" lon="87.185197">
      <ele>4971.0</ele>
    </rtept>
    <rtept lat="28.032271" lon="87.185137">
      <ele>4958.0</ele>
    </rtept>
    <rtept lat="28.032361" lon="87.185095">
      <ele>4958.0</ele>
    </rtept>
    <rtept lat="28.032443" lon="87.185036">
      <ele>4963.0</ele>
    </rtept>
    <rtept lat="28.032515" lon="87.184968">
      <ele>4963.0</ele>
    </rtept>
    <rtept lat="28.032593" lon="87.184894">
      <ele>4963.0</ele>
    </rtept>
    <rtept lat="28.032671" lon="87.184812">
      <ele>4960.0</ele>
    </rtept>
    <rtept lat="28.03274" lon="87.184721">
      <ele>4960.0</ele>
    </rtept>
    <rtept lat="28.032798" lon="87.184629">
      <ele>4960.0</ele>
    </rtept>
    <rtept lat="28.032848" lon="87.184579">
      <ele>4963.0</ele>
    </rtept>
    <rtept lat="28.03293" lon="87.184578">
      <ele>4972.0</ele>
    </rtept>
    <rtept lat="28.033028" lon="87.184578">
      <ele>4972.0</ele>
    </rtept>
    <rtept lat="28.033119" lon="87.184553">
      <ele>4972.0</ele>
    </rtept>
    <rtept lat="28.033211" lon="87.184564">
      <ele>4976.0</ele>
    </rtept>
    <rtept lat="28.033301" lon="87.184607">
      <ele>4974.0</ele>
    </rtept>
    <rtept lat="28.033388" lon="87.184658">
      <ele>4974.0</ele>
    </rtept>
    <rtept lat="28.033474" lon="87.184707">
      <ele>4976.0</ele>
    </rtept>
    <rtept lat="28.033569" lon="87.184741">
      <ele>4976.0</ele>
    </rtept>
    <rtept lat="28.033664" lon="87.184749">
      <ele>4976.0</ele>
    </rtept>
    <rtept lat="28.033747" lon="87.184785">
      <ele>4976.0</ele>
    </rtept>
    <rtept lat="28.03384" lon="87.184809">
      <ele>4977.0</ele>
    </rtept>
    <rtept lat="28.033936" lon="87.1848">
      <ele>4977.0</ele>
    </rtept>
    <rtept lat="28.034034" lon="87.18482">
      <ele>4981.0</ele>
    </rtept>
    <rtept lat="28.034121" lon="87.184858">
      <ele>4981.0</ele>
    </rtept>
    <rtept lat="28.034208" lon="87.184912">
      <ele>4991.0</ele>
    </rtept>
    <rtept lat="28.0343" lon="87.184955">
      <ele>4991.0</ele>
    </rtept>
    <rtept lat="28.034395" lon="87.184981">
      <ele>4987.0</ele>
    </rtept>
    <rtept lat="28.034485" lon="87.185025">
      <ele>4987.0</ele>
    </rtept>
    <rtept lat="28.034553" lon="87.185102">
      <ele>4987.0</ele>
    </rtept>
    <rtept lat="28.03463" lon="87.185174">
      <ele>4992.0</ele>
    </rtept>
    <rtept lat="28.034716" lon="87.185227">
      <ele>4992.0</ele>
    </rtept>
    <rtept lat="28.034718" lon="87.185318">
      <ele>4992.0</ele>
    </rtept>
    <rtept lat="28.034753" lon="87.185417">
      <ele>4995.0</ele>
    </rtept>
    <rtept lat="28.034831" lon="87.185486">
      <ele>4995.0</ele>
    </rtept>
    <rtept lat="28.03492" lon="87.185529">
      <ele>4981.0</ele>
    </rtept>
    <rtept lat="28.034994" lon="87.185592">
      <ele>4981.0</ele>
    </rtept>
    <rtept lat="28.035073" lon="87.185661">
      <ele>4981.0</ele>
    </rtept>
    <rtept lat="28.035163" lon="87.185685">
      <ele>4982.0</ele>
    </rtept>
    <rtept lat="28.035251" lon="87.18566">
      <ele>4982.0</ele>
    </rtept>
    <rtept lat="28.035251" lon="87.18566">
      <ele>4982.0</ele>
    </rtept>
    <rtept lat="28.035251" lon="87.18566">
      <ele>4982.0</ele>
    </rtept>
    <rtept lat="28.035251" lon="87.18566">
      <ele>4982.0</ele>
    </rtept>
    <rtept lat="28.035251" lon="87.18566">
      <ele>4982.0</ele>
    </rtept>
    <rtept lat="28.035251" lon="87.18566">
      <ele>4982.0</ele>
    </rtept>
    <rtept lat="28.035251" lon="87.18566">
      <ele>4982.0</ele>
    </rtept>
    <rtept lat="28.035251" lon="87.18566">
      <ele>4982.0</ele>
    </rtept>
    <rtept lat="28.035251" lon="87.18566">
      <ele>4982.0</ele>
    </rtept>
    <rtept lat="28.035251" lon="87.18566">
      <ele>4982.0</ele>
    </rtept>
    <rtept lat="28.035251" lon="87.18566">
      <ele>4982.0</ele>
    </rtept>
    <rtept lat="28.035251" lon="87.18566">
      <ele>4982.0</ele>
    </rtept>
    <rtept lat="28.035251" lon="87.18566">
      <ele>4982.0</ele>
    </rtept>
    <rtept lat="28.035251" lon="87.18566">
      <ele>4982.0</ele>
    </rtept>
    <rtept lat="28.035251" lon="87.18566">
      <ele>4982.0</ele>
    </rtept>
    <rtept lat="28.035251" lon="87.18566">
      <ele>4982.0</ele>
    </rtept>
    <rtept lat="28.035161" lon="87.185658">
      <ele>4982.0</ele>
    </rtept>
    <rtept lat="28.035161" lon="87.185658">
      <ele>4982.0</ele>
    </rtept>
    <rtept lat="28.035062" lon="87.185644">
      <ele>4981.0</ele>
    </rtept>
    <rtept lat="28.03502" lon="87.185611">
      <ele>4981.0</ele>
    </rtept>
    <rtept lat="28.034971" lon="87.185533">
      <ele>4981.0</ele>
    </rtept>
    <rtept lat="28.034895" lon="87.185484">
      <ele>4981.0</ele>
    </rtept>
    <rtept lat="28.034805" lon="87.185456">
      <ele>4995.0</ele>
    </rtept>
    <rtept lat="28.034725" lon="87.185393">
      <ele>4992.0</ele>
    </rtept>
    <rtept lat="28.034654" lon="87.185325">
      <ele>4992.0</ele>
    </rtept>
    <rtept lat="28.034565" lon="87.185305">
      <ele>4995.0</ele>
    </rtept>
    <rtept lat="28.034475" lon="87.185351">
      <ele>4995.0</ele>
    </rtept>
    <rtept lat="28.034384" lon="87.185414">
      <ele>4995.0</ele>
    </rtept>
    <rtept lat="28.034296" lon="87.185479">
      <ele>4998.0</ele>
    </rtept>
    <rtept lat="28.03422" lon="87.185553">
      <ele>4998.0</ele>
    </rtept>
    <rtept lat="28.034141" lon="87.185609">
      <ele>4998.0</ele>
    </rtept>
    <rtept lat="28.034049" lon="87.185647">
      <ele>4998.0</ele>
    </rtept>
    <rtept lat="28.033956" lon="87.185677">
      <ele>4997.0</ele>
    </rtept>
    <rtept lat="28.033864" lon="87.185716">
      <ele>4992.0</ele>
    </rtept>
    <rtept lat="28.033773" lon="87.185692">
      <ele>4997.0</ele>
    </rtept>
    <rtept lat="28.0337" lon="87.185732">
      <ele>5005.0</ele>
    </rtept>
    <rtept lat="28.033636" lon="87.185808">
      <ele>5005.0</ele>
    </rtept>
    <rtept lat="28.033548" lon="87.185831">
      <ele>5005.0</ele>
    </rtept>
    <rtept lat="28.033467" lon="87.185884">
      <ele>4999.0</ele>
    </rtept>
    <rtept lat="28.033404" lon="87.185959">
      <ele>4999.0</ele>
    </rtept>
    <rtept lat="28.033337" lon="87.186037">
      <ele>4999.0</ele>
    </rtept>
    <rtept lat="28.033253" lon="87.186087">
      <ele>4999.0</ele>
    </rtept>
    <rtept lat="28.033179" lon="87.186164">
      <ele>4995.0</ele>
    </rtept>
    <rtept lat="28.033119" lon="87.186247">
      <ele>4995.0</ele>
    </rtept>
    <rtept lat="28.033041" lon="87.186299">
      <ele>5006.0</ele>
    </rtept>
    <rtept lat="28.032947" lon="87.186325">
      <ele>5006.0</ele>
    </rtept>
    <rtept lat="28.032856" lon="87.186366">
      <ele>5003.0</ele>
    </rtept>
    <rtept lat="28.032767" lon="87.186419">
      <ele>5003.0</ele>
    </rtept>
    <rtept lat="28.03267" lon="87.186456">
      <ele>5003.0</ele>
    </rtept>
    <rtept lat="28.032567" lon="87.186477">
      <ele>4999.0</ele>
    </rtept>
    <rtept lat="28.032475" lon="87.186461">
      <ele>4999.0</ele>
    </rtept>
    <rtept lat="28.032376" lon="87.186454">
      <ele>4999.0</ele>
    </rtept>
    <rtept lat="28.032278" lon="87.186475">
      <ele>4984.0</ele>
    </rtept>
    <rtept lat="28.03218" lon="87.186503">
      <ele>4984.0</ele>
    </rtept>
    <rtept lat="28.032086" lon="87.18651">
      <ele>4984.0</ele>
    </rtept>
    <rtept lat="28.032" lon="87.186558">
      <ele>4967.0</ele>
    </rtept>
    <rtept lat="28.031919" lon="87.186625">
      <ele>4967.0</ele>
    </rtept>
    <rtept lat="28.031829" lon="87.186682">
      <ele>4967.0</ele>
    </rtept>
    <rtept lat="28.031746" lon="87.186751">
      <ele>4963.0</ele>
    </rtept>
    <rtept lat="28.031686" lon="87.186786">
      <ele>4963.0</ele>
    </rtept>
    <rtept lat="28.031786" lon="87.186712">
      <ele>4963.0</ele>
    </rtept>
    <rtept lat="28.031774" lon="87.186709">
      <ele>4963.0</ele>
    </rtept>
    <rtept lat="28.031774" lon="87.186709">
      <ele>4963.0</ele>
    </rtept>
    <rtept lat="28.031774" lon="87.186709">
      <ele>4963.0</ele>
    </rtept>
    <rtept lat="28.031774" lon="87.186709">
      <ele>4963.0</ele>
    </rtept>
    <rtept lat="28.031774" lon="87.186709">
      <ele>4963.0</ele>
    </rtept>
    <rtept lat="28.031774" lon="87.186709">
      <ele>4963.0</ele>
    </rtept>
    <rtept lat="28.031774" lon="87.186709">
      <ele>4963.0</ele>
    </rtept>
    <rtept lat="28.031774" lon="87.186709">
      <ele>4963.0</ele>
    </rtept>
    <rtept lat="28.031774" lon="87.186709">
      <ele>4963.0</ele>
    </rtept>
    <rtept lat="28.031774" lon="87.186709">
      <ele>4963.0</ele>
    </rtept>
    <rtept lat="28.031774" lon="87.186709">
      <ele>4963.0</ele>
    </rtept>
    <rtept lat="28.031774" lon="87.186709">
      <ele>4963.0</ele>
    </rtept>
    <rtept lat="28.031774" lon="87.186709">
      <ele>4963.0</ele>
    </rtept>
    <rtept lat="28.031774" lon="87.186709">
      <ele>4963.0</ele>
    </rtept>
    <rtept lat="28.031774" lon="87.186709">
      <ele>4963.0</ele>
    </rtept>
    <rtept lat="28.031774" lon="87.186709">
      <ele>4963.0</ele>
    </rtept>
    <rtept lat="28.031774" lon="87.186709">
      <ele>4963.0</ele>
    </rtept>
    <rtept lat="28.031774" lon="87.186709">
      <ele>4963.0</ele>
    </rtept>
    <rtept lat="28.031774" lon="87.186709">
      <ele>4963.0</ele>
    </rtept>
    <rtept lat="28.031774" lon="87.186709">
      <ele>4963.0</ele>
    </rtept>
    <rtept lat="28.031774" lon="87.186709">
      <ele>4963.0</ele>
    </rtept>
    <rtept lat="28.031774" lon="87.186709">
      <ele>4963.0</ele>
    </rtept>
    <rtept lat="28.031774" lon="87.186709">
      <ele>4963.0</ele>
    </rtept>
    <rtept lat="28.031774" lon="87.186709">
      <ele>4963.0</ele>
    </rtept>
    <rtept lat="28.031756" lon="87.186818">
      <ele>4961.0</ele>
    </rtept>
    <rtept lat="28.031756" lon="87.186818">
      <ele>4961.0</ele>
    </rtept>
    <rtept lat="28.031756" lon="87.186818">
      <ele>4961.0</ele>
    </rtept>
    <rtept lat="28.031756" lon="87.186818">
      <ele>4961.0</ele>
    </rtept>
    <rtept lat="28.031756" lon="87.186818">
      <ele>4961.0</ele>
    </rtept>
    <rtept lat="28.031669" lon="87.18687">
      <ele>4961.0</ele>
    </rtept>
    <rtept lat="28.031669" lon="87.18687">
      <ele>4961.0</ele>
    </rtept>
    <rtept lat="28.031753" lon="87.186822">
      <ele>4961.0</ele>
    </rtept>
    <rtept lat="28.031753" lon="87.186822">
      <ele>4961.0</ele>
    </rtept>
    <rtept lat="28.031753" lon="87.186822">
      <ele>4961.0</ele>
    </rtept>
    <rtept lat="28.031753" lon="87.186822">
      <ele>4961.0</ele>
    </rtept>
    <rtept lat="28.031753" lon="87.186822">
      <ele>4961.0</ele>
    </rtept>
    <rtept lat="28.031753" lon="87.186822">
      <ele>4961.0</ele>
    </rtept>
    <rtept lat="28.031753" lon="87.186822">
      <ele>4961.0</ele>
    </rtept>
    <rtept lat="28.031753" lon="87.186822">
      <ele>4961.0</ele>
    </rtept>
    <rtept lat="28.031753" lon="87.186822">
      <ele>4961.0</ele>
    </rtept>
    <rtept lat="28.031753" lon="87.186822">
      <ele>4961.0</ele>
    </rtept>
    <rtept lat="28.031753" lon="87.186822">
      <ele>4961.0</ele>
    </rtept>
    <rtept lat="28.031753" lon="87.186822">
      <ele>4961.0</ele>
    </rtept>
    <rtept lat="28.031753" lon="87.186822">
      <ele>4961.0</ele>
    </rtept>
    <rtept lat="28.031753" lon="87.186822">
      <ele>4961.0</ele>
    </rtept>
    <rtept lat="28.031659" lon="87.186838">
      <ele>4961.0</ele>
    </rtept>
    <rtept lat="28.031659" lon="87.186838">
      <ele>4961.0</ele>
    </rtept>
    <rtept lat="28.031759" lon="87.186825">
      <ele>4961.0</ele>
    </rtept>
    <rtept lat="28.031759" lon="87.186825">
      <ele>4961.0</ele>
    </rtept>
    <rtept lat="28.031759" lon="87.186825">
      <ele>4961.0</ele>
    </rtept>
    <rtept lat="28.031759" lon="87.186825">
      <ele>4961.0</ele>
    </rtept>
    <rtept lat="28.031759" lon="87.186825">
      <ele>4961.0</ele>
    </rtept>
    <rtept lat="28.031759" lon="87.186825">
      <ele>4961.0</ele>
    </rtept>
    <rtept lat="28.031759" lon="87.186825">
      <ele>4961.0</ele>
    </rtept>
    <rtept lat="28.031759" lon="87.186825">
      <ele>4961.0</ele>
    </rtept>
    <rtept lat="28.031759" lon="87.186825">
      <ele>4961.0</ele>
    </rtept>
    <rtept lat="28.031759" lon="87.186825">
      <ele>4961.0</ele>
    </rtept>
    <rtept lat="28.031759" lon="87.186825">
      <ele>4961.0</ele>
    </rtept>
    <rtept lat="28.031759" lon="87.186825">
      <ele>4961.0</ele>
    </rtept>
    <rtept lat="28.031759" lon="87.186825">
      <ele>4961.0</ele>
    </rtept>
    <rtept lat="28.031759" lon="87.186825">
      <ele>4961.0</ele>
    </rtept>
    <rtept lat="28.031759" lon="87.186825">
      <ele>4961.0</ele>
    </rtept>
    <rtept lat="28.031759" lon="87.186825">
      <ele>4961.0</ele>
    </rtept>
    <rtept lat="28.031854" lon="87.186845">
      <ele>4960.0</ele>
    </rtept>
    <rtept lat="28.031854" lon="87.186845">
      <ele>4960.0</ele>
    </rtept>
    <rtept lat="28.031937" lon="87.186886">
      <ele>4960.0</ele>
    </rtept>
    <rtept lat="28.032017" lon="87.186837">
      <ele>4960.0</ele>
    </rtept>
    <rtept lat="28.032078" lon="87.186894">
      <ele>4960.0</ele>
    </rtept>
    <rtept lat="28.032115" lon="87.186992">
      <ele>4984.0</ele>
    </rtept>
    <rtept lat="28.032184" lon="87.187062">
      <ele>4984.0</ele>
    </rtept>
    <rtept lat="28.032268" lon="87.187106">
      <ele>4982.0</ele>
    </rtept>
    <rtept lat="28.032338" lon="87.187174">
      <ele>4982.0</ele>
    </rtept>
    <rtept lat="28.03242" lon="87.18722">
      <ele>4998.0</ele>
    </rtept>
    <rtept lat="28.03251" lon="87.187249">
      <ele>4998.0</ele>
    </rtept>
    <rtept lat="28.032593" lon="87.187308">
      <ele>4998.0</ele>
    </rtept>
    <rtept lat="28.03264" lon="87.187327">
      <ele>5006.0</ele>
    </rtept>
    <rtept lat="28.032726" lon="87.187304">
      <ele>5006.0</ele>
    </rtept>
    <rtept lat="28.032822" lon="87.187303">
      <ele>5006.0</ele>
    </rtept>
    <rtept lat="28.032921" lon="87.187305">
      <ele>5007.0</ele>
    </rtept>
    <rtept lat="28.033027" lon="87.187286">
      <ele>5007.0</ele>
    </rtept>
    <rtept lat="28.033089" lon="87.187207">
      <ele>5007.0</ele>
    </rtept>
    <rtept lat="28.033151" lon="87.187119">
      <ele>5007.0</ele>
    </rtept>
    <rtept lat="28.033236" lon="87.187063">
      <ele>5008.0</ele>
    </rtept>
    <rtept lat="28.033325" lon="87.187027">
      <ele>5008.0</ele>
    </rtept>
    <rtept lat="28.033421" lon="87.18699">
      <ele>5008.0</ele>
    </rtept>
    <rtept lat="28.033515" lon="87.186955">
      <ele>5004.0</ele>
    </rtept>
    <rtept lat="28.033611" lon="87.186973">
      <ele>5004.0</ele>
    </rtept>
    <rtept lat="28.033696" lon="87.187028">
      <ele>5004.0</ele>
    </rtept>
    <rtept lat="28.033769" lon="87.187106">
      <ele>5013.0</ele>
    </rtept>
    <rtept lat="28.033843" lon="87.187174">
      <ele>5013.0</ele>
    </rtept>
    <rtept lat="28.033928" lon="87.187198">
      <ele>5013.0</ele>
    </rtept>
    <rtept lat="28.034003" lon="87.187266">
      <ele>5013.0</ele>
    </rtept>
    <rtept lat="28.03406" lon="87.18735">
      <ele>5022.0</ele>
    </rtept>
    <rtept lat="28.034041" lon="87.187449">
      <ele>5019.0</ele>
    </rtept>
    <rtept lat="28.034046" lon="87.18756">
      <ele>5019.0</ele>
    </rtept>
    <rtept lat="28.034086" lon="87.187654">
      <ele>5016.0</ele>
    </rtept>
    <rtept lat="28.034134" lon="87.187761">
      <ele>5016.0</ele>
    </rtept>
    <rtept lat="28.034175" lon="87.187862">
      <ele>5016.0</ele>
    </rtept>
    <rtept lat="28.034235" lon="87.187949">
      <ele>5013.0</ele>
    </rtept>
    <rtept lat="28.034301" lon="87.188024">
      <ele>5013.0</ele>
    </rtept>
    <rtept lat="28.034391" lon="87.188082">
      <ele>5022.0</ele>
    </rtept>
    <rtept lat="28.034471" lon="87.188153">
      <ele>5022.0</ele>
    </rtept>
    <rtept lat="28.034533" lon="87.188235">
      <ele>5014.0</ele>
    </rtept>
    <rtept lat="28.034582" lon="87.188326">
      <ele>5014.0</ele>
    </rtept>
    <rtept lat="28.034636" lon="87.188421">
      <ele>5020.0</ele>
    </rtept>
    <rtept lat="28.034705" lon="87.188497">
      <ele>5021.0</ele>
    </rtept>
    <rtept lat="28.034754" lon="87.188597">
      <ele>5021.0</ele>
    </rtept>
    <rtept lat="28.034795" lon="87.188699">
      <ele>5021.0</ele>
    </rtept>
    <rtept lat="28.034839" lon="87.188793">
      <ele>5022.0</ele>
    </rtept>
    <rtept lat="28.034872" lon="87.188892">
      <ele>5024.0</ele>
    </rtept>
    <rtept lat="28.034886" lon="87.188996">
      <ele>5024.0</ele>
    </rtept>
    <rtept lat="28.034913" lon="87.189101">
      <ele>5026.0</ele>
    </rtept>
    <rtept lat="28.034977" lon="87.189187">
      <ele>5026.0</ele>
    </rtept>
    <rtept lat="28.035043" lon="87.189273">
      <ele>5026.0</ele>
    </rtept>
    <rtept lat="28.035097" lon="87.189363">
      <ele>5023.0</ele>
    </rtept>
    <rtept lat="28.035152" lon="87.189456">
      <ele>5026.0</ele>
    </rtept>
    <rtept lat="28.035237" lon="87.189497">
      <ele>5026.0</ele>
    </rtept>
    <rtept lat="28.035258" lon="87.189581">
      <ele>5026.0</ele>
    </rtept>
    <rtept lat="28.035285" lon="87.189678">
      <ele>5024.0</ele>
    </rtept>
    <rtept lat="28.035282" lon="87.189784">
      <ele>5024.0</ele>
    </rtept>
    <rtept lat="28.035244" lon="87.189904">
      <ele>5023.0</ele>
    </rtept>
    <rtept lat="28.035325" lon="87.189951">
      <ele>5023.0</ele>
    </rtept>
    <rtept lat="28.03539" lon="87.190042">
      <ele>5023.0</ele>
    </rtept>
    <rtept lat="28.035438" lon="87.190135">
      <ele>5040.0</ele>
    </rtept>
    <rtept lat="28.035456" lon="87.190247">
      <ele>5041.0</ele>
    </rtept>
    <rtept lat="28.035434" lon="87.190351">
      <ele>5041.0</ele>
    </rtept>
    <rtept lat="28.035395" lon="87.19045">
      <ele>5029.0</ele>
    </rtept>
    <rtept lat="28.03545" lon="87.190501">
      <ele>5045.0</ele>
    </rtept>
    <rtept lat="28.035495" lon="87.190587">
      <ele>5045.0</ele>
    </rtept>
    <rtept lat="28.035467" lon="87.190675">
      <ele>5045.0</ele>
    </rtept>
    <rtept lat="28.03544" lon="87.190777">
      <ele>5043.0</ele>
    </rtept>
    <rtept lat="28.03544" lon="87.190777">
      <ele>5043.0</ele>
    </rtept>
    <rtept lat="28.035466" lon="87.190804">
      <ele>5043.0</ele>
    </rtept>
    <rtept lat="28.035466" lon="87.190804">
      <ele>5043.0</ele>
    </rtept>
    <rtept lat="28.035466" lon="87.190804">
      <ele>5043.0</ele>
    </rtept>
    <rtept lat="28.035537" lon="87.190775">
      <ele>5043.0</ele>
    </rtept>
    <rtept lat="28.035537" lon="87.190775">
      <ele>5043.0</ele>
    </rtept>
    <rtept lat="28.035627" lon="87.190804">
      <ele>5043.0</ele>
    </rtept>
    <rtept lat="28.035701" lon="87.190747">
      <ele>5060.0</ele>
    </rtept>
    <rtept lat="28.035772" lon="87.190787">
      <ele>5060.0</ele>
    </rtept>
    <rtept lat="28.035836" lon="87.190867">
      <ele>5060.0</ele>
    </rtept>
    <rtept lat="28.035893" lon="87.190956">
      <ele>5060.0</ele>
    </rtept>
    <rtept lat="28.035927" lon="87.191059">
      <ele>5057.0</ele>
    </rtept>
    <rtept lat="28.035989" lon="87.191134">
      <ele>5078.0</ele>
    </rtept>
    <rtept lat="28.036038" lon="87.191222">
      <ele>5078.0</ele>
    </rtept>
    <rtept lat="28.036118" lon="87.19123">
      <ele>5078.0</ele>
    </rtept>
    <rtept lat="28.036202" lon="87.191261">
      <ele>5069.0</ele>
    </rtept>
    <rtept lat="28.036238" lon="87.191344">
      <ele>5069.0</ele>
    </rtept>
    <rtept lat="28.036256" lon="87.191448">
      <ele>5089.0</ele>
    </rtept>
    <rtept lat="28.036323" lon="87.191451">
      <ele>5089.0</ele>
    </rtept>
    <rtept lat="28.036429" lon="87.191426">
      <ele>5089.0</ele>
    </rtept>
    <rtept lat="28.036505" lon="87.191485">
      <ele>5089.0</ele>
    </rtept>
    <rtept lat="28.036569" lon="87.19156">
      <ele>5107.0</ele>
    </rtept>
    <rtept lat="28.036644" lon="87.191629">
      <ele>5107.0</ele>
    </rtept>
    <rtept lat="28.036726" lon="87.191678">
      <ele>5107.0</ele>
    </rtept>
    <rtept lat="28.036822" lon="87.191706">
      <ele>5132.0</ele>
    </rtept>
    <rtept lat="28.036918" lon="87.191745">
      <ele>5132.0</ele>
    </rtept>
    <rtept lat="28.036995" lon="87.191811">
      <ele>5118.0</ele>
    </rtept>
    <rtept lat="28.037082" lon="87.19183">
      <ele>5118.0</ele>
    </rtept>
    <rtept lat="28.037171" lon="87.191851">
      <ele>5138.0</ele>
    </rtept>
    <rtept lat="28.037226" lon="87.191785">
      <ele>5145.0</ele>
    </rtept>
    <rtept lat="28.037226" lon="87.191785">
      <ele>5145.0</ele>
    </rtept>
    <rtept lat="28.037305" lon="87.19177">
      <ele>5145.0</ele>
    </rtept>
    <rtept lat="28.037305" lon="87.19177">
      <ele>5145.0</ele>
    </rtept>
    <rtept lat="28.037396" lon="87.191775">
      <ele>5181.0</ele>
    </rtept>
    <rtept lat="28.037487" lon="87.191785">
      <ele>5181.0</ele>
    </rtept>
    <rtept lat="28.037576" lon="87.191821">
      <ele>5156.0</ele>
    </rtept>
    <rtept lat="28.037576" lon="87.191821">
      <ele>5156.0</ele>
    </rtept>
    <rtept lat="28.03767" lon="87.191822">
      <ele>5201.0</ele>
    </rtept>
    <rtept lat="28.03767" lon="87.191822">
      <ele>5201.0</ele>
    </rtept>
    <rtept lat="28.037766" lon="87.191831">
      <ele>5201.0</ele>
    </rtept>
    <rtept lat="28.037864" lon="87.191838">
      <ele>5201.0</ele>
    </rtept>
    <rtept lat="28.037963" lon="87.191868">
      <ele>5216.0</ele>
    </rtept>
    <rtept lat="28.037908" lon="87.191908">
      <ele>5201.0</ele>
    </rtept>
    <rtept lat="28.037824" lon="87.191976">
      <ele>5201.0</ele>
    </rtept>
    <rtept lat="28.037824" lon="87.191976">
      <ele>5201.0</ele>
    </rtept>
    <rtept lat="28.037813" lon="87.192094">
      <ele>5197.0</ele>
    </rtept>
    <rtept lat="28.037813" lon="87.192094">
      <ele>5197.0</ele>
    </rtept>
    <rtept lat="28.037868" lon="87.192184">
      <ele>5197.0</ele>
    </rtept>
    <rtept lat="28.037922" lon="87.192279">
      <ele>5216.0</ele>
    </rtept>
    <rtept lat="28.037919" lon="87.192381">
      <ele>5234.0</ele>
    </rtept>
    <rtept lat="28.037928" lon="87.192484">
      <ele>5234.0</ele>
    </rtept>
    <rtept lat="28.037921" lon="87.192592">
      <ele>5234.0</ele>
    </rtept>
    <rtept lat="28.037986" lon="87.192667">
      <ele>5231.0</ele>
    </rtept>
    <rtept lat="28.038053" lon="87.192736">
      <ele>5231.0</ele>
    </rtept>
    <rtept lat="28.038143" lon="87.192751">
      <ele>5231.0</ele>
    </rtept>
    <rtept lat="28.038236" lon="87.192747">
      <ele>5231.0</ele>
    </rtept>
    <rtept lat="28.038276" lon="87.192819">
      <ele>5231.0</ele>
    </rtept>
    <rtept lat="28.038326" lon="87.1929">
      <ele>5231.0</ele>
    </rtept>
    <rtept lat="28.038405" lon="87.192954">
      <ele>5230.0</ele>
    </rtept>
    <rtept lat="28.038468" lon="87.193034">
      <ele>5230.0</ele>
    </rtept>
    <rtept lat="28.038554" lon="87.193061">
      <ele>5229.0</ele>
    </rtept>
    <rtept lat="28.03865" lon="87.193052">
      <ele>5229.0</ele>
    </rtept>
    <rtept lat="28.038738" lon="87.193078">
      <ele>5229.0</ele>
    </rtept>
    <rtept lat="28.038819" lon="87.193133">
      <ele>5215.0</ele>
    </rtept>
    <rtept lat="28.038895" lon="87.193198">
      <ele>5219.0</ele>
    </rtept>
    <rtept lat="28.038953" lon="87.19329">
      <ele>5219.0</ele>
    </rtept>
    <rtept lat="28.038978" lon="87.193401">
      <ele>5219.0</ele>
    </rtept>
    <rtept lat="28.039027" lon="87.193494">
      <ele>5228.0</ele>
    </rtept>
    <rtept lat="28.039073" lon="87.193586">
      <ele>5231.0</ele>
    </rtept>
    <rtept lat="28.039107" lon="87.193683">
      <ele>5231.0</ele>
    </rtept>
    <rtept lat="28.039134" lon="87.193787">
      <ele>5238.0</ele>
    </rtept>
    <rtept lat="28.039192" lon="87.193865">
      <ele>5238.0</ele>
    </rtept>
    <rtept lat="28.039252" lon="87.193941">
      <ele>5238.0</ele>
    </rtept>
    <rtept lat="28.039315" lon="87.194018">
      <ele>5238.0</ele>
    </rtept>
    <rtept lat="28.039401" lon="87.194053">
      <ele>5252.0</ele>
    </rtept>
    <rtept lat="28.039493" lon="87.194059">
      <ele>5252.0</ele>
    </rtept>
    <rtept lat="28.039589" lon="87.194057">
      <ele>5260.0</ele>
    </rtept>
    <rtept lat="28.039657" lon="87.193987">
      <ele>5250.0</ele>
    </rtept>
    <rtept lat="28.039678" lon="87.194037">
      <ele>5260.0</ele>
    </rtept>
    <rtept lat="28.039667" lon="87.194136">
      <ele>5260.0</ele>
    </rtept>
    <rtept lat="28.039725" lon="87.194206">
      <ele>5260.0</ele>
    </rtept>
    <rtept lat="28.039734" lon="87.194304">
      <ele>5260.0</ele>
    </rtept>
    <rtept lat="28.039721" lon="87.194411">
      <ele>5272.0</ele>
    </rtept>
    <rtept lat="28.039696" lon="87.194518">
      <ele>5272.0</ele>
    </rtept>
    <rtept lat="28.039682" lon="87.19463">
      <ele>5282.0</ele>
    </rtept>
    <rtept lat="28.039699" lon="87.194732">
      <ele>5282.0</ele>
    </rtept>
    <rtept lat="28.039707" lon="87.194835">
      <ele>5282.0</ele>
    </rtept>
    <rtept lat="28.039725" lon="87.194941">
      <ele>5296.0</ele>
    </rtept>
    <rtept lat="28.039686" lon="87.195032">
      <ele>5296.0</ele>
    </rtept>
    <rtept lat="28.039649" lon="87.195133">
      <ele>5296.0</ele>
    </rtept>
    <rtept lat="28.039592" lon="87.195225">
      <ele>5300.0</ele>
    </rtept>
    <rtept lat="28.039524" lon="87.195302">
      <ele>5295.0</ele>
    </rtept>
    <rtept lat="28.039439" lon="87.195351">
      <ele>5295.0</ele>
    </rtept>
    <rtept lat="28.039375" lon="87.195424">
      <ele>5302.0</ele>
    </rtept>
    <rtept lat="28.039291" lon="87.195449">
      <ele>5299.0</ele>
    </rtept>
    <rtept lat="28.039199" lon="87.195404">
      <ele>5291.0</ele>
    </rtept>
    <rtept lat="28.039104" lon="87.19539">
      <ele>5291.0</ele>
    </rtept>
    <rtept lat="28.039017" lon="87.195357">
      <ele>5297.0</ele>
    </rtept>
    <rtept lat="28.038923" lon="87.195348">
      <ele>5297.0</ele>
    </rtept>
    <rtept lat="28.038845" lon="87.195292">
      <ele>5297.0</ele>
    </rtept>
    <rtept lat="28.038785" lon="87.195212">
      <ele>5297.0</ele>
    </rtept>
    <rtept lat="28.038785" lon="87.195212">
      <ele>5297.0</ele>
    </rtept>
    <rtept lat="28.038785" lon="87.195212">
      <ele>5297.0</ele>
    </rtept>
    <rtept lat="28.038785" lon="87.195212">
      <ele>5297.0</ele>
    </rtept>
    <rtept lat="28.038785" lon="87.195212">
      <ele>5297.0</ele>
    </rtept>
    <rtept lat="28.038785" lon="87.195212">
      <ele>5297.0</ele>
    </rtept>
    <rtept lat="28.038785" lon="87.195212">
      <ele>5297.0</ele>
    </rtept>
    <rtept lat="28.038785" lon="87.195212">
      <ele>5297.0</ele>
    </rtept>
    <rtept lat="28.038785" lon="87.195212">
      <ele>5297.0</ele>
    </rtept>
    <rtept lat="28.038785" lon="87.195212">
      <ele>5297.0</ele>
    </rtept>
    <rtept lat="28.038785" lon="87.195212">
      <ele>5297.0</ele>
    </rtept>
    <rtept lat="28.038785" lon="87.195212">
      <ele>5297.0</ele>
    </rtept>
    <rtept lat="28.038785" lon="87.195212">
      <ele>5297.0</ele>
    </rtept>
    <rtept lat="28.038785" lon="87.195212">
      <ele>5297.0</ele>
    </rtept>
    <rtept lat="28.038785" lon="87.195212">
      <ele>5297.0</ele>
    </rtept>
    <rtept lat="28.038785" lon="87.195212">
      <ele>5297.0</ele>
    </rtept>
    <rtept lat="28.038785" lon="87.195212">
      <ele>5297.0</ele>
    </rtept>
    <rtept lat="28.038785" lon="87.195212">
      <ele>5297.0</ele>
    </rtept>
    <rtept lat="28.038785" lon="87.195212">
      <ele>5297.0</ele>
    </rtept>
    <rtept lat="28.038785" lon="87.195212">
      <ele>5297.0</ele>
    </rtept>
    <rtept lat="28.038785" lon="87.195212">
      <ele>5297.0</ele>
    </rtept>
    <rtept lat="28.038785" lon="87.195212">
      <ele>5297.0</ele>
    </rtept>
    <rtept lat="28.038854" lon="87.195286">
      <ele>5297.0</ele>
    </rtept>
    <rtept lat="28.038854" lon="87.195286">
      <ele>5297.0</ele>
    </rtept>
    <rtept lat="28.038854" lon="87.195286">
      <ele>5297.0</ele>
    </rtept>
    <rtept lat="28.038854" lon="87.195286">
      <ele>5297.0</ele>
    </rtept>
    <rtept lat="28.038854" lon="87.195286">
      <ele>5297.0</ele>
    </rtept>
    <rtept lat="28.038854" lon="87.195286">
      <ele>5297.0</ele>
    </rtept>
    <rtept lat="28.038854" lon="87.195286">
      <ele>5297.0</ele>
    </rtept>
    <rtept lat="28.038813" lon="87.195182">
      <ele>5297.0</ele>
    </rtept>
    <rtept lat="28.038813" lon="87.195182">
      <ele>5297.0</ele>
    </rtept>
    <rtept lat="28.03883" lon="87.195292">
      <ele>5297.0</ele>
    </rtept>
    <rtept lat="28.03883" lon="87.195292">
      <ele>5297.0</ele>
    </rtept>
    <rtept lat="28.038832" lon="87.195188">
      <ele>5297.0</ele>
    </rtept>
    <rtept lat="28.038832" lon="87.195188">
      <ele>5297.0</ele>
    </rtept>
    <rtept lat="28.038832" lon="87.195188">
      <ele>5297.0</ele>
    </rtept>
    <rtept lat="28.038832" lon="87.195188">
      <ele>5297.0</ele>
    </rtept>
    <rtept lat="28.038832" lon="87.195188">
      <ele>5297.0</ele>
    </rtept>
    <rtept lat="28.038828" lon="87.195293">
      <ele>5297.0</ele>
    </rtept>
    <rtept lat="28.038828" lon="87.195293">
      <ele>5297.0</ele>
    </rtept>
    <rtept lat="28.038828" lon="87.195293">
      <ele>5297.0</ele>
    </rtept>
    <rtept lat="28.038735" lon="87.195252">
      <ele>5291.0</ele>
    </rtept>
    <rtept lat="28.038735" lon="87.195252">
      <ele>5291.0</ele>
    </rtept>
    <rtept lat="28.038657" lon="87.19519">
      <ele>5291.0</ele>
    </rtept>
    <rtept lat="28.03858" lon="87.195116">
      <ele>5294.0</ele>
    </rtept>
    <rtept lat="28.038496" lon="87.195072">
      <ele>5294.0</ele>
    </rtept>
    <rtept lat="28.038404" lon="87.195037">
      <ele>5280.0</ele>
    </rtept>
    <rtept lat="28.038404" lon="87.195037">
      <ele>5280.0</ele>
    </rtept>
    <rtept lat="28.038404" lon="87.195037">
      <ele>5280.0</ele>
    </rtept>
    <rtept lat="28.038404" lon="87.195037">
      <ele>5280.0</ele>
    </rtept>
    <rtept lat="28.038404" lon="87.195037">
      <ele>5280.0</ele>
    </rtept>
    <rtept lat="28.038404" lon="87.195037">
      <ele>5280.0</ele>
    </rtept>
    <rtept lat="28.038404" lon="87.195037">
      <ele>5280.0</ele>
    </rtept>
    <rtept lat="28.038404" lon="87.195037">
      <ele>5280.0</ele>
    </rtept>
    <rtept lat="28.038404" lon="87.195037">
      <ele>5280.0</ele>
    </rtept>
    <rtept lat="28.038404" lon="87.195037">
      <ele>5280.0</ele>
    </rtept>
    <rtept lat="28.038383" lon="87.195147">
      <ele>5288.0</ele>
    </rtept>
    <rtept lat="28.038383" lon="87.195147">
      <ele>5288.0</ele>
    </rtept>
    <rtept lat="28.038416" lon="87.195249">
      <ele>5288.0</ele>
    </rtept>
    <rtept lat="28.038438" lon="87.195352">
      <ele>5288.0</ele>
    </rtept>
    <rtept lat="28.038467" lon="87.195466">
      <ele>5292.0</ele>
    </rtept>
    <rtept lat="28.038486" lon="87.195574">
      <ele>5299.0</ele>
    </rtept>
    <rtept lat="28.038491" lon="87.195682">
      <ele>5299.0</ele>
    </rtept>
    <rtept lat="28.038505" lon="87.195784">
      <ele>5301.0</ele>
    </rtept>
    <rtept lat="28.038504" lon="87.195898">
      <ele>5301.0</ele>
    </rtept>
    <rtept lat="28.038478" lon="87.196009">
      <ele>5304.0</ele>
    </rtept>
    <rtept lat="28.038479" lon="87.196116">
      <ele>5304.0</ele>
    </rtept>
    <rtept lat="28.0385" lon="87.196222">
      <ele>5304.0</ele>
    </rtept>
    <rtept lat="28.038525" lon="87.196329">
      <ele>5306.0</ele>
    </rtept>
    <rtept lat="28.038564" lon="87.19643">
      <ele>5306.0</ele>
    </rtept>
    <rtept lat="28.038614" lon="87.196533">
      <ele>5301.0</ele>
    </rtept>
    <rtept lat="28.038649" lon="87.196638">
      <ele>5301.0</ele>
    </rtept>
    <rtept lat="28.038662" lon="87.196682">
      <ele>5301.0</ele>
    </rtept>
    <rtept lat="28.038646" lon="87.196764">
      <ele>5301.0</ele>
    </rtept>
    <rtept lat="28.03858" lon="87.196836">
      <ele>5299.0</ele>
    </rtept>
    <rtept lat="28.038534" lon="87.196931">
      <ele>5299.0</ele>
    </rtept>
    <rtept lat="28.038489" lon="87.197032">
      <ele>5299.0</ele>
    </rtept>
    <rtept lat="28.038449" lon="87.197139">
      <ele>5297.0</ele>
    </rtept>
    <rtept lat="28.038464" lon="87.197239">
      <ele>5297.0</ele>
    </rtept>
    <rtept lat="28.038495" lon="87.197346">
      <ele>5298.0</ele>
    </rtept>
    <rtept lat="28.038538" lon="87.197458">
      <ele>5308.0</ele>
    </rtept>
    <rtept lat="28.038585" lon="87.197574">
      <ele>5308.0</ele>
    </rtept>
    <rtept lat="28.038626" lon="87.197678">
      <ele>5319.0</ele>
    </rtept>
    <rtept lat="28.038654" lon="87.197782">
      <ele>5319.0</ele>
    </rtept>
    <rtept lat="28.03869" lon="87.197888">
      <ele>5319.0</ele>
    </rtept>
    <rtept lat="28.038719" lon="87.197998">
      <ele>5321.0</ele>
    </rtept>
    <rtept lat="28.038717" lon="87.198102">
      <ele>5321.0</ele>
    </rtept>
    <rtept lat="28.038717" lon="87.198102">
      <ele>5321.0</ele>
    </rtept>
    <rtept lat="28.03874" lon="87.198196">
      <ele>5326.0</ele>
    </rtept>
    <rtept lat="28.03874" lon="87.198196">
      <ele>5326.0</ele>
    </rtept>
    <rtept lat="28.038817" lon="87.198254">
      <ele>5336.0</ele>
    </rtept>
    <rtept lat="28.038909" lon="87.198267">
      <ele>5336.0</ele>
    </rtept>
    <rtept lat="28.039003" lon="87.198283">
      <ele>5336.0</ele>
    </rtept>
    <rtept lat="28.039092" lon="87.19832">
      <ele>5345.0</ele>
    </rtept>
    <rtept lat="28.039159" lon="87.19839">
      <ele>5345.0</ele>
    </rtept>
    <rtept lat="28.039203" lon="87.198483">
      <ele>5343.0</ele>
    </rtept>
    <rtept lat="28.03925" lon="87.198582">
      <ele>5343.0</ele>
    </rtept>
    <rtept lat="28.03932" lon="87.198647">
      <ele>5344.0</ele>
    </rtept>
    <rtept lat="28.039394" lon="87.198705">
      <ele>5344.0</ele>
    </rtept>
    <rtept lat="28.039477" lon="87.198749">
      <ele>5344.0</ele>
    </rtept>
    <rtept lat="28.039569" lon="87.198755">
      <ele>5342.0</ele>
    </rtept>
    <rtept lat="28.039661" lon="87.198784">
      <ele>5337.0</ele>
    </rtept>
    <rtept lat="28.039744" lon="87.198826">
      <ele>5337.0</ele>
    </rtept>
    <rtept lat="28.039835" lon="87.198867">
      <ele>5337.0</ele>
    </rtept>
    <rtept lat="28.039894" lon="87.198944">
      <ele>5359.0</ele>
    </rtept>
    <rtept lat="28.039974" lon="87.199007">
      <ele>5359.0</ele>
    </rtept>
    <rtept lat="28.04005" lon="87.199078">
      <ele>5346.0</ele>
    </rtept>
    <rtept lat="28.039981" lon="87.19916">
      <ele>5346.0</ele>
    </rtept>
    <rtept lat="28.039979" lon="87.199267">
      <ele>5346.0</ele>
    </rtept>
    <rtept lat="28.040004" lon="87.19937">
      <ele>5341.0</ele>
    </rtept>
    <rtept lat="28.040095" lon="87.199372">
      <ele>5341.0</ele>
    </rtept>
    <rtept lat="28.040095" lon="87.199372">
      <ele>5341.0</ele>
    </rtept>
    <rtept lat="28.040095" lon="87.199372">
      <ele>5341.0</ele>
    </rtept>
    <rtept lat="28.040095" lon="87.199372">
      <ele>5341.0</ele>
    </rtept>
    <rtept lat="28.040093" lon="87.19937">
      <ele>5341.0</ele>
    </rtept>
    <rtept lat="28.040093" lon="87.19937">
      <ele>5341.0</ele>
    </rtept>
    <rtept lat="28.039998" lon="87.199365">
      <ele>5341.0</ele>
    </rtept>
    <rtept lat="28.039909" lon="87.199345">
      <ele>5341.0</ele>
    </rtept>
    <rtept lat="28.039815" lon="87.199378">
      <ele>5321.0</ele>
    </rtept>
    <rtept lat="28.039748" lon="87.199447">
      <ele>5321.0</ele>
    </rtept>
    <rtept lat="28.039765" lon="87.199541">
      <ele>5321.0</ele>
    </rtept>
    <rtept lat="28.039852" lon="87.199585">
      <ele>5327.0</ele>
    </rtept>
    <rtept lat="28.039965" lon="87.199596">
      <ele>5324.0</ele>
    </rtept>
    <rtept lat="28.040076" lon="87.199599">
      <ele>5324.0</ele>
    </rtept>
    <rtept lat="28.040174" lon="87.199625">
      <ele>5335.0</ele>
    </rtept>
    <rtept lat="28.040268" lon="87.199668">
      <ele>5335.0</ele>
    </rtept>
    <rtept lat="28.04035" lon="87.199724">
      <ele>5335.0</ele>
    </rtept>
    <rtept lat="28.040422" lon="87.199805">
      <ele>5350.0</ele>
    </rtept>
    <rtept lat="28.040496" lon="87.199884">
      <ele>5323.0</ele>
    </rtept>
    <rtept lat="28.040557" lon="87.199974">
      <ele>5323.0</ele>
    </rtept>
    <rtept lat="28.040622" lon="87.200055">
      <ele>5323.0</ele>
    </rtept>
    <rtept lat="28.040651" lon="87.200152">
      <ele>5294.0</ele>
    </rtept>
    <rtept lat="28.040649" lon="87.200254">
      <ele>5294.0</ele>
    </rtept>
    <rtept lat="28.040574" lon="87.2003">
      <ele>5294.0</ele>
    </rtept>
    <rtept lat="28.040583" lon="87.200375">
      <ele>5294.0</ele>
    </rtept>
    <rtept lat="28.040512" lon="87.2004">
      <ele>5294.0</ele>
    </rtept>
    <rtept lat="28.040452" lon="87.200476">
      <ele>5282.0</ele>
    </rtept>
    <rtept lat="28.040491" lon="87.200549">
      <ele>5282.0</ele>
    </rtept>
    <rtept lat="28.040486" lon="87.200649">
      <ele>5282.0</ele>
    </rtept>
    <rtept lat="28.040491" lon="87.200756">
      <ele>5278.0</ele>
    </rtept>
    <rtept lat="28.040502" lon="87.200863">
      <ele>5278.0</ele>
    </rtept>
    <rtept lat="28.040461" lon="87.200955">
      <ele>5278.0</ele>
    </rtept>
    <rtept lat="28.040508" lon="87.201016">
      <ele>5272.0</ele>
    </rtept>
    <rtept lat="28.040517" lon="87.201106">
      <ele>5272.0</ele>
    </rtept>
    <rtept lat="28.040475" lon="87.201189">
      <ele>5272.0</ele>
    </rtept>
    <rtept lat="28.040478" lon="87.201284">
      <ele>5276.0</ele>
    </rtept>
    <rtept lat="28.040411" lon="87.201306">
      <ele>5271.0</ele>
    </rtept>
    <rtept lat="28.040308" lon="87.201285">
      <ele>5271.0</ele>
    </rtept>
    <rtept lat="28.040196" lon="87.201263">
      <ele>5271.0</ele>
    </rtept>
    <rtept lat="28.040148" lon="87.201331">
      <ele>5271.0</ele>
    </rtept>
    <rtept lat="28.04008" lon="87.201396">
      <ele>5267.0</ele>
    </rtept>
    <rtept lat="28.040081" lon="87.201505">
      <ele>5267.0</ele>
    </rtept>
    <rtept lat="28.040135" lon="87.201612">
      <ele>5262.0</ele>
    </rtept>
    <rtept lat="28.04018" lon="87.201718">
      <ele>5267.0</ele>
    </rtept>
    <rtept lat="28.04022" lon="87.201832">
      <ele>5262.0</ele>
    </rtept>
    <rtept lat="28.04025" lon="87.201938">
      <ele>5262.0</ele>
    </rtept>
    <rtept lat="28.040232" lon="87.202036">
      <ele>5262.0</ele>
    </rtept>
    <rtept lat="28.040185" lon="87.202124">
      <ele>5261.0</ele>
    </rtept>
    <rtept lat="28.040194" lon="87.202222">
      <ele>5261.0</ele>
    </rtept>
    <rtept lat="28.040187" lon="87.202324">
      <ele>5261.0</ele>
    </rtept>
    <rtept lat="28.040162" lon="87.202429">
      <ele>5253.0</ele>
    </rtept>
    <rtept lat="28.040131" lon="87.202529">
      <ele>5244.0</ele>
    </rtept>
    <rtept lat="28.040093" lon="87.202625">
      <ele>5244.0</ele>
    </rtept>
    <rtept lat="28.040084" lon="87.202731">
      <ele>5226.0</ele>
    </rtept>
    <rtept lat="28.040102" lon="87.202838">
      <ele>5226.0</ele>
    </rtept>
    <rtept lat="28.040151" lon="87.202931">
      <ele>5240.0</ele>
    </rtept>
    <rtept lat="28.040202" lon="87.203031">
      <ele>5240.0</ele>
    </rtept>
    <rtept lat="28.040225" lon="87.203138">
      <ele>5240.0</ele>
    </rtept>
    <rtept lat="28.040225" lon="87.203138">
      <ele>5240.0</ele>
    </rtept>
    <rtept lat="28.040236" lon="87.20326">
      <ele>5229.0</ele>
    </rtept>
    <rtept lat="28.040236" lon="87.20326">
      <ele>5229.0</ele>
    </rtept>
    <rtept lat="28.040275" lon="87.203366">
      <ele>5229.0</ele>
    </rtept>
    <rtept lat="28.040293" lon="87.203469">
      <ele>5229.0</ele>
    </rtept>
    <rtept lat="28.040335" lon="87.203561">
      <ele>5230.0</ele>
    </rtept>
    <rtept lat="28.040403" lon="87.203628">
      <ele>5230.0</ele>
    </rtept>
    <rtept lat="28.040472" lon="87.203697">
      <ele>5236.0</ele>
    </rtept>
    <rtept lat="28.040525" lon="87.203787">
      <ele>5230.0</ele>
    </rtept>
    <rtept lat="28.040563" lon="87.203888">
      <ele>5230.0</ele>
    </rtept>
    <rtept lat="28.040562" lon="87.203992">
      <ele>5230.0</ele>
    </rtept>
    <rtept lat="28.040561" lon="87.204099">
      <ele>5236.0</ele>
    </rtept>
    <rtept lat="28.040568" lon="87.204204">
      <ele>5236.0</ele>
    </rtept>
    <rtept lat="28.040563" lon="87.204311">
      <ele>5236.0</ele>
    </rtept>
    <rtept lat="28.040566" lon="87.204425">
      <ele>5236.0</ele>
    </rtept>
    <rtept lat="28.040576" lon="87.204542">
      <ele>5236.0</ele>
    </rtept>
    <rtept lat="28.04056" lon="87.204647">
      <ele>5236.0</ele>
    </rtept>
    <rtept lat="28.040566" lon="87.204753">
      <ele>5236.0</ele>
    </rtept>
    <rtept lat="28.040575" lon="87.204858">
      <ele>5236.0</ele>
    </rtept>
    <rtept lat="28.040592" lon="87.20496">
      <ele>5237.0</ele>
    </rtept>
    <rtept lat="28.040599" lon="87.205063">
      <ele>5237.0</ele>
    </rtept>
    <rtept lat="28.040586" lon="87.205165">
      <ele>5235.0</ele>
    </rtept>
    <rtept lat="28.040582" lon="87.205268">
      <ele>5235.0</ele>
    </rtept>
    <rtept lat="28.040581" lon="87.20538">
      <ele>5235.0</ele>
    </rtept>
    <rtept lat="28.040576" lon="87.205489">
      <ele>5239.0</ele>
    </rtept>
    <rtept lat="28.04058" lon="87.205593">
      <ele>5239.0</ele>
    </rtept>
    <rtept lat="28.040593" lon="87.205703">
      <ele>5237.0</ele>
    </rtept>
    <rtept lat="28.040573" lon="87.205815">
      <ele>5237.0</ele>
    </rtept>
    <rtept lat="28.040581" lon="87.205928">
      <ele>5237.0</ele>
    </rtept>
    <rtept lat="28.040599" lon="87.206034">
      <ele>5240.0</ele>
    </rtept>
    <rtept lat="28.040646" lon="87.206138">
      <ele>5240.0</ele>
    </rtept>
    <rtept lat="28.040717" lon="87.20623">
      <ele>5241.0</ele>
    </rtept>
    <rtept lat="28.040782" lon="87.206332">
      <ele>5229.0</ele>
    </rtept>
    <rtept lat="28.040803" lon="87.206439">
      <ele>5229.0</ele>
    </rtept>
    <rtept lat="28.04085" lon="87.206525">
      <ele>5229.0</ele>
    </rtept>
    <rtept lat="28.040849" lon="87.206625">
      <ele>5224.0</ele>
    </rtept>
    <rtept lat="28.040808" lon="87.206723">
      <ele>5224.0</ele>
    </rtept>
    <rtept lat="28.040804" lon="87.206825">
      <ele>5204.0</ele>
    </rtept>
    <rtept lat="28.04077" lon="87.206923">
      <ele>5204.0</ele>
    </rtept>
    <rtept lat="28.040722" lon="87.207017">
      <ele>5204.0</ele>
    </rtept>
    <rtept lat="28.040656" lon="87.207094">
      <ele>5203.0</ele>
    </rtept>
    <rtept lat="28.040621" lon="87.207196">
      <ele>5203.0</ele>
    </rtept>
    <rtept lat="28.040586" lon="87.207297">
      <ele>5203.0</ele>
    </rtept>
    <rtept lat="28.040546" lon="87.207395">
      <ele>5191.0</ele>
    </rtept>
    <rtept lat="28.040511" lon="87.207491">
      <ele>5191.0</ele>
    </rtept>
    <rtept lat="28.040527" lon="87.207588">
      <ele>5191.0</ele>
    </rtept>
    <rtept lat="28.040554" lon="87.207688">
      <ele>5180.0</ele>
    </rtept>
    <rtept lat="28.040528" lon="87.207783">
      <ele>5180.0</ele>
    </rtept>
    <rtept lat="28.040536" lon="87.207888">
      <ele>5180.0</ele>
    </rtept>
    <rtept lat="28.040602" lon="87.207953">
      <ele>5174.0</ele>
    </rtept>
    <rtept lat="28.040689" lon="87.208016">
      <ele>5174.0</ele>
    </rtept>
    <rtept lat="28.040762" lon="87.208089">
      <ele>5162.0</ele>
    </rtept>
    <rtept lat="28.040715" lon="87.208123">
      <ele>5162.0</ele>
    </rtept>
    <rtept lat="28.040683" lon="87.208209">
      <ele>5164.0</ele>
    </rtept>
    <rtept lat="28.040683" lon="87.208209">
      <ele>5164.0</ele>
    </rtept>
    <rtept lat="28.040606" lon="87.208296">
      <ele>5164.0</ele>
    </rtept>
    <rtept lat="28.040606" lon="87.208296">
      <ele>5164.0</ele>
    </rtept>
    <rtept lat="28.040529" lon="87.208376">
      <ele>5164.0</ele>
    </rtept>
    <rtept lat="28.040552" lon="87.208466">
      <ele>5164.0</ele>
    </rtept>
    <rtept lat="28.040591" lon="87.208563">
      <ele>5155.0</ele>
    </rtept>
    <rtept lat="28.040548" lon="87.208645">
      <ele>5155.0</ele>
    </rtept>
    <rtept lat="28.040497" lon="87.208731">
      <ele>5155.0</ele>
    </rtept>
    <rtept lat="28.040472" lon="87.208832">
      <ele>5145.0</ele>
    </rtept>
    <rtept lat="28.040467" lon="87.208939">
      <ele>5145.0</ele>
    </rtept>
    <rtept lat="28.040467" lon="87.209045">
      <ele>5138.0</ele>
    </rtept>
    <rtept lat="28.040474" lon="87.209153">
      <ele>5138.0</ele>
    </rtept>
    <rtept lat="28.040495" lon="87.209264">
      <ele>5138.0</ele>
    </rtept>
    <rtept lat="28.040433" lon="87.209293">
      <ele>5138.0</ele>
    </rtept>
    <rtept lat="28.040423" lon="87.209375">
      <ele>5129.0</ele>
    </rtept>
    <rtept lat="28.040429" lon="87.209476">
      <ele>5129.0</ele>
    </rtept>
    <rtept lat="28.040442" lon="87.209588">
      <ele>5126.0</ele>
    </rtept>
    <rtept lat="28.04045" lon="87.209698">
      <ele>5126.0</ele>
    </rtept>
    <rtept lat="28.04045" lon="87.209807">
      <ele>5126.0</ele>
    </rtept>
    <rtept lat="28.040451" lon="87.209915">
      <ele>5117.0</ele>
    </rtept>
    <rtept lat="28.040474" lon="87.210015">
      <ele>5117.0</ele>
    </rtept>
    <rtept lat="28.040427" lon="87.210092">
      <ele>5117.0</ele>
    </rtept>
    <rtept lat="28.04035" lon="87.210067">
      <ele>5097.0</ele>
    </rtept>
    <rtept lat="28.040255" lon="87.210024">
      <ele>5097.0</ele>
    </rtept>
    <rtept lat="28.040232" lon="87.210086">
      <ele>5097.0</ele>
    </rtept>
    <rtept lat="28.040235" lon="87.210186">
      <ele>5089.0</ele>
    </rtept>
    <rtept lat="28.040274" lon="87.21029">
      <ele>5089.0</ele>
    </rtept>
    <rtept lat="28.040308" lon="87.210404">
      <ele>5089.0</ele>
    </rtept>
    <rtept lat="28.040365" lon="87.210505">
      <ele>5091.0</ele>
    </rtept>
    <rtept lat="28.040429" lon="87.210599">
      <ele>5100.0</ele>
    </rtept>
    <rtept lat="28.04049" lon="87.210693">
      <ele>5100.0</ele>
    </rtept>
    <rtept lat="28.040557" lon="87.210777">
      <ele>5102.0</ele>
    </rtept>
    <rtept lat="28.040611" lon="87.21087">
      <ele>5102.0</ele>
    </rtept>
    <rtept lat="28.040661" lon="87.210965">
      <ele>5102.0</ele>
    </rtept>
    <rtept lat="28.040671" lon="87.211083">
      <ele>5100.0</ele>
    </rtept>
    <rtept lat="28.040663" lon="87.2112">
      <ele>5100.0</ele>
    </rtept>
    <rtept lat="28.040666" lon="87.211315">
      <ele>5092.0</ele>
    </rtept>
    <rtept lat="28.040689" lon="87.211428">
      <ele>5092.0</ele>
    </rtept>
    <rtept lat="28.040735" lon="87.211527">
      <ele>5091.0</ele>
    </rtept>
    <rtept lat="28.04077" lon="87.211628">
      <ele>5087.0</ele>
    </rtept>
    <rtept lat="28.040779" lon="87.211731">
      <ele>5087.0</ele>
    </rtept>
    <rtept lat="28.040816" lon="87.211829">
      <ele>5089.0</ele>
    </rtept>
    <rtept lat="28.040871" lon="87.211916">
      <ele>5089.0</ele>
    </rtept>
    <rtept lat="28.040929" lon="87.212013">
      <ele>5089.0</ele>
    </rtept>
    <rtept lat="28.040989" lon="87.212108">
      <ele>5077.0</ele>
    </rtept>
    <rtept lat="28.041001" lon="87.212216">
      <ele>5077.0</ele>
    </rtept>
    <rtept lat="28.040996" lon="87.21233">
      <ele>5077.0</ele>
    </rtept>
    <rtept lat="28.040987" lon="87.212448">
      <ele>5077.0</ele>
    </rtept>
    <rtept lat="28.041009" lon="87.212552">
      <ele>5077.0</ele>
    </rtept>
    <rtept lat="28.041042" lon="87.21265">
      <ele>5072.0</ele>
    </rtept>
    <rtept lat="28.041072" lon="87.212747">
      <ele>5072.0</ele>
    </rtept>
    <rtept lat="28.041097" lon="87.21285">
      <ele>5072.0</ele>
    </rtept>
    <rtept lat="28.041094" lon="87.21296">
      <ele>5069.0</ele>
    </rtept>
    <rtept lat="28.041096" lon="87.213069">
      <ele>5069.0</ele>
    </rtept>
    <rtept lat="28.041066" lon="87.213168">
      <ele>5069.0</ele>
    </rtept>
    <rtept lat="28.040995" lon="87.213235">
      <ele>5076.0</ele>
    </rtept>
    <rtept lat="28.040962" lon="87.213328">
      <ele>5074.0</ele>
    </rtept>
    <rtept lat="28.040937" lon="87.213426">
      <ele>5074.0</ele>
    </rtept>
    <rtept lat="28.040899" lon="87.213523">
      <ele>5072.0</ele>
    </rtept>
    <rtept lat="28.040837" lon="87.213598">
      <ele>5072.0</ele>
    </rtept>
    <rtept lat="28.040779" lon="87.213678">
      <ele>5072.0</ele>
    </rtept>
    <rtept lat="28.040738" lon="87.213769">
      <ele>5069.0</ele>
    </rtept>
    <rtept lat="28.040723" lon="87.213878">
      <ele>5069.0</ele>
    </rtept>
    <rtept lat="28.040732" lon="87.213984">
      <ele>5069.0</ele>
    </rtept>
    <rtept lat="28.04074" lon="87.214092">
      <ele>5060.0</ele>
    </rtept>
    <rtept lat="28.040791" lon="87.214182">
      <ele>5060.0</ele>
    </rtept>
    <rtept lat="28.040813" lon="87.21429">
      <ele>5060.0</ele>
    </rtept>
    <rtept lat="28.040801" lon="87.214402">
      <ele>5065.0</ele>
    </rtept>
    <rtept lat="28.040766" lon="87.214504">
      <ele>5065.0</ele>
    </rtept>
    <rtept lat="28.040738" lon="87.214607">
      <ele>5065.0</ele>
    </rtept>
    <rtept lat="28.040732" lon="87.214712">
      <ele>5065.0</ele>
    </rtept>
    <rtept lat="28.040774" lon="87.214806">
      <ele>5065.0</ele>
    </rtept>
    <rtept lat="28.040774" lon="87.214806">
      <ele>5065.0</ele>
    </rtept>
    <rtept lat="28.040723" lon="87.214873">
      <ele>5068.0</ele>
    </rtept>
    <rtept lat="28.040723" lon="87.214873">
      <ele>5068.0</ele>
    </rtept>
    <rtept lat="28.040724" lon="87.214978">
      <ele>5068.0</ele>
    </rtept>
    <rtept lat="28.040675" lon="87.21506">
      <ele>5061.0</ele>
    </rtept>
    <rtept lat="28.0407" lon="87.215151">
      <ele>5071.0</ele>
    </rtept>
    <rtept lat="28.040763" lon="87.215231">
      <ele>5071.0</ele>
    </rtept>
    <rtept lat="28.040785" lon="87.215334">
      <ele>5071.0</ele>
    </rtept>
    <rtept lat="28.040803" lon="87.215441">
      <ele>5075.0</ele>
    </rtept>
    <rtept lat="28.040819" lon="87.215544">
      <ele>5075.0</ele>
    </rtept>
    <rtept lat="28.040889" lon="87.215597">
      <ele>5075.0</ele>
    </rtept>
    <rtept lat="28.04094" lon="87.215677">
      <ele>5075.0</ele>
    </rtept>
    <rtept lat="28.041005" lon="87.215747">
      <ele>5085.0</ele>
    </rtept>
    <rtept lat="28.041068" lon="87.215825">
      <ele>5085.0</ele>
    </rtept>
    <rtept lat="28.04113" lon="87.215909">
      <ele>5085.0</ele>
    </rtept>
    <rtept lat="28.041187" lon="87.216001">
      <ele>5085.0</ele>
    </rtept>
    <rtept lat="28.041229" lon="87.216099">
      <ele>5085.0</ele>
    </rtept>
    <rtept lat="28.041266" lon="87.216196">
      <ele>5085.0</ele>
    </rtept>
    <rtept lat="28.041313" lon="87.216283">
      <ele>5080.0</ele>
    </rtept>
    <rtept lat="28.041349" lon="87.21638">
      <ele>5080.0</ele>
    </rtept>
    <rtept lat="28.041321" lon="87.216479">
      <ele>5080.0</ele>
    </rtept>
    <rtept lat="28.041332" lon="87.216581">
      <ele>5070.0</ele>
    </rtept>
    <rtept lat="28.041347" lon="87.216688">
      <ele>5070.0</ele>
    </rtept>
    <rtept lat="28.041403" lon="87.216659">
      <ele>5070.0</ele>
    </rtept>
    <rtept lat="28.041483" lon="87.216588">
      <ele>5070.0</ele>
    </rtept>
    <rtept lat="28.041578" lon="87.216582">
      <ele>5056.0</ele>
    </rtept>
    <rtept lat="28.041646" lon="87.216649">
      <ele>5056.0</ele>
    </rtept>
    <rtept lat="28.041696" lon="87.216742">
      <ele>5056.0</ele>
    </rtept>
    <rtept lat="28.041748" lon="87.216843">
      <ele>5048.0</ele>
    </rtept>
    <rtept lat="28.041792" lon="87.21695">
      <ele>5048.0</ele>
    </rtept>
    <rtept lat="28.041798" lon="87.217064">
      <ele>5048.0</ele>
    </rtept>
    <rtept lat="28.041793" lon="87.217172">
      <ele>5041.0</ele>
    </rtept>
    <rtept lat="28.041769" lon="87.217278">
      <ele>5041.0</ele>
    </rtept>
    <rtept lat="28.041722" lon="87.217385">
      <ele>5034.0</ele>
    </rtept>
    <rtept lat="28.041688" lon="87.217493">
      <ele>5034.0</ele>
    </rtept>
    <rtept lat="28.04166" lon="87.217604">
      <ele>5034.0</ele>
    </rtept>
    <rtept lat="28.041623" lon="87.217717">
      <ele>5032.0</ele>
    </rtept>
    <rtept lat="28.041592" lon="87.217819">
      <ele>5032.0</ele>
    </rtept>
    <rtept lat="28.041561" lon="87.217925">
      <ele>5016.0</ele>
    </rtept>
    <rtept lat="28.041528" lon="87.218022">
      <ele>5016.0</ele>
    </rtept>
    <rtept lat="28.041586" lon="87.218067">
      <ele>5016.0</ele>
    </rtept>
    <rtept lat="28.041646" lon="87.218141">
      <ele>5016.0</ele>
    </rtept>
    <rtept lat="28.041712" lon="87.218231">
      <ele>5005.0</ele>
    </rtept>
    <rtept lat="28.041761" lon="87.218335">
      <ele>5005.0</ele>
    </rtept>
    <rtept lat="28.041798" lon="87.218446">
      <ele>5005.0</ele>
    </rtept>
    <rtept lat="28.041859" lon="87.218545">
      <ele>4995.0</ele>
    </rtept>
    <rtept lat="28.041945" lon="87.218584">
      <ele>4995.0</ele>
    </rtept>
    <rtept lat="28.042016" lon="87.218562">
      <ele>4995.0</ele>
    </rtept>
    <rtept lat="28.042097" lon="87.218583">
      <ele>4996.0</ele>
    </rtept>
    <rtept lat="28.042186" lon="87.218621">
      <ele>4996.0</ele>
    </rtept>
    <rtept lat="28.042244" lon="87.218713">
      <ele>4996.0</ele>
    </rtept>
    <rtept lat="28.042318" lon="87.218796">
      <ele>4984.0</ele>
    </rtept>
    <rtept lat="28.042409" lon="87.218866">
      <ele>4971.0</ele>
    </rtept>
    <rtept lat="28.042504" lon="87.218905">
      <ele>4971.0</ele>
    </rtept>
    <rtept lat="28.042597" lon="87.218918">
      <ele>4971.0</ele>
    </rtept>
    <rtept lat="28.042697" lon="87.218901">
      <ele>4971.0</ele>
    </rtept>
    <rtept lat="28.042793" lon="87.218865">
      <ele>4971.0</ele>
    </rtept>
    <rtept lat="28.042887" lon="87.218895">
      <ele>4971.0</ele>
    </rtept>
    <rtept lat="28.042964" lon="87.21896">
      <ele>4967.0</ele>
    </rtept>
    <rtept lat="28.043043" lon="87.219021">
      <ele>4967.0</ele>
    </rtept>
    <rtept lat="28.043129" lon="87.219077">
      <ele>4944.0</ele>
    </rtept>
    <rtept lat="28.043217" lon="87.21913">
      <ele>4948.0</ele>
    </rtept>
    <rtept lat="28.043303" lon="87.219196">
      <ele>4948.0</ele>
    </rtept>
    <rtept lat="28.04338" lon="87.219259">
      <ele>4948.0</ele>
    </rtept>
    <rtept lat="28.043419" lon="87.219357">
      <ele>4927.0</ele>
    </rtept>
    <rtept lat="28.043456" lon="87.219459">
      <ele>4927.0</ele>
    </rtept>
    <rtept lat="28.043436" lon="87.219563">
      <ele>4927.0</ele>
    </rtept>
    <rtept lat="28.043467" lon="87.219655">
      <ele>4919.0</ele>
    </rtept>
    <rtept lat="28.043524" lon="87.21974">
      <ele>4934.0</ele>
    </rtept>
    <rtept lat="28.043473" lon="87.219748">
      <ele>4934.0</ele>
    </rtept>
    <rtept lat="28.04342" lon="87.219813">
      <ele>4919.0</ele>
    </rtept>
    <rtept lat="28.043451" lon="87.219887">
      <ele>4900.0</ele>
    </rtept>
    <rtept lat="28.043396" lon="87.21993">
      <ele>4900.0</ele>
    </rtept>
    <rtept lat="28.043307" lon="87.219951">
      <ele>4900.0</ele>
    </rtept>
    <rtept lat="28.043218" lon="87.219996">
      <ele>4900.0</ele>
    </rtept>
    <rtept lat="28.04323" lon="87.220084">
      <ele>4900.0</ele>
    </rtept>
    <rtept lat="28.04324" lon="87.220197">
      <ele>4889.0</ele>
    </rtept>
    <rtept lat="28.043178" lon="87.220204">
      <ele>4879.0</ele>
    </rtept>
    <rtept lat="28.043166" lon="87.220284">
      <ele>4879.0</ele>
    </rtept>
    <rtept lat="28.043174" lon="87.220392">
      <ele>4879.0</ele>
    </rtept>
    <rtept lat="28.043112" lon="87.220426">
      <ele>4863.0</ele>
    </rtept>
    <rtept lat="28.043064" lon="87.220501">
      <ele>4863.0</ele>
    </rtept>
    <rtept lat="28.043062" lon="87.2206">
      <ele>4863.0</ele>
    </rtept>
    <rtept lat="28.043074" lon="87.220705">
      <ele>4848.0</ele>
    </rtept>
    <rtept lat="28.043096" lon="87.22081">
      <ele>4848.0</ele>
    </rtept>
    <rtept lat="28.043131" lon="87.220925">
      <ele>4848.0</ele>
    </rtept>
    <rtept lat="28.043171" lon="87.221029">
      <ele>4843.0</ele>
    </rtept>
    <rtept lat="28.043216" lon="87.221123">
      <ele>4848.0</ele>
    </rtept>
    <rtept lat="28.043232" lon="87.221231">
      <ele>4848.0</ele>
    </rtept>
    <rtept lat="28.043158" lon="87.221252">
      <ele>4829.0</ele>
    </rtept>
    <rtept lat="28.043119" lon="87.221327">
      <ele>4829.0</ele>
    </rtept>
    <rtept lat="28.043036" lon="87.221331">
      <ele>4829.0</ele>
    </rtept>
    <rtept lat="28.042964" lon="87.221388">
      <ele>4829.0</ele>
    </rtept>
    <rtept lat="28.042941" lon="87.221487">
      <ele>4829.0</ele>
    </rtept>
    <rtept lat="28.042868" lon="87.22149">
      <ele>4812.0</ele>
    </rtept>
    <rtept lat="28.042835" lon="87.221562">
      <ele>4806.0</ele>
    </rtept>
    <rtept lat="28.042847" lon="87.221659">
      <ele>4806.0</ele>
    </rtept>
    <rtept lat="28.042814" lon="87.221748">
      <ele>4806.0</ele>
    </rtept>
    <rtept lat="28.042819" lon="87.221854">
      <ele>4801.0</ele>
    </rtept>
    <rtept lat="28.042807" lon="87.221966">
      <ele>4801.0</ele>
    </rtept>
    <rtept lat="28.04279" lon="87.222082">
      <ele>4801.0</ele>
    </rtept>
    <rtept lat="28.042803" lon="87.222187">
      <ele>4796.0</ele>
    </rtept>
    <rtept lat="28.042821" lon="87.222289">
      <ele>4796.0</ele>
    </rtept>
    <rtept lat="28.042806" lon="87.222387">
      <ele>4796.0</ele>
    </rtept>
    <rtept lat="28.042769" lon="87.222492">
      <ele>4796.0</ele>
    </rtept>
    <rtept lat="28.04272" lon="87.222592">
      <ele>4796.0</ele>
    </rtept>
    <rtept lat="28.042676" lon="87.222702">
      <ele>4793.0</ele>
    </rtept>
    <rtept lat="28.042632" lon="87.222812">
      <ele>4799.0</ele>
    </rtept>
    <rtept lat="28.042579" lon="87.222901">
      <ele>4799.0</ele>
    </rtept>
    <rtept lat="28.042519" lon="87.222986">
      <ele>4798.0</ele>
    </rtept>
    <rtept lat="28.042482" lon="87.223088">
      <ele>4798.0</ele>
    </rtept>
    <rtept lat="28.042485" lon="87.223194">
      <ele>4798.0</ele>
    </rtept>
    <rtept lat="28.04247" lon="87.223307">
      <ele>4796.0</ele>
    </rtept>
    <rtept lat="28.042459" lon="87.223413">
      <ele>4796.0</ele>
    </rtept>
    <rtept lat="28.042478" lon="87.223518">
      <ele>4791.0</ele>
    </rtept>
    <rtept lat="28.042488" lon="87.223622">
      <ele>4791.0</ele>
    </rtept>
    <rtept lat="28.042486" lon="87.223731">
      <ele>4791.0</ele>
    </rtept>
    <rtept lat="28.042468" lon="87.223835">
      <ele>4790.0</ele>
    </rtept>
    <rtept lat="28.042414" lon="87.22393">
      <ele>4790.0</ele>
    </rtept>
    <rtept lat="28.042345" lon="87.224023">
      <ele>4785.0</ele>
    </rtept>
    <rtept lat="28.042267" lon="87.22409">
      <ele>4807.0</ele>
    </rtept>
    <rtept lat="28.042195" lon="87.224158">
      <ele>4807.0</ele>
    </rtept>
    <rtept lat="28.042121" lon="87.224226">
      <ele>4807.0</ele>
    </rtept>
    <rtept lat="28.042057" lon="87.224315">
      <ele>4810.0</ele>
    </rtept>
    <rtept lat="28.042015" lon="87.224416">
      <ele>4810.0</ele>
    </rtept>
    <rtept lat="28.041998" lon="87.22452">
      <ele>4810.0</ele>
    </rtept>
    <rtept lat="28.041991" lon="87.224631">
      <ele>4820.0</ele>
    </rtept>
    <rtept lat="28.041983" lon="87.224737">
      <ele>4820.0</ele>
    </rtept>
    <rtept lat="28.041985" lon="87.224847">
      <ele>4820.0</ele>
    </rtept>
    <rtept lat="28.04201" lon="87.224952">
      <ele>4823.0</ele>
    </rtept>
    <rtept lat="28.042041" lon="87.225053">
      <ele>4823.0</ele>
    </rtept>
    <rtept lat="28.042055" lon="87.225156">
      <ele>4819.0</ele>
    </rtept>
    <rtept lat="28.042072" lon="87.225262">
      <ele>4819.0</ele>
    </rtept>
    <rtept lat="28.042082" lon="87.225371">
      <ele>4819.0</ele>
    </rtept>
    <rtept lat="28.042109" lon="87.225469">
      <ele>4828.0</ele>
    </rtept>
    <rtept lat="28.042164" lon="87.225553">
      <ele>4828.0</ele>
    </rtept>
    <rtept lat="28.04223" lon="87.225635">
      <ele>4828.0</ele>
    </rtept>
    <rtept lat="28.042283" lon="87.225725">
      <ele>4826.0</ele>
    </rtept>
    <rtept lat="28.04232" lon="87.225823">
      <ele>4826.0</ele>
    </rtept>
    <rtept lat="28.042352" lon="87.225927">
      <ele>4826.0</ele>
    </rtept>
    <rtept lat="28.042389" lon="87.226024">
      <ele>4822.0</ele>
    </rtept>
    <rtept lat="28.042442" lon="87.226114">
      <ele>4822.0</ele>
    </rtept>
    <rtept lat="28.04248" lon="87.226212">
      <ele>4822.0</ele>
    </rtept>
    <rtept lat="28.042503" lon="87.226319">
      <ele>4805.0</ele>
    </rtept>
    <rtept lat="28.042548" lon="87.226412">
      <ele>4805.0</ele>
    </rtept>
    <rtept lat="28.042575" lon="87.226518">
      <ele>4805.0</ele>
    </rtept>
    <rtept lat="28.042603" lon="87.22662">
      <ele>4793.0</ele>
    </rtept>
    <rtept lat="28.042656" lon="87.226712">
      <ele>4800.0</ele>
    </rtept>
    <rtept lat="28.042737" lon="87.226764">
      <ele>4800.0</ele>
    </rtept>
    <rtept lat="28.042804" lon="87.226833">
      <ele>4792.0</ele>
    </rtept>
    <rtept lat="28.042787" lon="87.226921">
      <ele>4792.0</ele>
    </rtept>
    <rtept lat="28.042775" lon="87.227023">
      <ele>4792.0</ele>
    </rtept>
    <rtept lat="28.04281" lon="87.227121">
      <ele>4785.0</ele>
    </rtept>
    <rtept lat="28.042808" lon="87.227231">
      <ele>4785.0</ele>
    </rtept>
    <rtept lat="28.042791" lon="87.227352">
      <ele>4785.0</ele>
    </rtept>
    <rtept lat="28.042791" lon="87.227462">
      <ele>4769.0</ele>
    </rtept>
    <rtept lat="28.042815" lon="87.227562">
      <ele>4769.0</ele>
    </rtept>
    <rtept lat="28.042829" lon="87.227673">
      <ele>4757.0</ele>
    </rtept>
    <rtept lat="28.042857" lon="87.227785">
      <ele>4757.0</ele>
    </rtept>
    <rtept lat="28.042871" lon="87.227891">
      <ele>4757.0</ele>
    </rtept>
    <rtept lat="28.042877" lon="87.227994">
      <ele>4752.0</ele>
    </rtept>
    <rtept lat="28.042875" lon="87.228106">
      <ele>4752.0</ele>
    </rtept>
    <rtept lat="28.042876" lon="87.228221">
      <ele>4758.0</ele>
    </rtept>
    <rtept lat="28.042878" lon="87.228334">
      <ele>4758.0</ele>
    </rtept>
    <rtept lat="28.042891" lon="87.228451">
      <ele>4758.0</ele>
    </rtept>
    <rtept lat="28.042908" lon="87.228572">
      <ele>4764.0</ele>
    </rtept>
    <rtept lat="28.042922" lon="87.228688">
      <ele>4770.0</ele>
    </rtept>
    <rtept lat="28.04293" lon="87.228804">
      <ele>4790.0</ele>
    </rtept>
    <rtept lat="28.042929" lon="87.228911">
      <ele>4790.0</ele>
    </rtept>
    <rtept lat="28.042917" lon="87.229022">
      <ele>4790.0</ele>
    </rtept>
    <rtept lat="28.0429" lon="87.229136">
      <ele>4785.0</ele>
    </rtept>
    <rtept lat="28.042856" lon="87.229229">
      <ele>4785.0</ele>
    </rtept>
    <rtept lat="28.042824" lon="87.229334">
      <ele>4788.0</ele>
    </rtept>
    <rtept lat="28.042789" lon="87.229437">
      <ele>4788.0</ele>
    </rtept>
    <rtept lat="28.042773" lon="87.229539">
      <ele>4788.0</ele>
    </rtept>
    <rtept lat="28.042772" lon="87.22965">
      <ele>4791.0</ele>
    </rtept>
    <rtept lat="28.042775" lon="87.229761">
      <ele>4791.0</ele>
    </rtept>
    <rtept lat="28.042774" lon="87.22988">
      <ele>4794.0</ele>
    </rtept>
    <rtept lat="28.042761" lon="87.229994">
      <ele>4794.0</ele>
    </rtept>
    <rtept lat="28.042751" lon="87.230111">
      <ele>4794.0</ele>
    </rtept>
    <rtept lat="28.042742" lon="87.230223">
      <ele>4792.0</ele>
    </rtept>
    <rtept lat="28.042731" lon="87.230339">
      <ele>4792.0</ele>
    </rtept>
    <rtept lat="28.042741" lon="87.230459">
      <ele>4794.0</ele>
    </rtept>
    <rtept lat="28.042756" lon="87.230572">
      <ele>4794.0</ele>
    </rtept>
    <rtept lat="28.042774" lon="87.230679">
      <ele>4794.0</ele>
    </rtept>
    <rtept lat="28.042798" lon="87.230793">
      <ele>4793.0</ele>
    </rtept>
    <rtept lat="28.042805" lon="87.230908">
      <ele>4793.0</ele>
    </rtept>
    <rtept lat="28.042808" lon="87.231013">
      <ele>4786.0</ele>
    </rtept>
    <rtept lat="28.042814" lon="87.231127">
      <ele>4786.0</ele>
    </rtept>
    <rtept lat="28.042815" lon="87.231244">
      <ele>4786.0</ele>
    </rtept>
    <rtept lat="28.042814" lon="87.231356">
      <ele>4771.0</ele>
    </rtept>
    <rtept lat="28.042814" lon="87.231356">
      <ele>4771.0</ele>
    </rtept>
    <rtept lat="28.042855" lon="87.231448">
      <ele>4771.0</ele>
    </rtept>
    <rtept lat="28.042855" lon="87.231448">
      <ele>4771.0</ele>
    </rtept>
    <rtept lat="28.042915" lon="87.231543">
      <ele>4766.0</ele>
    </rtept>
    <rtept lat="28.042988" lon="87.231636">
      <ele>4778.0</ele>
    </rtept>
    <rtept lat="28.04305" lon="87.231734">
      <ele>4778.0</ele>
    </rtept>
    <rtept lat="28.043099" lon="87.231841">
      <ele>4776.0</ele>
    </rtept>
    <rtept lat="28.043129" lon="87.231952">
      <ele>4776.0</ele>
    </rtept>
    <rtept lat="28.043158" lon="87.232038">
      <ele>4776.0</ele>
    </rtept>
    <rtept lat="28.043202" lon="87.232136">
      <ele>4771.0</ele>
    </rtept>
    <rtept lat="28.043255" lon="87.232238">
      <ele>4771.0</ele>
    </rtept>
    <rtept lat="28.043312" lon="87.232327">
      <ele>4771.0</ele>
    </rtept>
    <rtept lat="28.043377" lon="87.232411">
      <ele>4757.0</ele>
    </rtept>
    <rtept lat="28.043433" lon="87.232493">
      <ele>4757.0</ele>
    </rtept>
    <rtept lat="28.043501" lon="87.232573">
      <ele>4769.0</ele>
    </rtept>
    <rtept lat="28.043577" lon="87.232651">
      <ele>4756.0</ele>
    </rtept>
    <rtept lat="28.043644" lon="87.232731">
      <ele>4756.0</ele>
    </rtept>
    <rtept lat="28.043704" lon="87.232826">
      <ele>4756.0</ele>
    </rtept>
    <rtept lat="28.043747" lon="87.232929">
      <ele>4737.0</ele>
    </rtept>
    <rtept lat="28.043755" lon="87.233035">
      <ele>4743.0</ele>
    </rtept>
    <rtept lat="28.043764" lon="87.233144">
      <ele>4743.0</ele>
    </rtept>
    <rtept lat="28.043767" lon="87.233256">
      <ele>4733.0</ele>
    </rtept>
    <rtept lat="28.043772" lon="87.233365">
      <ele>4733.0</ele>
    </rtept>
    <rtept lat="28.043774" lon="87.233469">
      <ele>4733.0</ele>
    </rtept>
    <rtept lat="28.043791" lon="87.233584">
      <ele>4726.0</ele>
    </rtept>
    <rtept lat="28.043823" lon="87.233695">
      <ele>4726.0</ele>
    </rtept>
    <rtept lat="28.043888" lon="87.233768">
      <ele>4720.0</ele>
    </rtept>
    <rtept lat="28.043952" lon="87.233848">
      <ele>4720.0</ele>
    </rtept>
    <rtept lat="28.043962" lon="87.233951">
      <ele>4720.0</ele>
    </rtept>
    <rtept lat="28.043961" lon="87.234055">
      <ele>4713.0</ele>
    </rtept>
    <rtept lat="28.04393" lon="87.234156">
      <ele>4713.0</ele>
    </rtept>
    <rtept lat="28.043945" lon="87.234253">
      <ele>4713.0</ele>
    </rtept>
    <rtept lat="28.04396" lon="87.23429">
      <ele>4713.0</ele>
    </rtept>
    <rtept lat="28.044006" lon="87.234354">
      <ele>4706.0</ele>
    </rtept>
    <rtept lat="28.044079" lon="87.234413">
      <ele>4711.0</ele>
    </rtept>
    <rtept lat="28.044098" lon="87.234513">
      <ele>4711.0</ele>
    </rtept>
    <rtept lat="28.0441" lon="87.234619">
      <ele>4713.0</ele>
    </rtept>
    <rtept lat="28.04415" lon="87.234709">
      <ele>4713.0</ele>
    </rtept>
    <rtept lat="28.044165" lon="87.234821">
      <ele>4713.0</ele>
    </rtept>
    <rtept lat="28.044218" lon="87.234911">
      <ele>4710.0</ele>
    </rtept>
    <rtept lat="28.044282" lon="87.234997">
      <ele>4710.0</ele>
    </rtept>
    <rtept lat="28.044347" lon="87.235078">
      <ele>4713.0</ele>
    </rtept>
    <rtept lat="28.04441" lon="87.235166">
      <ele>4709.0</ele>
    </rtept>
    <rtept lat="28.044458" lon="87.235268">
      <ele>4709.0</ele>
    </rtept>
    <rtept lat="28.044495" lon="87.235382">
      <ele>4709.0</ele>
    </rtept>
    <rtept lat="28.044528" lon="87.2355">
      <ele>4705.0</ele>
    </rtept>
    <rtept lat="28.044576" lon="87.235611">
      <ele>4705.0</ele>
    </rtept>
    <rtept lat="28.044643" lon="87.235687">
      <ele>4708.0</ele>
    </rtept>
    <rtept lat="28.04469" lon="87.235772">
      <ele>4700.0</ele>
    </rtept>
    <rtept lat="28.044733" lon="87.235876">
      <ele>4700.0</ele>
    </rtept>
    <rtept lat="28.044765" lon="87.235978">
      <ele>4690.0</ele>
    </rtept>
    <rtept lat="28.044821" lon="87.236068">
      <ele>4690.0</ele>
    </rtept>
    <rtept lat="28.044869" lon="87.236172">
      <ele>4698.0</ele>
    </rtept>
    <rtept lat="28.044895" lon="87.23628">
      <ele>4687.0</ele>
    </rtept>
    <rtept lat="28.044942" lon="87.236379">
      <ele>4687.0</ele>
    </rtept>
    <rtept lat="28.044967" lon="87.236491">
      <ele>4687.0</ele>
    </rtept>
    <rtept lat="28.045013" lon="87.23659">
      <ele>4684.0</ele>
    </rtept>
    <rtept lat="28.045069" lon="87.236687">
      <ele>4684.0</ele>
    </rtept>
    <rtept lat="28.045116" lon="87.236791">
      <ele>4684.0</ele>
    </rtept>
    <rtept lat="28.045178" lon="87.236878">
      <ele>4684.0</ele>
    </rtept>
    <rtept lat="28.045251" lon="87.236943">
      <ele>4684.0</ele>
    </rtept>
    <rtept lat="28.0453" lon="87.237032">
      <ele>4684.0</ele>
    </rtept>
    <rtept lat="28.045381" lon="87.237097">
      <ele>4677.0</ele>
    </rtept>
    <rtept lat="28.045455" lon="87.237168">
      <ele>4677.0</ele>
    </rtept>
    <rtept lat="28.045508" lon="87.237259">
      <ele>4677.0</ele>
    </rtept>
    <rtept lat="28.045575" lon="87.237331">
      <ele>4677.0</ele>
    </rtept>
    <rtept lat="28.045653" lon="87.237387">
      <ele>4660.0</ele>
    </rtept>
    <rtept lat="28.045744" lon="87.23739">
      <ele>4657.0</ele>
    </rtept>
    <rtept lat="28.045832" lon="87.23742">
      <ele>4657.0</ele>
    </rtept>
    <rtept lat="28.045928" lon="87.23745">
      <ele>4657.0</ele>
    </rtept>
    <rtept lat="28.045991" lon="87.237527">
      <ele>4650.0</ele>
    </rtept>
    <rtept lat="28.046065" lon="87.237589">
      <ele>4650.0</ele>
    </rtept>
    <rtept lat="28.046143" lon="87.237654">
      <ele>4645.0</ele>
    </rtept>
    <rtept lat="28.046207" lon="87.23773">
      <ele>4645.0</ele>
    </rtept>
    <rtept lat="28.046266" lon="87.237814">
      <ele>4642.0</ele>
    </rtept>
    <rtept lat="28.046316" lon="87.237904">
      <ele>4642.0</ele>
    </rtept>
    <rtept lat="28.04638" lon="87.237991">
      <ele>4640.0</ele>
    </rtept>
    <rtept lat="28.046426" lon="87.238085">
      <ele>4640.0</ele>
    </rtept>
    <rtept lat="28.046471" lon="87.238186">
      <ele>4640.0</ele>
    </rtept>
    <rtept lat="28.046508" lon="87.238293">
      <ele>4629.0</ele>
    </rtept>
    <rtept lat="28.046564" lon="87.238388">
      <ele>4628.0</ele>
    </rtept>
    <rtept lat="28.04664" lon="87.23847">
      <ele>4628.0</ele>
    </rtept>
    <rtept lat="28.046704" lon="87.238548">
      <ele>4621.0</ele>
    </rtept>
    <rtept lat="28.046762" lon="87.238644">
      <ele>4621.0</ele>
    </rtept>
    <rtept lat="28.046822" lon="87.238727">
      <ele>4632.0</ele>
    </rtept>
    <rtept lat="28.046884" lon="87.238817">
      <ele>4616.0</ele>
    </rtept>
    <rtept lat="28.046939" lon="87.238903">
      <ele>4616.0</ele>
    </rtept>
    <rtept lat="28.046986" lon="87.238992">
      <ele>4616.0</ele>
    </rtept>
    <rtept lat="28.047018" lon="87.239103">
      <ele>4591.0</ele>
    </rtept>
    <rtept lat="28.047058" lon="87.239214">
      <ele>4591.0</ele>
    </rtept>
    <rtept lat="28.047107" lon="87.239316">
      <ele>4594.0</ele>
    </rtept>
    <rtept lat="28.047147" lon="87.239417">
      <ele>4594.0</ele>
    </rtept>
    <rtept lat="28.047191" lon="87.239512">
      <ele>4594.0</ele>
    </rtept>
    <rtept lat="28.047249" lon="87.239607">
      <ele>4584.0</ele>
    </rtept>
    <rtept lat="28.047317" lon="87.239696">
      <ele>4584.0</ele>
    </rtept>
    <rtept lat="28.047386" lon="87.239775">
      <ele>4585.0</ele>
    </rtept>
    <rtept lat="28.047456" lon="87.239859">
      <ele>4585.0</ele>
    </rtept>
    <rtept lat="28.04752" lon="87.239948">
      <ele>4582.0</ele>
    </rtept>
    <rtept lat="28.047576" lon="87.240048">
      <ele>4582.0</ele>
    </rtept>
    <rtept lat="28.047632" lon="87.240148">
      <ele>4563.0</ele>
    </rtept>
    <rtept lat="28.047711" lon="87.240222">
      <ele>4570.0</ele>
    </rtept>
    <rtept lat="28.047794" lon="87.240275">
      <ele>4570.0</ele>
    </rtept>
    <rtept lat="28.047874" lon="87.240351">
      <ele>4570.0</ele>
    </rtept>
    <rtept lat="28.047932" lon="87.240449">
      <ele>4572.0</ele>
    </rtept>
    <rtept lat="28.047991" lon="87.240547">
      <ele>4572.0</ele>
    </rtept>
    <rtept lat="28.048045" lon="87.240636">
      <ele>4572.0</ele>
    </rtept>
    <rtept lat="28.048105" lon="87.240724">
      <ele>4567.0</ele>
    </rtept>
    <rtept lat="28.048191" lon="87.240772">
      <ele>4567.0</ele>
    </rtept>
    <rtept lat="28.048258" lon="87.240839">
      <ele>4569.0</ele>
    </rtept>
    <rtept lat="28.048343" lon="87.240887">
      <ele>4569.0</ele>
    </rtept>
    <rtept lat="28.048415" lon="87.240954">
      <ele>4569.0</ele>
    </rtept>
    <rtept lat="28.048481" lon="87.241027">
      <ele>4573.0</ele>
    </rtept>
    <rtept lat="28.048541" lon="87.241105">
      <ele>4573.0</ele>
    </rtept>
    <rtept lat="28.048617" lon="87.241175">
      <ele>4573.0</ele>
    </rtept>
    <rtept lat="28.048701" lon="87.241234">
      <ele>4573.0</ele>
    </rtept>
    <rtept lat="28.048794" lon="87.241281">
      <ele>4575.0</ele>
    </rtept>
    <rtept lat="28.048886" lon="87.241318">
      <ele>4575.0</ele>
    </rtept>
    <rtept lat="28.048973" lon="87.241372">
      <ele>4575.0</ele>
    </rtept>
    <rtept lat="28.04906" lon="87.24143">
      <ele>4579.0</ele>
    </rtept>
    <rtept lat="28.049131" lon="87.241507">
      <ele>4579.0</ele>
    </rtept>
    <rtept lat="28.049199" lon="87.241577">
      <ele>4563.0</ele>
    </rtept>
    <rtept lat="28.049261" lon="87.241668">
      <ele>4563.0</ele>
    </rtept>
    <rtept lat="28.049324" lon="87.241751">
      <ele>4560.0</ele>
    </rtept>
    <rtept lat="28.049395" lon="87.241834">
      <ele>4541.0</ele>
    </rtept>
    <rtept lat="28.049433" lon="87.241869">
      <ele>4541.0</ele>
    </rtept>
    <rtept lat="28.049504" lon="87.241927">
      <ele>4541.0</ele>
    </rtept>
    <rtept lat="28.049554" lon="87.242012">
      <ele>4541.0</ele>
    </rtept>
    <rtept lat="28.049612" lon="87.242103">
      <ele>4547.0</ele>
    </rtept>
    <rtept lat="28.04966" lon="87.242209">
      <ele>4547.0</ele>
    </rtept>
    <rtept lat="28.049727" lon="87.242306">
      <ele>4547.0</ele>
    </rtept>
    <rtept lat="28.049802" lon="87.242378">
      <ele>4535.0</ele>
    </rtept>
    <rtept lat="28.049866" lon="87.242454">
      <ele>4550.0</ele>
    </rtept>
    <rtept lat="28.049941" lon="87.242535">
      <ele>4550.0</ele>
    </rtept>
    <rtept lat="28.050027" lon="87.242581">
      <ele>4550.0</ele>
    </rtept>
    <rtept lat="28.050113" lon="87.242633">
      <ele>4550.0</ele>
    </rtept>
    <rtept lat="28.050181" lon="87.242713">
      <ele>4542.0</ele>
    </rtept>
    <rtept lat="28.050229" lon="87.242808">
      <ele>4542.0</ele>
    </rtept>
    <rtept lat="28.050273" lon="87.242908">
      <ele>4542.0</ele>
    </rtept>
    <rtept lat="28.050321" lon="87.243001">
      <ele>4536.0</ele>
    </rtept>
    <rtept lat="28.050369" lon="87.243098">
      <ele>4536.0</ele>
    </rtept>
    <rtept lat="28.05042" lon="87.243193">
      <ele>4545.0</ele>
    </rtept>
    <rtept lat="28.050481" lon="87.243272">
      <ele>4535.0</ele>
    </rtept>
    <rtept lat="28.050544" lon="87.243363">
      <ele>4535.0</ele>
    </rtept>
    <rtept lat="28.05059" lon="87.243457">
      <ele>4535.0</ele>
    </rtept>
    <rtept lat="28.050629" lon="87.24356">
      <ele>4520.0</ele>
    </rtept>
    <rtept lat="28.050646" lon="87.243666">
      <ele>4520.0</ele>
    </rtept>
    <rtept lat="28.050687" lon="87.243766">
      <ele>4513.0</ele>
    </rtept>
    <rtept lat="28.050724" lon="87.243878">
      <ele>4509.0</ele>
    </rtept>
    <rtept lat="28.050771" lon="87.243981">
      <ele>4509.0</ele>
    </rtept>
    <rtept lat="28.050822" lon="87.24407">
      <ele>4500.0</ele>
    </rtept>
    <rtept lat="28.050884" lon="87.244163">
      <ele>4500.0</ele>
    </rtept>
    <rtept lat="28.050957" lon="87.244249">
      <ele>4500.0</ele>
    </rtept>
    <rtept lat="28.051025" lon="87.24433">
      <ele>4500.0</ele>
    </rtept>
    <rtept lat="28.051082" lon="87.244415">
      <ele>4500.0</ele>
    </rtept>
    <rtept lat="28.051139" lon="87.244502">
      <ele>4500.0</ele>
    </rtept>
    <rtept lat="28.051193" lon="87.244603">
      <ele>4489.0</ele>
    </rtept>
    <rtept lat="28.051255" lon="87.244695">
      <ele>4501.0</ele>
    </rtept>
    <rtept lat="28.051308" lon="87.244786">
      <ele>4501.0</ele>
    </rtept>
    <rtept lat="28.05137" lon="87.244876">
      <ele>4490.0</ele>
    </rtept>
    <rtept lat="28.051424" lon="87.24498">
      <ele>4490.0</ele>
    </rtept>
    <rtept lat="28.051478" lon="87.245077">
      <ele>4490.0</ele>
    </rtept>
    <rtept lat="28.051527" lon="87.245169">
      <ele>4480.0</ele>
    </rtept>
    <rtept lat="28.051563" lon="87.245274">
      <ele>4484.0</ele>
    </rtept>
    <rtept lat="28.051582" lon="87.245387">
      <ele>4484.0</ele>
    </rtept>
    <rtept lat="28.051604" lon="87.245492">
      <ele>4470.0</ele>
    </rtept>
    <rtept lat="28.051657" lon="87.245579">
      <ele>4470.0</ele>
    </rtept>
    <rtept lat="28.05173" lon="87.245658">
      <ele>4470.0</ele>
    </rtept>
    <rtept lat="28.051821" lon="87.245713">
      <ele>4459.0</ele>
    </rtept>
    <rtept lat="28.05188" lon="87.24576">
      <ele>4459.0</ele>
    </rtept>
    <rtept lat="28.051947" lon="87.245818">
      <ele>4459.0</ele>
    </rtept>
    <rtept lat="28.052003" lon="87.2459">
      <ele>4459.0</ele>
    </rtept>
    <rtept lat="28.052064" lon="87.245988">
      <ele>4446.0</ele>
    </rtept>
    <rtept lat="28.052123" lon="87.246083">
      <ele>4458.0</ele>
    </rtept>
    <rtept lat="28.052172" lon="87.246187">
      <ele>4458.0</ele>
    </rtept>
    <rtept lat="28.052204" lon="87.246307">
      <ele>4447.0</ele>
    </rtept>
    <rtept lat="28.052212" lon="87.24643">
      <ele>4447.0</ele>
    </rtept>
    <rtept lat="28.052235" lon="87.246541">
      <ele>4445.0</ele>
    </rtept>
    <rtept lat="28.052268" lon="87.246653">
      <ele>4445.0</ele>
    </rtept>
    <rtept lat="28.052294" lon="87.246743">
      <ele>4445.0</ele>
    </rtept>
    <rtept lat="28.052339" lon="87.246831">
      <ele>4444.0</ele>
    </rtept>
    <rtept lat="28.052339" lon="87.246831">
      <ele>4444.0</ele>
    </rtept>
    <rtept lat="28.052421" lon="87.246883">
      <ele>4446.0</ele>
    </rtept>
    <rtept lat="28.052421" lon="87.246883">
      <ele>4446.0</ele>
    </rtept>
    <rtept lat="28.052421" lon="87.246883">
      <ele>4446.0</ele>
    </rtept>
    <rtept lat="28.052511" lon="87.246926">
      <ele>4446.0</ele>
    </rtept>
    <rtept lat="28.052511" lon="87.246926">
      <ele>4446.0</ele>
    </rtept>
    <rtept lat="28.052599" lon="87.246986">
      <ele>4446.0</ele>
    </rtept>
    <rtept lat="28.052676" lon="87.247069">
      <ele>4448.0</ele>
    </rtept>
    <rtept lat="28.05275" lon="87.247135">
      <ele>4437.0</ele>
    </rtept>
    <rtept lat="28.052825" lon="87.247199">
      <ele>4437.0</ele>
    </rtept>
    <rtept lat="28.052899" lon="87.247268">
      <ele>4437.0</ele>
    </rtept>
    <rtept lat="28.052966" lon="87.247332">
      <ele>4437.0</ele>
    </rtept>
    <rtept lat="28.053037" lon="87.247396">
      <ele>4427.0</ele>
    </rtept>
    <rtept lat="28.053116" lon="87.247441">
      <ele>4427.0</ele>
    </rtept>
    <rtept lat="28.053158" lon="87.247534">
      <ele>4427.0</ele>
    </rtept>
    <rtept lat="28.053214" lon="87.247628">
      <ele>4432.0</ele>
    </rtept>
    <rtept lat="28.053306" lon="87.247679">
      <ele>4418.0</ele>
    </rtept>
    <rtept lat="28.053399" lon="87.247709">
      <ele>4418.0</ele>
    </rtept>
    <rtept lat="28.053492" lon="87.247753">
      <ele>4427.0</ele>
    </rtept>
    <rtept lat="28.053573" lon="87.247813">
      <ele>4427.0</ele>
    </rtept>
    <rtept lat="28.053637" lon="87.247896">
      <ele>4427.0</ele>
    </rtept>
    <rtept lat="28.05367" lon="87.248004">
      <ele>4417.0</ele>
    </rtept>
    <rtept lat="28.053718" lon="87.248102">
      <ele>4417.0</ele>
    </rtept>
    <rtept lat="28.05379" lon="87.248186">
      <ele>4432.0</ele>
    </rtept>
    <rtept lat="28.053874" lon="87.248236">
      <ele>4428.0</ele>
    </rtept>
    <rtept lat="28.053965" lon="87.248288">
      <ele>4428.0</ele>
    </rtept>
    <rtept lat="28.054038" lon="87.248374">
      <ele>4433.0</ele>
    </rtept>
    <rtept lat="28.054106" lon="87.248461">
      <ele>4433.0</ele>
    </rtept>
    <rtept lat="28.054145" lon="87.248475">
      <ele>4430.0</ele>
    </rtept>
    <rtept lat="28.054188" lon="87.248538">
      <ele>4430.0</ele>
    </rtept>
    <rtept lat="28.054255" lon="87.2486">
      <ele>4430.0</ele>
    </rtept>
    <rtept lat="28.054324" lon="87.248671">
      <ele>4432.0</ele>
    </rtept>
    <rtept lat="28.054399" lon="87.248733">
      <ele>4432.0</ele>
    </rtept>
    <rtept lat="28.054471" lon="87.248812">
      <ele>4424.0</ele>
    </rtept>
    <rtept lat="28.054555" lon="87.248869">
      <ele>4424.0</ele>
    </rtept>
    <rtept lat="28.054622" lon="87.248951">
      <ele>4420.0</ele>
    </rtept>
    <rtept lat="28.054683" lon="87.249039">
      <ele>4393.0</ele>
    </rtept>
    <rtept lat="28.054748" lon="87.249112">
      <ele>4393.0</ele>
    </rtept>
    <rtept lat="28.054806" lon="87.24919">
      <ele>4393.0</ele>
    </rtept>
    <rtept lat="28.054868" lon="87.24927">
      <ele>4378.0</ele>
    </rtept>
    <rtept lat="28.054945" lon="87.249329">
      <ele>4362.0</ele>
    </rtept>
    <rtept lat="28.055019" lon="87.249395">
      <ele>4362.0</ele>
    </rtept>
    <rtept lat="28.055106" lon="87.249431">
      <ele>4362.0</ele>
    </rtept>
    <rtept lat="28.055204" lon="87.24945">
      <ele>4362.0</ele>
    </rtept>
    <rtept lat="28.055305" lon="87.249449">
      <ele>4362.0</ele>
    </rtept>
    <rtept lat="28.055408" lon="87.249445">
      <ele>4362.0</ele>
    </rtept>
    <rtept lat="28.055431" lon="87.249522">
      <ele>4380.0</ele>
    </rtept>
    <rtept lat="28.055478" lon="87.249624">
      <ele>4358.0</ele>
    </rtept>
    <rtept lat="28.055569" lon="87.249672">
      <ele>4358.0</ele>
    </rtept>
    <rtept lat="28.055657" lon="87.249723">
      <ele>4358.0</ele>
    </rtept>
    <rtept lat="28.055739" lon="87.249794">
      <ele>4377.0</ele>
    </rtept>
    <rtept lat="28.055824" lon="87.249841">
      <ele>4377.0</ele>
    </rtept>
    <rtept lat="28.055914" lon="87.249831">
      <ele>4377.0</ele>
    </rtept>
    <rtept lat="28.055985" lon="87.24989">
      <ele>4388.0</ele>
    </rtept>
    <rtept lat="28.056051" lon="87.249963">
      <ele>4388.0</ele>
    </rtept>
    <rtept lat="28.056113" lon="87.250058">
      <ele>4388.0</ele>
    </rtept>
    <rtept lat="28.056147" lon="87.250085">
      <ele>4388.0</ele>
    </rtept>
    <rtept lat="28.056219" lon="87.250116">
      <ele>4388.0</ele>
    </rtept>
    <rtept lat="28.056311" lon="87.250149">
      <ele>4385.0</ele>
    </rtept>
    <rtept lat="28.056407" lon="87.250184">
      <ele>4385.0</ele>
    </rtept>
    <rtept lat="28.056501" lon="87.25022">
      <ele>4385.0</ele>
    </rtept>
    <rtept lat="28.056601" lon="87.250261">
      <ele>4392.0</ele>
    </rtept>
    <rtept lat="28.056696" lon="87.250283">
      <ele>4392.0</ele>
    </rtept>
    <rtept lat="28.056791" lon="87.250326">
      <ele>4392.0</ele>
    </rtept>
    <rtept lat="28.056884" lon="87.250372">
      <ele>4409.0</ele>
    </rtept>
    <rtept lat="28.056979" lon="87.250416">
      <ele>4409.0</ele>
    </rtept>
    <rtept lat="28.057076" lon="87.250452">
      <ele>4387.0</ele>
    </rtept>
    <rtept lat="28.057179" lon="87.250483">
      <ele>4387.0</ele>
    </rtept>
    <rtept lat="28.057283" lon="87.250526">
      <ele>4387.0</ele>
    </rtept>
    <rtept lat="28.057385" lon="87.25056">
      <ele>4395.0</ele>
    </rtept>
    <rtept lat="28.057482" lon="87.250582">
      <ele>4395.0</ele>
    </rtept>
    <rtept lat="28.057578" lon="87.250625">
      <ele>4395.0</ele>
    </rtept>
    <rtept lat="28.057672" lon="87.250659">
      <ele>4399.0</ele>
    </rtept>
    <rtept lat="28.05777" lon="87.250694">
      <ele>4399.0</ele>
    </rtept>
    <rtept lat="28.05787" lon="87.250713">
      <ele>4386.0</ele>
    </rtept>
    <rtept lat="28.057967" lon="87.250731">
      <ele>4392.0</ele>
    </rtept>
    <rtept lat="28.058049" lon="87.250789">
      <ele>4392.0</ele>
    </rtept>
    <rtept lat="28.058135" lon="87.25081">
      <ele>4392.0</ele>
    </rtept>
    <rtept lat="28.05822" lon="87.250846">
      <ele>4376.0</ele>
    </rtept>
    <rtept lat="28.058307" lon="87.250882">
      <ele>4376.0</ele>
    </rtept>
    <rtept lat="28.058407" lon="87.25091">
      <ele>4376.0</ele>
    </rtept>
    <rtept lat="28.058504" lon="87.25095">
      <ele>4362.0</ele>
    </rtept>
    <rtept lat="28.058599" lon="87.250973">
      <ele>4361.0</ele>
    </rtept>
    <rtept lat="28.058693" lon="87.250984">
      <ele>4361.0</ele>
    </rtept>
    <rtept lat="28.058781" lon="87.250958">
      <ele>4346.0</ele>
    </rtept>
    <rtept lat="28.058869" lon="87.250988">
      <ele>4346.0</ele>
    </rtept>
    <rtept lat="28.05896" lon="87.25101">
      <ele>4346.0</ele>
    </rtept>
    <rtept lat="28.05905" lon="87.251037">
      <ele>4339.0</ele>
    </rtept>
    <rtept lat="28.059139" lon="87.251086">
      <ele>4339.0</ele>
    </rtept>
    <rtept lat="28.059227" lon="87.251132">
      <ele>4339.0</ele>
    </rtept>
    <rtept lat="28.059322" lon="87.251175">
      <ele>4339.0</ele>
    </rtept>
    <rtept lat="28.059422" lon="87.251194">
      <ele>4339.0</ele>
    </rtept>
    <rtept lat="28.059524" lon="87.251214">
      <ele>4339.0</ele>
    </rtept>
    <rtept lat="28.059624" lon="87.251234">
      <ele>4336.0</ele>
    </rtept>
    <rtept lat="28.059714" lon="87.251271">
      <ele>4331.0</ele>
    </rtept>
    <rtept lat="28.059801" lon="87.251312">
      <ele>4331.0</ele>
    </rtept>
    <rtept lat="28.059896" lon="87.251348">
      <ele>4329.0</ele>
    </rtept>
    <rtept lat="28.059973" lon="87.251413">
      <ele>4329.0</ele>
    </rtept>
    <rtept lat="28.060059" lon="87.251451">
      <ele>4329.0</ele>
    </rtept>
    <rtept lat="28.060151" lon="87.251485">
      <ele>4327.0</ele>
    </rtept>
    <rtept lat="28.060254" lon="87.251508">
      <ele>4327.0</ele>
    </rtept>
    <rtept lat="28.060351" lon="87.251549">
      <ele>4321.0</ele>
    </rtept>
    <rtept lat="28.060452" lon="87.251566">
      <ele>4329.0</ele>
    </rtept>
    <rtept lat="28.060545" lon="87.251596">
      <ele>4329.0</ele>
    </rtept>
    <rtept lat="28.060627" lon="87.251644">
      <ele>4329.0</ele>
    </rtept>
    <rtept lat="28.060717" lon="87.251676">
      <ele>4343.0</ele>
    </rtept>
    <rtept lat="28.060807" lon="87.251711">
      <ele>4343.0</ele>
    </rtept>
    <rtept lat="28.060904" lon="87.251751">
      <ele>4343.0</ele>
    </rtept>
    <rtept lat="28.060999" lon="87.2518">
      <ele>4356.0</ele>
    </rtept>
    <rtept lat="28.061085" lon="87.251845">
      <ele>4325.0</ele>
    </rtept>
    <rtept lat="28.061176" lon="87.251892">
      <ele>4325.0</ele>
    </rtept>
    <rtept lat="28.061268" lon="87.251947">
      <ele>4326.0</ele>
    </rtept>
    <rtept lat="28.061355" lon="87.25199">
      <ele>4326.0</ele>
    </rtept>
    <rtept lat="28.06144" lon="87.252048">
      <ele>4326.0</ele>
    </rtept>
    <rtept lat="28.061519" lon="87.252105">
      <ele>4307.0</ele>
    </rtept>
    <rtept lat="28.061601" lon="87.252155">
      <ele>4304.0</ele>
    </rtept>
    <rtept lat="28.061689" lon="87.252194">
      <ele>4304.0</ele>
    </rtept>
    <rtept lat="28.061774" lon="87.252253">
      <ele>4304.0</ele>
    </rtept>
    <rtept lat="28.06186" lon="87.252307">
      <ele>4307.0</ele>
    </rtept>
    <rtept lat="28.061944" lon="87.252374">
      <ele>4293.0</ele>
    </rtept>
    <rtept lat="28.062032" lon="87.252433">
      <ele>4293.0</ele>
    </rtept>
    <rtept lat="28.062127" lon="87.252492">
      <ele>4294.0</ele>
    </rtept>
    <rtept lat="28.062214" lon="87.252552">
      <ele>4294.0</ele>
    </rtept>
    <rtept lat="28.062297" lon="87.252603">
      <ele>4294.0</ele>
    </rtept>
    <rtept lat="28.062373" lon="87.25266">
      <ele>4286.0</ele>
    </rtept>
    <rtept lat="28.062453" lon="87.252718">
      <ele>4286.0</ele>
    </rtept>
    <rtept lat="28.062548" lon="87.252761">
      <ele>4286.0</ele>
    </rtept>
    <rtept lat="28.062622" lon="87.252837">
      <ele>4286.0</ele>
    </rtept>
    <rtept lat="28.0627" lon="87.252892">
      <ele>4296.0</ele>
    </rtept>
    <rtept lat="28.062789" lon="87.252934">
      <ele>4287.0</ele>
    </rtept>
    <rtept lat="28.06288" lon="87.252992">
      <ele>4287.0</ele>
    </rtept>
    <rtept lat="28.062976" lon="87.253042">
      <ele>4284.0</ele>
    </rtept>
    <rtept lat="28.063065" lon="87.253094">
      <ele>4284.0</ele>
    </rtept>
    <rtept lat="28.063135" lon="87.253169">
      <ele>4284.0</ele>
    </rtept>
    <rtept lat="28.063211" lon="87.253234">
      <ele>4251.0</ele>
    </rtept>
    <rtept lat="28.06328" lon="87.253315">
      <ele>4251.0</ele>
    </rtept>
    <rtept lat="28.06334" lon="87.253409">
      <ele>4251.0</ele>
    </rtept>
    <rtept lat="28.063428" lon="87.253409">
      <ele>4251.0</ele>
    </rtept>
    <rtept lat="28.063516" lon="87.253437">
      <ele>4246.0</ele>
    </rtept>
    <rtept lat="28.063593" lon="87.253507">
      <ele>4222.0</ele>
    </rtept>
    <rtept lat="28.063678" lon="87.253568">
      <ele>4222.0</ele>
    </rtept>
    <rtept lat="28.063752" lon="87.253654">
      <ele>4228.0</ele>
    </rtept>
    <rtept lat="28.0638" lon="87.253758">
      <ele>4218.0</ele>
    </rtept>
    <rtept lat="28.063804" lon="87.253851">
      <ele>4218.0</ele>
    </rtept>
    <rtept lat="28.063723" lon="87.253887">
      <ele>4213.0</ele>
    </rtept>
    <rtept lat="28.063685" lon="87.253903">
      <ele>4213.0</ele>
    </rtept>
    <rtept lat="28.063633" lon="87.253978">
      <ele>4213.0</ele>
    </rtept>
    <rtept lat="28.063621" lon="87.254086">
      <ele>4215.0</ele>
    </rtept>
    <rtept lat="28.063634" lon="87.254214">
      <ele>4215.0</ele>
    </rtept>
    <rtept lat="28.063702" lon="87.254197">
      <ele>4215.0</ele>
    </rtept>
    <rtept lat="28.063702" lon="87.254197">
      <ele>4215.0</ele>
    </rtept>
  </rte>
</gpx>