<?xml version="1.0" encoding="utf-8"?>
<gpx version="1.1" creator="Track4Trek sample library" xmlns="http://www.topografix.com/GPX/1/1">
  <metadata>
    <name>灵白线</name>
  </metadata>
  <trk>
    <name>灵白线</name>
    <trkseg>
      <trkpt lat="31.258617" lon="120.498381">
        <ele>9.0</ele>
      </trkpt>
      <trkpt lat="31.258622" lon="120.498384">
        <ele>9.0</ele>
      </trkpt>
      <trkpt lat="31.258627" lon="120.498388">
        <ele>9.0</ele>
      </trkpt>
      <trkpt lat="31.258632" lon="120.49839">
        <ele>9.0</ele>
      </trkpt>
      <trkpt lat="31.258638" lon="120.498392">
        <ele>9.0</ele>
      </trkpt>
      <trkpt lat="31.258642" lon="120.498394">
        <ele>9.0</ele>
      </trkpt>
      <trkpt lat="31.258647" lon="120.498395">
        <ele>9.0</ele>
      </trkpt>
      <trkpt lat="31.258652" lon="120.498397">
        <ele>9.0</ele>
      </trkpt>
      <trkpt lat="31.258658" lon="120.498398">
        <ele>9.0</ele>
      </trkpt>
      <trkpt lat="31.258665" lon="120.4984">
        <ele>9.0</ele>
      </trkpt>
      <trkpt lat="31.258671" lon="120.498401">
        <ele>9.0</ele>
      </trkpt>
      <trkpt lat="31.258677" lon="120.498402">
        <ele>9.0</ele>
      </trkpt>
      <trkpt lat="31.258684" lon="120.498402">
        <ele>9.0</ele>
      </trkpt>
      <trkpt lat="31.25869" lon="120.498403">
        <ele>9.0</ele>
      </trkpt>
      <trkpt lat="31.258696" lon="120.498404">
        <ele>9.0</ele>
      </trkpt>
      <trkpt lat="31.258702" lon="120.498406">
        <ele>9.0</ele>
      </trkpt>
      <trkpt lat="31.258709" lon="120.498408">
        <ele>9.0</ele>
      </trkpt>
      <trkpt lat="31.258715" lon="120.49841">
        <ele>9.0</ele>
      </trkpt>
      <trkpt lat="31.258722" lon="120.498413">
        <ele>9.0</ele>
      </trkpt>
      <trkpt lat="31.258728" lon="120.498416">
        <ele>9.0</ele>
      </trkpt>
      <trkpt lat="31.258734" lon="120.49842">
        <ele>9.0</ele>
      </trkpt>
      <trkpt lat="31.258741" lon="120.498424">
        <ele>9.0</ele>
      </trkpt>
      <trkpt lat="31.258746" lon="120.498426">
        <ele>9.0</ele>
      </trkpt>
      <trkpt lat="31.258752" lon="120.498429">
        <ele>10.0</ele>
      </trkpt>
      <trkpt lat="31.258757" lon="120.498432">
        <ele>10.0</ele>
      </trkpt>
      <trkpt lat="31.258765" lon="120.498436">
        <ele>10.0</ele>
      </trkpt>
      <trkpt lat="31.258773" lon="120.49844">
        <ele>10.0</ele>
      </trkpt>
      <trkpt lat="31.25878" lon="120.498443">
        <ele>10.0</ele>
      </trkpt>
      <trkpt lat="31.258788" lon="120.498446">
        <ele>10.0</ele>
      </trkpt>
      <trkpt lat="31.258794" lon="120.498448">
        <ele>10.0</ele>
      </trkpt>
      <trkpt lat="31.2588" lon="120.498451">
        <ele>10.0</ele>
      </trkpt>
      <trkpt lat="31.258806" lon="120.498452">
        <ele>10.0</ele>
      </trkpt>
      <trkpt lat="31.258812" lon="120.498453">
        <ele>10.0</ele>
      </trkpt>
      <trkpt lat="31.258817" lon="120.498454">
        <ele>11.0</ele>
      </trkpt>
      <trkpt lat="31.258823" lon="120.498454">
        <ele>11.0</ele>
      </trkpt>
      <trkpt lat="31.258826" lon="120.498454">
        <ele>11.0</ele>
      </trkpt>
      <trkpt lat="31.258829" lon="120.498454">
        <ele>11.0</ele>
      </trkpt>
      <trkpt lat="31.258834" lon="120.498455">
        <ele>11.0</ele>
      </trkpt>
      <trkpt lat="31.258839" lon="120.498456">
        <ele>12.0</ele>
      </trkpt>
      <trkpt lat="31.258844" lon="120.498456">
        <ele>12.0</ele>
      </trkpt>
      <trkpt lat="31.25885" lon="120.498458">
        <ele>12.0</ele>
      </trkpt>
      <trkpt lat="31.258856" lon="120.498458">
        <ele>12.0</ele>
      </trkpt>
      <trkpt lat="31.258862" lon="120.498459">
        <ele>12.0</ele>
      </trkpt>
      <trkpt lat="31.258868" lon="120.498461">
        <ele>13.0</ele>
      </trkpt>
      <trkpt lat="31.258874" lon="120.498462">
        <ele>13.0</ele>
      </trkpt>
      <trkpt lat="31.258878" lon="120.498463">
        <ele>13.0</ele>
      </trkpt>
      <trkpt lat="31.258881" lon="120.498465">
        <ele>13.0</ele>
      </trkpt>
      <trkpt lat="31.258887" lon="120.498467">
        <ele>13.0</ele>
      </trkpt>
      <trkpt lat="31.258892" lon="120.498469">
        <ele>14.0</ele>
      </trkpt>
      <trkpt lat="31.258897" lon="120.498471">
        <ele>14.0</ele>
      </trkpt>
      <trkpt lat="31.258902" lon="120.498473">
        <ele>14.0</ele>
      </trkpt>
      <trkpt lat="31.258908" lon="120.498476">
        <ele>14.0</ele>
      </trkpt>
      <trkpt lat="31.258913" lon="120.498479">
        <ele>14.0</ele>
      </trkpt>
      <trkpt lat="31.258918" lon="120.498482">
        <ele>14.0</ele>
      </trkpt>
      <trkpt lat="31.258924" lon="120.498485">
        <ele>14.0</ele>
      </trkpt>
      <trkpt lat="31.258929" lon="120.498488">
        <ele>14.0</ele>
      </trkpt>
      <trkpt lat="31.258934" lon="120.498492">
        <ele>14.0</ele>
      </trkpt>
      <trkpt lat="31.25894" lon="120.498495">
        <ele>14.0</ele>
      </trkpt>
      <trkpt lat="31.258945" lon="120.498497">
        <ele>15.0</ele>
      </trkpt>
      <trkpt lat="31.25895" lon="120.4985">
        <ele>15.0</ele>
      </trkpt>
      <trkpt lat="31.258956" lon="120.498503">
        <ele>15.0</ele>
      </trkpt>
      <trkpt lat="31.258961" lon="120.498506">
        <ele>15.0</ele>
      </trkpt>
      <trkpt lat="31.258967" lon="120.498508">
        <ele>15.0</ele>
      </trkpt>
      <trkpt lat="31.258971" lon="120.49851">
        <ele>16.0</ele>
      </trkpt>
      <trkpt lat="31.258974" lon="120.498511">
        <ele>16.0</ele>
      </trkpt>
      <trkpt lat="31.25898" lon="120.498513">
        <ele>16.0</ele>
      </trkpt>
      <trkpt lat="31.258986" lon="120.498514">
        <ele>16.0</ele>
      </trkpt>
      <trkpt lat="31.259" lon="120.498518">
        <ele>17.0</ele>
      </trkpt>
      <trkpt lat="31.259019" lon="120.498521">
        <ele>19.0</ele>
      </trkpt>
      <trkpt lat="31.259041" lon="120.498524">
        <ele>19.0</ele>
      </trkpt>
      <trkpt lat="31.259066" lon="120.498523">
        <ele>21.0</ele>
      </trkpt>
      <trkpt lat="31.25909" lon="120.498523">
        <ele>21.0</ele>
      </trkpt>
      <trkpt lat="31.259117" lon="120.498523">
        <ele>21.0</ele>
      </trkpt>
      <trkpt lat="31.259127" lon="120.498523">
        <ele>21.0</ele>
      </trkpt>
      <trkpt lat="31.259136" lon="120.498523">
        <ele>21.0</ele>
      </trkpt>
      <trkpt lat="31.259149" lon="120.498523">
        <ele>22.0</ele>
      </trkpt>
      <trkpt lat="31.259162" lon="120.498523">
        <ele>22.0</ele>
      </trkpt>
      <trkpt lat="31.259171" lon="120.498524">
        <ele>22.0</ele>
      </trkpt>
      <trkpt lat="31.25918" lon="120.498526">
        <ele>22.0</ele>
      </trkpt>
      <trkpt lat="31.259188" lon="120.498527">
        <ele>22.0</ele>
      </trkpt>
      <trkpt lat="31.259195" lon="120.498529">
        <ele>22.0</ele>
      </trkpt>
      <trkpt lat="31.259203" lon="120.498531">
        <ele>22.0</ele>
      </trkpt>
      <trkpt lat="31.259211" lon="120.498533">
        <ele>22.0</ele>
      </trkpt>
      <trkpt lat="31.259219" lon="120.498535">
        <ele>22.0</ele>
      </trkpt>
      <trkpt lat="31.259227" lon="120.498538">
        <ele>22.0</ele>
      </trkpt>
      <trkpt lat="31.259235" lon="120.498541">
        <ele>23.0</ele>
      </trkpt>
      <trkpt lat="31.259242" lon="120.498544">
        <ele>23.0</ele>
      </trkpt>
      <trkpt lat="31.25925" lon="120.498546">
        <ele>23.0</ele>
      </trkpt>
      <trkpt lat="31.259257" lon="120.498549">
        <ele>23.0</ele>
      </trkpt>
      <trkpt lat="31.259263" lon="120.498552">
        <ele>23.0</ele>
      </trkpt>
      <trkpt lat="31.25927" lon="120.498554">
        <ele>23.0</ele>
      </trkpt>
      <trkpt lat="31.259277" lon="120.498556">
        <ele>23.0</ele>
      </trkpt>
      <trkpt lat="31.259283" lon="120.498558">
        <ele>23.0</ele>
      </trkpt>
      <trkpt lat="31.25929" lon="120.49856">
        <ele>23.0</ele>
      </trkpt>
      <trkpt lat="31.259296" lon="120.498562">
        <ele>23.0</ele>
      </trkpt>
      <trkpt lat="31.259302" lon="120.498563">
        <ele>24.0</ele>
      </trkpt>
      <trkpt lat="31.259309" lon="120.498564">
        <ele>24.0</ele>
      </trkpt>
      <trkpt lat="31.259315" lon="120.498566">
        <ele>24.0</ele>
      </trkpt>
      <trkpt lat="31.259321" lon="120.498567">
        <ele>24.0</ele>
      </trkpt>
      <trkpt lat="31.259327" lon="120.49857">
        <ele>24.0</ele>
      </trkpt>
      <trkpt lat="31.259333" lon="120.498573">
        <ele>25.0</ele>
      </trkpt>
      <trkpt lat="31.259347" lon="120.498575">
        <ele>25.0</ele>
      </trkpt>
      <trkpt lat="31.259357" lon="120.498575">
        <ele>25.0</ele>
      </trkpt>
      <trkpt lat="31.259366" lon="120.498576">
        <ele>25.0</ele>
      </trkpt>
      <trkpt lat="31.259373" lon="120.498576">
        <ele>26.0</ele>
      </trkpt>
      <trkpt lat="31.259379" lon="120.498576">
        <ele>26.0</ele>
      </trkpt>
      <trkpt lat="31.259394" lon="120.498575">
        <ele>27.0</ele>
      </trkpt>
      <trkpt lat="31.259414" lon="120.498573">
        <ele>28.0</ele>
      </trkpt>
      <trkpt lat="31.25942" lon="120.498572">
        <ele>29.0</ele>
      </trkpt>
      <trkpt lat="31.259427" lon="120.498572">
        <ele>29.0</ele>
      </trkpt>
      <trkpt lat="31.259435" lon="120.49857">
        <ele>29.0</ele>
      </trkpt>
      <trkpt lat="31.259444" lon="120.498568">
        <ele>29.0</ele>
      </trkpt>
      <trkpt lat="31.25945" lon="120.498565">
        <ele>29.0</ele>
      </trkpt>
      <trkpt lat="31.259457" lon="120.498563">
        <ele>30.0</ele>
      </trkpt>
      <trkpt lat="31.259464" lon="120.49856">
        <ele>30.0</ele>
      </trkpt>
      <trkpt lat="31.259472" lon="120.498558">
        <ele>30.0</ele>
      </trkpt>
      <trkpt lat="31.259479" lon="120.498554">
        <ele>30.0</ele>
      </trkpt>
      <trkpt lat="31.259486" lon="120.49855">
        <ele>30.0</ele>
      </trkpt>
      <trkpt lat="31.259493" lon="120.498546">
        <ele>30.0</ele>
      </trkpt>
      <trkpt lat="31.2595" lon="120.498541">
        <ele>30.0</ele>
      </trkpt>
      <trkpt lat="31.259508" lon="120.498536">
        <ele>30.0</ele>
      </trkpt>
      <trkpt lat="31.259515" lon="120.498531">
        <ele>30.0</ele>
      </trkpt>
      <trkpt lat="31.259522" lon="120.498526">
        <ele>30.0</ele>
      </trkpt>
      <trkpt lat="31.25953" lon="120.498521">
        <ele>31.0</ele>
      </trkpt>
      <trkpt lat="31.259536" lon="120.498516">
        <ele>31.0</ele>
      </trkpt>
      <trkpt lat="31.259543" lon="120.49851">
        <ele>31.0</ele>
      </trkpt>
      <trkpt lat="31.259549" lon="120.498505">
        <ele>31.0</ele>
      </trkpt>
      <trkpt lat="31.259555" lon="120.4985">
        <ele>31.0</ele>
      </trkpt>
      <trkpt lat="31.259561" lon="120.498495">
        <ele>32.0</ele>
      </trkpt>
      <trkpt lat="31.259567" lon="120.498489">
        <ele>32.0</ele>
      </trkpt>
      <trkpt lat="31.259573" lon="120.498484">
        <ele>32.0</ele>
      </trkpt>
      <trkpt lat="31.259579" lon="120.498479">
        <ele>32.0</ele>
      </trkpt>
      <trkpt lat="31.259584" lon="120.498474">
        <ele>32.0</ele>
      </trkpt>
      <trkpt lat="31.259589" lon="120.498469">
        <ele>32.0</ele>
      </trkpt>
      <trkpt lat="31.259594" lon="120.498463">
        <ele>32.0</ele>
      </trkpt>
      <trkpt lat="31.259599" lon="120.498458">
        <ele>32.0</ele>
      </trkpt>
      <trkpt lat="31.259604" lon="120.498452">
        <ele>32.0</ele>
      </trkpt>
      <trkpt lat="31.259608" lon="120.498447">
        <ele>32.0</ele>
      </trkpt>
      <trkpt lat="31.259612" lon="120.498443">
        <ele>32.0</ele>
      </trkpt>
      <trkpt lat="31.259615" lon="120.498439">
        <ele>32.0</ele>
      </trkpt>
      <trkpt lat="31.259619" lon="120.498435">
        <ele>32.0</ele>
      </trkpt>
      <trkpt lat="31.259625" lon="120.49843">
        <ele>32.0</ele>
      </trkpt>
      <trkpt lat="31.259632" lon="120.498424">
        <ele>32.0</ele>
      </trkpt>
      <trkpt lat="31.259638" lon="120.498419">
        <ele>32.0</ele>
      </trkpt>
      <trkpt lat="31.259645" lon="120.498414">
        <ele>32.0</ele>
      </trkpt>
      <trkpt lat="31.259652" lon="120.498409">
        <ele>32.0</ele>
      </trkpt>
      <trkpt lat="31.25966" lon="120.498405">
        <ele>32.0</ele>
      </trkpt>
      <trkpt lat="31.259667" lon="120.4984">
        <ele>32.0</ele>
      </trkpt>
      <trkpt lat="31.259675" lon="120.498395">
        <ele>33.0</ele>
      </trkpt>
      <trkpt lat="31.259682" lon="120.498391">
        <ele>33.0</ele>
      </trkpt>
      <trkpt lat="31.25969" lon="120.498387">
        <ele>33.0</ele>
      </trkpt>
      <trkpt lat="31.2597" lon="120.49839">
        <ele>33.0</ele>
      </trkpt>
      <trkpt lat="31.259703" lon="120.498392">
        <ele>33.0</ele>
      </trkpt>
      <trkpt lat="31.259706" lon="120.498394">
        <ele>33.0</ele>
      </trkpt>
      <trkpt lat="31.259709" lon="120.498393">
        <ele>33.0</ele>
      </trkpt>
      <trkpt lat="31.259713" lon="120.498391">
        <ele>33.0</ele>
      </trkpt>
      <trkpt lat="31.259716" lon="120.498387">
        <ele>33.0</ele>
      </trkpt>
      <trkpt lat="31.259718" lon="120.498384">
        <ele>33.0</ele>
      </trkpt>
      <trkpt lat="31.259721" lon="120.49838">
        <ele>33.0</ele>
      </trkpt>
      <trkpt lat="31.259727" lon="120.498374">
        <ele>33.0</ele>
      </trkpt>
      <trkpt lat="31.259733" lon="120.498367">
        <ele>33.0</ele>
      </trkpt>
      <trkpt lat="31.259737" lon="120.498364">
        <ele>33.0</ele>
      </trkpt>
      <trkpt lat="31.259742" lon="120.49836">
        <ele>33.0</ele>
      </trkpt>
      <trkpt lat="31.259747" lon="120.498356">
        <ele>33.0</ele>
      </trkpt>
      <trkpt lat="31.259753" lon="120.498351">
        <ele>33.0</ele>
      </trkpt>
      <trkpt lat="31.25976" lon="120.498346">
        <ele>33.0</ele>
      </trkpt>
      <trkpt lat="31.259767" lon="120.498342">
        <ele>33.0</ele>
      </trkpt>
      <trkpt lat="31.259773" lon="120.498338">
        <ele>33.0</ele>
      </trkpt>
      <trkpt lat="31.259779" lon="120.498334">
        <ele>33.0</ele>
      </trkpt>
      <trkpt lat="31.259786" lon="120.498331">
        <ele>33.0</ele>
      </trkpt>
      <trkpt lat="31.259792" lon="120.498327">
        <ele>33.0</ele>
      </trkpt>
      <trkpt lat="31.259799" lon="120.498323">
        <ele>33.0</ele>
      </trkpt>
      <trkpt lat="31.259807" lon="120.498319">
        <ele>33.0</ele>
      </trkpt>
      <trkpt lat="31.259815" lon="120.498315">
        <ele>33.0</ele>
      </trkpt>
      <trkpt lat="31.259823" lon="120.498311">
        <ele>33.0</ele>
      </trkpt>
      <trkpt lat="31.259832" lon="120.498307">
        <ele>33.0</ele>
      </trkpt>
      <trkpt lat="31.259841" lon="120.498304">
        <ele>33.0</ele>
      </trkpt>
      <trkpt lat="31.259849" lon="120.498302">
        <ele>33.0</ele>
      </trkpt>
      <trkpt lat="31.259857" lon="120.498299">
        <ele>33.0</ele>
      </trkpt>
      <trkpt lat="31.259866" lon="120.498296">
        <ele>33.0</ele>
      </trkpt>
      <trkpt lat="31.259874" lon="120.498293">
        <ele>34.0</ele>
      </trkpt>
      <trkpt lat="31.259882" lon="120.49829">
        <ele>34.0</ele>
      </trkpt>
      <trkpt lat="31.25989" lon="120.498286">
        <ele>34.0</ele>
      </trkpt>
      <trkpt lat="31.259899" lon="120.498283">
        <ele>34.0</ele>
      </trkpt>
      <trkpt lat="31.259906" lon="120.498279">
        <ele>34.0</ele>
      </trkpt>
      <trkpt lat="31.259914" lon="120.498275">
        <ele>35.0</ele>
      </trkpt>
      <trkpt lat="31.259921" lon="120.49827">
        <ele>35.0</ele>
      </trkpt>
      <trkpt lat="31.259928" lon="120.498265">
        <ele>35.0</ele>
      </trkpt>
      <trkpt lat="31.259935" lon="120.498259">
        <ele>35.0</ele>
      </trkpt>
      <trkpt lat="31.259941" lon="120.498254">
        <ele>35.0</ele>
      </trkpt>
      <trkpt lat="31.259947" lon="120.498247">
        <ele>35.0</ele>
      </trkpt>
      <trkpt lat="31.259953" lon="120.498241">
        <ele>35.0</ele>
      </trkpt>
      <trkpt lat="31.25996" lon="120.498234">
        <ele>35.0</ele>
      </trkpt>
      <trkpt lat="31.259965" lon="120.498227">
        <ele>35.0</ele>
      </trkpt>
      <trkpt lat="31.259971" lon="120.49822">
        <ele>35.0</ele>
      </trkpt>
      <trkpt lat="31.259977" lon="120.498213">
        <ele>36.0</ele>
      </trkpt>
      <trkpt lat="31.259983" lon="120.498206">
        <ele>36.0</ele>
      </trkpt>
      <trkpt lat="31.259988" lon="120.498199">
        <ele>36.0</ele>
      </trkpt>
      <trkpt lat="31.259993" lon="120.498193">
        <ele>36.0</ele>
      </trkpt>
      <trkpt lat="31.259998" lon="120.498187">
        <ele>36.0</ele>
      </trkpt>
      <trkpt lat="31.260003" lon="120.498182">
        <ele>36.0</ele>
      </trkpt>
      <trkpt lat="31.260007" lon="120.498176">
        <ele>36.0</ele>
      </trkpt>
      <trkpt lat="31.260012" lon="120.49817">
        <ele>36.0</ele>
      </trkpt>
      <trkpt lat="31.260017" lon="120.498164">
        <ele>36.0</ele>
      </trkpt>
      <trkpt lat="31.260022" lon="120.498158">
        <ele>36.0</ele>
      </trkpt>
      <trkpt lat="31.260027" lon="120.498152">
        <ele>36.0</ele>
      </trkpt>
      <trkpt lat="31.260032" lon="120.498146">
        <ele>36.0</ele>
      </trkpt>
      <trkpt lat="31.260037" lon="120.49814">
        <ele>36.0</ele>
      </trkpt>
      <trkpt lat="31.260041" lon="120.498133">
        <ele>36.0</ele>
      </trkpt>
      <trkpt lat="31.260045" lon="120.498126">
        <ele>36.0</ele>
      </trkpt>
      <trkpt lat="31.26005" lon="120.49812">
        <ele>37.0</ele>
      </trkpt>
      <trkpt lat="31.260054" lon="120.498113">
        <ele>37.0</ele>
      </trkpt>
      <trkpt lat="31.260058" lon="120.498107">
        <ele>37.0</ele>
      </trkpt>
      <trkpt lat="31.260063" lon="120.498101">
        <ele>37.0</ele>
      </trkpt>
      <trkpt lat="31.260067" lon="120.498095">
        <ele>37.0</ele>
      </trkpt>
      <trkpt lat="31.26007" lon="120.498089">
        <ele>38.0</ele>
      </trkpt>
      <trkpt lat="31.260073" lon="120.498083">
        <ele>38.0</ele>
      </trkpt>
      <trkpt lat="31.260076" lon="120.498077">
        <ele>38.0</ele>
      </trkpt>
      <trkpt lat="31.260079" lon="120.498072">
        <ele>38.0</ele>
      </trkpt>
      <trkpt lat="31.260081" lon="120.498067">
        <ele>38.0</ele>
      </trkpt>
      <trkpt lat="31.260085" lon="120.498061">
        <ele>39.0</ele>
      </trkpt>
      <trkpt lat="31.260088" lon="120.498055">
        <ele>39.0</ele>
      </trkpt>
      <trkpt lat="31.260091" lon="120.498048">
        <ele>39.0</ele>
      </trkpt>
      <trkpt lat="31.260095" lon="120.498042">
        <ele>39.0</ele>
      </trkpt>
      <trkpt lat="31.260099" lon="120.498036">
        <ele>39.0</ele>
      </trkpt>
      <trkpt lat="31.260102" lon="120.498029">
        <ele>39.0</ele>
      </trkpt>
      <trkpt lat="31.260106" lon="120.498023">
        <ele>39.0</ele>
      </trkpt>
      <trkpt lat="31.26011" lon="120.498017">
        <ele>39.0</ele>
      </trkpt>
      <trkpt lat="31.260114" lon="120.498011">
        <ele>39.0</ele>
      </trkpt>
      <trkpt lat="31.260118" lon="120.498005">
        <ele>39.0</ele>
      </trkpt>
      <trkpt lat="31.260122" lon="120.497998">
        <ele>39.0</ele>
      </trkpt>
      <trkpt lat="31.260126" lon="120.497992">
        <ele>39.0</ele>
      </trkpt>
      <trkpt lat="31.260131" lon="120.497985">
        <ele>39.0</ele>
      </trkpt>
      <trkpt lat="31.260135" lon="120.497978">
        <ele>39.0</ele>
      </trkpt>
      <trkpt lat="31.26014" lon="120.497971">
        <ele>39.0</ele>
      </trkpt>
      <trkpt lat="31.260144" lon="120.497964">
        <ele>40.0</ele>
      </trkpt>
      <trkpt lat="31.260148" lon="120.497958">
        <ele>40.0</ele>
      </trkpt>
      <trkpt lat="31.260152" lon="120.497951">
        <ele>40.0</ele>
      </trkpt>
      <trkpt lat="31.260156" lon="120.497945">
        <ele>40.0</ele>
      </trkpt>
      <trkpt lat="31.260159" lon="120.497938">
        <ele>40.0</ele>
      </trkpt>
      <trkpt lat="31.260172" lon="120.497924">
        <ele>41.0</ele>
      </trkpt>
      <trkpt lat="31.260178" lon="120.497917">
        <ele>41.0</ele>
      </trkpt>
      <trkpt lat="31.260184" lon="120.497911">
        <ele>41.0</ele>
      </trkpt>
      <trkpt lat="31.260189" lon="120.497905">
        <ele>41.0</ele>
      </trkpt>
      <trkpt lat="31.260195" lon="120.497899">
        <ele>41.0</ele>
      </trkpt>
      <trkpt lat="31.2602" lon="120.497892">
        <ele>41.0</ele>
      </trkpt>
      <trkpt lat="31.260206" lon="120.497885">
        <ele>41.0</ele>
      </trkpt>
      <trkpt lat="31.26021" lon="120.497879">
        <ele>41.0</ele>
      </trkpt>
      <trkpt lat="31.260215" lon="120.497872">
        <ele>41.0</ele>
      </trkpt>
      <trkpt lat="31.26022" lon="120.497866">
        <ele>42.0</ele>
      </trkpt>
      <trkpt lat="31.260225" lon="120.49786">
        <ele>42.0</ele>
      </trkpt>
      <trkpt lat="31.260229" lon="120.497854">
        <ele>42.0</ele>
      </trkpt>
      <trkpt lat="31.260233" lon="120.497848">
        <ele>42.0</ele>
      </trkpt>
      <trkpt lat="31.260237" lon="120.497842">
        <ele>42.0</ele>
      </trkpt>
      <trkpt lat="31.260241" lon="120.497836">
        <ele>42.0</ele>
      </trkpt>
      <trkpt lat="31.260246" lon="120.49783">
        <ele>42.0</ele>
      </trkpt>
      <trkpt lat="31.260251" lon="120.497824">
        <ele>42.0</ele>
      </trkpt>
      <trkpt lat="31.260254" lon="120.49782">
        <ele>42.0</ele>
      </trkpt>
      <trkpt lat="31.260258" lon="120.497816">
        <ele>42.0</ele>
      </trkpt>
      <trkpt lat="31.260261" lon="120.497812">
        <ele>42.0</ele>
      </trkpt>
      <trkpt lat="31.260267" lon="120.497806">
        <ele>42.0</ele>
      </trkpt>
      <trkpt lat="31.260272" lon="120.4978">
        <ele>42.0</ele>
      </trkpt>
      <trkpt lat="31.260282" lon="120.497788">
        <ele>42.0</ele>
      </trkpt>
      <trkpt lat="31.260287" lon="120.497782">
        <ele>43.0</ele>
      </trkpt>
      <trkpt lat="31.260292" lon="120.497777">
        <ele>43.0</ele>
      </trkpt>
      <trkpt lat="31.260297" lon="120.497771">
        <ele>43.0</ele>
      </trkpt>
      <trkpt lat="31.260302" lon="120.497765">
        <ele>43.0</ele>
      </trkpt>
      <trkpt lat="31.260308" lon="120.497759">
        <ele>43.0</ele>
      </trkpt>
      <trkpt lat="31.260314" lon="120.497753">
        <ele>43.0</ele>
      </trkpt>
      <trkpt lat="31.260319" lon="120.497745">
        <ele>43.0</ele>
      </trkpt>
      <trkpt lat="31.260325" lon="120.497739">
        <ele>43.0</ele>
      </trkpt>
      <trkpt lat="31.26033" lon="120.497731">
        <ele>43.0</ele>
      </trkpt>
      <trkpt lat="31.260334" lon="120.497723">
        <ele>43.0</ele>
      </trkpt>
      <trkpt lat="31.260339" lon="120.497716">
        <ele>43.0</ele>
      </trkpt>
      <trkpt lat="31.260343" lon="120.497708">
        <ele>43.0</ele>
      </trkpt>
      <trkpt lat="31.260345" lon="120.497705">
        <ele>43.0</ele>
      </trkpt>
      <trkpt lat="31.260347" lon="120.497702">
        <ele>43.0</ele>
      </trkpt>
      <trkpt lat="31.260349" lon="120.497699">
        <ele>43.0</ele>
      </trkpt>
      <trkpt lat="31.260351" lon="120.497695">
        <ele>43.0</ele>
      </trkpt>
      <trkpt lat="31.260354" lon="120.49769">
        <ele>43.0</ele>
      </trkpt>
      <trkpt lat="31.260356" lon="120.497685">
        <ele>43.0</ele>
      </trkpt>
      <trkpt lat="31.260359" lon="120.497679">
        <ele>43.0</ele>
      </trkpt>
      <trkpt lat="31.260362" lon="120.497674">
        <ele>43.0</ele>
      </trkpt>
      <trkpt lat="31.260365" lon="120.497667">
        <ele>43.0</ele>
      </trkpt>
      <trkpt lat="31.260368" lon="120.49766">
        <ele>43.0</ele>
      </trkpt>
      <trkpt lat="31.260372" lon="120.497652">
        <ele>43.0</ele>
      </trkpt>
      <trkpt lat="31.260376" lon="120.497644">
        <ele>43.0</ele>
      </trkpt>
      <trkpt lat="31.260381" lon="120.497636">
        <ele>43.0</ele>
      </trkpt>
      <trkpt lat="31.260386" lon="120.497629">
        <ele>44.0</ele>
      </trkpt>
      <trkpt lat="31.260391" lon="120.497622">
        <ele>44.0</ele>
      </trkpt>
      <trkpt lat="31.260396" lon="120.497616">
        <ele>44.0</ele>
      </trkpt>
      <trkpt lat="31.260401" lon="120.49761">
        <ele>44.0</ele>
      </trkpt>
      <trkpt lat="31.260406" lon="120.497604">
        <ele>44.0</ele>
      </trkpt>
      <trkpt lat="31.26041" lon="120.497599">
        <ele>44.0</ele>
      </trkpt>
      <trkpt lat="31.260415" lon="120.497593">
        <ele>44.0</ele>
      </trkpt>
      <trkpt lat="31.260421" lon="120.497587">
        <ele>44.0</ele>
      </trkpt>
      <trkpt lat="31.260426" lon="120.497581">
        <ele>44.0</ele>
      </trkpt>
      <trkpt lat="31.260432" lon="120.497574">
        <ele>44.0</ele>
      </trkpt>
      <trkpt lat="31.260437" lon="120.497567">
        <ele>44.0</ele>
      </trkpt>
      <trkpt lat="31.260442" lon="120.49756">
        <ele>44.0</ele>
      </trkpt>
      <trkpt lat="31.260447" lon="120.497552">
        <ele>44.0</ele>
      </trkpt>
      <trkpt lat="31.260452" lon="120.497544">
        <ele>44.0</ele>
      </trkpt>
      <trkpt lat="31.260457" lon="120.497537">
        <ele>44.0</ele>
      </trkpt>
      <trkpt lat="31.260462" lon="120.497529">
        <ele>45.0</ele>
      </trkpt>
      <trkpt lat="31.260467" lon="120.497522">
        <ele>45.0</ele>
      </trkpt>
      <trkpt lat="31.260472" lon="120.497516">
        <ele>45.0</ele>
      </trkpt>
      <trkpt lat="31.260477" lon="120.497509">
        <ele>45.0</ele>
      </trkpt>
      <trkpt lat="31.260483" lon="120.497503">
        <ele>45.0</ele>
      </trkpt>
      <trkpt lat="31.260488" lon="120.497498">
        <ele>45.0</ele>
      </trkpt>
      <trkpt lat="31.260494" lon="120.497492">
        <ele>45.0</ele>
      </trkpt>
      <trkpt lat="31.2605" lon="120.497487">
        <ele>45.0</ele>
      </trkpt>
      <trkpt lat="31.260506" lon="120.497482">
        <ele>45.0</ele>
      </trkpt>
      <trkpt lat="31.260513" lon="120.497477">
        <ele>45.0</ele>
      </trkpt>
      <trkpt lat="31.260519" lon="120.497472">
        <ele>46.0</ele>
      </trkpt>
      <trkpt lat="31.260526" lon="120.497467">
        <ele>46.0</ele>
      </trkpt>
      <trkpt lat="31.26053" lon="120.497464">
        <ele>46.0</ele>
      </trkpt>
      <trkpt lat="31.260534" lon="120.49746">
        <ele>46.0</ele>
      </trkpt>
      <trkpt lat="31.260539" lon="120.497457">
        <ele>46.0</ele>
      </trkpt>
      <trkpt lat="31.260545" lon="120.497453">
        <ele>46.0</ele>
      </trkpt>
      <trkpt lat="31.260551" lon="120.497448">
        <ele>46.0</ele>
      </trkpt>
      <trkpt lat="31.260557" lon="120.497444">
        <ele>46.0</ele>
      </trkpt>
      <trkpt lat="31.260563" lon="120.49744">
        <ele>46.0</ele>
      </trkpt>
      <trkpt lat="31.26057" lon="120.497436">
        <ele>46.0</ele>
      </trkpt>
      <trkpt lat="31.260576" lon="120.497431">
        <ele>47.0</ele>
      </trkpt>
      <trkpt lat="31.260583" lon="120.497427">
        <ele>47.0</ele>
      </trkpt>
      <trkpt lat="31.26059" lon="120.497423">
        <ele>47.0</ele>
      </trkpt>
      <trkpt lat="31.260597" lon="120.497418">
        <ele>47.0</ele>
      </trkpt>
      <trkpt lat="31.260603" lon="120.497414">
        <ele>47.0</ele>
      </trkpt>
      <trkpt lat="31.26061" lon="120.49741">
        <ele>48.0</ele>
      </trkpt>
      <trkpt lat="31.260616" lon="120.497406">
        <ele>48.0</ele>
      </trkpt>
      <trkpt lat="31.260622" lon="120.497403">
        <ele>48.0</ele>
      </trkpt>
      <trkpt lat="31.260628" lon="120.4974">
        <ele>48.0</ele>
      </trkpt>
      <trkpt lat="31.260633" lon="120.497397">
        <ele>48.0</ele>
      </trkpt>
      <trkpt lat="31.260639" lon="120.497394">
        <ele>49.0</ele>
      </trkpt>
      <trkpt lat="31.260644" lon="120.497392">
        <ele>49.0</ele>
      </trkpt>
      <trkpt lat="31.260649" lon="120.497389">
        <ele>49.0</ele>
      </trkpt>
      <trkpt lat="31.260655" lon="120.497387">
        <ele>49.0</ele>
      </trkpt>
      <trkpt lat="31.260661" lon="120.497384">
        <ele>49.0</ele>
      </trkpt>
      <trkpt lat="31.260668" lon="120.497382">
        <ele>49.0</ele>
      </trkpt>
      <trkpt lat="31.260674" lon="120.49738">
        <ele>49.0</ele>
      </trkpt>
      <trkpt lat="31.260681" lon="120.497377">
        <ele>49.0</ele>
      </trkpt>
      <trkpt lat="31.260687" lon="120.497374">
        <ele>49.0</ele>
      </trkpt>
      <trkpt lat="31.260694" lon="120.49737">
        <ele>49.0</ele>
      </trkpt>
      <trkpt lat="31.260701" lon="120.497367">
        <ele>50.0</ele>
      </trkpt>
      <trkpt lat="31.260708" lon="120.497363">
        <ele>50.0</ele>
      </trkpt>
      <trkpt lat="31.260716" lon="120.497359">
        <ele>50.0</ele>
      </trkpt>
      <trkpt lat="31.260723" lon="120.497355">
        <ele>50.0</ele>
      </trkpt>
      <trkpt lat="31.26073" lon="120.497352">
        <ele>50.0</ele>
      </trkpt>
      <trkpt lat="31.260735" lon="120.497349">
        <ele>50.0</ele>
      </trkpt>
      <trkpt lat="31.26074" lon="120.497346">
        <ele>50.0</ele>
      </trkpt>
      <trkpt lat="31.260745" lon="120.497344">
        <ele>50.0</ele>
      </trkpt>
      <trkpt lat="31.260752" lon="120.497339">
        <ele>50.0</ele>
      </trkpt>
      <trkpt lat="31.260759" lon="120.497335">
        <ele>50.0</ele>
      </trkpt>
      <trkpt lat="31.260766" lon="120.497332">
        <ele>51.0</ele>
      </trkpt>
      <trkpt lat="31.260772" lon="120.497329">
        <ele>51.0</ele>
      </trkpt>
      <trkpt lat="31.260779" lon="120.497327">
        <ele>51.0</ele>
      </trkpt>
      <trkpt lat="31.260786" lon="120.497324">
        <ele>51.0</ele>
      </trkpt>
      <trkpt lat="31.260793" lon="120.497322">
        <ele>51.0</ele>
      </trkpt>
      <trkpt lat="31.260799" lon="120.497319">
        <ele>51.0</ele>
      </trkpt>
      <trkpt lat="31.260806" lon="120.497315">
        <ele>51.0</ele>
      </trkpt>
      <trkpt lat="31.260813" lon="120.497311">
        <ele>51.0</ele>
      </trkpt>
      <trkpt lat="31.260819" lon="120.497308">
        <ele>51.0</ele>
      </trkpt>
      <trkpt lat="31.260826" lon="120.497304">
        <ele>51.0</ele>
      </trkpt>
      <trkpt lat="31.260832" lon="120.4973">
        <ele>51.0</ele>
      </trkpt>
      <trkpt lat="31.260838" lon="120.497296">
        <ele>51.0</ele>
      </trkpt>
      <trkpt lat="31.260844" lon="120.497292">
        <ele>51.0</ele>
      </trkpt>
      <trkpt lat="31.260851" lon="120.497289">
        <ele>51.0</ele>
      </trkpt>
      <trkpt lat="31.260858" lon="120.497285">
        <ele>51.0</ele>
      </trkpt>
      <trkpt lat="31.260865" lon="120.497281">
        <ele>51.0</ele>
      </trkpt>
      <trkpt lat="31.260873" lon="120.497277">
        <ele>51.0</ele>
      </trkpt>
      <trkpt lat="31.260882" lon="120.497273">
        <ele>51.0</ele>
      </trkpt>
      <trkpt lat="31.260889" lon="120.497269">
        <ele>51.0</ele>
      </trkpt>
      <trkpt lat="31.260897" lon="120.497265">
        <ele>51.0</ele>
      </trkpt>
      <trkpt lat="31.260904" lon="120.49726">
        <ele>52.0</ele>
      </trkpt>
      <trkpt lat="31.260911" lon="120.497256">
        <ele>52.0</ele>
      </trkpt>
      <trkpt lat="31.260918" lon="120.497251">
        <ele>52.0</ele>
      </trkpt>
      <trkpt lat="31.260925" lon="120.497247">
        <ele>52.0</ele>
      </trkpt>
      <trkpt lat="31.260932" lon="120.497243">
        <ele>52.0</ele>
      </trkpt>
      <trkpt lat="31.26094" lon="120.49724">
        <ele>52.0</ele>
      </trkpt>
      <trkpt lat="31.260947" lon="120.497237">
        <ele>52.0</ele>
      </trkpt>
      <trkpt lat="31.260955" lon="120.497235">
        <ele>52.0</ele>
      </trkpt>
      <trkpt lat="31.260963" lon="120.497235">
        <ele>52.0</ele>
      </trkpt>
      <trkpt lat="31.260971" lon="120.497234">
        <ele>52.0</ele>
      </trkpt>
      <trkpt lat="31.260978" lon="120.497236">
        <ele>53.0</ele>
      </trkpt>
      <trkpt lat="31.260985" lon="120.497239">
        <ele>53.0</ele>
      </trkpt>
      <trkpt lat="31.260992" lon="120.497244">
        <ele>53.0</ele>
      </trkpt>
      <trkpt lat="31.260998" lon="120.497249">
        <ele>53.0</ele>
      </trkpt>
      <trkpt lat="31.261004" lon="120.497256">
        <ele>53.0</ele>
      </trkpt>
      <trkpt lat="31.26101" lon="120.497262">
        <ele>54.0</ele>
      </trkpt>
      <trkpt lat="31.261016" lon="120.497271">
        <ele>54.0</ele>
      </trkpt>
      <trkpt lat="31.261021" lon="120.497279">
        <ele>54.0</ele>
      </trkpt>
      <trkpt lat="31.261026" lon="120.497289">
        <ele>54.0</ele>
      </trkpt>
      <trkpt lat="31.26103" lon="120.497298">
        <ele>54.0</ele>
      </trkpt>
      <trkpt lat="31.261034" lon="120.497309">
        <ele>55.0</ele>
      </trkpt>
      <trkpt lat="31.261038" lon="120.497319">
        <ele>55.0</ele>
      </trkpt>
      <trkpt lat="31.261042" lon="120.497329">
        <ele>55.0</ele>
      </trkpt>
      <trkpt lat="31.261045" lon="120.497339">
        <ele>55.0</ele>
      </trkpt>
      <trkpt lat="31.261047" lon="120.497348">
        <ele>55.0</ele>
      </trkpt>
      <trkpt lat="31.26105" lon="120.497357">
        <ele>56.0</ele>
      </trkpt>
      <trkpt lat="31.261052" lon="120.497365">
        <ele>56.0</ele>
      </trkpt>
      <trkpt lat="31.261054" lon="120.497373">
        <ele>56.0</ele>
      </trkpt>
      <trkpt lat="31.261057" lon="120.497381">
        <ele>56.0</ele>
      </trkpt>
      <trkpt lat="31.261059" lon="120.497389">
        <ele>56.0</ele>
      </trkpt>
      <trkpt lat="31.261062" lon="120.497397">
        <ele>57.0</ele>
      </trkpt>
      <trkpt lat="31.261065" lon="120.497405">
        <ele>57.0</ele>
      </trkpt>
      <trkpt lat="31.261068" lon="120.497413">
        <ele>57.0</ele>
      </trkpt>
      <trkpt lat="31.261071" lon="120.497422">
        <ele>57.0</ele>
      </trkpt>
      <trkpt lat="31.261074" lon="120.497431">
        <ele>57.0</ele>
      </trkpt>
      <trkpt lat="31.261077" lon="120.497439">
        <ele>58.0</ele>
      </trkpt>
      <trkpt lat="31.261078" lon="120.497449">
        <ele>58.0</ele>
      </trkpt>
      <trkpt lat="31.26108" lon="120.497459">
        <ele>58.0</ele>
      </trkpt>
      <trkpt lat="31.261081" lon="120.49747">
        <ele>58.0</ele>
      </trkpt>
      <trkpt lat="31.261082" lon="120.497481">
        <ele>58.0</ele>
      </trkpt>
      <trkpt lat="31.261084" lon="120.497491">
        <ele>59.0</ele>
      </trkpt>
      <trkpt lat="31.261086" lon="120.497502">
        <ele>59.0</ele>
      </trkpt>
      <trkpt lat="31.261089" lon="120.497512">
        <ele>59.0</ele>
      </trkpt>
      <trkpt lat="31.261092" lon="120.497522">
        <ele>59.0</ele>
      </trkpt>
      <trkpt lat="31.261094" lon="120.497532">
        <ele>59.0</ele>
      </trkpt>
      <trkpt lat="31.261097" lon="120.497541">
        <ele>59.0</ele>
      </trkpt>
      <trkpt lat="31.261099" lon="120.49755">
        <ele>59.0</ele>
      </trkpt>
      <trkpt lat="31.261101" lon="120.497558">
        <ele>59.0</ele>
      </trkpt>
      <trkpt lat="31.261104" lon="120.497566">
        <ele>59.0</ele>
      </trkpt>
      <trkpt lat="31.261107" lon="120.497573">
        <ele>59.0</ele>
      </trkpt>
      <trkpt lat="31.261111" lon="120.497579">
        <ele>60.0</ele>
      </trkpt>
      <trkpt lat="31.261114" lon="120.497585">
        <ele>60.0</ele>
      </trkpt>
      <trkpt lat="31.261118" lon="120.497592">
        <ele>60.0</ele>
      </trkpt>
      <trkpt lat="31.261123" lon="120.497598">
        <ele>60.0</ele>
      </trkpt>
      <trkpt lat="31.261126" lon="120.497605">
        <ele>60.0</ele>
      </trkpt>
      <trkpt lat="31.26113" lon="120.497612">
        <ele>61.0</ele>
      </trkpt>
      <trkpt lat="31.261135" lon="120.497619">
        <ele>61.0</ele>
      </trkpt>
      <trkpt lat="31.261139" lon="120.497626">
        <ele>61.0</ele>
      </trkpt>
      <trkpt lat="31.261143" lon="120.497632">
        <ele>61.0</ele>
      </trkpt>
      <trkpt lat="31.261146" lon="120.497638">
        <ele>61.0</ele>
      </trkpt>
      <trkpt lat="31.261148" lon="120.497644">
        <ele>62.0</ele>
      </trkpt>
      <trkpt lat="31.26115" lon="120.497651">
        <ele>62.0</ele>
      </trkpt>
      <trkpt lat="31.261152" lon="120.497658">
        <ele>62.0</ele>
      </trkpt>
      <trkpt lat="31.261154" lon="120.497666">
        <ele>62.0</ele>
      </trkpt>
      <trkpt lat="31.261155" lon="120.497674">
        <ele>62.0</ele>
      </trkpt>
      <trkpt lat="31.261156" lon="120.497683">
        <ele>63.0</ele>
      </trkpt>
      <trkpt lat="31.261157" lon="120.497693">
        <ele>63.0</ele>
      </trkpt>
      <trkpt lat="31.261158" lon="120.497702">
        <ele>63.0</ele>
      </trkpt>
      <trkpt lat="31.261158" lon="120.497712">
        <ele>63.0</ele>
      </trkpt>
      <trkpt lat="31.261158" lon="120.497722">
        <ele>63.0</ele>
      </trkpt>
      <trkpt lat="31.261158" lon="120.497731">
        <ele>64.0</ele>
      </trkpt>
      <trkpt lat="31.261159" lon="120.497741">
        <ele>64.0</ele>
      </trkpt>
      <trkpt lat="31.261159" lon="120.497747">
        <ele>64.0</ele>
      </trkpt>
      <trkpt lat="31.26116" lon="120.497752">
        <ele>64.0</ele>
      </trkpt>
      <trkpt lat="31.261161" lon="120.497762">
        <ele>64.0</ele>
      </trkpt>
      <trkpt lat="31.261162" lon="120.497771">
        <ele>64.0</ele>
      </trkpt>
      <trkpt lat="31.261162" lon="120.49778">
        <ele>64.0</ele>
      </trkpt>
      <trkpt lat="31.261162" lon="120.497788">
        <ele>64.0</ele>
      </trkpt>
      <trkpt lat="31.26116" lon="120.497796">
        <ele>64.0</ele>
      </trkpt>
      <trkpt lat="31.261158" lon="120.497803">
        <ele>64.0</ele>
      </trkpt>
      <trkpt lat="31.261157" lon="120.497808">
        <ele>64.0</ele>
      </trkpt>
      <trkpt lat="31.261155" lon="120.497814">
        <ele>64.0</ele>
      </trkpt>
      <trkpt lat="31.261154" lon="120.497819">
        <ele>64.0</ele>
      </trkpt>
      <trkpt lat="31.261152" lon="120.497827">
        <ele>64.0</ele>
      </trkpt>
      <trkpt lat="31.26115" lon="120.497835">
        <ele>64.0</ele>
      </trkpt>
      <trkpt lat="31.261147" lon="120.497842">
        <ele>65.0</ele>
      </trkpt>
      <trkpt lat="31.261145" lon="120.497849">
        <ele>65.0</ele>
      </trkpt>
      <trkpt lat="31.261144" lon="120.497857">
        <ele>65.0</ele>
      </trkpt>
      <trkpt lat="31.261142" lon="120.497864">
        <ele>65.0</ele>
      </trkpt>
      <trkpt lat="31.261142" lon="120.497869">
        <ele>65.0</ele>
      </trkpt>
      <trkpt lat="31.261141" lon="120.497874">
        <ele>66.0</ele>
      </trkpt>
      <trkpt lat="31.26114" lon="120.497882">
        <ele>66.0</ele>
      </trkpt>
      <trkpt lat="31.26114" lon="120.497891">
        <ele>66.0</ele>
      </trkpt>
      <trkpt lat="31.26114" lon="120.497897">
        <ele>66.0</ele>
      </trkpt>
      <trkpt lat="31.261141" lon="120.497903">
        <ele>66.0</ele>
      </trkpt>
      <trkpt lat="31.261141" lon="120.497909">
        <ele>67.0</ele>
      </trkpt>
      <trkpt lat="31.261142" lon="120.497914">
        <ele>67.0</ele>
      </trkpt>
      <trkpt lat="31.261143" lon="120.497919">
        <ele>67.0</ele>
      </trkpt>
      <trkpt lat="31.261144" lon="120.497928">
        <ele>67.0</ele>
      </trkpt>
      <trkpt lat="31.261146" lon="120.497937">
        <ele>67.0</ele>
      </trkpt>
      <trkpt lat="31.261148" lon="120.497944">
        <ele>68.0</ele>
      </trkpt>
      <trkpt lat="31.26115" lon="120.497952">
        <ele>68.0</ele>
      </trkpt>
      <trkpt lat="31.261153" lon="120.49796">
        <ele>68.0</ele>
      </trkpt>
      <trkpt lat="31.261156" lon="120.497967">
        <ele>68.0</ele>
      </trkpt>
      <trkpt lat="31.261159" lon="120.497974">
        <ele>68.0</ele>
      </trkpt>
      <trkpt lat="31.261161" lon="120.497981">
        <ele>68.0</ele>
      </trkpt>
      <trkpt lat="31.261164" lon="120.497986">
        <ele>68.0</ele>
      </trkpt>
      <trkpt lat="31.261166" lon="120.497992">
        <ele>68.0</ele>
      </trkpt>
      <trkpt lat="31.261176" lon="120.498009">
        <ele>70.0</ele>
      </trkpt>
      <trkpt lat="31.261182" lon="120.498017">
        <ele>70.0</ele>
      </trkpt>
      <trkpt lat="31.261188" lon="120.498024">
        <ele>70.0</ele>
      </trkpt>
      <trkpt lat="31.261194" lon="120.49803">
        <ele>70.0</ele>
      </trkpt>
      <trkpt lat="31.261199" lon="120.498035">
        <ele>70.0</ele>
      </trkpt>
      <trkpt lat="31.261204" lon="120.49804">
        <ele>70.0</ele>
      </trkpt>
      <trkpt lat="31.26121" lon="120.498046">
        <ele>70.0</ele>
      </trkpt>
      <trkpt lat="31.261215" lon="120.498052">
        <ele>70.0</ele>
      </trkpt>
      <trkpt lat="31.261221" lon="120.498058">
        <ele>70.0</ele>
      </trkpt>
      <trkpt lat="31.261226" lon="120.498064">
        <ele>70.0</ele>
      </trkpt>
      <trkpt lat="31.261232" lon="120.49807">
        <ele>71.0</ele>
      </trkpt>
      <trkpt lat="31.261237" lon="120.498075">
        <ele>71.0</ele>
      </trkpt>
      <trkpt lat="31.261242" lon="120.49808">
        <ele>71.0</ele>
      </trkpt>
      <trkpt lat="31.261254" lon="120.498088">
        <ele>72.0</ele>
      </trkpt>
      <trkpt lat="31.261262" lon="120.498093">
        <ele>72.0</ele>
      </trkpt>
      <trkpt lat="31.26127" lon="120.498098">
        <ele>72.0</ele>
      </trkpt>
      <trkpt lat="31.261276" lon="120.498101">
        <ele>72.0</ele>
      </trkpt>
      <trkpt lat="31.261282" lon="120.498105">
        <ele>72.0</ele>
      </trkpt>
      <trkpt lat="31.261288" lon="120.498108">
        <ele>72.0</ele>
      </trkpt>
      <trkpt lat="31.261295" lon="120.498112">
        <ele>72.0</ele>
      </trkpt>
      <trkpt lat="31.261301" lon="120.498116">
        <ele>72.0</ele>
      </trkpt>
      <trkpt lat="31.261308" lon="120.498121">
        <ele>73.0</ele>
      </trkpt>
      <trkpt lat="31.261313" lon="120.498125">
        <ele>73.0</ele>
      </trkpt>
      <trkpt lat="31.261319" lon="120.498129">
        <ele>73.0</ele>
      </trkpt>
      <trkpt lat="31.261325" lon="120.498133">
        <ele>73.0</ele>
      </trkpt>
      <trkpt lat="31.26133" lon="120.498138">
        <ele>73.0</ele>
      </trkpt>
      <trkpt lat="31.261336" lon="120.498142">
        <ele>74.0</ele>
      </trkpt>
      <trkpt lat="31.261342" lon="120.498145">
        <ele>74.0</ele>
      </trkpt>
      <trkpt lat="31.261348" lon="120.498149">
        <ele>74.0</ele>
      </trkpt>
      <trkpt lat="31.261355" lon="120.498152">
        <ele>74.0</ele>
      </trkpt>
      <trkpt lat="31.261361" lon="120.498155">
        <ele>74.0</ele>
      </trkpt>
      <trkpt lat="31.261368" lon="120.498158">
        <ele>74.0</ele>
      </trkpt>
      <trkpt lat="31.261375" lon="120.498161">
        <ele>74.0</ele>
      </trkpt>
      <trkpt lat="31.261382" lon="120.498164">
        <ele>74.0</ele>
      </trkpt>
      <trkpt lat="31.261384" lon="120.498165">
        <ele>74.0</ele>
      </trkpt>
      <trkpt lat="31.261387" lon="120.498166">
        <ele>74.0</ele>
      </trkpt>
      <trkpt lat="31.26139" lon="120.498167">
        <ele>75.0</ele>
      </trkpt>
      <trkpt lat="31.261397" lon="120.498169">
        <ele>75.0</ele>
      </trkpt>
      <trkpt lat="31.261403" lon="120.498172">
        <ele>75.0</ele>
      </trkpt>
      <trkpt lat="31.261409" lon="120.498174">
        <ele>75.0</ele>
      </trkpt>
      <trkpt lat="31.261415" lon="120.498177">
        <ele>75.0</ele>
      </trkpt>
      <trkpt lat="31.261421" lon="120.498179">
        <ele>75.0</ele>
      </trkpt>
      <trkpt lat="31.261427" lon="120.498182">
        <ele>75.0</ele>
      </trkpt>
      <trkpt lat="31.261431" lon="120.498184">
        <ele>75.0</ele>
      </trkpt>
      <trkpt lat="31.261435" lon="120.498186">
        <ele>75.0</ele>
      </trkpt>
      <trkpt lat="31.26144" lon="120.498187">
        <ele>75.0</ele>
      </trkpt>
      <trkpt lat="31.261446" lon="120.49819">
        <ele>76.0</ele>
      </trkpt>
      <trkpt lat="31.261452" lon="120.498192">
        <ele>76.0</ele>
      </trkpt>
      <trkpt lat="31.261456" lon="120.498194">
        <ele>76.0</ele>
      </trkpt>
      <trkpt lat="31.261461" lon="120.498196">
        <ele>76.0</ele>
      </trkpt>
      <trkpt lat="31.261465" lon="120.498199">
        <ele>76.0</ele>
      </trkpt>
      <trkpt lat="31.261469" lon="120.498202">
        <ele>76.0</ele>
      </trkpt>
      <trkpt lat="31.261473" lon="120.498205">
        <ele>76.0</ele>
      </trkpt>
      <trkpt lat="31.261477" lon="120.498208">
        <ele>76.0</ele>
      </trkpt>
      <trkpt lat="31.261488" lon="120.498215">
        <ele>77.0</ele>
      </trkpt>
      <trkpt lat="31.261496" lon="120.498219">
        <ele>77.0</ele>
      </trkpt>
      <trkpt lat="31.261504" lon="120.498223">
        <ele>78.0</ele>
      </trkpt>
      <trkpt lat="31.261511" lon="120.498227">
        <ele>78.0</ele>
      </trkpt>
      <trkpt lat="31.261518" lon="120.498231">
        <ele>78.0</ele>
      </trkpt>
      <trkpt lat="31.261524" lon="120.498235">
        <ele>78.0</ele>
      </trkpt>
      <trkpt lat="31.26153" lon="120.49824">
        <ele>78.0</ele>
      </trkpt>
      <trkpt lat="31.261536" lon="120.498245">
        <ele>78.0</ele>
      </trkpt>
      <trkpt lat="31.261542" lon="120.498249">
        <ele>78.0</ele>
      </trkpt>
      <trkpt lat="31.261547" lon="120.498254">
        <ele>78.0</ele>
      </trkpt>
      <trkpt lat="31.261553" lon="120.498259">
        <ele>78.0</ele>
      </trkpt>
      <trkpt lat="31.261559" lon="120.498266">
        <ele>78.0</ele>
      </trkpt>
      <trkpt lat="31.261564" lon="120.498272">
        <ele>79.0</ele>
      </trkpt>
      <trkpt lat="31.261571" lon="120.498283">
        <ele>79.0</ele>
      </trkpt>
      <trkpt lat="31.261578" lon="120.498293">
        <ele>79.0</ele>
      </trkpt>
      <trkpt lat="31.261586" lon="120.498303">
        <ele>79.0</ele>
      </trkpt>
      <trkpt lat="31.261595" lon="120.498314">
        <ele>79.0</ele>
      </trkpt>
      <trkpt lat="31.261602" lon="120.498322">
        <ele>80.0</ele>
      </trkpt>
      <trkpt lat="31.26161" lon="120.498331">
        <ele>80.0</ele>
      </trkpt>
      <trkpt lat="31.261617" lon="120.498337">
        <ele>80.0</ele>
      </trkpt>
      <trkpt lat="31.261624" lon="120.498343">
        <ele>80.0</ele>
      </trkpt>
      <trkpt lat="31.261629" lon="120.498348">
        <ele>80.0</ele>
      </trkpt>
      <trkpt lat="31.261634" lon="120.498352">
        <ele>81.0</ele>
      </trkpt>
      <trkpt lat="31.261639" lon="120.498357">
        <ele>81.0</ele>
      </trkpt>
      <trkpt lat="31.261644" lon="120.498361">
        <ele>81.0</ele>
      </trkpt>
      <trkpt lat="31.261649" lon="120.498366">
        <ele>81.0</ele>
      </trkpt>
      <trkpt lat="31.261655" lon="120.498372">
        <ele>81.0</ele>
      </trkpt>
      <trkpt lat="31.261662" lon="120.498379">
        <ele>81.0</ele>
      </trkpt>
      <trkpt lat="31.261669" lon="120.498386">
        <ele>81.0</ele>
      </trkpt>
      <trkpt lat="31.261676" lon="120.498394">
        <ele>81.0</ele>
      </trkpt>
      <trkpt lat="31.261684" lon="120.498402">
        <ele>81.0</ele>
      </trkpt>
      <trkpt lat="31.261691" lon="120.49841">
        <ele>81.0</ele>
      </trkpt>
      <trkpt lat="31.261699" lon="120.498418">
        <ele>82.0</ele>
      </trkpt>
      <trkpt lat="31.261706" lon="120.498426">
        <ele>82.0</ele>
      </trkpt>
      <trkpt lat="31.261712" lon="120.498434">
        <ele>82.0</ele>
      </trkpt>
      <trkpt lat="31.261718" lon="120.498442">
        <ele>82.0</ele>
      </trkpt>
      <trkpt lat="31.261724" lon="120.49845">
        <ele>82.0</ele>
      </trkpt>
      <trkpt lat="31.261729" lon="120.498457">
        <ele>83.0</ele>
      </trkpt>
      <trkpt lat="31.261734" lon="120.498465">
        <ele>83.0</ele>
      </trkpt>
      <trkpt lat="31.261738" lon="120.498471">
        <ele>83.0</ele>
      </trkpt>
      <trkpt lat="31.261742" lon="120.498477">
        <ele>83.0</ele>
      </trkpt>
      <trkpt lat="31.261747" lon="120.498483">
        <ele>83.0</ele>
      </trkpt>
      <trkpt lat="31.261751" lon="120.498489">
        <ele>83.0</ele>
      </trkpt>
      <trkpt lat="31.261756" lon="120.498494">
        <ele>83.0</ele>
      </trkpt>
      <trkpt lat="31.26176" lon="120.498499">
        <ele>83.0</ele>
      </trkpt>
      <trkpt lat="31.261765" lon="120.498505">
        <ele>83.0</ele>
      </trkpt>
      <trkpt lat="31.261769" lon="120.49851">
        <ele>83.0</ele>
      </trkpt>
      <trkpt lat="31.261774" lon="120.498516">
        <ele>84.0</ele>
      </trkpt>
      <trkpt lat="31.261778" lon="120.498522">
        <ele>84.0</ele>
      </trkpt>
      <trkpt lat="31.261782" lon="120.498528">
        <ele>84.0</ele>
      </trkpt>
      <trkpt lat="31.261787" lon="120.498534">
        <ele>84.0</ele>
      </trkpt>
      <trkpt lat="31.261791" lon="120.498539">
        <ele>84.0</ele>
      </trkpt>
      <trkpt lat="31.261796" lon="120.498545">
        <ele>85.0</ele>
      </trkpt>
      <trkpt lat="31.261801" lon="120.49855">
        <ele>85.0</ele>
      </trkpt>
      <trkpt lat="31.261806" lon="120.498556">
        <ele>85.0</ele>
      </trkpt>
      <trkpt lat="31.261812" lon="120.498562">
        <ele>85.0</ele>
      </trkpt>
      <trkpt lat="31.261818" lon="120.498568">
        <ele>85.0</ele>
      </trkpt>
      <trkpt lat="31.261825" lon="120.498575">
        <ele>86.0</ele>
      </trkpt>
      <trkpt lat="31.261831" lon="120.498582">
        <ele>86.0</ele>
      </trkpt>
      <trkpt lat="31.261838" lon="120.498589">
        <ele>86.0</ele>
      </trkpt>
      <trkpt lat="31.261845" lon="120.498595">
        <ele>86.0</ele>
      </trkpt>
      <trkpt lat="31.261853" lon="120.498602">
        <ele>86.0</ele>
      </trkpt>
      <trkpt lat="31.261861" lon="120.498607">
        <ele>87.0</ele>
      </trkpt>
      <trkpt lat="31.261871" lon="120.498612">
        <ele>87.0</ele>
      </trkpt>
      <trkpt lat="31.261881" lon="120.498616">
        <ele>87.0</ele>
      </trkpt>
      <trkpt lat="31.261892" lon="120.498619">
        <ele>87.0</ele>
      </trkpt>
      <trkpt lat="31.261904" lon="120.498622">
        <ele>87.0</ele>
      </trkpt>
      <trkpt lat="31.261915" lon="120.498624">
        <ele>88.0</ele>
      </trkpt>
      <trkpt lat="31.261926" lon="120.498626">
        <ele>88.0</ele>
      </trkpt>
      <trkpt lat="31.261937" lon="120.498628">
        <ele>88.0</ele>
      </trkpt>
      <trkpt lat="31.261947" lon="120.49863">
        <ele>88.0</ele>
      </trkpt>
      <trkpt lat="31.261958" lon="120.498633">
        <ele>88.0</ele>
      </trkpt>
      <trkpt lat="31.261968" lon="120.498636">
        <ele>89.0</ele>
      </trkpt>
      <trkpt lat="31.261977" lon="120.498641">
        <ele>89.0</ele>
      </trkpt>
      <trkpt lat="31.261986" lon="120.498645">
        <ele>89.0</ele>
      </trkpt>
      <trkpt lat="31.26199" lon="120.498648">
        <ele>89.0</ele>
      </trkpt>
      <trkpt lat="31.261995" lon="120.498652">
        <ele>89.0</ele>
      </trkpt>
      <trkpt lat="31.261993" lon="120.498654">
        <ele>89.0</ele>
      </trkpt>
      <trkpt lat="31.261992" lon="120.498655">
        <ele>89.0</ele>
      </trkpt>
      <trkpt lat="31.261985" lon="120.498656">
        <ele>89.0</ele>
      </trkpt>
      <trkpt lat="31.261978" lon="120.498658">
        <ele>89.0</ele>
      </trkpt>
      <trkpt lat="31.26197" lon="120.498659">
        <ele>89.0</ele>
      </trkpt>
      <trkpt lat="31.261962" lon="120.49866">
        <ele>89.0</ele>
      </trkpt>
      <trkpt lat="31.261955" lon="120.498661">
        <ele>89.0</ele>
      </trkpt>
      <trkpt lat="31.261947" lon="120.498663">
        <ele>89.0</ele>
      </trkpt>
      <trkpt lat="31.261941" lon="120.498667">
        <ele>89.0</ele>
      </trkpt>
      <trkpt lat="31.261935" lon="120.49867">
        <ele>89.0</ele>
      </trkpt>
      <trkpt lat="31.261929" lon="120.498675">
        <ele>89.0</ele>
      </trkpt>
      <trkpt lat="31.261924" lon="120.49868">
        <ele>89.0</ele>
      </trkpt>
      <trkpt lat="31.261919" lon="120.498686">
        <ele>89.0</ele>
      </trkpt>
      <trkpt lat="31.261915" lon="120.498691">
        <ele>89.0</ele>
      </trkpt>
      <trkpt lat="31.261912" lon="120.498698">
        <ele>89.0</ele>
      </trkpt>
      <trkpt lat="31.261909" lon="120.498705">
        <ele>90.0</ele>
      </trkpt>
      <trkpt lat="31.261909" lon="120.498712">
        <ele>90.0</ele>
      </trkpt>
      <trkpt lat="31.261908" lon="120.498719">
        <ele>90.0</ele>
      </trkpt>
      <trkpt lat="31.26191" lon="120.498726">
        <ele>90.0</ele>
      </trkpt>
      <trkpt lat="31.261912" lon="120.498734">
        <ele>90.0</ele>
      </trkpt>
      <trkpt lat="31.261916" lon="120.498741">
        <ele>90.0</ele>
      </trkpt>
      <trkpt lat="31.261919" lon="120.498748">
        <ele>90.0</ele>
      </trkpt>
      <trkpt lat="31.261924" lon="120.498754">
        <ele>90.0</ele>
      </trkpt>
      <trkpt lat="31.261928" lon="120.49876">
        <ele>90.0</ele>
      </trkpt>
      <trkpt lat="31.261934" lon="120.498764">
        <ele>90.0</ele>
      </trkpt>
      <trkpt lat="31.261939" lon="120.498768">
        <ele>90.0</ele>
      </trkpt>
      <trkpt lat="31.261945" lon="120.498771">
        <ele>90.0</ele>
      </trkpt>
      <trkpt lat="31.261951" lon="120.498773">
        <ele>90.0</ele>
      </trkpt>
      <trkpt lat="31.261958" lon="120.498776">
        <ele>90.0</ele>
      </trkpt>
      <trkpt lat="31.261964" lon="120.498778">
        <ele>90.0</ele>
      </trkpt>
      <trkpt lat="31.261971" lon="120.498781">
        <ele>91.0</ele>
      </trkpt>
      <trkpt lat="31.261977" lon="120.498784">
        <ele>91.0</ele>
      </trkpt>
      <trkpt lat="31.261984" lon="120.498786">
        <ele>91.0</ele>
      </trkpt>
      <trkpt lat="31.261991" lon="120.498789">
        <ele>91.0</ele>
      </trkpt>
      <trkpt lat="31.261998" lon="120.498792">
        <ele>91.0</ele>
      </trkpt>
      <trkpt lat="31.262006" lon="120.498794">
        <ele>91.0</ele>
      </trkpt>
      <trkpt lat="31.262012" lon="120.498796">
        <ele>91.0</ele>
      </trkpt>
      <trkpt lat="31.262018" lon="120.498797">
        <ele>91.0</ele>
      </trkpt>
      <trkpt lat="31.262025" lon="120.498799">
        <ele>91.0</ele>
      </trkpt>
      <trkpt lat="31.262031" lon="120.498801">
        <ele>91.0</ele>
      </trkpt>
      <trkpt lat="31.262038" lon="120.498802">
        <ele>91.0</ele>
      </trkpt>
      <trkpt lat="31.262045" lon="120.498803">
        <ele>91.0</ele>
      </trkpt>
      <trkpt lat="31.262052" lon="120.498804">
        <ele>91.0</ele>
      </trkpt>
      <trkpt lat="31.262059" lon="120.498805">
        <ele>91.0</ele>
      </trkpt>
      <trkpt lat="31.262065" lon="120.498806">
        <ele>91.0</ele>
      </trkpt>
      <trkpt lat="31.262072" lon="120.498806">
        <ele>92.0</ele>
      </trkpt>
      <trkpt lat="31.262079" lon="120.498807">
        <ele>92.0</ele>
      </trkpt>
      <trkpt lat="31.262085" lon="120.498808">
        <ele>92.0</ele>
      </trkpt>
      <trkpt lat="31.262089" lon="120.498808">
        <ele>92.0</ele>
      </trkpt>
      <trkpt lat="31.262092" lon="120.498808">
        <ele>92.0</ele>
      </trkpt>
      <trkpt lat="31.262096" lon="120.498808">
        <ele>92.0</ele>
      </trkpt>
      <trkpt lat="31.262099" lon="120.498808">
        <ele>92.0</ele>
      </trkpt>
      <trkpt lat="31.262105" lon="120.498807">
        <ele>92.0</ele>
      </trkpt>
      <trkpt lat="31.262111" lon="120.498806">
        <ele>92.0</ele>
      </trkpt>
      <trkpt lat="31.262117" lon="120.498805">
        <ele>92.0</ele>
      </trkpt>
      <trkpt lat="31.262123" lon="120.498805">
        <ele>93.0</ele>
      </trkpt>
      <trkpt lat="31.262129" lon="120.498804">
        <ele>93.0</ele>
      </trkpt>
      <trkpt lat="31.262136" lon="120.498803">
        <ele>93.0</ele>
      </trkpt>
      <trkpt lat="31.262142" lon="120.498802">
        <ele>93.0</ele>
      </trkpt>
      <trkpt lat="31.262149" lon="120.498801">
        <ele>93.0</ele>
      </trkpt>
      <trkpt lat="31.262155" lon="120.498802">
        <ele>93.0</ele>
      </trkpt>
      <trkpt lat="31.262162" lon="120.498802">
        <ele>93.0</ele>
      </trkpt>
      <trkpt lat="31.262168" lon="120.498802">
        <ele>93.0</ele>
      </trkpt>
      <trkpt lat="31.262175" lon="120.498802">
        <ele>93.0</ele>
      </trkpt>
      <trkpt lat="31.262181" lon="120.498802">
        <ele>93.0</ele>
      </trkpt>
      <trkpt lat="31.262188" lon="120.498802">
        <ele>94.0</ele>
      </trkpt>
      <trkpt lat="31.262191" lon="120.498802">
        <ele>94.0</ele>
      </trkpt>
      <trkpt lat="31.262194" lon="120.498802">
        <ele>94.0</ele>
      </trkpt>
      <trkpt lat="31.262198" lon="120.498802">
        <ele>94.0</ele>
      </trkpt>
      <trkpt lat="31.262201" lon="120.498802">
        <ele>94.0</ele>
      </trkpt>
      <trkpt lat="31.262204" lon="120.498803">
        <ele>95.0</ele>
      </trkpt>
      <trkpt lat="31.262211" lon="120.498803">
        <ele>95.0</ele>
      </trkpt>
      <trkpt lat="31.262218" lon="120.498803">
        <ele>95.0</ele>
      </trkpt>
      <trkpt lat="31.262224" lon="120.498803">
        <ele>95.0</ele>
      </trkpt>
      <trkpt lat="31.26223" lon="120.498803">
        <ele>95.0</ele>
      </trkpt>
      <trkpt lat="31.262236" lon="120.498803">
        <ele>95.0</ele>
      </trkpt>
      <trkpt lat="31.262242" lon="120.498803">
        <ele>95.0</ele>
      </trkpt>
      <trkpt lat="31.26225" lon="120.498802">
        <ele>95.0</ele>
      </trkpt>
      <trkpt lat="31.262257" lon="120.498802">
        <ele>95.0</ele>
      </trkpt>
      <trkpt lat="31.262266" lon="120.498802">
        <ele>95.0</ele>
      </trkpt>
      <trkpt lat="31.262274" lon="120.498801">
        <ele>96.0</ele>
      </trkpt>
      <trkpt lat="31.262282" lon="120.498801">
        <ele>96.0</ele>
      </trkpt>
      <trkpt lat="31.262291" lon="120.498801">
        <ele>96.0</ele>
      </trkpt>
      <trkpt lat="31.262297" lon="120.4988">
        <ele>96.0</ele>
      </trkpt>
      <trkpt lat="31.262304" lon="120.4988">
        <ele>96.0</ele>
      </trkpt>
      <trkpt lat="31.26231" lon="120.498799">
        <ele>97.0</ele>
      </trkpt>
      <trkpt lat="31.262317" lon="120.498798">
        <ele>97.0</ele>
      </trkpt>
      <trkpt lat="31.262323" lon="120.498797">
        <ele>97.0</ele>
      </trkpt>
      <trkpt lat="31.262329" lon="120.498797">
        <ele>97.0</ele>
      </trkpt>
      <trkpt lat="31.262336" lon="120.498796">
        <ele>97.0</ele>
      </trkpt>
      <trkpt lat="31.262343" lon="120.498796">
        <ele>97.0</ele>
      </trkpt>
      <trkpt lat="31.26235" lon="120.498795">
        <ele>97.0</ele>
      </trkpt>
      <trkpt lat="31.262356" lon="120.498794">
        <ele>97.0</ele>
      </trkpt>
      <trkpt lat="31.262361" lon="120.498793">
        <ele>97.0</ele>
      </trkpt>
      <trkpt lat="31.262366" lon="120.498791">
        <ele>97.0</ele>
      </trkpt>
      <trkpt lat="31.262371" lon="120.498789">
        <ele>98.0</ele>
      </trkpt>
      <trkpt lat="31.262376" lon="120.498787">
        <ele>98.0</ele>
      </trkpt>
      <trkpt lat="31.26238" lon="120.498783">
        <ele>98.0</ele>
      </trkpt>
      <trkpt lat="31.262385" lon="120.498779">
        <ele>98.0</ele>
      </trkpt>
      <trkpt lat="31.26239" lon="120.498774">
        <ele>98.0</ele>
      </trkpt>
      <trkpt lat="31.262394" lon="120.498769">
        <ele>99.0</ele>
      </trkpt>
      <trkpt lat="31.262408" lon="120.498764">
        <ele>100.0</ele>
      </trkpt>
      <trkpt lat="31.262412" lon="120.498762">
        <ele>100.0</ele>
      </trkpt>
      <trkpt lat="31.262416" lon="120.498761">
        <ele>100.0</ele>
      </trkpt>
      <trkpt lat="31.26242" lon="120.49876">
        <ele>100.0</ele>
      </trkpt>
      <trkpt lat="31.262428" lon="120.498757">
        <ele>100.0</ele>
      </trkpt>
      <trkpt lat="31.262436" lon="120.498755">
        <ele>100.0</ele>
      </trkpt>
      <trkpt lat="31.262443" lon="120.498752">
        <ele>100.0</ele>
      </trkpt>
      <trkpt lat="31.26245" lon="120.49875">
        <ele>100.0</ele>
      </trkpt>
      <trkpt lat="31.262457" lon="120.498747">
        <ele>100.0</ele>
      </trkpt>
      <trkpt lat="31.262464" lon="120.498744">
        <ele>100.0</ele>
      </trkpt>
      <trkpt lat="31.262469" lon="120.498742">
        <ele>101.0</ele>
      </trkpt>
      <trkpt lat="31.262475" lon="120.498739">
        <ele>101.0</ele>
      </trkpt>
      <trkpt lat="31.26248" lon="120.498737">
        <ele>101.0</ele>
      </trkpt>
      <trkpt lat="31.262488" lon="120.498735">
        <ele>101.0</ele>
      </trkpt>
      <trkpt lat="31.262495" lon="120.498733">
        <ele>101.0</ele>
      </trkpt>
      <trkpt lat="31.262501" lon="120.498731">
        <ele>101.0</ele>
      </trkpt>
      <trkpt lat="31.262507" lon="120.498729">
        <ele>101.0</ele>
      </trkpt>
      <trkpt lat="31.262513" lon="120.498727">
        <ele>101.0</ele>
      </trkpt>
      <trkpt lat="31.262518" lon="120.498725">
        <ele>101.0</ele>
      </trkpt>
      <trkpt lat="31.262524" lon="120.498722">
        <ele>101.0</ele>
      </trkpt>
      <trkpt lat="31.262531" lon="120.49872">
        <ele>102.0</ele>
      </trkpt>
      <trkpt lat="31.262537" lon="120.498718">
        <ele>102.0</ele>
      </trkpt>
      <trkpt lat="31.262544" lon="120.498716">
        <ele>102.0</ele>
      </trkpt>
      <trkpt lat="31.262551" lon="120.498713">
        <ele>102.0</ele>
      </trkpt>
      <trkpt lat="31.262557" lon="120.49871">
        <ele>102.0</ele>
      </trkpt>
      <trkpt lat="31.262564" lon="120.498708">
        <ele>103.0</ele>
      </trkpt>
      <trkpt lat="31.26257" lon="120.498705">
        <ele>103.0</ele>
      </trkpt>
      <trkpt lat="31.262578" lon="120.498704">
        <ele>103.0</ele>
      </trkpt>
      <trkpt lat="31.262585" lon="120.498703">
        <ele>103.0</ele>
      </trkpt>
      <trkpt lat="31.262593" lon="120.498704">
        <ele>103.0</ele>
      </trkpt>
      <trkpt lat="31.262602" lon="120.498705">
        <ele>104.0</ele>
      </trkpt>
      <trkpt lat="31.262611" lon="120.498706">
        <ele>104.0</ele>
      </trkpt>
      <trkpt lat="31.26262" lon="120.498708">
        <ele>104.0</ele>
      </trkpt>
      <trkpt lat="31.262629" lon="120.49871">
        <ele>104.0</ele>
      </trkpt>
      <trkpt lat="31.262638" lon="120.498712">
        <ele>104.0</ele>
      </trkpt>
      <trkpt lat="31.262647" lon="120.498714">
        <ele>105.0</ele>
      </trkpt>
      <trkpt lat="31.262656" lon="120.498716">
        <ele>105.0</ele>
      </trkpt>
      <trkpt lat="31.262664" lon="120.498718">
        <ele>105.0</ele>
      </trkpt>
      <trkpt lat="31.262672" lon="120.49872">
        <ele>105.0</ele>
      </trkpt>
      <trkpt lat="31.262675" lon="120.49872">
        <ele>105.0</ele>
      </trkpt>
      <trkpt lat="31.262677" lon="120.498721">
        <ele>106.0</ele>
      </trkpt>
      <trkpt lat="31.262679" lon="120.498721">
        <ele>106.0</ele>
      </trkpt>
      <trkpt lat="31.262681" lon="120.498721">
        <ele>106.0</ele>
      </trkpt>
      <trkpt lat="31.262683" lon="120.498722">
        <ele>106.0</ele>
      </trkpt>
      <trkpt lat="31.262691" lon="120.498723">
        <ele>106.0</ele>
      </trkpt>
      <trkpt lat="31.262698" lon="120.498724">
        <ele>107.0</ele>
      </trkpt>
      <trkpt lat="31.262704" lon="120.498725">
        <ele>107.0</ele>
      </trkpt>
      <trkpt lat="31.26271" lon="120.498727">
        <ele>107.0</ele>
      </trkpt>
      <trkpt lat="31.262716" lon="120.498727">
        <ele>107.0</ele>
      </trkpt>
      <trkpt lat="31.262722" lon="120.498728">
        <ele>107.0</ele>
      </trkpt>
      <trkpt lat="31.262729" lon="120.498729">
        <ele>107.0</ele>
      </trkpt>
      <trkpt lat="31.262735" lon="120.49873">
        <ele>107.0</ele>
      </trkpt>
      <trkpt lat="31.262742" lon="120.49873">
        <ele>107.0</ele>
      </trkpt>
      <trkpt lat="31.262749" lon="120.49873">
        <ele>107.0</ele>
      </trkpt>
      <trkpt lat="31.262756" lon="120.49873">
        <ele>107.0</ele>
      </trkpt>
      <trkpt lat="31.262764" lon="120.498729">
        <ele>108.0</ele>
      </trkpt>
      <trkpt lat="31.262782" lon="120.498724">
        <ele>109.0</ele>
      </trkpt>
      <trkpt lat="31.262789" lon="120.498721">
        <ele>109.0</ele>
      </trkpt>
      <trkpt lat="31.262796" lon="120.498718">
        <ele>109.0</ele>
      </trkpt>
      <trkpt lat="31.262801" lon="120.498714">
        <ele>109.0</ele>
      </trkpt>
      <trkpt lat="31.262807" lon="120.498711">
        <ele>109.0</ele>
      </trkpt>
      <trkpt lat="31.262811" lon="120.498705">
        <ele>109.0</ele>
      </trkpt>
      <trkpt lat="31.262816" lon="120.498699">
        <ele>109.0</ele>
      </trkpt>
      <trkpt lat="31.262819" lon="120.498692">
        <ele>109.0</ele>
      </trkpt>
      <trkpt lat="31.262822" lon="120.498684">
        <ele>109.0</ele>
      </trkpt>
      <trkpt lat="31.26282" lon="120.498689">
        <ele>111.0</ele>
      </trkpt>
      <trkpt lat="31.262819" lon="120.498691">
        <ele>111.0</ele>
      </trkpt>
      <trkpt lat="31.262819" lon="120.498692">
        <ele>111.0</ele>
      </trkpt>
      <trkpt lat="31.262818" lon="120.498694">
        <ele>111.0</ele>
      </trkpt>
      <trkpt lat="31.262818" lon="120.498696">
        <ele>111.0</ele>
      </trkpt>
      <trkpt lat="31.262819" lon="120.498698">
        <ele>111.0</ele>
      </trkpt>
      <trkpt lat="31.262823" lon="120.498696">
        <ele>111.0</ele>
      </trkpt>
      <trkpt lat="31.262827" lon="120.498695">
        <ele>111.0</ele>
      </trkpt>
      <trkpt lat="31.262835" lon="120.498691">
        <ele>111.0</ele>
      </trkpt>
      <trkpt lat="31.262842" lon="120.498688">
        <ele>111.0</ele>
      </trkpt>
      <trkpt lat="31.262851" lon="120.498683">
        <ele>111.0</ele>
      </trkpt>
      <trkpt lat="31.262861" lon="120.498679">
        <ele>111.0</ele>
      </trkpt>
      <trkpt lat="31.26287" lon="120.498674">
        <ele>111.0</ele>
      </trkpt>
      <trkpt lat="31.262879" lon="120.49867">
        <ele>111.0</ele>
      </trkpt>
      <trkpt lat="31.262887" lon="120.498666">
        <ele>111.0</ele>
      </trkpt>
      <trkpt lat="31.262895" lon="120.498662">
        <ele>111.0</ele>
      </trkpt>
      <trkpt lat="31.262903" lon="120.498658">
        <ele>111.0</ele>
      </trkpt>
      <trkpt lat="31.26291" lon="120.498654">
        <ele>111.0</ele>
      </trkpt>
      <trkpt lat="31.262917" lon="120.498652">
        <ele>111.0</ele>
      </trkpt>
      <trkpt lat="31.262924" lon="120.498649">
        <ele>111.0</ele>
      </trkpt>
      <trkpt lat="31.262931" lon="120.498647">
        <ele>112.0</ele>
      </trkpt>
      <trkpt lat="31.262937" lon="120.498645">
        <ele>112.0</ele>
      </trkpt>
      <trkpt lat="31.262944" lon="120.498643">
        <ele>112.0</ele>
      </trkpt>
      <trkpt lat="31.26295" lon="120.498641">
        <ele>112.0</ele>
      </trkpt>
      <trkpt lat="31.262956" lon="120.49864">
        <ele>112.0</ele>
      </trkpt>
      <trkpt lat="31.262962" lon="120.498638">
        <ele>113.0</ele>
      </trkpt>
      <trkpt lat="31.262968" lon="120.498637">
        <ele>113.0</ele>
      </trkpt>
      <trkpt lat="31.262974" lon="120.498636">
        <ele>113.0</ele>
      </trkpt>
      <trkpt lat="31.262979" lon="120.498634">
        <ele>113.0</ele>
      </trkpt>
      <trkpt lat="31.262985" lon="120.498632">
        <ele>113.0</ele>
      </trkpt>
      <trkpt lat="31.26299" lon="120.49863">
        <ele>114.0</ele>
      </trkpt>
      <trkpt lat="31.262996" lon="120.498628">
        <ele>114.0</ele>
      </trkpt>
      <trkpt lat="31.263001" lon="120.498626">
        <ele>114.0</ele>
      </trkpt>
      <trkpt lat="31.263007" lon="120.498624">
        <ele>114.0</ele>
      </trkpt>
      <trkpt lat="31.263013" lon="120.498622">
        <ele>114.0</ele>
      </trkpt>
      <trkpt lat="31.263019" lon="120.498619">
        <ele>114.0</ele>
      </trkpt>
      <trkpt lat="31.263026" lon="120.498617">
        <ele>114.0</ele>
      </trkpt>
      <trkpt lat="31.263032" lon="120.498615">
        <ele>114.0</ele>
      </trkpt>
      <trkpt lat="31.263039" lon="120.498612">
        <ele>114.0</ele>
      </trkpt>
      <trkpt lat="31.263046" lon="120.49861">
        <ele>114.0</ele>
      </trkpt>
      <trkpt lat="31.263053" lon="120.498606">
        <ele>115.0</ele>
      </trkpt>
      <trkpt lat="31.26306" lon="120.498603">
        <ele>115.0</ele>
      </trkpt>
      <trkpt lat="31.263066" lon="120.498599">
        <ele>115.0</ele>
      </trkpt>
      <trkpt lat="31.263072" lon="120.498595">
        <ele>115.0</ele>
      </trkpt>
      <trkpt lat="31.263077" lon="120.498591">
        <ele>115.0</ele>
      </trkpt>
      <trkpt lat="31.263082" lon="120.498588">
        <ele>115.0</ele>
      </trkpt>
      <trkpt lat="31.263087" lon="120.498584">
        <ele>115.0</ele>
      </trkpt>
      <trkpt lat="31.263092" lon="120.498581">
        <ele>115.0</ele>
      </trkpt>
      <trkpt lat="31.263098" lon="120.498577">
        <ele>115.0</ele>
      </trkpt>
      <trkpt lat="31.263103" lon="120.498574">
        <ele>115.0</ele>
      </trkpt>
      <trkpt lat="31.263109" lon="120.49857">
        <ele>116.0</ele>
      </trkpt>
      <trkpt lat="31.263114" lon="120.498566">
        <ele>116.0</ele>
      </trkpt>
      <trkpt lat="31.263118" lon="120.498562">
        <ele>116.0</ele>
      </trkpt>
      <trkpt lat="31.263122" lon="120.498558">
        <ele>116.0</ele>
      </trkpt>
      <trkpt lat="31.263126" lon="120.498554">
        <ele>116.0</ele>
      </trkpt>
      <trkpt lat="31.26313" lon="120.498549">
        <ele>116.0</ele>
      </trkpt>
      <trkpt lat="31.263133" lon="120.498544">
        <ele>116.0</ele>
      </trkpt>
      <trkpt lat="31.263136" lon="120.498539">
        <ele>116.0</ele>
      </trkpt>
      <trkpt lat="31.263139" lon="120.498533">
        <ele>116.0</ele>
      </trkpt>
      <trkpt lat="31.263142" lon="120.498527">
        <ele>116.0</ele>
      </trkpt>
      <trkpt lat="31.263144" lon="120.49852">
        <ele>117.0</ele>
      </trkpt>
      <trkpt lat="31.263147" lon="120.498514">
        <ele>117.0</ele>
      </trkpt>
      <trkpt lat="31.263149" lon="120.498507">
        <ele>117.0</ele>
      </trkpt>
      <trkpt lat="31.263151" lon="120.4985">
        <ele>117.0</ele>
      </trkpt>
      <trkpt lat="31.263153" lon="120.498493">
        <ele>117.0</ele>
      </trkpt>
      <trkpt lat="31.263155" lon="120.498486">
        <ele>117.0</ele>
      </trkpt>
      <trkpt lat="31.263157" lon="120.49848">
        <ele>117.0</ele>
      </trkpt>
      <trkpt lat="31.263159" lon="120.498475">
        <ele>117.0</ele>
      </trkpt>
      <trkpt lat="31.263161" lon="120.498469">
        <ele>117.0</ele>
      </trkpt>
      <trkpt lat="31.263164" lon="120.498463">
        <ele>117.0</ele>
      </trkpt>
      <trkpt lat="31.263167" lon="120.498457">
        <ele>118.0</ele>
      </trkpt>
      <trkpt lat="31.26317" lon="120.498451">
        <ele>118.0</ele>
      </trkpt>
      <trkpt lat="31.263173" lon="120.498444">
        <ele>118.0</ele>
      </trkpt>
      <trkpt lat="31.263177" lon="120.498437">
        <ele>118.0</ele>
      </trkpt>
      <trkpt lat="31.26318" lon="120.498431">
        <ele>118.0</ele>
      </trkpt>
      <trkpt lat="31.263183" lon="120.498424">
        <ele>119.0</ele>
      </trkpt>
      <trkpt lat="31.263186" lon="120.498418">
        <ele>119.0</ele>
      </trkpt>
      <trkpt lat="31.263189" lon="120.498411">
        <ele>119.0</ele>
      </trkpt>
      <trkpt lat="31.263192" lon="120.498405">
        <ele>119.0</ele>
      </trkpt>
      <trkpt lat="31.263195" lon="120.498398">
        <ele>119.0</ele>
      </trkpt>
      <trkpt lat="31.263198" lon="120.498392">
        <ele>119.0</ele>
      </trkpt>
      <trkpt lat="31.263201" lon="120.498385">
        <ele>119.0</ele>
      </trkpt>
      <trkpt lat="31.263205" lon="120.498379">
        <ele>119.0</ele>
      </trkpt>
      <trkpt lat="31.263209" lon="120.498373">
        <ele>119.0</ele>
      </trkpt>
      <trkpt lat="31.263213" lon="120.498367">
        <ele>119.0</ele>
      </trkpt>
      <trkpt lat="31.263217" lon="120.498361">
        <ele>120.0</ele>
      </trkpt>
      <trkpt lat="31.263221" lon="120.498355">
        <ele>120.0</ele>
      </trkpt>
      <trkpt lat="31.263225" lon="120.498348">
        <ele>120.0</ele>
      </trkpt>
      <trkpt lat="31.263228" lon="120.498342">
        <ele>120.0</ele>
      </trkpt>
      <trkpt lat="31.263231" lon="120.498335">
        <ele>120.0</ele>
      </trkpt>
      <trkpt lat="31.263235" lon="120.498318">
        <ele>121.0</ele>
      </trkpt>
      <trkpt lat="31.263236" lon="120.498306">
        <ele>121.0</ele>
      </trkpt>
      <trkpt lat="31.263238" lon="120.498295">
        <ele>122.0</ele>
      </trkpt>
      <trkpt lat="31.263239" lon="120.498286">
        <ele>122.0</ele>
      </trkpt>
      <trkpt lat="31.263239" lon="120.498278">
        <ele>122.0</ele>
      </trkpt>
      <trkpt lat="31.263241" lon="120.498271">
        <ele>122.0</ele>
      </trkpt>
      <trkpt lat="31.263242" lon="120.498264">
        <ele>122.0</ele>
      </trkpt>
      <trkpt lat="31.263245" lon="120.498258">
        <ele>123.0</ele>
      </trkpt>
      <trkpt lat="31.263248" lon="120.498252">
        <ele>123.0</ele>
      </trkpt>
      <trkpt lat="31.263252" lon="120.498237">
        <ele>125.0</ele>
      </trkpt>
      <trkpt lat="31.263263" lon="120.498221">
        <ele>125.0</ele>
      </trkpt>
      <trkpt lat="31.263277" lon="120.498214">
        <ele>125.0</ele>
      </trkpt>
      <trkpt lat="31.263287" lon="120.498211">
        <ele>125.0</ele>
      </trkpt>
      <trkpt lat="31.263297" lon="120.498209">
        <ele>125.0</ele>
      </trkpt>
      <trkpt lat="31.263305" lon="120.498207">
        <ele>125.0</ele>
      </trkpt>
      <trkpt lat="31.263312" lon="120.498205">
        <ele>125.0</ele>
      </trkpt>
      <trkpt lat="31.263318" lon="120.498203">
        <ele>125.0</ele>
      </trkpt>
      <trkpt lat="31.263325" lon="120.4982">
        <ele>125.0</ele>
      </trkpt>
      <trkpt lat="31.263332" lon="120.49819">
        <ele>127.0</ele>
      </trkpt>
      <trkpt lat="31.263334" lon="120.498185">
        <ele>127.0</ele>
      </trkpt>
      <trkpt lat="31.263336" lon="120.498179">
        <ele>127.0</ele>
      </trkpt>
      <trkpt lat="31.263338" lon="120.498173">
        <ele>127.0</ele>
      </trkpt>
      <trkpt lat="31.26334" lon="120.498168">
        <ele>127.0</ele>
      </trkpt>
      <trkpt lat="31.263342" lon="120.498163">
        <ele>127.0</ele>
      </trkpt>
      <trkpt lat="31.263344" lon="120.498158">
        <ele>127.0</ele>
      </trkpt>
      <trkpt lat="31.263346" lon="120.498153">
        <ele>127.0</ele>
      </trkpt>
      <trkpt lat="31.263349" lon="120.498145">
        <ele>127.0</ele>
      </trkpt>
      <trkpt lat="31.263352" lon="120.498137">
        <ele>127.0</ele>
      </trkpt>
      <trkpt lat="31.263353" lon="120.498133">
        <ele>127.0</ele>
      </trkpt>
      <trkpt lat="31.263355" lon="120.498129">
        <ele>128.0</ele>
      </trkpt>
      <trkpt lat="31.263358" lon="120.498122">
        <ele>128.0</ele>
      </trkpt>
      <trkpt lat="31.26336" lon="120.498115">
        <ele>128.0</ele>
      </trkpt>
      <trkpt lat="31.263363" lon="120.498109">
        <ele>128.0</ele>
      </trkpt>
      <trkpt lat="31.263365" lon="120.498103">
        <ele>128.0</ele>
      </trkpt>
      <trkpt lat="31.263368" lon="120.49808">
        <ele>129.0</ele>
      </trkpt>
      <trkpt lat="31.263368" lon="120.49806">
        <ele>130.0</ele>
      </trkpt>
      <trkpt lat="31.263367" lon="120.498047">
        <ele>131.0</ele>
      </trkpt>
      <trkpt lat="31.263366" lon="120.498035">
        <ele>131.0</ele>
      </trkpt>
      <trkpt lat="31.263365" lon="120.498026">
        <ele>131.0</ele>
      </trkpt>
      <trkpt lat="31.263364" lon="120.498018">
        <ele>131.0</ele>
      </trkpt>
      <trkpt lat="31.263363" lon="120.498011">
        <ele>131.0</ele>
      </trkpt>
      <trkpt lat="31.263362" lon="120.498004">
        <ele>132.0</ele>
      </trkpt>
      <trkpt lat="31.263362" lon="120.497998">
        <ele>132.0</ele>
      </trkpt>
      <trkpt lat="31.263362" lon="120.497992">
        <ele>132.0</ele>
      </trkpt>
      <trkpt lat="31.263363" lon="120.497987">
        <ele>132.0</ele>
      </trkpt>
      <trkpt lat="31.263364" lon="120.497981">
        <ele>132.0</ele>
      </trkpt>
      <trkpt lat="31.263367" lon="120.497976">
        <ele>132.0</ele>
      </trkpt>
      <trkpt lat="31.263369" lon="120.497972">
        <ele>132.0</ele>
      </trkpt>
      <trkpt lat="31.263373" lon="120.497968">
        <ele>132.0</ele>
      </trkpt>
      <trkpt lat="31.263377" lon="120.497963">
        <ele>132.0</ele>
      </trkpt>
      <trkpt lat="31.263381" lon="120.497959">
        <ele>132.0</ele>
      </trkpt>
      <trkpt lat="31.263386" lon="120.497956">
        <ele>133.0</ele>
      </trkpt>
      <trkpt lat="31.26339" lon="120.497951">
        <ele>133.0</ele>
      </trkpt>
      <trkpt lat="31.263394" lon="120.497947">
        <ele>133.0</ele>
      </trkpt>
      <trkpt lat="31.263398" lon="120.497942">
        <ele>133.0</ele>
      </trkpt>
      <trkpt lat="31.263402" lon="120.497937">
        <ele>133.0</ele>
      </trkpt>
      <trkpt lat="31.263405" lon="120.497932">
        <ele>134.0</ele>
      </trkpt>
      <trkpt lat="31.263409" lon="120.497926">
        <ele>134.0</ele>
      </trkpt>
      <trkpt lat="31.263411" lon="120.497922">
        <ele>134.0</ele>
      </trkpt>
      <trkpt lat="31.263414" lon="120.497918">
        <ele>134.0</ele>
      </trkpt>
      <trkpt lat="31.263417" lon="120.497914">
        <ele>134.0</ele>
      </trkpt>
      <trkpt lat="31.263422" lon="120.497909">
        <ele>135.0</ele>
      </trkpt>
      <trkpt lat="31.263427" lon="120.497903">
        <ele>135.0</ele>
      </trkpt>
      <trkpt lat="31.263431" lon="120.497899">
        <ele>135.0</ele>
      </trkpt>
      <trkpt lat="31.263435" lon="120.497894">
        <ele>135.0</ele>
      </trkpt>
      <trkpt lat="31.263439" lon="120.497889">
        <ele>135.0</ele>
      </trkpt>
      <trkpt lat="31.263443" lon="120.497885">
        <ele>136.0</ele>
      </trkpt>
      <trkpt lat="31.263447" lon="120.49788">
        <ele>136.0</ele>
      </trkpt>
      <trkpt lat="31.263451" lon="120.497876">
        <ele>136.0</ele>
      </trkpt>
      <trkpt lat="31.263454" lon="120.497872">
        <ele>136.0</ele>
      </trkpt>
      <trkpt lat="31.263458" lon="120.497868">
        <ele>136.0</ele>
      </trkpt>
      <trkpt lat="31.263461" lon="120.497863">
        <ele>136.0</ele>
      </trkpt>
      <trkpt lat="31.263465" lon="120.497858">
        <ele>136.0</ele>
      </trkpt>
      <trkpt lat="31.263469" lon="120.497853">
        <ele>136.0</ele>
      </trkpt>
      <trkpt lat="31.263473" lon="120.497848">
        <ele>136.0</ele>
      </trkpt>
      <trkpt lat="31.263476" lon="120.497843">
        <ele>136.0</ele>
      </trkpt>
      <trkpt lat="31.263479" lon="120.497837">
        <ele>137.0</ele>
      </trkpt>
      <trkpt lat="31.263482" lon="120.497832">
        <ele>137.0</ele>
      </trkpt>
      <trkpt lat="31.263486" lon="120.497827">
        <ele>137.0</ele>
      </trkpt>
      <trkpt lat="31.263488" lon="120.497821">
        <ele>137.0</ele>
      </trkpt>
      <trkpt lat="31.263491" lon="120.497815">
        <ele>137.0</ele>
      </trkpt>
      <trkpt lat="31.263494" lon="120.497809">
        <ele>137.0</ele>
      </trkpt>
      <trkpt lat="31.263497" lon="120.497804">
        <ele>137.0</ele>
      </trkpt>
      <trkpt lat="31.2635" lon="120.497799">
        <ele>137.0</ele>
      </trkpt>
      <trkpt lat="31.263503" lon="120.497794">
        <ele>137.0</ele>
      </trkpt>
      <trkpt lat="31.263506" lon="120.497789">
        <ele>137.0</ele>
      </trkpt>
      <trkpt lat="31.263509" lon="120.497785">
        <ele>138.0</ele>
      </trkpt>
      <trkpt lat="31.263511" lon="120.497782">
        <ele>138.0</ele>
      </trkpt>
      <trkpt lat="31.263513" lon="120.497778">
        <ele>138.0</ele>
      </trkpt>
      <trkpt lat="31.263516" lon="120.497773">
        <ele>138.0</ele>
      </trkpt>
      <trkpt lat="31.263519" lon="120.497767">
        <ele>138.0</ele>
      </trkpt>
      <trkpt lat="31.263521" lon="120.497763">
        <ele>139.0</ele>
      </trkpt>
      <trkpt lat="31.263523" lon="120.49776">
        <ele>139.0</ele>
      </trkpt>
      <trkpt lat="31.263526" lon="120.497755">
        <ele>139.0</ele>
      </trkpt>
      <trkpt lat="31.263528" lon="120.49775">
        <ele>139.0</ele>
      </trkpt>
      <trkpt lat="31.263531" lon="120.497746">
        <ele>139.0</ele>
      </trkpt>
      <trkpt lat="31.263535" lon="120.497739">
        <ele>139.0</ele>
      </trkpt>
      <trkpt lat="31.263538" lon="120.497733">
        <ele>139.0</ele>
      </trkpt>
      <trkpt lat="31.26354" lon="120.497729">
        <ele>139.0</ele>
      </trkpt>
      <trkpt lat="31.263542" lon="120.497726">
        <ele>139.0</ele>
      </trkpt>
      <trkpt lat="31.263545" lon="120.497719">
        <ele>139.0</ele>
      </trkpt>
      <trkpt lat="31.263548" lon="120.497713">
        <ele>140.0</ele>
      </trkpt>
      <trkpt lat="31.26355" lon="120.497707">
        <ele>140.0</ele>
      </trkpt>
      <trkpt lat="31.263553" lon="120.497701">
        <ele>140.0</ele>
      </trkpt>
      <trkpt lat="31.263556" lon="120.497695">
        <ele>140.0</ele>
      </trkpt>
      <trkpt lat="31.263558" lon="120.49769">
        <ele>140.0</ele>
      </trkpt>
      <trkpt lat="31.263561" lon="120.497684">
        <ele>140.0</ele>
      </trkpt>
      <trkpt lat="31.263563" lon="120.497678">
        <ele>140.0</ele>
      </trkpt>
      <trkpt lat="31.263565" lon="120.497674">
        <ele>140.0</ele>
      </trkpt>
      <trkpt lat="31.263567" lon="120.497671">
        <ele>140.0</ele>
      </trkpt>
      <trkpt lat="31.263568" lon="120.497667">
        <ele>140.0</ele>
      </trkpt>
      <trkpt lat="31.26357" lon="120.497664">
        <ele>141.0</ele>
      </trkpt>
      <trkpt lat="31.263572" lon="120.497657">
        <ele>141.0</ele>
      </trkpt>
      <trkpt lat="31.263575" lon="120.49765">
        <ele>141.0</ele>
      </trkpt>
      <trkpt lat="31.263577" lon="120.497643">
        <ele>141.0</ele>
      </trkpt>
      <trkpt lat="31.263579" lon="120.497636">
        <ele>141.0</ele>
      </trkpt>
      <trkpt lat="31.263587" lon="120.497616">
        <ele>142.0</ele>
      </trkpt>
      <trkpt lat="31.263591" lon="120.497605">
        <ele>142.0</ele>
      </trkpt>
      <trkpt lat="31.263595" lon="120.497595">
        <ele>142.0</ele>
      </trkpt>
      <trkpt lat="31.263597" lon="120.497587">
        <ele>142.0</ele>
      </trkpt>
      <trkpt lat="31.263599" lon="120.49758">
        <ele>143.0</ele>
      </trkpt>
      <trkpt lat="31.263601" lon="120.497576">
        <ele>144.0</ele>
      </trkpt>
      <trkpt lat="31.263603" lon="120.497573">
        <ele>144.0</ele>
      </trkpt>
      <trkpt lat="31.263604" lon="120.497569">
        <ele>144.0</ele>
      </trkpt>
      <trkpt lat="31.263604" lon="120.497562">
        <ele>144.0</ele>
      </trkpt>
      <trkpt lat="31.263605" lon="120.497556">
        <ele>144.0</ele>
      </trkpt>
      <trkpt lat="31.263605" lon="120.497546">
        <ele>144.0</ele>
      </trkpt>
      <trkpt lat="31.263605" lon="120.497535">
        <ele>144.0</ele>
      </trkpt>
      <trkpt lat="31.263604" lon="120.497524">
        <ele>144.0</ele>
      </trkpt>
      <trkpt lat="31.263604" lon="120.497512">
        <ele>144.0</ele>
      </trkpt>
      <trkpt lat="31.263604" lon="120.497501">
        <ele>144.0</ele>
      </trkpt>
      <trkpt lat="31.263604" lon="120.49749">
        <ele>144.0</ele>
      </trkpt>
      <trkpt lat="31.263605" lon="120.49748">
        <ele>145.0</ele>
      </trkpt>
      <trkpt lat="31.263606" lon="120.497471">
        <ele>145.0</ele>
      </trkpt>
      <trkpt lat="31.263608" lon="120.497462">
        <ele>145.0</ele>
      </trkpt>
      <trkpt lat="31.263611" lon="120.497454">
        <ele>145.0</ele>
      </trkpt>
      <trkpt lat="31.263615" lon="120.497445">
        <ele>145.0</ele>
      </trkpt>
      <trkpt lat="31.26362" lon="120.497437">
        <ele>145.0</ele>
      </trkpt>
      <trkpt lat="31.263626" lon="120.497428">
        <ele>145.0</ele>
      </trkpt>
      <trkpt lat="31.263632" lon="120.49742">
        <ele>145.0</ele>
      </trkpt>
      <trkpt lat="31.263638" lon="120.49741">
        <ele>145.0</ele>
      </trkpt>
      <trkpt lat="31.263643" lon="120.497401">
        <ele>145.0</ele>
      </trkpt>
      <trkpt lat="31.263648" lon="120.497391">
        <ele>146.0</ele>
      </trkpt>
      <trkpt lat="31.263653" lon="120.49738">
        <ele>146.0</ele>
      </trkpt>
      <trkpt lat="31.263658" lon="120.49737">
        <ele>146.0</ele>
      </trkpt>
      <trkpt lat="31.263663" lon="120.49736">
        <ele>146.0</ele>
      </trkpt>
      <trkpt lat="31.263669" lon="120.497351">
        <ele>146.0</ele>
      </trkpt>
      <trkpt lat="31.263674" lon="120.497342">
        <ele>146.0</ele>
      </trkpt>
      <trkpt lat="31.263675" lon="120.49734">
        <ele>146.0</ele>
      </trkpt>
      <trkpt lat="31.263676" lon="120.497338">
        <ele>146.0</ele>
      </trkpt>
      <trkpt lat="31.263677" lon="120.497335">
        <ele>146.0</ele>
      </trkpt>
      <trkpt lat="31.263678" lon="120.497332">
        <ele>146.0</ele>
      </trkpt>
      <trkpt lat="31.263681" lon="120.497325">
        <ele>146.0</ele>
      </trkpt>
      <trkpt lat="31.263683" lon="120.497317">
        <ele>146.0</ele>
      </trkpt>
      <trkpt lat="31.263685" lon="120.49731">
        <ele>146.0</ele>
      </trkpt>
      <trkpt lat="31.263687" lon="120.497302">
        <ele>146.0</ele>
      </trkpt>
      <trkpt lat="31.26369" lon="120.497294">
        <ele>146.0</ele>
      </trkpt>
      <trkpt lat="31.263693" lon="120.497285">
        <ele>146.0</ele>
      </trkpt>
      <trkpt lat="31.263696" lon="120.497274">
        <ele>146.0</ele>
      </trkpt>
      <trkpt lat="31.263698" lon="120.497264">
        <ele>146.0</ele>
      </trkpt>
      <trkpt lat="31.263701" lon="120.497254">
        <ele>146.0</ele>
      </trkpt>
      <trkpt lat="31.263704" lon="120.497244">
        <ele>146.0</ele>
      </trkpt>
      <trkpt lat="31.263708" lon="120.497235">
        <ele>147.0</ele>
      </trkpt>
      <trkpt lat="31.263712" lon="120.497226">
        <ele>147.0</ele>
      </trkpt>
      <trkpt lat="31.263716" lon="120.497217">
        <ele>147.0</ele>
      </trkpt>
      <trkpt lat="31.26372" lon="120.497208">
        <ele>147.0</ele>
      </trkpt>
      <trkpt lat="31.263724" lon="120.4972">
        <ele>147.0</ele>
      </trkpt>
      <trkpt lat="31.263727" lon="120.497192">
        <ele>147.0</ele>
      </trkpt>
      <trkpt lat="31.263732" lon="120.497183">
        <ele>147.0</ele>
      </trkpt>
      <trkpt lat="31.263736" lon="120.497174">
        <ele>147.0</ele>
      </trkpt>
      <trkpt lat="31.26374" lon="120.497165">
        <ele>147.0</ele>
      </trkpt>
      <trkpt lat="31.263745" lon="120.497155">
        <ele>147.0</ele>
      </trkpt>
      <trkpt lat="31.26375" lon="120.497146">
        <ele>148.0</ele>
      </trkpt>
      <trkpt lat="31.263755" lon="120.497136">
        <ele>148.0</ele>
      </trkpt>
      <trkpt lat="31.26376" lon="120.497126">
        <ele>148.0</ele>
      </trkpt>
      <trkpt lat="31.263764" lon="120.497117">
        <ele>148.0</ele>
      </trkpt>
      <trkpt lat="31.263769" lon="120.497107">
        <ele>148.0</ele>
      </trkpt>
      <trkpt lat="31.263773" lon="120.497097">
        <ele>148.0</ele>
      </trkpt>
      <trkpt lat="31.263774" lon="120.497093">
        <ele>148.0</ele>
      </trkpt>
      <trkpt lat="31.263776" lon="120.49709">
        <ele>148.0</ele>
      </trkpt>
      <trkpt lat="31.263777" lon="120.497086">
        <ele>148.0</ele>
      </trkpt>
      <trkpt lat="31.26378" lon="120.497079">
        <ele>148.0</ele>
      </trkpt>
      <trkpt lat="31.263783" lon="120.497072">
        <ele>148.0</ele>
      </trkpt>
      <trkpt lat="31.263787" lon="120.497065">
        <ele>148.0</ele>
      </trkpt>
      <trkpt lat="31.26379" lon="120.497058">
        <ele>148.0</ele>
      </trkpt>
      <trkpt lat="31.263794" lon="120.49705">
        <ele>148.0</ele>
      </trkpt>
      <trkpt lat="31.263799" lon="120.497042">
        <ele>148.0</ele>
      </trkpt>
      <trkpt lat="31.263804" lon="120.497033">
        <ele>148.0</ele>
      </trkpt>
      <trkpt lat="31.263808" lon="120.497023">
        <ele>148.0</ele>
      </trkpt>
      <trkpt lat="31.263813" lon="120.497013">
        <ele>148.0</ele>
      </trkpt>
      <trkpt lat="31.263818" lon="120.497002">
        <ele>148.0</ele>
      </trkpt>
      <trkpt lat="31.263822" lon="120.496992">
        <ele>148.0</ele>
      </trkpt>
      <trkpt lat="31.263826" lon="120.496982">
        <ele>148.0</ele>
      </trkpt>
      <trkpt lat="31.263829" lon="120.496971">
        <ele>148.0</ele>
      </trkpt>
      <trkpt lat="31.263833" lon="120.496961">
        <ele>148.0</ele>
      </trkpt>
      <trkpt lat="31.263836" lon="120.49695">
        <ele>148.0</ele>
      </trkpt>
      <trkpt lat="31.263839" lon="120.496939">
        <ele>148.0</ele>
      </trkpt>
      <trkpt lat="31.263842" lon="120.496928">
        <ele>148.0</ele>
      </trkpt>
      <trkpt lat="31.263845" lon="120.496917">
        <ele>148.0</ele>
      </trkpt>
      <trkpt lat="31.263848" lon="120.496906">
        <ele>148.0</ele>
      </trkpt>
      <trkpt lat="31.263852" lon="120.496895">
        <ele>148.0</ele>
      </trkpt>
      <trkpt lat="31.263856" lon="120.496884">
        <ele>148.0</ele>
      </trkpt>
      <trkpt lat="31.26386" lon="120.496873">
        <ele>148.0</ele>
      </trkpt>
      <trkpt lat="31.263864" lon="120.496862">
        <ele>148.0</ele>
      </trkpt>
      <trkpt lat="31.263869" lon="120.49685">
        <ele>148.0</ele>
      </trkpt>
      <trkpt lat="31.263873" lon="120.496839">
        <ele>148.0</ele>
      </trkpt>
      <trkpt lat="31.263877" lon="120.496827">
        <ele>148.0</ele>
      </trkpt>
      <trkpt lat="31.263882" lon="120.496818">
        <ele>148.0</ele>
      </trkpt>
      <trkpt lat="31.263886" lon="120.496809">
        <ele>148.0</ele>
      </trkpt>
      <trkpt lat="31.263891" lon="120.496801">
        <ele>148.0</ele>
      </trkpt>
      <trkpt lat="31.263895" lon="120.496794">
        <ele>148.0</ele>
      </trkpt>
      <trkpt lat="31.263897" lon="120.496792">
        <ele>148.0</ele>
      </trkpt>
      <trkpt lat="31.263898" lon="120.49679">
        <ele>148.0</ele>
      </trkpt>
      <trkpt lat="31.263899" lon="120.496788">
        <ele>148.0</ele>
      </trkpt>
      <trkpt lat="31.263901" lon="120.496786">
        <ele>148.0</ele>
      </trkpt>
      <trkpt lat="31.263904" lon="120.49678">
        <ele>148.0</ele>
      </trkpt>
      <trkpt lat="31.263906" lon="120.496774">
        <ele>148.0</ele>
      </trkpt>
      <trkpt lat="31.263909" lon="120.496764">
        <ele>149.0</ele>
      </trkpt>
      <trkpt lat="31.263911" lon="120.496755">
        <ele>149.0</ele>
      </trkpt>
      <trkpt lat="31.263914" lon="120.496743">
        <ele>149.0</ele>
      </trkpt>
      <trkpt lat="31.263918" lon="120.496731">
        <ele>149.0</ele>
      </trkpt>
      <trkpt lat="31.26392" lon="120.496717">
        <ele>149.0</ele>
      </trkpt>
      <trkpt lat="31.263923" lon="120.496704">
        <ele>149.0</ele>
      </trkpt>
      <trkpt lat="31.263925" lon="120.49669">
        <ele>148.0</ele>
      </trkpt>
      <trkpt lat="31.263928" lon="120.496677">
        <ele>148.0</ele>
      </trkpt>
      <trkpt lat="31.26393" lon="120.496665">
        <ele>148.0</ele>
      </trkpt>
      <trkpt lat="31.263933" lon="120.496652">
        <ele>148.0</ele>
      </trkpt>
      <trkpt lat="31.263934" lon="120.49664">
        <ele>148.0</ele>
      </trkpt>
      <trkpt lat="31.263935" lon="120.496628">
        <ele>148.0</ele>
      </trkpt>
      <trkpt lat="31.263935" lon="120.496625">
        <ele>148.0</ele>
      </trkpt>
      <trkpt lat="31.263935" lon="120.496622">
        <ele>148.0</ele>
      </trkpt>
      <trkpt lat="31.263935" lon="120.496619">
        <ele>148.0</ele>
      </trkpt>
      <trkpt lat="31.263934" lon="120.496616">
        <ele>148.0</ele>
      </trkpt>
      <trkpt lat="31.263935" lon="120.496608">
        <ele>148.0</ele>
      </trkpt>
      <trkpt lat="31.263936" lon="120.4966">
        <ele>148.0</ele>
      </trkpt>
      <trkpt lat="31.26394" lon="120.496595">
        <ele>148.0</ele>
      </trkpt>
      <trkpt lat="31.263944" lon="120.496589">
        <ele>148.0</ele>
      </trkpt>
      <trkpt lat="31.26395" lon="120.496584">
        <ele>148.0</ele>
      </trkpt>
      <trkpt lat="31.263956" lon="120.49658">
        <ele>148.0</ele>
      </trkpt>
      <trkpt lat="31.263963" lon="120.496576">
        <ele>148.0</ele>
      </trkpt>
      <trkpt lat="31.26397" lon="120.496572">
        <ele>148.0</ele>
      </trkpt>
      <trkpt lat="31.263978" lon="120.496566">
        <ele>148.0</ele>
      </trkpt>
      <trkpt lat="31.263986" lon="120.496561">
        <ele>148.0</ele>
      </trkpt>
      <trkpt lat="31.263994" lon="120.496555">
        <ele>148.0</ele>
      </trkpt>
      <trkpt lat="31.264002" lon="120.496548">
        <ele>148.0</ele>
      </trkpt>
      <trkpt lat="31.26401" lon="120.496542">
        <ele>148.0</ele>
      </trkpt>
      <trkpt lat="31.264017" lon="120.496536">
        <ele>148.0</ele>
      </trkpt>
      <trkpt lat="31.264025" lon="120.496529">
        <ele>148.0</ele>
      </trkpt>
      <trkpt lat="31.264033" lon="120.496523">
        <ele>148.0</ele>
      </trkpt>
      <trkpt lat="31.264041" lon="120.496517">
        <ele>148.0</ele>
      </trkpt>
      <trkpt lat="31.264049" lon="120.496511">
        <ele>148.0</ele>
      </trkpt>
      <trkpt lat="31.264056" lon="120.496504">
        <ele>148.0</ele>
      </trkpt>
      <trkpt lat="31.264063" lon="120.496498">
        <ele>148.0</ele>
      </trkpt>
      <trkpt lat="31.26407" lon="120.496491">
        <ele>148.0</ele>
      </trkpt>
      <trkpt lat="31.264077" lon="120.496484">
        <ele>148.0</ele>
      </trkpt>
      <trkpt lat="31.264083" lon="120.496477">
        <ele>148.0</ele>
      </trkpt>
      <trkpt lat="31.264089" lon="120.496471">
        <ele>148.0</ele>
      </trkpt>
      <trkpt lat="31.264094" lon="120.496464">
        <ele>149.0</ele>
      </trkpt>
      <trkpt lat="31.264099" lon="120.496458">
        <ele>149.0</ele>
      </trkpt>
      <trkpt lat="31.264103" lon="120.496452">
        <ele>149.0</ele>
      </trkpt>
      <trkpt lat="31.264108" lon="120.496446">
        <ele>149.0</ele>
      </trkpt>
      <trkpt lat="31.264113" lon="120.49644">
        <ele>149.0</ele>
      </trkpt>
      <trkpt lat="31.264118" lon="120.496433">
        <ele>149.0</ele>
      </trkpt>
      <trkpt lat="31.264124" lon="120.496426">
        <ele>149.0</ele>
      </trkpt>
      <trkpt lat="31.264131" lon="120.49642">
        <ele>149.0</ele>
      </trkpt>
      <trkpt lat="31.264137" lon="120.496413">
        <ele>149.0</ele>
      </trkpt>
      <trkpt lat="31.264143" lon="120.496406">
        <ele>149.0</ele>
      </trkpt>
      <trkpt lat="31.264153" lon="120.496394">
        <ele>149.0</ele>
      </trkpt>
      <trkpt lat="31.264161" lon="120.496385">
        <ele>149.0</ele>
      </trkpt>
      <trkpt lat="31.264168" lon="120.496376">
        <ele>149.0</ele>
      </trkpt>
      <trkpt lat="31.264173" lon="120.496368">
        <ele>149.0</ele>
      </trkpt>
      <trkpt lat="31.264178" lon="120.49636">
        <ele>149.0</ele>
      </trkpt>
      <trkpt lat="31.264182" lon="120.496351">
        <ele>149.0</ele>
      </trkpt>
      <trkpt lat="31.264186" lon="120.496342">
        <ele>149.0</ele>
      </trkpt>
      <trkpt lat="31.264192" lon="120.496331">
        <ele>149.0</ele>
      </trkpt>
      <trkpt lat="31.264197" lon="120.496321">
        <ele>149.0</ele>
      </trkpt>
      <trkpt lat="31.264205" lon="120.496312">
        <ele>149.0</ele>
      </trkpt>
      <trkpt lat="31.264214" lon="120.496303">
        <ele>149.0</ele>
      </trkpt>
      <trkpt lat="31.264227" lon="120.496297">
        <ele>149.0</ele>
      </trkpt>
      <trkpt lat="31.26424" lon="120.496292">
        <ele>149.0</ele>
      </trkpt>
      <trkpt lat="31.264259" lon="120.49629">
        <ele>149.0</ele>
      </trkpt>
      <trkpt lat="31.264278" lon="120.496288">
        <ele>149.0</ele>
      </trkpt>
      <trkpt lat="31.264296" lon="120.496285">
        <ele>149.0</ele>
      </trkpt>
      <trkpt lat="31.264314" lon="120.496282">
        <ele>149.0</ele>
      </trkpt>
      <trkpt lat="31.264328" lon="120.496276">
        <ele>149.0</ele>
      </trkpt>
      <trkpt lat="31.264342" lon="120.49627">
        <ele>149.0</ele>
      </trkpt>
      <trkpt lat="31.264351" lon="120.496262">
        <ele>150.0</ele>
      </trkpt>
      <trkpt lat="31.26436" lon="120.496254">
        <ele>150.0</ele>
      </trkpt>
      <trkpt lat="31.264367" lon="120.496245">
        <ele>150.0</ele>
      </trkpt>
      <trkpt lat="31.264374" lon="120.496237">
        <ele>150.0</ele>
      </trkpt>
      <trkpt lat="31.26438" lon="120.496229">
        <ele>150.0</ele>
      </trkpt>
      <trkpt lat="31.264386" lon="120.496221">
        <ele>150.0</ele>
      </trkpt>
      <trkpt lat="31.264392" lon="120.496213">
        <ele>150.0</ele>
      </trkpt>
      <trkpt lat="31.264398" lon="120.496205">
        <ele>150.0</ele>
      </trkpt>
      <trkpt lat="31.264404" lon="120.496196">
        <ele>150.0</ele>
      </trkpt>
      <trkpt lat="31.26441" lon="120.496187">
        <ele>150.0</ele>
      </trkpt>
      <trkpt lat="31.264416" lon="120.496178">
        <ele>150.0</ele>
      </trkpt>
      <trkpt lat="31.264421" lon="120.496169">
        <ele>149.0</ele>
      </trkpt>
      <trkpt lat="31.264426" lon="120.496159">
        <ele>149.0</ele>
      </trkpt>
      <trkpt lat="31.264431" lon="120.49615">
        <ele>149.0</ele>
      </trkpt>
      <trkpt lat="31.264436" lon="120.496139">
        <ele>149.0</ele>
      </trkpt>
      <trkpt lat="31.264441" lon="120.496129">
        <ele>149.0</ele>
      </trkpt>
      <trkpt lat="31.264445" lon="120.496119">
        <ele>149.0</ele>
      </trkpt>
      <trkpt lat="31.26445" lon="120.496108">
        <ele>149.0</ele>
      </trkpt>
      <trkpt lat="31.264455" lon="120.496099">
        <ele>149.0</ele>
      </trkpt>
      <trkpt lat="31.26446" lon="120.496089">
        <ele>149.0</ele>
      </trkpt>
      <trkpt lat="31.264464" lon="120.496081">
        <ele>149.0</ele>
      </trkpt>
      <trkpt lat="31.264469" lon="120.496072">
        <ele>149.0</ele>
      </trkpt>
      <trkpt lat="31.264474" lon="120.496063">
        <ele>149.0</ele>
      </trkpt>
      <trkpt lat="31.264479" lon="120.496055">
        <ele>149.0</ele>
      </trkpt>
      <trkpt lat="31.264485" lon="120.496046">
        <ele>149.0</ele>
      </trkpt>
      <trkpt lat="31.26449" lon="120.496038">
        <ele>149.0</ele>
      </trkpt>
      <trkpt lat="31.264496" lon="120.496029">
        <ele>149.0</ele>
      </trkpt>
      <trkpt lat="31.264502" lon="120.496021">
        <ele>149.0</ele>
      </trkpt>
      <trkpt lat="31.264509" lon="120.496014">
        <ele>149.0</ele>
      </trkpt>
      <trkpt lat="31.264515" lon="120.496007">
        <ele>149.0</ele>
      </trkpt>
      <trkpt lat="31.264522" lon="120.496001">
        <ele>149.0</ele>
      </trkpt>
      <trkpt lat="31.264528" lon="120.495995">
        <ele>149.0</ele>
      </trkpt>
      <trkpt lat="31.264535" lon="120.495989">
        <ele>149.0</ele>
      </trkpt>
      <trkpt lat="31.264542" lon="120.495983">
        <ele>149.0</ele>
      </trkpt>
      <trkpt lat="31.264548" lon="120.495976">
        <ele>149.0</ele>
      </trkpt>
      <trkpt lat="31.264555" lon="120.495969">
        <ele>149.0</ele>
      </trkpt>
      <trkpt lat="31.264561" lon="120.495961">
        <ele>149.0</ele>
      </trkpt>
      <trkpt lat="31.264568" lon="120.495954">
        <ele>149.0</ele>
      </trkpt>
      <trkpt lat="31.264575" lon="120.495946">
        <ele>149.0</ele>
      </trkpt>
      <trkpt lat="31.264582" lon="120.495938">
        <ele>149.0</ele>
      </trkpt>
      <trkpt lat="31.26459" lon="120.49593">
        <ele>149.0</ele>
      </trkpt>
      <trkpt lat="31.264597" lon="120.495921">
        <ele>149.0</ele>
      </trkpt>
      <trkpt lat="31.264605" lon="120.495914">
        <ele>149.0</ele>
      </trkpt>
      <trkpt lat="31.264612" lon="120.495905">
        <ele>149.0</ele>
      </trkpt>
      <trkpt lat="31.264619" lon="120.495899">
        <ele>149.0</ele>
      </trkpt>
      <trkpt lat="31.264626" lon="120.495892">
        <ele>149.0</ele>
      </trkpt>
      <trkpt lat="31.264632" lon="120.495885">
        <ele>149.0</ele>
      </trkpt>
      <trkpt lat="31.264639" lon="120.495879">
        <ele>149.0</ele>
      </trkpt>
      <trkpt lat="31.264644" lon="120.495872">
        <ele>149.0</ele>
      </trkpt>
      <trkpt lat="31.26465" lon="120.495866">
        <ele>149.0</ele>
      </trkpt>
      <trkpt lat="31.264654" lon="120.495858">
        <ele>150.0</ele>
      </trkpt>
      <trkpt lat="31.264659" lon="120.495851">
        <ele>150.0</ele>
      </trkpt>
      <trkpt lat="31.264664" lon="120.495845">
        <ele>150.0</ele>
      </trkpt>
      <trkpt lat="31.264669" lon="120.495838">
        <ele>150.0</ele>
      </trkpt>
      <trkpt lat="31.264674" lon="120.495831">
        <ele>150.0</ele>
      </trkpt>
      <trkpt lat="31.26468" lon="120.495825">
        <ele>150.0</ele>
      </trkpt>
      <trkpt lat="31.264686" lon="120.495819">
        <ele>150.0</ele>
      </trkpt>
      <trkpt lat="31.264691" lon="120.495814">
        <ele>150.0</ele>
      </trkpt>
      <trkpt lat="31.264697" lon="120.495807">
        <ele>150.0</ele>
      </trkpt>
      <trkpt lat="31.264703" lon="120.495801">
        <ele>150.0</ele>
      </trkpt>
      <trkpt lat="31.264708" lon="120.495795">
        <ele>150.0</ele>
      </trkpt>
      <trkpt lat="31.264714" lon="120.495788">
        <ele>150.0</ele>
      </trkpt>
      <trkpt lat="31.264715" lon="120.495786">
        <ele>150.0</ele>
      </trkpt>
      <trkpt lat="31.264716" lon="120.495784">
        <ele>150.0</ele>
      </trkpt>
      <trkpt lat="31.264716" lon="120.495782">
        <ele>150.0</ele>
      </trkpt>
      <trkpt lat="31.264717" lon="120.495779">
        <ele>151.0</ele>
      </trkpt>
      <trkpt lat="31.264718" lon="120.495777">
        <ele>151.0</ele>
      </trkpt>
      <trkpt lat="31.26472" lon="120.495769">
        <ele>151.0</ele>
      </trkpt>
      <trkpt lat="31.264721" lon="120.495761">
        <ele>151.0</ele>
      </trkpt>
      <trkpt lat="31.264721" lon="120.495754">
        <ele>151.0</ele>
      </trkpt>
      <trkpt lat="31.264721" lon="120.495748">
        <ele>151.0</ele>
      </trkpt>
      <trkpt lat="31.264721" lon="120.495742">
        <ele>150.0</ele>
      </trkpt>
      <trkpt lat="31.264721" lon="120.495735">
        <ele>150.0</ele>
      </trkpt>
      <trkpt lat="31.264721" lon="120.495729">
        <ele>150.0</ele>
      </trkpt>
      <trkpt lat="31.264722" lon="120.495722">
        <ele>150.0</ele>
      </trkpt>
      <trkpt lat="31.264724" lon="120.495714">
        <ele>150.0</ele>
      </trkpt>
      <trkpt lat="31.264725" lon="120.495706">
        <ele>149.0</ele>
      </trkpt>
      <trkpt lat="31.264727" lon="120.495698">
        <ele>149.0</ele>
      </trkpt>
      <trkpt lat="31.264729" lon="120.49569">
        <ele>149.0</ele>
      </trkpt>
      <trkpt lat="31.264731" lon="120.495682">
        <ele>149.0</ele>
      </trkpt>
      <trkpt lat="31.264732" lon="120.495675">
        <ele>149.0</ele>
      </trkpt>
      <trkpt lat="31.264733" lon="120.495668">
        <ele>149.0</ele>
      </trkpt>
      <trkpt lat="31.264734" lon="120.495661">
        <ele>149.0</ele>
      </trkpt>
      <trkpt lat="31.264735" lon="120.495655">
        <ele>149.0</ele>
      </trkpt>
      <trkpt lat="31.264736" lon="120.495649">
        <ele>149.0</ele>
      </trkpt>
      <trkpt lat="31.264739" lon="120.495643">
        <ele>149.0</ele>
      </trkpt>
      <trkpt lat="31.264741" lon="120.495637">
        <ele>149.0</ele>
      </trkpt>
      <trkpt lat="31.264743" lon="120.495631">
        <ele>149.0</ele>
      </trkpt>
      <trkpt lat="31.264746" lon="120.495625">
        <ele>149.0</ele>
      </trkpt>
      <trkpt lat="31.264749" lon="120.49562">
        <ele>149.0</ele>
      </trkpt>
      <trkpt lat="31.264753" lon="120.495614">
        <ele>149.0</ele>
      </trkpt>
      <trkpt lat="31.264755" lon="120.495608">
        <ele>149.0</ele>
      </trkpt>
      <trkpt lat="31.264758" lon="120.495601">
        <ele>149.0</ele>
      </trkpt>
      <trkpt lat="31.264759" lon="120.495593">
        <ele>149.0</ele>
      </trkpt>
      <trkpt lat="31.26476" lon="120.495585">
        <ele>149.0</ele>
      </trkpt>
      <trkpt lat="31.264761" lon="120.495576">
        <ele>149.0</ele>
      </trkpt>
      <trkpt lat="31.264762" lon="120.495567">
        <ele>148.0</ele>
      </trkpt>
      <trkpt lat="31.264764" lon="120.495558">
        <ele>148.0</ele>
      </trkpt>
      <trkpt lat="31.264766" lon="120.495549">
        <ele>148.0</ele>
      </trkpt>
      <trkpt lat="31.264768" lon="120.49554">
        <ele>148.0</ele>
      </trkpt>
      <trkpt lat="31.264769" lon="120.49553">
        <ele>148.0</ele>
      </trkpt>
      <trkpt lat="31.264772" lon="120.49552">
        <ele>148.0</ele>
      </trkpt>
      <trkpt lat="31.264775" lon="120.49551">
        <ele>148.0</ele>
      </trkpt>
      <trkpt lat="31.264777" lon="120.495501">
        <ele>148.0</ele>
      </trkpt>
      <trkpt lat="31.26478" lon="120.495493">
        <ele>148.0</ele>
      </trkpt>
      <trkpt lat="31.264782" lon="120.495489">
        <ele>148.0</ele>
      </trkpt>
      <trkpt lat="31.264783" lon="120.495485">
        <ele>148.0</ele>
      </trkpt>
      <trkpt lat="31.264786" lon="120.495479">
        <ele>148.0</ele>
      </trkpt>
      <trkpt lat="31.26479" lon="120.495473">
        <ele>148.0</ele>
      </trkpt>
      <trkpt lat="31.264793" lon="120.495466">
        <ele>148.0</ele>
      </trkpt>
      <trkpt lat="31.264796" lon="120.49546">
        <ele>148.0</ele>
      </trkpt>
      <trkpt lat="31.264799" lon="120.495452">
        <ele>148.0</ele>
      </trkpt>
      <trkpt lat="31.264802" lon="120.495443">
        <ele>148.0</ele>
      </trkpt>
      <trkpt lat="31.264806" lon="120.495434">
        <ele>148.0</ele>
      </trkpt>
      <trkpt lat="31.264809" lon="120.495424">
        <ele>148.0</ele>
      </trkpt>
      <trkpt lat="31.264813" lon="120.495414">
        <ele>148.0</ele>
      </trkpt>
      <trkpt lat="31.264817" lon="120.495404">
        <ele>148.0</ele>
      </trkpt>
      <trkpt lat="31.264822" lon="120.495395">
        <ele>148.0</ele>
      </trkpt>
      <trkpt lat="31.264826" lon="120.495386">
        <ele>148.0</ele>
      </trkpt>
      <trkpt lat="31.26483" lon="120.495378">
        <ele>148.0</ele>
      </trkpt>
      <trkpt lat="31.264834" lon="120.49537">
        <ele>148.0</ele>
      </trkpt>
      <trkpt lat="31.264836" lon="120.495365">
        <ele>147.0</ele>
      </trkpt>
      <trkpt lat="31.264838" lon="120.495361">
        <ele>147.0</ele>
      </trkpt>
      <trkpt lat="31.26484" lon="120.495353">
        <ele>147.0</ele>
      </trkpt>
      <trkpt lat="31.264843" lon="120.495346">
        <ele>147.0</ele>
      </trkpt>
      <trkpt lat="31.264846" lon="120.495339">
        <ele>147.0</ele>
      </trkpt>
      <trkpt lat="31.264848" lon="120.495331">
        <ele>147.0</ele>
      </trkpt>
      <trkpt lat="31.264851" lon="120.495323">
        <ele>147.0</ele>
      </trkpt>
      <trkpt lat="31.264854" lon="120.495315">
        <ele>147.0</ele>
      </trkpt>
      <trkpt lat="31.264857" lon="120.495307">
        <ele>147.0</ele>
      </trkpt>
      <trkpt lat="31.264861" lon="120.4953">
        <ele>147.0</ele>
      </trkpt>
      <trkpt lat="31.264864" lon="120.495291">
        <ele>147.0</ele>
      </trkpt>
      <trkpt lat="31.264868" lon="120.495283">
        <ele>147.0</ele>
      </trkpt>
      <trkpt lat="31.264871" lon="120.495274">
        <ele>147.0</ele>
      </trkpt>
      <trkpt lat="31.264874" lon="120.495265">
        <ele>147.0</ele>
      </trkpt>
      <trkpt lat="31.264876" lon="120.495256">
        <ele>147.0</ele>
      </trkpt>
      <trkpt lat="31.264878" lon="120.495247">
        <ele>147.0</ele>
      </trkpt>
      <trkpt lat="31.26488" lon="120.495238">
        <ele>147.0</ele>
      </trkpt>
      <trkpt lat="31.264882" lon="120.49523">
        <ele>147.0</ele>
      </trkpt>
      <trkpt lat="31.264884" lon="120.495222">
        <ele>147.0</ele>
      </trkpt>
      <trkpt lat="31.264887" lon="120.495213">
        <ele>147.0</ele>
      </trkpt>
      <trkpt lat="31.264889" lon="120.495206">
        <ele>146.0</ele>
      </trkpt>
      <trkpt lat="31.264892" lon="120.495198">
        <ele>146.0</ele>
      </trkpt>
      <trkpt lat="31.264894" lon="120.495191">
        <ele>146.0</ele>
      </trkpt>
      <trkpt lat="31.264897" lon="120.495183">
        <ele>146.0</ele>
      </trkpt>
      <trkpt lat="31.2649" lon="120.495175">
        <ele>146.0</ele>
      </trkpt>
      <trkpt lat="31.264902" lon="120.495167">
        <ele>146.0</ele>
      </trkpt>
      <trkpt lat="31.264905" lon="120.49516">
        <ele>146.0</ele>
      </trkpt>
      <trkpt lat="31.264908" lon="120.495152">
        <ele>146.0</ele>
      </trkpt>
      <trkpt lat="31.26491" lon="120.495144">
        <ele>146.0</ele>
      </trkpt>
      <trkpt lat="31.264913" lon="120.495136">
        <ele>146.0</ele>
      </trkpt>
      <trkpt lat="31.264917" lon="120.495128">
        <ele>146.0</ele>
      </trkpt>
      <trkpt lat="31.26492" lon="120.49512">
        <ele>146.0</ele>
      </trkpt>
      <trkpt lat="31.264925" lon="120.495111">
        <ele>146.0</ele>
      </trkpt>
      <trkpt lat="31.26493" lon="120.495103">
        <ele>146.0</ele>
      </trkpt>
      <trkpt lat="31.264935" lon="120.495094">
        <ele>146.0</ele>
      </trkpt>
      <trkpt lat="31.26494" lon="120.495084">
        <ele>146.0</ele>
      </trkpt>
      <trkpt lat="31.264944" lon="120.495075">
        <ele>146.0</ele>
      </trkpt>
      <trkpt lat="31.264948" lon="120.495066">
        <ele>146.0</ele>
      </trkpt>
      <trkpt lat="31.26495" lon="120.495058">
        <ele>146.0</ele>
      </trkpt>
      <trkpt lat="31.264953" lon="120.495051">
        <ele>146.0</ele>
      </trkpt>
      <trkpt lat="31.264956" lon="120.495043">
        <ele>146.0</ele>
      </trkpt>
      <trkpt lat="31.264959" lon="120.495036">
        <ele>146.0</ele>
      </trkpt>
      <trkpt lat="31.264961" lon="120.495027">
        <ele>146.0</ele>
      </trkpt>
      <trkpt lat="31.264964" lon="120.495019">
        <ele>146.0</ele>
      </trkpt>
      <trkpt lat="31.264967" lon="120.49501">
        <ele>146.0</ele>
      </trkpt>
      <trkpt lat="31.26497" lon="120.495001">
        <ele>146.0</ele>
      </trkpt>
      <trkpt lat="31.264973" lon="120.494991">
        <ele>146.0</ele>
      </trkpt>
      <trkpt lat="31.264976" lon="120.494982">
        <ele>146.0</ele>
      </trkpt>
      <trkpt lat="31.264979" lon="120.494972">
        <ele>146.0</ele>
      </trkpt>
      <trkpt lat="31.264982" lon="120.494962">
        <ele>146.0</ele>
      </trkpt>
      <trkpt lat="31.264986" lon="120.494952">
        <ele>146.0</ele>
      </trkpt>
      <trkpt lat="31.264989" lon="120.494942">
        <ele>146.0</ele>
      </trkpt>
      <trkpt lat="31.264993" lon="120.494933">
        <ele>146.0</ele>
      </trkpt>
      <trkpt lat="31.264996" lon="120.494923">
        <ele>146.0</ele>
      </trkpt>
      <trkpt lat="31.264999" lon="120.494914">
        <ele>146.0</ele>
      </trkpt>
      <trkpt lat="31.265003" lon="120.494905">
        <ele>146.0</ele>
      </trkpt>
      <trkpt lat="31.265008" lon="120.494898">
        <ele>146.0</ele>
      </trkpt>
      <trkpt lat="31.265012" lon="120.494891">
        <ele>146.0</ele>
      </trkpt>
      <trkpt lat="31.265016" lon="120.494886">
        <ele>146.0</ele>
      </trkpt>
      <trkpt lat="31.265019" lon="120.494882">
        <ele>146.0</ele>
      </trkpt>
      <trkpt lat="31.265023" lon="120.494878">
        <ele>146.0</ele>
      </trkpt>
      <trkpt lat="31.265028" lon="120.494872">
        <ele>146.0</ele>
      </trkpt>
      <trkpt lat="31.265033" lon="120.494867">
        <ele>146.0</ele>
      </trkpt>
      <trkpt lat="31.265039" lon="120.494863">
        <ele>146.0</ele>
      </trkpt>
      <trkpt lat="31.265044" lon="120.494858">
        <ele>146.0</ele>
      </trkpt>
      <trkpt lat="31.265048" lon="120.494853">
        <ele>146.0</ele>
      </trkpt>
      <trkpt lat="31.265053" lon="120.494847">
        <ele>146.0</ele>
      </trkpt>
      <trkpt lat="31.265055" lon="120.494839">
        <ele>146.0</ele>
      </trkpt>
      <trkpt lat="31.265057" lon="120.494831">
        <ele>146.0</ele>
      </trkpt>
      <trkpt lat="31.265058" lon="120.494822">
        <ele>146.0</ele>
      </trkpt>
      <trkpt lat="31.265058" lon="120.494813">
        <ele>146.0</ele>
      </trkpt>
      <trkpt lat="31.265058" lon="120.494804">
        <ele>146.0</ele>
      </trkpt>
      <trkpt lat="31.265057" lon="120.494796">
        <ele>146.0</ele>
      </trkpt>
      <trkpt lat="31.265057" lon="120.494786">
        <ele>146.0</ele>
      </trkpt>
      <trkpt lat="31.265056" lon="120.494777">
        <ele>146.0</ele>
      </trkpt>
      <trkpt lat="31.265056" lon="120.494766">
        <ele>145.0</ele>
      </trkpt>
      <trkpt lat="31.265055" lon="120.494756">
        <ele>145.0</ele>
      </trkpt>
      <trkpt lat="31.265056" lon="120.494745">
        <ele>145.0</ele>
      </trkpt>
      <trkpt lat="31.265056" lon="120.494735">
        <ele>145.0</ele>
      </trkpt>
      <trkpt lat="31.265058" lon="120.494725">
        <ele>145.0</ele>
      </trkpt>
      <trkpt lat="31.26506" lon="120.494715">
        <ele>145.0</ele>
      </trkpt>
      <trkpt lat="31.265063" lon="120.494705">
        <ele>145.0</ele>
      </trkpt>
      <trkpt lat="31.265066" lon="120.494696">
        <ele>145.0</ele>
      </trkpt>
      <trkpt lat="31.265068" lon="120.494687">
        <ele>145.0</ele>
      </trkpt>
      <trkpt lat="31.265071" lon="120.494679">
        <ele>145.0</ele>
      </trkpt>
      <trkpt lat="31.265072" lon="120.49467">
        <ele>145.0</ele>
      </trkpt>
      <trkpt lat="31.265074" lon="120.494662">
        <ele>145.0</ele>
      </trkpt>
      <trkpt lat="31.265074" lon="120.494652">
        <ele>145.0</ele>
      </trkpt>
      <trkpt lat="31.265073" lon="120.494642">
        <ele>145.0</ele>
      </trkpt>
      <trkpt lat="31.265074" lon="120.494631">
        <ele>145.0</ele>
      </trkpt>
      <trkpt lat="31.265074" lon="120.49462">
        <ele>145.0</ele>
      </trkpt>
      <trkpt lat="31.265075" lon="120.494608">
        <ele>145.0</ele>
      </trkpt>
      <trkpt lat="31.265076" lon="120.494596">
        <ele>145.0</ele>
      </trkpt>
      <trkpt lat="31.265078" lon="120.494586">
        <ele>145.0</ele>
      </trkpt>
      <trkpt lat="31.26508" lon="120.494576">
        <ele>145.0</ele>
      </trkpt>
      <trkpt lat="31.265082" lon="120.494567">
        <ele>145.0</ele>
      </trkpt>
      <trkpt lat="31.265084" lon="120.494558">
        <ele>145.0</ele>
      </trkpt>
      <trkpt lat="31.265086" lon="120.49455">
        <ele>145.0</ele>
      </trkpt>
      <trkpt lat="31.265088" lon="120.494541">
        <ele>145.0</ele>
      </trkpt>
      <trkpt lat="31.26509" lon="120.494533">
        <ele>145.0</ele>
      </trkpt>
      <trkpt lat="31.265092" lon="120.494526">
        <ele>145.0</ele>
      </trkpt>
      <trkpt lat="31.265094" lon="120.494519">
        <ele>145.0</ele>
      </trkpt>
      <trkpt lat="31.265095" lon="120.494512">
        <ele>145.0</ele>
      </trkpt>
      <trkpt lat="31.265096" lon="120.494505">
        <ele>145.0</ele>
      </trkpt>
      <trkpt lat="31.265098" lon="120.494499">
        <ele>145.0</ele>
      </trkpt>
      <trkpt lat="31.265099" lon="120.494492">
        <ele>145.0</ele>
      </trkpt>
      <trkpt lat="31.2651" lon="120.494485">
        <ele>145.0</ele>
      </trkpt>
      <trkpt lat="31.265101" lon="120.494476">
        <ele>145.0</ele>
      </trkpt>
      <trkpt lat="31.265103" lon="120.494466">
        <ele>145.0</ele>
      </trkpt>
      <trkpt lat="31.265104" lon="120.494456">
        <ele>145.0</ele>
      </trkpt>
      <trkpt lat="31.265105" lon="120.494447">
        <ele>145.0</ele>
      </trkpt>
      <trkpt lat="31.265106" lon="120.494437">
        <ele>145.0</ele>
      </trkpt>
      <trkpt lat="31.265107" lon="120.494427">
        <ele>145.0</ele>
      </trkpt>
      <trkpt lat="31.265108" lon="120.494417">
        <ele>145.0</ele>
      </trkpt>
      <trkpt lat="31.26511" lon="120.494407">
        <ele>145.0</ele>
      </trkpt>
      <trkpt lat="31.265112" lon="120.494397">
        <ele>145.0</ele>
      </trkpt>
      <trkpt lat="31.265115" lon="120.494387">
        <ele>145.0</ele>
      </trkpt>
      <trkpt lat="31.265118" lon="120.494378">
        <ele>145.0</ele>
      </trkpt>
      <trkpt lat="31.265121" lon="120.494368">
        <ele>145.0</ele>
      </trkpt>
      <trkpt lat="31.265125" lon="120.494359">
        <ele>145.0</ele>
      </trkpt>
      <trkpt lat="31.265128" lon="120.494349">
        <ele>145.0</ele>
      </trkpt>
      <trkpt lat="31.265133" lon="120.494341">
        <ele>145.0</ele>
      </trkpt>
      <trkpt lat="31.265137" lon="120.494332">
        <ele>145.0</ele>
      </trkpt>
      <trkpt lat="31.265141" lon="120.494324">
        <ele>145.0</ele>
      </trkpt>
      <trkpt lat="31.265145" lon="120.494315">
        <ele>146.0</ele>
      </trkpt>
      <trkpt lat="31.265148" lon="120.494306">
        <ele>145.0</ele>
      </trkpt>
      <trkpt lat="31.265151" lon="120.494297">
        <ele>145.0</ele>
      </trkpt>
      <trkpt lat="31.265153" lon="120.494287">
        <ele>145.0</ele>
      </trkpt>
      <trkpt lat="31.265156" lon="120.494277">
        <ele>145.0</ele>
      </trkpt>
      <trkpt lat="31.265158" lon="120.494265">
        <ele>145.0</ele>
      </trkpt>
      <trkpt lat="31.265161" lon="120.494254">
        <ele>145.0</ele>
      </trkpt>
      <trkpt lat="31.265164" lon="120.494243">
        <ele>145.0</ele>
      </trkpt>
      <trkpt lat="31.265166" lon="120.494232">
        <ele>145.0</ele>
      </trkpt>
      <trkpt lat="31.265169" lon="120.494221">
        <ele>145.0</ele>
      </trkpt>
      <trkpt lat="31.265172" lon="120.49421">
        <ele>145.0</ele>
      </trkpt>
      <trkpt lat="31.265176" lon="120.494199">
        <ele>145.0</ele>
      </trkpt>
      <trkpt lat="31.265179" lon="120.494188">
        <ele>145.0</ele>
      </trkpt>
      <trkpt lat="31.265183" lon="120.494177">
        <ele>145.0</ele>
      </trkpt>
      <trkpt lat="31.265186" lon="120.494166">
        <ele>145.0</ele>
      </trkpt>
      <trkpt lat="31.265189" lon="120.494156">
        <ele>146.0</ele>
      </trkpt>
      <trkpt lat="31.265193" lon="120.494145">
        <ele>145.0</ele>
      </trkpt>
      <trkpt lat="31.265196" lon="120.494135">
        <ele>145.0</ele>
      </trkpt>
      <trkpt lat="31.2652" lon="120.494125">
        <ele>145.0</ele>
      </trkpt>
      <trkpt lat="31.265203" lon="120.494116">
        <ele>145.0</ele>
      </trkpt>
      <trkpt lat="31.265206" lon="120.494106">
        <ele>145.0</ele>
      </trkpt>
      <trkpt lat="31.265209" lon="120.494097">
        <ele>145.0</ele>
      </trkpt>
      <trkpt lat="31.265212" lon="120.494087">
        <ele>145.0</ele>
      </trkpt>
      <trkpt lat="31.265214" lon="120.494078">
        <ele>145.0</ele>
      </trkpt>
      <trkpt lat="31.265217" lon="120.494068">
        <ele>145.0</ele>
      </trkpt>
      <trkpt lat="31.265219" lon="120.494059">
        <ele>146.0</ele>
      </trkpt>
      <trkpt lat="31.265221" lon="120.494049">
        <ele>146.0</ele>
      </trkpt>
      <trkpt lat="31.265224" lon="120.494039">
        <ele>146.0</ele>
      </trkpt>
      <trkpt lat="31.265226" lon="120.494029">
        <ele>146.0</ele>
      </trkpt>
      <trkpt lat="31.265229" lon="120.49402">
        <ele>146.0</ele>
      </trkpt>
      <trkpt lat="31.265232" lon="120.494012">
        <ele>146.0</ele>
      </trkpt>
      <trkpt lat="31.265234" lon="120.494003">
        <ele>146.0</ele>
      </trkpt>
      <trkpt lat="31.265237" lon="120.493995">
        <ele>146.0</ele>
      </trkpt>
      <trkpt lat="31.26524" lon="120.493986">
        <ele>146.0</ele>
      </trkpt>
      <trkpt lat="31.265243" lon="120.493977">
        <ele>146.0</ele>
      </trkpt>
      <trkpt lat="31.265245" lon="120.493968">
        <ele>146.0</ele>
      </trkpt>
      <trkpt lat="31.265248" lon="120.493958">
        <ele>146.0</ele>
      </trkpt>
      <trkpt lat="31.265251" lon="120.493949">
        <ele>146.0</ele>
      </trkpt>
      <trkpt lat="31.265253" lon="120.49394">
        <ele>146.0</ele>
      </trkpt>
      <trkpt lat="31.265256" lon="120.49393">
        <ele>146.0</ele>
      </trkpt>
      <trkpt lat="31.265259" lon="120.49392">
        <ele>146.0</ele>
      </trkpt>
      <trkpt lat="31.265261" lon="120.49391">
        <ele>145.0</ele>
      </trkpt>
      <trkpt lat="31.265264" lon="120.4939">
        <ele>145.0</ele>
      </trkpt>
      <trkpt lat="31.265267" lon="120.49389">
        <ele>145.0</ele>
      </trkpt>
      <trkpt lat="31.26527" lon="120.493881">
        <ele>145.0</ele>
      </trkpt>
      <trkpt lat="31.265273" lon="120.493872">
        <ele>145.0</ele>
      </trkpt>
      <trkpt lat="31.265276" lon="120.493863">
        <ele>145.0</ele>
      </trkpt>
      <trkpt lat="31.265278" lon="120.493854">
        <ele>145.0</ele>
      </trkpt>
      <trkpt lat="31.265281" lon="120.493845">
        <ele>145.0</ele>
      </trkpt>
      <trkpt lat="31.265284" lon="120.493837">
        <ele>145.0</ele>
      </trkpt>
      <trkpt lat="31.265287" lon="120.493828">
        <ele>145.0</ele>
      </trkpt>
      <trkpt lat="31.26529" lon="120.49382">
        <ele>145.0</ele>
      </trkpt>
      <trkpt lat="31.265293" lon="120.493811">
        <ele>145.0</ele>
      </trkpt>
      <trkpt lat="31.265296" lon="120.493803">
        <ele>145.0</ele>
      </trkpt>
      <trkpt lat="31.265299" lon="120.493794">
        <ele>145.0</ele>
      </trkpt>
      <trkpt lat="31.2653" lon="120.493792">
        <ele>145.0</ele>
      </trkpt>
      <trkpt lat="31.2653" lon="120.49379">
        <ele>144.0</ele>
      </trkpt>
      <trkpt lat="31.265301" lon="120.493788">
        <ele>144.0</ele>
      </trkpt>
      <trkpt lat="31.265301" lon="120.493786">
        <ele>144.0</ele>
      </trkpt>
      <trkpt lat="31.265302" lon="120.493783">
        <ele>144.0</ele>
      </trkpt>
      <trkpt lat="31.265303" lon="120.493775">
        <ele>144.0</ele>
      </trkpt>
      <trkpt lat="31.265305" lon="120.493767">
        <ele>144.0</ele>
      </trkpt>
      <trkpt lat="31.265307" lon="120.493761">
        <ele>144.0</ele>
      </trkpt>
      <trkpt lat="31.265309" lon="120.493755">
        <ele>144.0</ele>
      </trkpt>
      <trkpt lat="31.265312" lon="120.493744">
        <ele>144.0</ele>
      </trkpt>
      <trkpt lat="31.265315" lon="120.493737">
        <ele>144.0</ele>
      </trkpt>
      <trkpt lat="31.265317" lon="120.493729">
        <ele>144.0</ele>
      </trkpt>
      <trkpt lat="31.265318" lon="120.493723">
        <ele>144.0</ele>
      </trkpt>
      <trkpt lat="31.26532" lon="120.493717">
        <ele>144.0</ele>
      </trkpt>
      <trkpt lat="31.26532" lon="120.493709">
        <ele>144.0</ele>
      </trkpt>
      <trkpt lat="31.26532" lon="120.493701">
        <ele>144.0</ele>
      </trkpt>
      <trkpt lat="31.265319" lon="120.49369">
        <ele>144.0</ele>
      </trkpt>
      <trkpt lat="31.265319" lon="120.493678">
        <ele>143.0</ele>
      </trkpt>
      <trkpt lat="31.26532" lon="120.493667">
        <ele>143.0</ele>
      </trkpt>
      <trkpt lat="31.265321" lon="120.493656">
        <ele>143.0</ele>
      </trkpt>
      <trkpt lat="31.265323" lon="120.493651">
        <ele>143.0</ele>
      </trkpt>
      <trkpt lat="31.265324" lon="120.493646">
        <ele>143.0</ele>
      </trkpt>
      <trkpt lat="31.265326" lon="120.493641">
        <ele>143.0</ele>
      </trkpt>
      <trkpt lat="31.265328" lon="120.493641">
        <ele>143.0</ele>
      </trkpt>
      <trkpt lat="31.265329" lon="120.493642">
        <ele>143.0</ele>
      </trkpt>
      <trkpt lat="31.265331" lon="120.493649">
        <ele>143.0</ele>
      </trkpt>
      <trkpt lat="31.265333" lon="120.493656">
        <ele>143.0</ele>
      </trkpt>
      <trkpt lat="31.265334" lon="120.493666">
        <ele>143.0</ele>
      </trkpt>
      <trkpt lat="31.265335" lon="120.493675">
        <ele>143.0</ele>
      </trkpt>
      <trkpt lat="31.265335" lon="120.493681">
        <ele>143.0</ele>
      </trkpt>
      <trkpt lat="31.265335" lon="120.493687">
        <ele>143.0</ele>
      </trkpt>
      <trkpt lat="31.265333" lon="120.493697">
        <ele>143.0</ele>
      </trkpt>
      <trkpt lat="31.265331" lon="120.493706">
        <ele>143.0</ele>
      </trkpt>
      <trkpt lat="31.265328" lon="120.493716">
        <ele>143.0</ele>
      </trkpt>
      <trkpt lat="31.265325" lon="120.493726">
        <ele>143.0</ele>
      </trkpt>
      <trkpt lat="31.265324" lon="120.49373">
        <ele>143.0</ele>
      </trkpt>
      <trkpt lat="31.265322" lon="120.493733">
        <ele>144.0</ele>
      </trkpt>
      <trkpt lat="31.265321" lon="120.493736">
        <ele>144.0</ele>
      </trkpt>
      <trkpt lat="31.265319" lon="120.493739">
        <ele>144.0</ele>
      </trkpt>
      <trkpt lat="31.265318" lon="120.493741">
        <ele>144.0</ele>
      </trkpt>
      <trkpt lat="31.265319" lon="120.493737">
        <ele>144.0</ele>
      </trkpt>
      <trkpt lat="31.265321" lon="120.493732">
        <ele>144.0</ele>
      </trkpt>
      <trkpt lat="31.265323" lon="120.493722">
        <ele>144.0</ele>
      </trkpt>
      <trkpt lat="31.265326" lon="120.493713">
        <ele>144.0</ele>
      </trkpt>
      <trkpt lat="31.265327" lon="120.4937">
        <ele>144.0</ele>
      </trkpt>
      <trkpt lat="31.265329" lon="120.493686">
        <ele>144.0</ele>
      </trkpt>
      <trkpt lat="31.265332" lon="120.493672">
        <ele>144.0</ele>
      </trkpt>
      <trkpt lat="31.265335" lon="120.493659">
        <ele>143.0</ele>
      </trkpt>
      <trkpt lat="31.265341" lon="120.493649">
        <ele>143.0</ele>
      </trkpt>
      <trkpt lat="31.265347" lon="120.493639">
        <ele>143.0</ele>
      </trkpt>
      <trkpt lat="31.265354" lon="120.493632">
        <ele>143.0</ele>
      </trkpt>
      <trkpt lat="31.265361" lon="120.493626">
        <ele>143.0</ele>
      </trkpt>
      <trkpt lat="31.26537" lon="120.493621">
        <ele>142.0</ele>
      </trkpt>
      <trkpt lat="31.265378" lon="120.493616">
        <ele>142.0</ele>
      </trkpt>
      <trkpt lat="31.265387" lon="120.49361">
        <ele>142.0</ele>
      </trkpt>
      <trkpt lat="31.265396" lon="120.493603">
        <ele>142.0</ele>
      </trkpt>
      <trkpt lat="31.265407" lon="120.493593">
        <ele>142.0</ele>
      </trkpt>
      <trkpt lat="31.265418" lon="120.493584">
        <ele>141.0</ele>
      </trkpt>
      <trkpt lat="31.265432" lon="120.493571">
        <ele>141.0</ele>
      </trkpt>
      <trkpt lat="31.265446" lon="120.493559">
        <ele>140.0</ele>
      </trkpt>
      <trkpt lat="31.265461" lon="120.493547">
        <ele>140.0</ele>
      </trkpt>
      <trkpt lat="31.265476" lon="120.493534">
        <ele>140.0</ele>
      </trkpt>
      <trkpt lat="31.26549" lon="120.493522">
        <ele>139.0</ele>
      </trkpt>
      <trkpt lat="31.265504" lon="120.49351">
        <ele>139.0</ele>
      </trkpt>
      <trkpt lat="31.265516" lon="120.4935">
        <ele>139.0</ele>
      </trkpt>
      <trkpt lat="31.265528" lon="120.49349">
        <ele>139.0</ele>
      </trkpt>
      <trkpt lat="31.265538" lon="120.49348">
        <ele>139.0</ele>
      </trkpt>
      <trkpt lat="31.265547" lon="120.493471">
        <ele>138.0</ele>
      </trkpt>
      <trkpt lat="31.265554" lon="120.493463">
        <ele>138.0</ele>
      </trkpt>
      <trkpt lat="31.265561" lon="120.493455">
        <ele>138.0</ele>
      </trkpt>
      <trkpt lat="31.265567" lon="120.493447">
        <ele>138.0</ele>
      </trkpt>
      <trkpt lat="31.265573" lon="120.49344">
        <ele>138.0</ele>
      </trkpt>
      <trkpt lat="31.265577" lon="120.493432">
        <ele>138.0</ele>
      </trkpt>
      <trkpt lat="31.265581" lon="120.493424">
        <ele>138.0</ele>
      </trkpt>
      <trkpt lat="31.265585" lon="120.493415">
        <ele>138.0</ele>
      </trkpt>
      <trkpt lat="31.265588" lon="120.493407">
        <ele>138.0</ele>
      </trkpt>
      <trkpt lat="31.265591" lon="120.493398">
        <ele>138.0</ele>
      </trkpt>
      <trkpt lat="31.265595" lon="120.49339">
        <ele>138.0</ele>
      </trkpt>
      <trkpt lat="31.265597" lon="120.493385">
        <ele>138.0</ele>
      </trkpt>
      <trkpt lat="31.265599" lon="120.49338">
        <ele>138.0</ele>
      </trkpt>
      <trkpt lat="31.265601" lon="120.493375">
        <ele>138.0</ele>
      </trkpt>
      <trkpt lat="31.265604" lon="120.49337">
        <ele>138.0</ele>
      </trkpt>
      <trkpt lat="31.265608" lon="120.493364">
        <ele>138.0</ele>
      </trkpt>
      <trkpt lat="31.265621" lon="120.49335">
        <ele>138.0</ele>
      </trkpt>
      <trkpt lat="31.265633" lon="120.493334">
        <ele>138.0</ele>
      </trkpt>
      <trkpt lat="31.265641" lon="120.493324">
        <ele>138.0</ele>
      </trkpt>
      <trkpt lat="31.265648" lon="120.493313">
        <ele>138.0</ele>
      </trkpt>
      <trkpt lat="31.265653" lon="120.493306">
        <ele>137.0</ele>
      </trkpt>
      <trkpt lat="31.265657" lon="120.493298">
        <ele>137.0</ele>
      </trkpt>
      <trkpt lat="31.26566" lon="120.493294">
        <ele>137.0</ele>
      </trkpt>
      <trkpt lat="31.265662" lon="120.49329">
        <ele>137.0</ele>
      </trkpt>
      <trkpt lat="31.265667" lon="120.493284">
        <ele>137.0</ele>
      </trkpt>
      <trkpt lat="31.265671" lon="120.493277">
        <ele>137.0</ele>
      </trkpt>
      <trkpt lat="31.265676" lon="120.49327">
        <ele>137.0</ele>
      </trkpt>
      <trkpt lat="31.26568" lon="120.493263">
        <ele>137.0</ele>
      </trkpt>
      <trkpt lat="31.265685" lon="120.493256">
        <ele>137.0</ele>
      </trkpt>
      <trkpt lat="31.26569" lon="120.493249">
        <ele>137.0</ele>
      </trkpt>
      <trkpt lat="31.265696" lon="120.493243">
        <ele>137.0</ele>
      </trkpt>
      <trkpt lat="31.265702" lon="120.493236">
        <ele>137.0</ele>
      </trkpt>
      <trkpt lat="31.265708" lon="120.493231">
        <ele>137.0</ele>
      </trkpt>
      <trkpt lat="31.265714" lon="120.493225">
        <ele>137.0</ele>
      </trkpt>
      <trkpt lat="31.265719" lon="120.493221">
        <ele>137.0</ele>
      </trkpt>
      <trkpt lat="31.265726" lon="120.493216">
        <ele>137.0</ele>
      </trkpt>
      <trkpt lat="31.265732" lon="120.493213">
        <ele>137.0</ele>
      </trkpt>
      <trkpt lat="31.265738" lon="120.49321">
        <ele>137.0</ele>
      </trkpt>
      <trkpt lat="31.265744" lon="120.493206">
        <ele>137.0</ele>
      </trkpt>
      <trkpt lat="31.26575" lon="120.493201">
        <ele>137.0</ele>
      </trkpt>
      <trkpt lat="31.265755" lon="120.493197">
        <ele>137.0</ele>
      </trkpt>
      <trkpt lat="31.265759" lon="120.493192">
        <ele>137.0</ele>
      </trkpt>
      <trkpt lat="31.265764" lon="120.493186">
        <ele>137.0</ele>
      </trkpt>
      <trkpt lat="31.265769" lon="120.49318">
        <ele>137.0</ele>
      </trkpt>
      <trkpt lat="31.265773" lon="120.493173">
        <ele>137.0</ele>
      </trkpt>
      <trkpt lat="31.265776" lon="120.493165">
        <ele>137.0</ele>
      </trkpt>
      <trkpt lat="31.265779" lon="120.493157">
        <ele>137.0</ele>
      </trkpt>
      <trkpt lat="31.265782" lon="120.493149">
        <ele>137.0</ele>
      </trkpt>
      <trkpt lat="31.265784" lon="120.493141">
        <ele>137.0</ele>
      </trkpt>
      <trkpt lat="31.265786" lon="120.493134">
        <ele>137.0</ele>
      </trkpt>
      <trkpt lat="31.265787" lon="120.493129">
        <ele>137.0</ele>
      </trkpt>
      <trkpt lat="31.265788" lon="120.493124">
        <ele>137.0</ele>
      </trkpt>
      <trkpt lat="31.265789" lon="120.493119">
        <ele>137.0</ele>
      </trkpt>
      <trkpt lat="31.265792" lon="120.493112">
        <ele>137.0</ele>
      </trkpt>
      <trkpt lat="31.265795" lon="120.493105">
        <ele>137.0</ele>
      </trkpt>
      <trkpt lat="31.265799" lon="120.4931">
        <ele>136.0</ele>
      </trkpt>
      <trkpt lat="31.265804" lon="120.493095">
        <ele>136.0</ele>
      </trkpt>
      <trkpt lat="31.26581" lon="120.493092">
        <ele>136.0</ele>
      </trkpt>
      <trkpt lat="31.265815" lon="120.49309">
        <ele>136.0</ele>
      </trkpt>
      <trkpt lat="31.265822" lon="120.493088">
        <ele>136.0</ele>
      </trkpt>
      <trkpt lat="31.265829" lon="120.493086">
        <ele>136.0</ele>
      </trkpt>
      <trkpt lat="31.265835" lon="120.493085">
        <ele>136.0</ele>
      </trkpt>
      <trkpt lat="31.265842" lon="120.493084">
        <ele>136.0</ele>
      </trkpt>
      <trkpt lat="31.265848" lon="120.493082">
        <ele>136.0</ele>
      </trkpt>
      <trkpt lat="31.265854" lon="120.493081">
        <ele>136.0</ele>
      </trkpt>
      <trkpt lat="31.265859" lon="120.493079">
        <ele>135.0</ele>
      </trkpt>
      <trkpt lat="31.265865" lon="120.493078">
        <ele>135.0</ele>
      </trkpt>
      <trkpt lat="31.26587" lon="120.493076">
        <ele>135.0</ele>
      </trkpt>
      <trkpt lat="31.265875" lon="120.493074">
        <ele>135.0</ele>
      </trkpt>
      <trkpt lat="31.265881" lon="120.493071">
        <ele>135.0</ele>
      </trkpt>
      <trkpt lat="31.265886" lon="120.493069">
        <ele>135.0</ele>
      </trkpt>
      <trkpt lat="31.265891" lon="120.493065">
        <ele>135.0</ele>
      </trkpt>
      <trkpt lat="31.265897" lon="120.493061">
        <ele>135.0</ele>
      </trkpt>
      <trkpt lat="31.265903" lon="120.493056">
        <ele>135.0</ele>
      </trkpt>
      <trkpt lat="31.265908" lon="120.49305">
        <ele>135.0</ele>
      </trkpt>
      <trkpt lat="31.265915" lon="120.493044">
        <ele>135.0</ele>
      </trkpt>
      <trkpt lat="31.265921" lon="120.493037">
        <ele>135.0</ele>
      </trkpt>
      <trkpt lat="31.265931" lon="120.493017">
        <ele>133.0</ele>
      </trkpt>
      <trkpt lat="31.265934" lon="120.49301">
        <ele>133.0</ele>
      </trkpt>
      <trkpt lat="31.265937" lon="120.493003">
        <ele>133.0</ele>
      </trkpt>
      <trkpt lat="31.265949" lon="120.492989">
        <ele>133.0</ele>
      </trkpt>
      <trkpt lat="31.265955" lon="120.492983">
        <ele>133.0</ele>
      </trkpt>
      <trkpt lat="31.265961" lon="120.492976">
        <ele>133.0</ele>
      </trkpt>
      <trkpt lat="31.265964" lon="120.492969">
        <ele>132.0</ele>
      </trkpt>
      <trkpt lat="31.265967" lon="120.492963">
        <ele>132.0</ele>
      </trkpt>
      <trkpt lat="31.265968" lon="120.492955">
        <ele>132.0</ele>
      </trkpt>
      <trkpt lat="31.265969" lon="120.492948">
        <ele>132.0</ele>
      </trkpt>
      <trkpt lat="31.265971" lon="120.492941">
        <ele>132.0</ele>
      </trkpt>
      <trkpt lat="31.265972" lon="120.492933">
        <ele>131.0</ele>
      </trkpt>
      <trkpt lat="31.265976" lon="120.492916">
        <ele>131.0</ele>
      </trkpt>
      <trkpt lat="31.26598" lon="120.492894">
        <ele>130.0</ele>
      </trkpt>
      <trkpt lat="31.265984" lon="120.492868">
        <ele>129.0</ele>
      </trkpt>
      <trkpt lat="31.265977" lon="120.49285">
        <ele>128.0</ele>
      </trkpt>
      <trkpt lat="31.265972" lon="120.492838">
        <ele>130.0</ele>
      </trkpt>
      <trkpt lat="31.265967" lon="120.492831">
        <ele>130.0</ele>
      </trkpt>
      <trkpt lat="31.265963" lon="120.492823">
        <ele>130.0</ele>
      </trkpt>
      <trkpt lat="31.265958" lon="120.492819">
        <ele>130.0</ele>
      </trkpt>
      <trkpt lat="31.265953" lon="120.492814">
        <ele>130.0</ele>
      </trkpt>
      <trkpt lat="31.265946" lon="120.492814">
        <ele>130.0</ele>
      </trkpt>
      <trkpt lat="31.265939" lon="120.492814">
        <ele>130.0</ele>
      </trkpt>
      <trkpt lat="31.265922" lon="120.492817">
        <ele>130.0</ele>
      </trkpt>
      <trkpt lat="31.265916" lon="120.492816">
        <ele>130.0</ele>
      </trkpt>
      <trkpt lat="31.265911" lon="120.492815">
        <ele>130.0</ele>
      </trkpt>
      <trkpt lat="31.265908" lon="120.492811">
        <ele>130.0</ele>
      </trkpt>
      <trkpt lat="31.265906" lon="120.492806">
        <ele>130.0</ele>
      </trkpt>
      <trkpt lat="31.265902" lon="120.492802">
        <ele>131.0</ele>
      </trkpt>
      <trkpt lat="31.265901" lon="120.492803">
        <ele>131.0</ele>
      </trkpt>
      <trkpt lat="31.265899" lon="120.492804">
        <ele>131.0</ele>
      </trkpt>
      <trkpt lat="31.265904" lon="120.492811">
        <ele>130.0</ele>
      </trkpt>
      <trkpt lat="31.265908" lon="120.492813">
        <ele>130.0</ele>
      </trkpt>
      <trkpt lat="31.265912" lon="120.492814">
        <ele>130.0</ele>
      </trkpt>
      <trkpt lat="31.265917" lon="120.492813">
        <ele>130.0</ele>
      </trkpt>
      <trkpt lat="31.265923" lon="120.492811">
        <ele>130.0</ele>
      </trkpt>
      <trkpt lat="31.26593" lon="120.492808">
        <ele>130.0</ele>
      </trkpt>
      <trkpt lat="31.265936" lon="120.492806">
        <ele>130.0</ele>
      </trkpt>
      <trkpt lat="31.265943" lon="120.492805">
        <ele>130.0</ele>
      </trkpt>
      <trkpt lat="31.265949" lon="120.492805">
        <ele>129.0</ele>
      </trkpt>
      <trkpt lat="31.265954" lon="120.492807">
        <ele>129.0</ele>
      </trkpt>
      <trkpt lat="31.265959" lon="120.49281">
        <ele>129.0</ele>
      </trkpt>
      <trkpt lat="31.265975" lon="120.492821">
        <ele>129.0</ele>
      </trkpt>
      <trkpt lat="31.265981" lon="120.492815">
        <ele>129.0</ele>
      </trkpt>
      <trkpt lat="31.265983" lon="120.492798">
        <ele>127.0</ele>
      </trkpt>
      <trkpt lat="31.265984" lon="120.492787">
        <ele>127.0</ele>
      </trkpt>
      <trkpt lat="31.265985" lon="120.492775">
        <ele>127.0</ele>
      </trkpt>
      <trkpt lat="31.265985" lon="120.492768">
        <ele>126.0</ele>
      </trkpt>
      <trkpt lat="31.265985" lon="120.49276">
        <ele>126.0</ele>
      </trkpt>
      <trkpt lat="31.265987" lon="120.492748">
        <ele>126.0</ele>
      </trkpt>
      <trkpt lat="31.265988" lon="120.49274">
        <ele>126.0</ele>
      </trkpt>
      <trkpt lat="31.26599" lon="120.492732">
        <ele>125.0</ele>
      </trkpt>
      <trkpt lat="31.265991" lon="120.492726">
        <ele>125.0</ele>
      </trkpt>
      <trkpt lat="31.265992" lon="120.492719">
        <ele>125.0</ele>
      </trkpt>
      <trkpt lat="31.265991" lon="120.492711">
        <ele>125.0</ele>
      </trkpt>
      <trkpt lat="31.26599" lon="120.492704">
        <ele>125.0</ele>
      </trkpt>
      <trkpt lat="31.265989" lon="120.492695">
        <ele>124.0</ele>
      </trkpt>
      <trkpt lat="31.265988" lon="120.492687">
        <ele>124.0</ele>
      </trkpt>
      <trkpt lat="31.265987" lon="120.492679">
        <ele>124.0</ele>
      </trkpt>
      <trkpt lat="31.265987" lon="120.492671">
        <ele>124.0</ele>
      </trkpt>
      <trkpt lat="31.265988" lon="120.492665">
        <ele>124.0</ele>
      </trkpt>
      <trkpt lat="31.265989" lon="120.492659">
        <ele>123.0</ele>
      </trkpt>
      <trkpt lat="31.265991" lon="120.492653">
        <ele>123.0</ele>
      </trkpt>
      <trkpt lat="31.265993" lon="120.492648">
        <ele>123.0</ele>
      </trkpt>
      <trkpt lat="31.265996" lon="120.492641">
        <ele>123.0</ele>
      </trkpt>
      <trkpt lat="31.265999" lon="120.492634">
        <ele>123.0</ele>
      </trkpt>
      <trkpt lat="31.266002" lon="120.492628">
        <ele>122.0</ele>
      </trkpt>
      <trkpt lat="31.266005" lon="120.492621">
        <ele>122.0</ele>
      </trkpt>
      <trkpt lat="31.266007" lon="120.492617">
        <ele>122.0</ele>
      </trkpt>
      <trkpt lat="31.266008" lon="120.492614">
        <ele>122.0</ele>
      </trkpt>
      <trkpt lat="31.26601" lon="120.492607">
        <ele>122.0</ele>
      </trkpt>
      <trkpt lat="31.266012" lon="120.492599">
        <ele>121.0</ele>
      </trkpt>
      <trkpt lat="31.266015" lon="120.492591">
        <ele>121.0</ele>
      </trkpt>
      <trkpt lat="31.266017" lon="120.492582">
        <ele>121.0</ele>
      </trkpt>
      <trkpt lat="31.266022" lon="120.492573">
        <ele>121.0</ele>
      </trkpt>
      <trkpt lat="31.266027" lon="120.492564">
        <ele>121.0</ele>
      </trkpt>
      <trkpt lat="31.266048" lon="120.49256">
        <ele>121.0</ele>
      </trkpt>
      <trkpt lat="31.266068" lon="120.492563">
        <ele>120.0</ele>
      </trkpt>
      <trkpt lat="31.266087" lon="120.492564">
        <ele>120.0</ele>
      </trkpt>
      <trkpt lat="31.266098" lon="120.492562">
        <ele>119.0</ele>
      </trkpt>
      <trkpt lat="31.266109" lon="120.492561">
        <ele>119.0</ele>
      </trkpt>
      <trkpt lat="31.266115" lon="120.492557">
        <ele>119.0</ele>
      </trkpt>
      <trkpt lat="31.266121" lon="120.492553">
        <ele>119.0</ele>
      </trkpt>
      <trkpt lat="31.266123" lon="120.49255">
        <ele>119.0</ele>
      </trkpt>
      <trkpt lat="31.266125" lon="120.492548">
        <ele>119.0</ele>
      </trkpt>
      <trkpt lat="31.266127" lon="120.492542">
        <ele>119.0</ele>
      </trkpt>
      <trkpt lat="31.266129" lon="120.492536">
        <ele>119.0</ele>
      </trkpt>
      <trkpt lat="31.266132" lon="120.492523">
        <ele>119.0</ele>
      </trkpt>
      <trkpt lat="31.266132" lon="120.492517">
        <ele>119.0</ele>
      </trkpt>
      <trkpt lat="31.266133" lon="120.492511">
        <ele>119.0</ele>
      </trkpt>
      <trkpt lat="31.266133" lon="120.492505">
        <ele>119.0</ele>
      </trkpt>
      <trkpt lat="31.266134" lon="120.492498">
        <ele>119.0</ele>
      </trkpt>
      <trkpt lat="31.266135" lon="120.492491">
        <ele>119.0</ele>
      </trkpt>
      <trkpt lat="31.266137" lon="120.492484">
        <ele>118.0</ele>
      </trkpt>
      <trkpt lat="31.266149" lon="120.492466">
        <ele>116.0</ele>
      </trkpt>
      <trkpt lat="31.266155" lon="120.492458">
        <ele>116.0</ele>
      </trkpt>
      <trkpt lat="31.266161" lon="120.492451">
        <ele>116.0</ele>
      </trkpt>
      <trkpt lat="31.266166" lon="120.492445">
        <ele>116.0</ele>
      </trkpt>
      <trkpt lat="31.266171" lon="120.492439">
        <ele>116.0</ele>
      </trkpt>
      <trkpt lat="31.266175" lon="120.492437">
        <ele>115.0</ele>
      </trkpt>
      <trkpt lat="31.266178" lon="120.492434">
        <ele>115.0</ele>
      </trkpt>
      <trkpt lat="31.266189" lon="120.492429">
        <ele>114.0</ele>
      </trkpt>
      <trkpt lat="31.266196" lon="120.492423">
        <ele>114.0</ele>
      </trkpt>
      <trkpt lat="31.266202" lon="120.492418">
        <ele>113.0</ele>
      </trkpt>
      <trkpt lat="31.266211" lon="120.492396">
        <ele>112.0</ele>
      </trkpt>
      <trkpt lat="31.266216" lon="120.492377">
        <ele>111.0</ele>
      </trkpt>
      <trkpt lat="31.26622" lon="120.492365">
        <ele>111.0</ele>
      </trkpt>
      <trkpt lat="31.266225" lon="120.492353">
        <ele>111.0</ele>
      </trkpt>
      <trkpt lat="31.266228" lon="120.492345">
        <ele>111.0</ele>
      </trkpt>
      <trkpt lat="31.266231" lon="120.492336">
        <ele>111.0</ele>
      </trkpt>
      <trkpt lat="31.266233" lon="120.492328">
        <ele>111.0</ele>
      </trkpt>
      <trkpt lat="31.266235" lon="120.49232">
        <ele>111.0</ele>
      </trkpt>
      <trkpt lat="31.266234" lon="120.492312">
        <ele>111.0</ele>
      </trkpt>
      <trkpt lat="31.266234" lon="120.492304">
        <ele>111.0</ele>
      </trkpt>
      <trkpt lat="31.266233" lon="120.492296">
        <ele>110.0</ele>
      </trkpt>
      <trkpt lat="31.266232" lon="120.492288">
        <ele>110.0</ele>
      </trkpt>
      <trkpt lat="31.266233" lon="120.49228">
        <ele>110.0</ele>
      </trkpt>
      <trkpt lat="31.266234" lon="120.492272">
        <ele>110.0</ele>
      </trkpt>
      <trkpt lat="31.266236" lon="120.492268">
        <ele>110.0</ele>
      </trkpt>
      <trkpt lat="31.266238" lon="120.492264">
        <ele>109.0</ele>
      </trkpt>
      <trkpt lat="31.266249" lon="120.49225">
        <ele>108.0</ele>
      </trkpt>
      <trkpt lat="31.266259" lon="120.492229">
        <ele>107.0</ele>
      </trkpt>
      <trkpt lat="31.266264" lon="120.492216">
        <ele>107.0</ele>
      </trkpt>
      <trkpt lat="31.26627" lon="120.492203">
        <ele>106.0</ele>
      </trkpt>
      <trkpt lat="31.266274" lon="120.492193">
        <ele>106.0</ele>
      </trkpt>
      <trkpt lat="31.266277" lon="120.492183">
        <ele>106.0</ele>
      </trkpt>
      <trkpt lat="31.266278" lon="120.492173">
        <ele>106.0</ele>
      </trkpt>
      <trkpt lat="31.26628" lon="120.492163">
        <ele>106.0</ele>
      </trkpt>
      <trkpt lat="31.26628" lon="120.492152">
        <ele>106.0</ele>
      </trkpt>
      <trkpt lat="31.26628" lon="120.492142">
        <ele>106.0</ele>
      </trkpt>
      <trkpt lat="31.266279" lon="120.492133">
        <ele>106.0</ele>
      </trkpt>
      <trkpt lat="31.266279" lon="120.492123">
        <ele>106.0</ele>
      </trkpt>
      <trkpt lat="31.266279" lon="120.492116">
        <ele>106.0</ele>
      </trkpt>
      <trkpt lat="31.26628" lon="120.492108">
        <ele>106.0</ele>
      </trkpt>
      <trkpt lat="31.26628" lon="120.492101">
        <ele>106.0</ele>
      </trkpt>
      <trkpt lat="31.26628" lon="120.492094">
        <ele>106.0</ele>
      </trkpt>
      <trkpt lat="31.266282" lon="120.492087">
        <ele>106.0</ele>
      </trkpt>
      <trkpt lat="31.266284" lon="120.492081">
        <ele>106.0</ele>
      </trkpt>
      <trkpt lat="31.266288" lon="120.492077">
        <ele>106.0</ele>
      </trkpt>
      <trkpt lat="31.266293" lon="120.492074">
        <ele>106.0</ele>
      </trkpt>
      <trkpt lat="31.266301" lon="120.492073">
        <ele>106.0</ele>
      </trkpt>
      <trkpt lat="31.266308" lon="120.492072">
        <ele>106.0</ele>
      </trkpt>
      <trkpt lat="31.266317" lon="120.492071">
        <ele>107.0</ele>
      </trkpt>
      <trkpt lat="31.266327" lon="120.492071">
        <ele>107.0</ele>
      </trkpt>
      <trkpt lat="31.266336" lon="120.492068">
        <ele>107.0</ele>
      </trkpt>
      <trkpt lat="31.266345" lon="120.492065">
        <ele>107.0</ele>
      </trkpt>
      <trkpt lat="31.266354" lon="120.492058">
        <ele>107.0</ele>
      </trkpt>
      <trkpt lat="31.266362" lon="120.492051">
        <ele>107.0</ele>
      </trkpt>
      <trkpt lat="31.26637" lon="120.492042">
        <ele>107.0</ele>
      </trkpt>
      <trkpt lat="31.266378" lon="120.492033">
        <ele>107.0</ele>
      </trkpt>
      <trkpt lat="31.266386" lon="120.492026">
        <ele>107.0</ele>
      </trkpt>
      <trkpt lat="31.266395" lon="120.492019">
        <ele>107.0</ele>
      </trkpt>
      <trkpt lat="31.266403" lon="120.492012">
        <ele>108.0</ele>
      </trkpt>
      <trkpt lat="31.266412" lon="120.492005">
        <ele>108.0</ele>
      </trkpt>
      <trkpt lat="31.266421" lon="120.491998">
        <ele>108.0</ele>
      </trkpt>
      <trkpt lat="31.266429" lon="120.491992">
        <ele>108.0</ele>
      </trkpt>
      <trkpt lat="31.266436" lon="120.491985">
        <ele>108.0</ele>
      </trkpt>
      <trkpt lat="31.266443" lon="120.491978">
        <ele>108.0</ele>
      </trkpt>
      <trkpt lat="31.266447" lon="120.491974">
        <ele>108.0</ele>
      </trkpt>
      <trkpt lat="31.266451" lon="120.491971">
        <ele>108.0</ele>
      </trkpt>
      <trkpt lat="31.266455" lon="120.491967">
        <ele>108.0</ele>
      </trkpt>
      <trkpt lat="31.266459" lon="120.491963">
        <ele>108.0</ele>
      </trkpt>
      <trkpt lat="31.266465" lon="120.491957">
        <ele>108.0</ele>
      </trkpt>
      <trkpt lat="31.266471" lon="120.491952">
        <ele>108.0</ele>
      </trkpt>
      <trkpt lat="31.266476" lon="120.491947">
        <ele>108.0</ele>
      </trkpt>
      <trkpt lat="31.266482" lon="120.491943">
        <ele>108.0</ele>
      </trkpt>
      <trkpt lat="31.266488" lon="120.491938">
        <ele>108.0</ele>
      </trkpt>
      <trkpt lat="31.266493" lon="120.491933">
        <ele>108.0</ele>
      </trkpt>
      <trkpt lat="31.266494" lon="120.491931">
        <ele>108.0</ele>
      </trkpt>
      <trkpt lat="31.266496" lon="120.49193">
        <ele>108.0</ele>
      </trkpt>
      <trkpt lat="31.266497" lon="120.491928">
        <ele>108.0</ele>
      </trkpt>
      <trkpt lat="31.266498" lon="120.491927">
        <ele>108.0</ele>
      </trkpt>
      <trkpt lat="31.266502" lon="120.491922">
        <ele>109.0</ele>
      </trkpt>
      <trkpt lat="31.266506" lon="120.491918">
        <ele>109.0</ele>
      </trkpt>
      <trkpt lat="31.26651" lon="120.491914">
        <ele>109.0</ele>
      </trkpt>
      <trkpt lat="31.266514" lon="120.491911">
        <ele>109.0</ele>
      </trkpt>
      <trkpt lat="31.266519" lon="120.491907">
        <ele>109.0</ele>
      </trkpt>
      <trkpt lat="31.266524" lon="120.491904">
        <ele>109.0</ele>
      </trkpt>
      <trkpt lat="31.266531" lon="120.4919">
        <ele>109.0</ele>
      </trkpt>
      <trkpt lat="31.266537" lon="120.491897">
        <ele>109.0</ele>
      </trkpt>
      <trkpt lat="31.266546" lon="120.491894">
        <ele>109.0</ele>
      </trkpt>
      <trkpt lat="31.266554" lon="120.491892">
        <ele>109.0</ele>
      </trkpt>
      <trkpt lat="31.266563" lon="120.491888">
        <ele>109.0</ele>
      </trkpt>
      <trkpt lat="31.266572" lon="120.491885">
        <ele>109.0</ele>
      </trkpt>
      <trkpt lat="31.26658" lon="120.49188">
        <ele>109.0</ele>
      </trkpt>
      <trkpt lat="31.266588" lon="120.491875">
        <ele>109.0</ele>
      </trkpt>
      <trkpt lat="31.266595" lon="120.491869">
        <ele>109.0</ele>
      </trkpt>
      <trkpt lat="31.266602" lon="120.491863">
        <ele>109.0</ele>
      </trkpt>
      <trkpt lat="31.266608" lon="120.491857">
        <ele>109.0</ele>
      </trkpt>
      <trkpt lat="31.266614" lon="120.491851">
        <ele>109.0</ele>
      </trkpt>
      <trkpt lat="31.266619" lon="120.491845">
        <ele>109.0</ele>
      </trkpt>
      <trkpt lat="31.266625" lon="120.491839">
        <ele>109.0</ele>
      </trkpt>
      <trkpt lat="31.266631" lon="120.491833">
        <ele>109.0</ele>
      </trkpt>
      <trkpt lat="31.266637" lon="120.491827">
        <ele>109.0</ele>
      </trkpt>
      <trkpt lat="31.266643" lon="120.491821">
        <ele>109.0</ele>
      </trkpt>
      <trkpt lat="31.266649" lon="120.491815">
        <ele>109.0</ele>
      </trkpt>
      <trkpt lat="31.266654" lon="120.491808">
        <ele>109.0</ele>
      </trkpt>
      <trkpt lat="31.266659" lon="120.491802">
        <ele>109.0</ele>
      </trkpt>
      <trkpt lat="31.266663" lon="120.491797">
        <ele>109.0</ele>
      </trkpt>
      <trkpt lat="31.266667" lon="120.491791">
        <ele>109.0</ele>
      </trkpt>
      <trkpt lat="31.266671" lon="120.491787">
        <ele>109.0</ele>
      </trkpt>
      <trkpt lat="31.266675" lon="120.491782">
        <ele>109.0</ele>
      </trkpt>
      <trkpt lat="31.266679" lon="120.491778">
        <ele>109.0</ele>
      </trkpt>
      <trkpt lat="31.266683" lon="120.491775">
        <ele>109.0</ele>
      </trkpt>
      <trkpt lat="31.266686" lon="120.491771">
        <ele>109.0</ele>
      </trkpt>
      <trkpt lat="31.266689" lon="120.491767">
        <ele>109.0</ele>
      </trkpt>
      <trkpt lat="31.266692" lon="120.491761">
        <ele>109.0</ele>
      </trkpt>
      <trkpt lat="31.266696" lon="120.491756">
        <ele>109.0</ele>
      </trkpt>
      <trkpt lat="31.266701" lon="120.49175">
        <ele>109.0</ele>
      </trkpt>
      <trkpt lat="31.266706" lon="120.491744">
        <ele>109.0</ele>
      </trkpt>
      <trkpt lat="31.266711" lon="120.491738">
        <ele>109.0</ele>
      </trkpt>
      <trkpt lat="31.266717" lon="120.491732">
        <ele>109.0</ele>
      </trkpt>
      <trkpt lat="31.266723" lon="120.491727">
        <ele>110.0</ele>
      </trkpt>
      <trkpt lat="31.266728" lon="120.491722">
        <ele>110.0</ele>
      </trkpt>
      <trkpt lat="31.266733" lon="120.491718">
        <ele>110.0</ele>
      </trkpt>
      <trkpt lat="31.266738" lon="120.491714">
        <ele>110.0</ele>
      </trkpt>
      <trkpt lat="31.266742" lon="120.491709">
        <ele>110.0</ele>
      </trkpt>
      <trkpt lat="31.266747" lon="120.491705">
        <ele>110.0</ele>
      </trkpt>
      <trkpt lat="31.266751" lon="120.491699">
        <ele>110.0</ele>
      </trkpt>
      <trkpt lat="31.266755" lon="120.491694">
        <ele>110.0</ele>
      </trkpt>
      <trkpt lat="31.266758" lon="120.491689">
        <ele>110.0</ele>
      </trkpt>
      <trkpt lat="31.266761" lon="120.491684">
        <ele>110.0</ele>
      </trkpt>
      <trkpt lat="31.266764" lon="120.491679">
        <ele>110.0</ele>
      </trkpt>
      <trkpt lat="31.266766" lon="120.491674">
        <ele>110.0</ele>
      </trkpt>
      <trkpt lat="31.26677" lon="120.491669">
        <ele>110.0</ele>
      </trkpt>
      <trkpt lat="31.266773" lon="120.491664">
        <ele>110.0</ele>
      </trkpt>
      <trkpt lat="31.266778" lon="120.491659">
        <ele>110.0</ele>
      </trkpt>
      <trkpt lat="31.266782" lon="120.491653">
        <ele>110.0</ele>
      </trkpt>
      <trkpt lat="31.266787" lon="120.491647">
        <ele>110.0</ele>
      </trkpt>
      <trkpt lat="31.266793" lon="120.491642">
        <ele>110.0</ele>
      </trkpt>
      <trkpt lat="31.266799" lon="120.491635">
        <ele>110.0</ele>
      </trkpt>
      <trkpt lat="31.266805" lon="120.491629">
        <ele>110.0</ele>
      </trkpt>
      <trkpt lat="31.26681" lon="120.491621">
        <ele>111.0</ele>
      </trkpt>
      <trkpt lat="31.266816" lon="120.491614">
        <ele>111.0</ele>
      </trkpt>
      <trkpt lat="31.266821" lon="120.491606">
        <ele>111.0</ele>
      </trkpt>
      <trkpt lat="31.266825" lon="120.491598">
        <ele>111.0</ele>
      </trkpt>
      <trkpt lat="31.266829" lon="120.49159">
        <ele>111.0</ele>
      </trkpt>
      <trkpt lat="31.266833" lon="120.491582">
        <ele>111.0</ele>
      </trkpt>
      <trkpt lat="31.266836" lon="120.491573">
        <ele>111.0</ele>
      </trkpt>
      <trkpt lat="31.26684" lon="120.491564">
        <ele>111.0</ele>
      </trkpt>
      <trkpt lat="31.266845" lon="120.491555">
        <ele>111.0</ele>
      </trkpt>
      <trkpt lat="31.266851" lon="120.491546">
        <ele>111.0</ele>
      </trkpt>
      <trkpt lat="31.266857" lon="120.491537">
        <ele>112.0</ele>
      </trkpt>
      <trkpt lat="31.266864" lon="120.491529">
        <ele>112.0</ele>
      </trkpt>
      <trkpt lat="31.266871" lon="120.491519">
        <ele>112.0</ele>
      </trkpt>
      <trkpt lat="31.266878" lon="120.49151">
        <ele>112.0</ele>
      </trkpt>
      <trkpt lat="31.266885" lon="120.491501">
        <ele>112.0</ele>
      </trkpt>
      <trkpt lat="31.266892" lon="120.491492">
        <ele>112.0</ele>
      </trkpt>
      <trkpt lat="31.266898" lon="120.491485">
        <ele>112.0</ele>
      </trkpt>
      <trkpt lat="31.266904" lon="120.491477">
        <ele>112.0</ele>
      </trkpt>
      <trkpt lat="31.266909" lon="120.491469">
        <ele>112.0</ele>
      </trkpt>
      <trkpt lat="31.266913" lon="120.49146">
        <ele>112.0</ele>
      </trkpt>
      <trkpt lat="31.266918" lon="120.491452">
        <ele>112.0</ele>
      </trkpt>
      <trkpt lat="31.266922" lon="120.491443">
        <ele>112.0</ele>
      </trkpt>
      <trkpt lat="31.266925" lon="120.491435">
        <ele>112.0</ele>
      </trkpt>
      <trkpt lat="31.266929" lon="120.491428">
        <ele>112.0</ele>
      </trkpt>
      <trkpt lat="31.266934" lon="120.491421">
        <ele>112.0</ele>
      </trkpt>
      <trkpt lat="31.266938" lon="120.491414">
        <ele>113.0</ele>
      </trkpt>
      <trkpt lat="31.266944" lon="120.491406">
        <ele>113.0</ele>
      </trkpt>
      <trkpt lat="31.266949" lon="120.491399">
        <ele>113.0</ele>
      </trkpt>
      <trkpt lat="31.266955" lon="120.491393">
        <ele>113.0</ele>
      </trkpt>
      <trkpt lat="31.266961" lon="120.491386">
        <ele>113.0</ele>
      </trkpt>
      <trkpt lat="31.266968" lon="120.491381">
        <ele>113.0</ele>
      </trkpt>
      <trkpt lat="31.266974" lon="120.491375">
        <ele>113.0</ele>
      </trkpt>
      <trkpt lat="31.26698" lon="120.491369">
        <ele>113.0</ele>
      </trkpt>
      <trkpt lat="31.266986" lon="120.491364">
        <ele>113.0</ele>
      </trkpt>
      <trkpt lat="31.266989" lon="120.491357">
        <ele>113.0</ele>
      </trkpt>
      <trkpt lat="31.266993" lon="120.491351">
        <ele>113.0</ele>
      </trkpt>
      <trkpt lat="31.266996" lon="120.491344">
        <ele>113.0</ele>
      </trkpt>
      <trkpt lat="31.266998" lon="120.491337">
        <ele>113.0</ele>
      </trkpt>
      <trkpt lat="31.267001" lon="120.49133">
        <ele>113.0</ele>
      </trkpt>
      <trkpt lat="31.267005" lon="120.491322">
        <ele>113.0</ele>
      </trkpt>
      <trkpt lat="31.267008" lon="120.491316">
        <ele>113.0</ele>
      </trkpt>
      <trkpt lat="31.267011" lon="120.491309">
        <ele>113.0</ele>
      </trkpt>
      <trkpt lat="31.267015" lon="120.491303">
        <ele>113.0</ele>
      </trkpt>
      <trkpt lat="31.267019" lon="120.491297">
        <ele>113.0</ele>
      </trkpt>
      <trkpt lat="31.267024" lon="120.491291">
        <ele>113.0</ele>
      </trkpt>
      <trkpt lat="31.267028" lon="120.491284">
        <ele>113.0</ele>
      </trkpt>
      <trkpt lat="31.267033" lon="120.491276">
        <ele>113.0</ele>
      </trkpt>
      <trkpt lat="31.267038" lon="120.491268">
        <ele>113.0</ele>
      </trkpt>
      <trkpt lat="31.267042" lon="120.491259">
        <ele>113.0</ele>
      </trkpt>
      <trkpt lat="31.267047" lon="120.491251">
        <ele>113.0</ele>
      </trkpt>
      <trkpt lat="31.26705" lon="120.491242">
        <ele>113.0</ele>
      </trkpt>
      <trkpt lat="31.267054" lon="120.491232">
        <ele>113.0</ele>
      </trkpt>
      <trkpt lat="31.267057" lon="120.491223">
        <ele>113.0</ele>
      </trkpt>
      <trkpt lat="31.267061" lon="120.491213">
        <ele>113.0</ele>
      </trkpt>
      <trkpt lat="31.267065" lon="120.491203">
        <ele>113.0</ele>
      </trkpt>
      <trkpt lat="31.26707" lon="120.491194">
        <ele>113.0</ele>
      </trkpt>
      <trkpt lat="31.267075" lon="120.491184">
        <ele>113.0</ele>
      </trkpt>
      <trkpt lat="31.267079" lon="120.491175">
        <ele>113.0</ele>
      </trkpt>
      <trkpt lat="31.267084" lon="120.491166">
        <ele>113.0</ele>
      </trkpt>
      <trkpt lat="31.267088" lon="120.491158">
        <ele>113.0</ele>
      </trkpt>
      <trkpt lat="31.267092" lon="120.491149">
        <ele>113.0</ele>
      </trkpt>
      <trkpt lat="31.267096" lon="120.49114">
        <ele>113.0</ele>
      </trkpt>
      <trkpt lat="31.2671" lon="120.491131">
        <ele>113.0</ele>
      </trkpt>
      <trkpt lat="31.267104" lon="120.491123">
        <ele>113.0</ele>
      </trkpt>
      <trkpt lat="31.267108" lon="120.491114">
        <ele>113.0</ele>
      </trkpt>
      <trkpt lat="31.267111" lon="120.491106">
        <ele>113.0</ele>
      </trkpt>
      <trkpt lat="31.267116" lon="120.491098">
        <ele>113.0</ele>
      </trkpt>
      <trkpt lat="31.26712" lon="120.491091">
        <ele>113.0</ele>
      </trkpt>
      <trkpt lat="31.267124" lon="120.491084">
        <ele>113.0</ele>
      </trkpt>
      <trkpt lat="31.267129" lon="120.491078">
        <ele>113.0</ele>
      </trkpt>
      <trkpt lat="31.267132" lon="120.49107">
        <ele>113.0</ele>
      </trkpt>
      <trkpt lat="31.267136" lon="120.491063">
        <ele>113.0</ele>
      </trkpt>
      <trkpt lat="31.26714" lon="120.491054">
        <ele>113.0</ele>
      </trkpt>
      <trkpt lat="31.267143" lon="120.491045">
        <ele>113.0</ele>
      </trkpt>
      <trkpt lat="31.267147" lon="120.491036">
        <ele>113.0</ele>
      </trkpt>
      <trkpt lat="31.26715" lon="120.491026">
        <ele>114.0</ele>
      </trkpt>
      <trkpt lat="31.267152" lon="120.491016">
        <ele>114.0</ele>
      </trkpt>
      <trkpt lat="31.267155" lon="120.491006">
        <ele>114.0</ele>
      </trkpt>
      <trkpt lat="31.267158" lon="120.490996">
        <ele>114.0</ele>
      </trkpt>
      <trkpt lat="31.267161" lon="120.490985">
        <ele>114.0</ele>
      </trkpt>
      <trkpt lat="31.267166" lon="120.490975">
        <ele>114.0</ele>
      </trkpt>
      <trkpt lat="31.267172" lon="120.490964">
        <ele>114.0</ele>
      </trkpt>
      <trkpt lat="31.267178" lon="120.490955">
        <ele>114.0</ele>
      </trkpt>
      <trkpt lat="31.267185" lon="120.490946">
        <ele>114.0</ele>
      </trkpt>
      <trkpt lat="31.267192" lon="120.490938">
        <ele>114.0</ele>
      </trkpt>
      <trkpt lat="31.2672" lon="120.490929">
        <ele>115.0</ele>
      </trkpt>
      <trkpt lat="31.267207" lon="120.490922">
        <ele>115.0</ele>
      </trkpt>
      <trkpt lat="31.267215" lon="120.490914">
        <ele>115.0</ele>
      </trkpt>
      <trkpt lat="31.267222" lon="120.490906">
        <ele>115.0</ele>
      </trkpt>
      <trkpt lat="31.26723" lon="120.490899">
        <ele>115.0</ele>
      </trkpt>
      <trkpt lat="31.267234" lon="120.490895">
        <ele>115.0</ele>
      </trkpt>
      <trkpt lat="31.267239" lon="120.490891">
        <ele>115.0</ele>
      </trkpt>
      <trkpt lat="31.267247" lon="120.490885">
        <ele>115.0</ele>
      </trkpt>
      <trkpt lat="31.267255" lon="120.490879">
        <ele>115.0</ele>
      </trkpt>
      <trkpt lat="31.267263" lon="120.490873">
        <ele>115.0</ele>
      </trkpt>
      <trkpt lat="31.267271" lon="120.490868">
        <ele>115.0</ele>
      </trkpt>
      <trkpt lat="31.26728" lon="120.490862">
        <ele>114.0</ele>
      </trkpt>
      <trkpt lat="31.267289" lon="120.490857">
        <ele>114.0</ele>
      </trkpt>
      <trkpt lat="31.267299" lon="120.490851">
        <ele>114.0</ele>
      </trkpt>
      <trkpt lat="31.267309" lon="120.490846">
        <ele>114.0</ele>
      </trkpt>
      <trkpt lat="31.267319" lon="120.490841">
        <ele>114.0</ele>
      </trkpt>
      <trkpt lat="31.267328" lon="120.490837">
        <ele>114.0</ele>
      </trkpt>
      <trkpt lat="31.267337" lon="120.490832">
        <ele>114.0</ele>
      </trkpt>
      <trkpt lat="31.267346" lon="120.490828">
        <ele>114.0</ele>
      </trkpt>
      <trkpt lat="31.267354" lon="120.490824">
        <ele>114.0</ele>
      </trkpt>
      <trkpt lat="31.267362" lon="120.49082">
        <ele>114.0</ele>
      </trkpt>
      <trkpt lat="31.267366" lon="120.490819">
        <ele>114.0</ele>
      </trkpt>
      <trkpt lat="31.26737" lon="120.490817">
        <ele>114.0</ele>
      </trkpt>
      <trkpt lat="31.267375" lon="120.490814">
        <ele>114.0</ele>
      </trkpt>
      <trkpt lat="31.26738" lon="120.49081">
        <ele>114.0</ele>
      </trkpt>
      <trkpt lat="31.267385" lon="120.490805">
        <ele>115.0</ele>
      </trkpt>
      <trkpt lat="31.26739" lon="120.490799">
        <ele>115.0</ele>
      </trkpt>
      <trkpt lat="31.267396" lon="120.490793">
        <ele>115.0</ele>
      </trkpt>
      <trkpt lat="31.267402" lon="120.490787">
        <ele>115.0</ele>
      </trkpt>
      <trkpt lat="31.267409" lon="120.490782">
        <ele>115.0</ele>
      </trkpt>
      <trkpt lat="31.267415" lon="120.490778">
        <ele>116.0</ele>
      </trkpt>
      <trkpt lat="31.267424" lon="120.490775">
        <ele>116.0</ele>
      </trkpt>
      <trkpt lat="31.267432" lon="120.490772">
        <ele>116.0</ele>
      </trkpt>
      <trkpt lat="31.267441" lon="120.490769">
        <ele>116.0</ele>
      </trkpt>
      <trkpt lat="31.267451" lon="120.490767">
        <ele>116.0</ele>
      </trkpt>
      <trkpt lat="31.267461" lon="120.490764">
        <ele>116.0</ele>
      </trkpt>
      <trkpt lat="31.267471" lon="120.490761">
        <ele>116.0</ele>
      </trkpt>
      <trkpt lat="31.267476" lon="120.490759">
        <ele>116.0</ele>
      </trkpt>
      <trkpt lat="31.267481" lon="120.490757">
        <ele>116.0</ele>
      </trkpt>
      <trkpt lat="31.267485" lon="120.490755">
        <ele>116.0</ele>
      </trkpt>
      <trkpt lat="31.26749" lon="120.490754">
        <ele>116.0</ele>
      </trkpt>
      <trkpt lat="31.267497" lon="120.490751">
        <ele>116.0</ele>
      </trkpt>
      <trkpt lat="31.267503" lon="120.490749">
        <ele>116.0</ele>
      </trkpt>
      <trkpt lat="31.26751" lon="120.490746">
        <ele>116.0</ele>
      </trkpt>
      <trkpt lat="31.267517" lon="120.490743">
        <ele>116.0</ele>
      </trkpt>
      <trkpt lat="31.267525" lon="120.49074">
        <ele>116.0</ele>
      </trkpt>
      <trkpt lat="31.267534" lon="120.490737">
        <ele>116.0</ele>
      </trkpt>
      <trkpt lat="31.267544" lon="120.490735">
        <ele>116.0</ele>
      </trkpt>
      <trkpt lat="31.267554" lon="120.490732">
        <ele>116.0</ele>
      </trkpt>
      <trkpt lat="31.267564" lon="120.49073">
        <ele>116.0</ele>
      </trkpt>
      <trkpt lat="31.267574" lon="120.490729">
        <ele>116.0</ele>
      </trkpt>
      <trkpt lat="31.267585" lon="120.490727">
        <ele>116.0</ele>
      </trkpt>
      <trkpt lat="31.267595" lon="120.490726">
        <ele>116.0</ele>
      </trkpt>
      <trkpt lat="31.267605" lon="120.490725">
        <ele>116.0</ele>
      </trkpt>
      <trkpt lat="31.267615" lon="120.490724">
        <ele>116.0</ele>
      </trkpt>
      <trkpt lat="31.267625" lon="120.490725">
        <ele>116.0</ele>
      </trkpt>
      <trkpt lat="31.267635" lon="120.490727">
        <ele>116.0</ele>
      </trkpt>
      <trkpt lat="31.267646" lon="120.49073">
        <ele>116.0</ele>
      </trkpt>
      <trkpt lat="31.267657" lon="120.490733">
        <ele>116.0</ele>
      </trkpt>
      <trkpt lat="31.267668" lon="120.490737">
        <ele>116.0</ele>
      </trkpt>
      <trkpt lat="31.267679" lon="120.490742">
        <ele>116.0</ele>
      </trkpt>
      <trkpt lat="31.26769" lon="120.490746">
        <ele>115.0</ele>
      </trkpt>
      <trkpt lat="31.267701" lon="120.49075">
        <ele>115.0</ele>
      </trkpt>
      <trkpt lat="31.267712" lon="120.490754">
        <ele>115.0</ele>
      </trkpt>
      <trkpt lat="31.267722" lon="120.490758">
        <ele>115.0</ele>
      </trkpt>
      <trkpt lat="31.267732" lon="120.490763">
        <ele>115.0</ele>
      </trkpt>
      <trkpt lat="31.267741" lon="120.490767">
        <ele>114.0</ele>
      </trkpt>
      <trkpt lat="31.267751" lon="120.490771">
        <ele>114.0</ele>
      </trkpt>
      <trkpt lat="31.26776" lon="120.490776">
        <ele>114.0</ele>
      </trkpt>
      <trkpt lat="31.267769" lon="120.49078">
        <ele>114.0</ele>
      </trkpt>
      <trkpt lat="31.267778" lon="120.490784">
        <ele>114.0</ele>
      </trkpt>
      <trkpt lat="31.267787" lon="120.490788">
        <ele>114.0</ele>
      </trkpt>
      <trkpt lat="31.267796" lon="120.490793">
        <ele>114.0</ele>
      </trkpt>
      <trkpt lat="31.267805" lon="120.490797">
        <ele>114.0</ele>
      </trkpt>
      <trkpt lat="31.267814" lon="120.490802">
        <ele>114.0</ele>
      </trkpt>
      <trkpt lat="31.267821" lon="120.490807">
        <ele>114.0</ele>
      </trkpt>
      <trkpt lat="31.267829" lon="120.490812">
        <ele>113.0</ele>
      </trkpt>
      <trkpt lat="31.267836" lon="120.490817">
        <ele>113.0</ele>
      </trkpt>
      <trkpt lat="31.267843" lon="120.490823">
        <ele>113.0</ele>
      </trkpt>
      <trkpt lat="31.267851" lon="120.490826">
        <ele>113.0</ele>
      </trkpt>
      <trkpt lat="31.267858" lon="120.49083">
        <ele>113.0</ele>
      </trkpt>
      <trkpt lat="31.267865" lon="120.490831">
        <ele>113.0</ele>
      </trkpt>
      <trkpt lat="31.267873" lon="120.490832">
        <ele>113.0</ele>
      </trkpt>
      <trkpt lat="31.26789" lon="120.490838">
        <ele>113.0</ele>
      </trkpt>
      <trkpt lat="31.267898" lon="120.490841">
        <ele>113.0</ele>
      </trkpt>
      <trkpt lat="31.267905" lon="120.490844">
        <ele>112.0</ele>
      </trkpt>
      <trkpt lat="31.267912" lon="120.490846">
        <ele>112.0</ele>
      </trkpt>
      <trkpt lat="31.267919" lon="120.490849">
        <ele>112.0</ele>
      </trkpt>
      <trkpt lat="31.267927" lon="120.49085">
        <ele>112.0</ele>
      </trkpt>
      <trkpt lat="31.267936" lon="120.490851">
        <ele>112.0</ele>
      </trkpt>
      <trkpt lat="31.267945" lon="120.490849">
        <ele>112.0</ele>
      </trkpt>
      <trkpt lat="31.267954" lon="120.490848">
        <ele>112.0</ele>
      </trkpt>
      <trkpt lat="31.26797" lon="120.490849">
        <ele>111.0</ele>
      </trkpt>
      <trkpt lat="31.267975" lon="120.49085">
        <ele>111.0</ele>
      </trkpt>
      <trkpt lat="31.26798" lon="120.490851">
        <ele>111.0</ele>
      </trkpt>
      <trkpt lat="31.267986" lon="120.490853">
        <ele>111.0</ele>
      </trkpt>
      <trkpt lat="31.267991" lon="120.490854">
        <ele>110.0</ele>
      </trkpt>
      <trkpt lat="31.267995" lon="120.490855">
        <ele>110.0</ele>
      </trkpt>
      <trkpt lat="31.267998" lon="120.490857">
        <ele>110.0</ele>
      </trkpt>
      <trkpt lat="31.268004" lon="120.49086">
        <ele>110.0</ele>
      </trkpt>
      <trkpt lat="31.26801" lon="120.490863">
        <ele>110.0</ele>
      </trkpt>
      <trkpt lat="31.268016" lon="120.490867">
        <ele>110.0</ele>
      </trkpt>
      <trkpt lat="31.268022" lon="120.490871">
        <ele>110.0</ele>
      </trkpt>
      <trkpt lat="31.268037" lon="120.49088">
        <ele>109.0</ele>
      </trkpt>
      <trkpt lat="31.268039" lon="120.490881">
        <ele>109.0</ele>
      </trkpt>
      <trkpt lat="31.268042" lon="120.490881">
        <ele>109.0</ele>
      </trkpt>
      <trkpt lat="31.268036" lon="120.490875">
        <ele>109.0</ele>
      </trkpt>
      <trkpt lat="31.268035" lon="120.490872">
        <ele>109.0</ele>
      </trkpt>
      <trkpt lat="31.268035" lon="120.490868">
        <ele>109.0</ele>
      </trkpt>
      <trkpt lat="31.268037" lon="120.490864">
        <ele>109.0</ele>
      </trkpt>
      <trkpt lat="31.26804" lon="120.49086">
        <ele>109.0</ele>
      </trkpt>
      <trkpt lat="31.268044" lon="120.490857">
        <ele>109.0</ele>
      </trkpt>
      <trkpt lat="31.268049" lon="120.490853">
        <ele>109.0</ele>
      </trkpt>
      <trkpt lat="31.268055" lon="120.490851">
        <ele>109.0</ele>
      </trkpt>
      <trkpt lat="31.26806" lon="120.490849">
        <ele>109.0</ele>
      </trkpt>
      <trkpt lat="31.268065" lon="120.490848">
        <ele>109.0</ele>
      </trkpt>
      <trkpt lat="31.268071" lon="120.490848">
        <ele>108.0</ele>
      </trkpt>
      <trkpt lat="31.268074" lon="120.490849">
        <ele>108.0</ele>
      </trkpt>
      <trkpt lat="31.268077" lon="120.49085">
        <ele>108.0</ele>
      </trkpt>
      <trkpt lat="31.268082" lon="120.490854">
        <ele>108.0</ele>
      </trkpt>
      <trkpt lat="31.268088" lon="120.490857">
        <ele>108.0</ele>
      </trkpt>
      <trkpt lat="31.268093" lon="120.490861">
        <ele>107.0</ele>
      </trkpt>
      <trkpt lat="31.268099" lon="120.490864">
        <ele>107.0</ele>
      </trkpt>
      <trkpt lat="31.268106" lon="120.490866">
        <ele>107.0</ele>
      </trkpt>
      <trkpt lat="31.268112" lon="120.490869">
        <ele>107.0</ele>
      </trkpt>
      <trkpt lat="31.268119" lon="120.490871">
        <ele>107.0</ele>
      </trkpt>
      <trkpt lat="31.268125" lon="120.490872">
        <ele>106.0</ele>
      </trkpt>
      <trkpt lat="31.268131" lon="120.490875">
        <ele>106.0</ele>
      </trkpt>
      <trkpt lat="31.268136" lon="120.490877">
        <ele>106.0</ele>
      </trkpt>
      <trkpt lat="31.26814" lon="120.490881">
        <ele>106.0</ele>
      </trkpt>
      <trkpt lat="31.268145" lon="120.490884">
        <ele>106.0</ele>
      </trkpt>
      <trkpt lat="31.26815" lon="120.490888">
        <ele>105.0</ele>
      </trkpt>
      <trkpt lat="31.268155" lon="120.490893">
        <ele>105.0</ele>
      </trkpt>
      <trkpt lat="31.26816" lon="120.490897">
        <ele>105.0</ele>
      </trkpt>
      <trkpt lat="31.268165" lon="120.490901">
        <ele>105.0</ele>
      </trkpt>
      <trkpt lat="31.26817" lon="120.490905">
        <ele>105.0</ele>
      </trkpt>
      <trkpt lat="31.268175" lon="120.490909">
        <ele>104.0</ele>
      </trkpt>
      <trkpt lat="31.268177" lon="120.49091">
        <ele>104.0</ele>
      </trkpt>
      <trkpt lat="31.26818" lon="120.490911">
        <ele>104.0</ele>
      </trkpt>
      <trkpt lat="31.268182" lon="120.490913">
        <ele>104.0</ele>
      </trkpt>
      <trkpt lat="31.268184" lon="120.490914">
        <ele>104.0</ele>
      </trkpt>
      <trkpt lat="31.268191" lon="120.490919">
        <ele>104.0</ele>
      </trkpt>
      <trkpt lat="31.268198" lon="120.490923">
        <ele>104.0</ele>
      </trkpt>
      <trkpt lat="31.268204" lon="120.490927">
        <ele>104.0</ele>
      </trkpt>
      <trkpt lat="31.26821" lon="120.49093">
        <ele>104.0</ele>
      </trkpt>
      <trkpt lat="31.268215" lon="120.490933">
        <ele>104.0</ele>
      </trkpt>
      <trkpt lat="31.268221" lon="120.490936">
        <ele>103.0</ele>
      </trkpt>
      <trkpt lat="31.268237" lon="120.490937">
        <ele>102.0</ele>
      </trkpt>
      <trkpt lat="31.268245" lon="120.490935">
        <ele>102.0</ele>
      </trkpt>
      <trkpt lat="31.268252" lon="120.490934">
        <ele>102.0</ele>
      </trkpt>
      <trkpt lat="31.268258" lon="120.490932">
        <ele>102.0</ele>
      </trkpt>
      <trkpt lat="31.268264" lon="120.490931">
        <ele>101.0</ele>
      </trkpt>
      <trkpt lat="31.268282" lon="120.490929">
        <ele>100.0</ele>
      </trkpt>
      <trkpt lat="31.268301" lon="120.490928">
        <ele>98.0</ele>
      </trkpt>
      <trkpt lat="31.268307" lon="120.490928">
        <ele>98.0</ele>
      </trkpt>
      <trkpt lat="31.268312" lon="120.490927">
        <ele>98.0</ele>
      </trkpt>
      <trkpt lat="31.268318" lon="120.490927">
        <ele>98.0</ele>
      </trkpt>
      <trkpt lat="31.268329" lon="120.490926">
        <ele>98.0</ele>
      </trkpt>
      <trkpt lat="31.26834" lon="120.490925">
        <ele>97.0</ele>
      </trkpt>
      <trkpt lat="31.268347" lon="120.490927">
        <ele>97.0</ele>
      </trkpt>
      <trkpt lat="31.268355" lon="120.490928">
        <ele>97.0</ele>
      </trkpt>
      <trkpt lat="31.268359" lon="120.490932">
        <ele>97.0</ele>
      </trkpt>
      <trkpt lat="31.268364" lon="120.490936">
        <ele>97.0</ele>
      </trkpt>
      <trkpt lat="31.268367" lon="120.490941">
        <ele>97.0</ele>
      </trkpt>
      <trkpt lat="31.26837" lon="120.490947">
        <ele>97.0</ele>
      </trkpt>
      <trkpt lat="31.268373" lon="120.490954">
        <ele>97.0</ele>
      </trkpt>
      <trkpt lat="31.268375" lon="120.490961">
        <ele>97.0</ele>
      </trkpt>
      <trkpt lat="31.268378" lon="120.490967">
        <ele>97.0</ele>
      </trkpt>
      <trkpt lat="31.26838" lon="120.490974">
        <ele>96.0</ele>
      </trkpt>
      <trkpt lat="31.268392" lon="120.490992">
        <ele>94.0</ele>
      </trkpt>
      <trkpt lat="31.268399" lon="120.490999">
        <ele>94.0</ele>
      </trkpt>
      <trkpt lat="31.268406" lon="120.491007">
        <ele>94.0</ele>
      </trkpt>
      <trkpt lat="31.268411" lon="120.491012">
        <ele>94.0</ele>
      </trkpt>
      <trkpt lat="31.268416" lon="120.491017">
        <ele>94.0</ele>
      </trkpt>
      <trkpt lat="31.268421" lon="120.491022">
        <ele>93.0</ele>
      </trkpt>
      <trkpt lat="31.268427" lon="120.491026">
        <ele>93.0</ele>
      </trkpt>
      <trkpt lat="31.268433" lon="120.49103">
        <ele>93.0</ele>
      </trkpt>
      <trkpt lat="31.268439" lon="120.491034">
        <ele>93.0</ele>
      </trkpt>
      <trkpt lat="31.268445" lon="120.491038">
        <ele>93.0</ele>
      </trkpt>
      <trkpt lat="31.26845" lon="120.491041">
        <ele>92.0</ele>
      </trkpt>
      <trkpt lat="31.268456" lon="120.491045">
        <ele>92.0</ele>
      </trkpt>
      <trkpt lat="31.268461" lon="120.491048">
        <ele>92.0</ele>
      </trkpt>
      <trkpt lat="31.268466" lon="120.491051">
        <ele>92.0</ele>
      </trkpt>
      <trkpt lat="31.268472" lon="120.491054">
        <ele>92.0</ele>
      </trkpt>
      <trkpt lat="31.268477" lon="120.491056">
        <ele>91.0</ele>
      </trkpt>
      <trkpt lat="31.268483" lon="120.491059">
        <ele>91.0</ele>
      </trkpt>
      <trkpt lat="31.268498" lon="120.491067">
        <ele>91.0</ele>
      </trkpt>
      <trkpt lat="31.268504" lon="120.491069">
        <ele>91.0</ele>
      </trkpt>
      <trkpt lat="31.268511" lon="120.491072">
        <ele>91.0</ele>
      </trkpt>
      <trkpt lat="31.268516" lon="120.491074">
        <ele>91.0</ele>
      </trkpt>
      <trkpt lat="31.268522" lon="120.491076">
        <ele>90.0</ele>
      </trkpt>
      <trkpt lat="31.268529" lon="120.491078">
        <ele>90.0</ele>
      </trkpt>
      <trkpt lat="31.268536" lon="120.491081">
        <ele>90.0</ele>
      </trkpt>
      <trkpt lat="31.268545" lon="120.491085">
        <ele>90.0</ele>
      </trkpt>
      <trkpt lat="31.268553" lon="120.49109">
        <ele>90.0</ele>
      </trkpt>
      <trkpt lat="31.268562" lon="120.491095">
        <ele>89.0</ele>
      </trkpt>
      <trkpt lat="31.26857" lon="120.491101">
        <ele>89.0</ele>
      </trkpt>
      <trkpt lat="31.268578" lon="120.491106">
        <ele>89.0</ele>
      </trkpt>
      <trkpt lat="31.268586" lon="120.491112">
        <ele>89.0</ele>
      </trkpt>
      <trkpt lat="31.268592" lon="120.491117">
        <ele>89.0</ele>
      </trkpt>
      <trkpt lat="31.268598" lon="120.491122">
        <ele>88.0</ele>
      </trkpt>
      <trkpt lat="31.268602" lon="120.491126">
        <ele>88.0</ele>
      </trkpt>
      <trkpt lat="31.268605" lon="120.491129">
        <ele>88.0</ele>
      </trkpt>
      <trkpt lat="31.268609" lon="120.491132">
        <ele>88.0</ele>
      </trkpt>
      <trkpt lat="31.268613" lon="120.491136">
        <ele>88.0</ele>
      </trkpt>
      <trkpt lat="31.268617" lon="120.491141">
        <ele>87.0</ele>
      </trkpt>
      <trkpt lat="31.26862" lon="120.491146">
        <ele>87.0</ele>
      </trkpt>
      <trkpt lat="31.268623" lon="120.491151">
        <ele>86.0</ele>
      </trkpt>
      <trkpt lat="31.268624" lon="120.491157">
        <ele>86.0</ele>
      </trkpt>
      <trkpt lat="31.268626" lon="120.491163">
        <ele>86.0</ele>
      </trkpt>
      <trkpt lat="31.268629" lon="120.491177">
        <ele>85.0</ele>
      </trkpt>
      <trkpt lat="31.268631" lon="120.491182">
        <ele>85.0</ele>
      </trkpt>
      <trkpt lat="31.268633" lon="120.491187">
        <ele>85.0</ele>
      </trkpt>
      <trkpt lat="31.268637" lon="120.49119">
        <ele>85.0</ele>
      </trkpt>
      <trkpt lat="31.268641" lon="120.491193">
        <ele>84.0</ele>
      </trkpt>
      <trkpt lat="31.268647" lon="120.491197">
        <ele>84.0</ele>
      </trkpt>
      <trkpt lat="31.268652" lon="120.4912">
        <ele>84.0</ele>
      </trkpt>
      <trkpt lat="31.268659" lon="120.491203">
        <ele>84.0</ele>
      </trkpt>
      <trkpt lat="31.268665" lon="120.491207">
        <ele>84.0</ele>
      </trkpt>
      <trkpt lat="31.268671" lon="120.49121">
        <ele>83.0</ele>
      </trkpt>
      <trkpt lat="31.268677" lon="120.491213">
        <ele>83.0</ele>
      </trkpt>
      <trkpt lat="31.268682" lon="120.491216">
        <ele>83.0</ele>
      </trkpt>
      <trkpt lat="31.268688" lon="120.491219">
        <ele>83.0</ele>
      </trkpt>
      <trkpt lat="31.268693" lon="120.491224">
        <ele>83.0</ele>
      </trkpt>
      <trkpt lat="31.268699" lon="120.491228">
        <ele>82.0</ele>
      </trkpt>
      <trkpt lat="31.268704" lon="120.491233">
        <ele>82.0</ele>
      </trkpt>
      <trkpt lat="31.268709" lon="120.491238">
        <ele>82.0</ele>
      </trkpt>
      <trkpt lat="31.268714" lon="120.491243">
        <ele>82.0</ele>
      </trkpt>
      <trkpt lat="31.268719" lon="120.491248">
        <ele>82.0</ele>
      </trkpt>
      <trkpt lat="31.268723" lon="120.491251">
        <ele>81.0</ele>
      </trkpt>
      <trkpt lat="31.268727" lon="120.491254">
        <ele>81.0</ele>
      </trkpt>
      <trkpt lat="31.268731" lon="120.491257">
        <ele>80.0</ele>
      </trkpt>
      <trkpt lat="31.268738" lon="120.491261">
        <ele>80.0</ele>
      </trkpt>
      <trkpt lat="31.268745" lon="120.491265">
        <ele>80.0</ele>
      </trkpt>
      <trkpt lat="31.268751" lon="120.491269">
        <ele>79.0</ele>
      </trkpt>
      <trkpt lat="31.268757" lon="120.491274">
        <ele>79.0</ele>
      </trkpt>
      <trkpt lat="31.268762" lon="120.491278">
        <ele>79.0</ele>
      </trkpt>
      <trkpt lat="31.268768" lon="120.491282">
        <ele>79.0</ele>
      </trkpt>
      <trkpt lat="31.26878" lon="120.49129">
        <ele>77.0</ele>
      </trkpt>
      <trkpt lat="31.268788" lon="120.491296">
        <ele>77.0</ele>
      </trkpt>
      <trkpt lat="31.268795" lon="120.491301">
        <ele>77.0</ele>
      </trkpt>
      <trkpt lat="31.268801" lon="120.491305">
        <ele>77.0</ele>
      </trkpt>
      <trkpt lat="31.268806" lon="120.49131">
        <ele>77.0</ele>
      </trkpt>
      <trkpt lat="31.268812" lon="120.491312">
        <ele>77.0</ele>
      </trkpt>
      <trkpt lat="31.268817" lon="120.491314">
        <ele>77.0</ele>
      </trkpt>
      <trkpt lat="31.268836" lon="120.491321">
        <ele>75.0</ele>
      </trkpt>
      <trkpt lat="31.268839" lon="120.491323">
        <ele>75.0</ele>
      </trkpt>
      <trkpt lat="31.268843" lon="120.491325">
        <ele>75.0</ele>
      </trkpt>
      <trkpt lat="31.268846" lon="120.491326">
        <ele>74.0</ele>
      </trkpt>
      <trkpt lat="31.268853" lon="120.49133">
        <ele>74.0</ele>
      </trkpt>
      <trkpt lat="31.268861" lon="120.491334">
        <ele>74.0</ele>
      </trkpt>
      <trkpt lat="31.268866" lon="120.491339">
        <ele>74.0</ele>
      </trkpt>
      <trkpt lat="31.268872" lon="120.491343">
        <ele>74.0</ele>
      </trkpt>
      <trkpt lat="31.268877" lon="120.491347">
        <ele>73.0</ele>
      </trkpt>
      <trkpt lat="31.268882" lon="120.491352">
        <ele>73.0</ele>
      </trkpt>
      <trkpt lat="31.268886" lon="120.491357">
        <ele>73.0</ele>
      </trkpt>
      <trkpt lat="31.26889" lon="120.491362">
        <ele>73.0</ele>
      </trkpt>
      <trkpt lat="31.268894" lon="120.491367">
        <ele>73.0</ele>
      </trkpt>
      <trkpt lat="31.268898" lon="120.491372">
        <ele>72.0</ele>
      </trkpt>
      <trkpt lat="31.268903" lon="120.491377">
        <ele>72.0</ele>
      </trkpt>
      <trkpt lat="31.268908" lon="120.491381">
        <ele>72.0</ele>
      </trkpt>
      <trkpt lat="31.268912" lon="120.491385">
        <ele>72.0</ele>
      </trkpt>
      <trkpt lat="31.268917" lon="120.49139">
        <ele>72.0</ele>
      </trkpt>
      <trkpt lat="31.268922" lon="120.491393">
        <ele>71.0</ele>
      </trkpt>
      <trkpt lat="31.268927" lon="120.491397">
        <ele>71.0</ele>
      </trkpt>
      <trkpt lat="31.268943" lon="120.491407">
        <ele>70.0</ele>
      </trkpt>
      <trkpt lat="31.268951" lon="120.491411">
        <ele>69.0</ele>
      </trkpt>
      <trkpt lat="31.26896" lon="120.491416">
        <ele>69.0</ele>
      </trkpt>
      <trkpt lat="31.268967" lon="120.491419">
        <ele>69.0</ele>
      </trkpt>
      <trkpt lat="31.268974" lon="120.491422">
        <ele>69.0</ele>
      </trkpt>
      <trkpt lat="31.26898" lon="120.491425">
        <ele>69.0</ele>
      </trkpt>
      <trkpt lat="31.268986" lon="120.491429">
        <ele>69.0</ele>
      </trkpt>
      <trkpt lat="31.268991" lon="120.491434">
        <ele>69.0</ele>
      </trkpt>
      <trkpt lat="31.268997" lon="120.491439">
        <ele>69.0</ele>
      </trkpt>
      <trkpt lat="31.269002" lon="120.491444">
        <ele>69.0</ele>
      </trkpt>
      <trkpt lat="31.269007" lon="120.491448">
        <ele>69.0</ele>
      </trkpt>
      <trkpt lat="31.269011" lon="120.491452">
        <ele>68.0</ele>
      </trkpt>
      <trkpt lat="31.269016" lon="120.491456">
        <ele>68.0</ele>
      </trkpt>
      <trkpt lat="31.26902" lon="120.49146">
        <ele>68.0</ele>
      </trkpt>
      <trkpt lat="31.269025" lon="120.491463">
        <ele>68.0</ele>
      </trkpt>
      <trkpt lat="31.26903" lon="120.491466">
        <ele>68.0</ele>
      </trkpt>
      <trkpt lat="31.269036" lon="120.491469">
        <ele>67.0</ele>
      </trkpt>
      <trkpt lat="31.269041" lon="120.491472">
        <ele>67.0</ele>
      </trkpt>
      <trkpt lat="31.269047" lon="120.491474">
        <ele>67.0</ele>
      </trkpt>
      <trkpt lat="31.26905" lon="120.491475">
        <ele>67.0</ele>
      </trkpt>
      <trkpt lat="31.269052" lon="120.491476">
        <ele>67.0</ele>
      </trkpt>
      <trkpt lat="31.269054" lon="120.491477">
        <ele>67.0</ele>
      </trkpt>
      <trkpt lat="31.26906" lon="120.491479">
        <ele>67.0</ele>
      </trkpt>
      <trkpt lat="31.269066" lon="120.491481">
        <ele>67.0</ele>
      </trkpt>
      <trkpt lat="31.269071" lon="120.491484">
        <ele>67.0</ele>
      </trkpt>
      <trkpt lat="31.269077" lon="120.491486">
        <ele>67.0</ele>
      </trkpt>
      <trkpt lat="31.269083" lon="120.491489">
        <ele>66.0</ele>
      </trkpt>
      <trkpt lat="31.269089" lon="120.491492">
        <ele>66.0</ele>
      </trkpt>
      <trkpt lat="31.269097" lon="120.491495">
        <ele>66.0</ele>
      </trkpt>
      <trkpt lat="31.269104" lon="120.491498">
        <ele>66.0</ele>
      </trkpt>
      <trkpt lat="31.269112" lon="120.491502">
        <ele>66.0</ele>
      </trkpt>
      <trkpt lat="31.26912" lon="120.491506">
        <ele>65.0</ele>
      </trkpt>
      <trkpt lat="31.269127" lon="120.491511">
        <ele>65.0</ele>
      </trkpt>
      <trkpt lat="31.269135" lon="120.491516">
        <ele>65.0</ele>
      </trkpt>
      <trkpt lat="31.269142" lon="120.491519">
        <ele>65.0</ele>
      </trkpt>
      <trkpt lat="31.269149" lon="120.491522">
        <ele>65.0</ele>
      </trkpt>
      <trkpt lat="31.269162" lon="120.491526">
        <ele>64.0</ele>
      </trkpt>
      <trkpt lat="31.269166" lon="120.491527">
        <ele>64.0</ele>
      </trkpt>
      <trkpt lat="31.269169" lon="120.491528">
        <ele>64.0</ele>
      </trkpt>
      <trkpt lat="31.269173" lon="120.49153">
        <ele>64.0</ele>
      </trkpt>
      <trkpt lat="31.269177" lon="120.491531">
        <ele>64.0</ele>
      </trkpt>
      <trkpt lat="31.269186" lon="120.491534">
        <ele>64.0</ele>
      </trkpt>
      <trkpt lat="31.269196" lon="120.491536">
        <ele>64.0</ele>
      </trkpt>
      <trkpt lat="31.269203" lon="120.491538">
        <ele>64.0</ele>
      </trkpt>
      <trkpt lat="31.26921" lon="120.49154">
        <ele>64.0</ele>
      </trkpt>
      <trkpt lat="31.269215" lon="120.491543">
        <ele>64.0</ele>
      </trkpt>
      <trkpt lat="31.26922" lon="120.491546">
        <ele>64.0</ele>
      </trkpt>
      <trkpt lat="31.269224" lon="120.491551">
        <ele>64.0</ele>
      </trkpt>
      <trkpt lat="31.269228" lon="120.491556">
        <ele>64.0</ele>
      </trkpt>
      <trkpt lat="31.269232" lon="120.491563">
        <ele>64.0</ele>
      </trkpt>
      <trkpt lat="31.269235" lon="120.49157">
        <ele>64.0</ele>
      </trkpt>
      <trkpt lat="31.269252" lon="120.491581">
        <ele>63.0</ele>
      </trkpt>
      <trkpt lat="31.26925" lon="120.49158">
        <ele>64.0</ele>
      </trkpt>
      <trkpt lat="31.269256" lon="120.491589">
        <ele>64.0</ele>
      </trkpt>
      <trkpt lat="31.269264" lon="120.491597">
        <ele>64.0</ele>
      </trkpt>
      <trkpt lat="31.269272" lon="120.491603">
        <ele>64.0</ele>
      </trkpt>
      <trkpt lat="31.269279" lon="120.491608">
        <ele>64.0</ele>
      </trkpt>
      <trkpt lat="31.26929" lon="120.491617">
        <ele>64.0</ele>
      </trkpt>
      <trkpt lat="31.269301" lon="120.491625">
        <ele>63.0</ele>
      </trkpt>
      <trkpt lat="31.269318" lon="120.491636">
        <ele>63.0</ele>
      </trkpt>
      <trkpt lat="31.269334" lon="120.491648">
        <ele>63.0</ele>
      </trkpt>
      <trkpt lat="31.269369" lon="120.491672">
        <ele>62.0</ele>
      </trkpt>
      <trkpt lat="31.269379" lon="120.491679">
        <ele>62.0</ele>
      </trkpt>
      <trkpt lat="31.26939" lon="120.491685">
        <ele>62.0</ele>
      </trkpt>
      <trkpt lat="31.269397" lon="120.491689">
        <ele>62.0</ele>
      </trkpt>
      <trkpt lat="31.269405" lon="120.491693">
        <ele>62.0</ele>
      </trkpt>
      <trkpt lat="31.269415" lon="120.491695">
        <ele>62.0</ele>
      </trkpt>
      <trkpt lat="31.269424" lon="120.491698">
        <ele>62.0</ele>
      </trkpt>
      <trkpt lat="31.269434" lon="120.491701">
        <ele>62.0</ele>
      </trkpt>
      <trkpt lat="31.269444" lon="120.491704">
        <ele>62.0</ele>
      </trkpt>
      <trkpt lat="31.269455" lon="120.491703">
        <ele>62.0</ele>
      </trkpt>
      <trkpt lat="31.26946" lon="120.491704">
        <ele>62.0</ele>
      </trkpt>
      <trkpt lat="31.269466" lon="120.491706">
        <ele>62.0</ele>
      </trkpt>
      <trkpt lat="31.269468" lon="120.491708">
        <ele>62.0</ele>
      </trkpt>
      <trkpt lat="31.26947" lon="120.49171">
        <ele>62.0</ele>
      </trkpt>
      <trkpt lat="31.269472" lon="120.491712">
        <ele>62.0</ele>
      </trkpt>
      <trkpt lat="31.269474" lon="120.491714">
        <ele>62.0</ele>
      </trkpt>
      <trkpt lat="31.26948" lon="120.491718">
        <ele>62.0</ele>
      </trkpt>
      <trkpt lat="31.269485" lon="120.491723">
        <ele>62.0</ele>
      </trkpt>
      <trkpt lat="31.269491" lon="120.491727">
        <ele>62.0</ele>
      </trkpt>
      <trkpt lat="31.269497" lon="120.491732">
        <ele>62.0</ele>
      </trkpt>
      <trkpt lat="31.269502" lon="120.491735">
        <ele>62.0</ele>
      </trkpt>
      <trkpt lat="31.269506" lon="120.491738">
        <ele>62.0</ele>
      </trkpt>
      <trkpt lat="31.269511" lon="120.491742">
        <ele>62.0</ele>
      </trkpt>
      <trkpt lat="31.269516" lon="120.491747">
        <ele>62.0</ele>
      </trkpt>
      <trkpt lat="31.269522" lon="120.491752">
        <ele>62.0</ele>
      </trkpt>
      <trkpt lat="31.269528" lon="120.491758">
        <ele>63.0</ele>
      </trkpt>
      <trkpt lat="31.269534" lon="120.491764">
        <ele>63.0</ele>
      </trkpt>
      <trkpt lat="31.269539" lon="120.49177">
        <ele>63.0</ele>
      </trkpt>
      <trkpt lat="31.269545" lon="120.491775">
        <ele>63.0</ele>
      </trkpt>
      <trkpt lat="31.269563" lon="120.491789">
        <ele>64.0</ele>
      </trkpt>
      <trkpt lat="31.269571" lon="120.491791">
        <ele>64.0</ele>
      </trkpt>
      <trkpt lat="31.26958" lon="120.491793">
        <ele>64.0</ele>
      </trkpt>
      <trkpt lat="31.269587" lon="120.491793">
        <ele>64.0</ele>
      </trkpt>
      <trkpt lat="31.269594" lon="120.491792">
        <ele>64.0</ele>
      </trkpt>
      <trkpt lat="31.2696" lon="120.491791">
        <ele>64.0</ele>
      </trkpt>
      <trkpt lat="31.269607" lon="120.49179">
        <ele>64.0</ele>
      </trkpt>
      <trkpt lat="31.269613" lon="120.491789">
        <ele>64.0</ele>
      </trkpt>
      <trkpt lat="31.269619" lon="120.491788">
        <ele>64.0</ele>
      </trkpt>
      <trkpt lat="31.269626" lon="120.491787">
        <ele>64.0</ele>
      </trkpt>
      <trkpt lat="31.269632" lon="120.491785">
        <ele>64.0</ele>
      </trkpt>
      <trkpt lat="31.269638" lon="120.491783">
        <ele>64.0</ele>
      </trkpt>
      <trkpt lat="31.269645" lon="120.491781">
        <ele>64.0</ele>
      </trkpt>
      <trkpt lat="31.269651" lon="120.491779">
        <ele>64.0</ele>
      </trkpt>
      <trkpt lat="31.269658" lon="120.491777">
        <ele>64.0</ele>
      </trkpt>
      <trkpt lat="31.269668" lon="120.491779">
        <ele>64.0</ele>
      </trkpt>
      <trkpt lat="31.269675" lon="120.491781">
        <ele>64.0</ele>
      </trkpt>
      <trkpt lat="31.269682" lon="120.491782">
        <ele>64.0</ele>
      </trkpt>
      <trkpt lat="31.269688" lon="120.491782">
        <ele>65.0</ele>
      </trkpt>
      <trkpt lat="31.269694" lon="120.491782">
        <ele>65.0</ele>
      </trkpt>
      <trkpt lat="31.269699" lon="120.49178">
        <ele>65.0</ele>
      </trkpt>
      <trkpt lat="31.269705" lon="120.491778">
        <ele>65.0</ele>
      </trkpt>
      <trkpt lat="31.269711" lon="120.491776">
        <ele>65.0</ele>
      </trkpt>
      <trkpt lat="31.269716" lon="120.491775">
        <ele>66.0</ele>
      </trkpt>
      <trkpt lat="31.269722" lon="120.491774">
        <ele>66.0</ele>
      </trkpt>
      <trkpt lat="31.269729" lon="120.491774">
        <ele>66.0</ele>
      </trkpt>
      <trkpt lat="31.269734" lon="120.491776">
        <ele>66.0</ele>
      </trkpt>
      <trkpt lat="31.269739" lon="120.491777">
        <ele>66.0</ele>
      </trkpt>
      <trkpt lat="31.269744" lon="120.49178">
        <ele>66.0</ele>
      </trkpt>
      <trkpt lat="31.269749" lon="120.491782">
        <ele>66.0</ele>
      </trkpt>
      <trkpt lat="31.269755" lon="120.491785">
        <ele>66.0</ele>
      </trkpt>
      <trkpt lat="31.26976" lon="120.491788">
        <ele>66.0</ele>
      </trkpt>
      <trkpt lat="31.269767" lon="120.491792">
        <ele>66.0</ele>
      </trkpt>
      <trkpt lat="31.269773" lon="120.491796">
        <ele>67.0</ele>
      </trkpt>
      <trkpt lat="31.269779" lon="120.4918">
        <ele>67.0</ele>
      </trkpt>
      <trkpt lat="31.269785" lon="120.491804">
        <ele>67.0</ele>
      </trkpt>
      <trkpt lat="31.26979" lon="120.491808">
        <ele>67.0</ele>
      </trkpt>
      <trkpt lat="31.269795" lon="120.491812">
        <ele>67.0</ele>
      </trkpt>
      <trkpt lat="31.269799" lon="120.491816">
        <ele>68.0</ele>
      </trkpt>
      <trkpt lat="31.269803" lon="120.49182">
        <ele>68.0</ele>
      </trkpt>
      <trkpt lat="31.269808" lon="120.491823">
        <ele>68.0</ele>
      </trkpt>
      <trkpt lat="31.269813" lon="120.491826">
        <ele>68.0</ele>
      </trkpt>
      <trkpt lat="31.269818" lon="120.491827">
        <ele>68.0</ele>
      </trkpt>
      <trkpt lat="31.269823" lon="120.491828">
        <ele>69.0</ele>
      </trkpt>
      <trkpt lat="31.269829" lon="120.491828">
        <ele>69.0</ele>
      </trkpt>
      <trkpt lat="31.269835" lon="120.491828">
        <ele>69.0</ele>
      </trkpt>
      <trkpt lat="31.26984" lon="120.491829">
        <ele>69.0</ele>
      </trkpt>
      <trkpt lat="31.269846" lon="120.49183">
        <ele>69.0</ele>
      </trkpt>
      <trkpt lat="31.269851" lon="120.491834">
        <ele>70.0</ele>
      </trkpt>
      <trkpt lat="31.269856" lon="120.491837">
        <ele>70.0</ele>
      </trkpt>
      <trkpt lat="31.26986" lon="120.491843">
        <ele>70.0</ele>
      </trkpt>
      <trkpt lat="31.269864" lon="120.491849">
        <ele>70.0</ele>
      </trkpt>
      <trkpt lat="31.269868" lon="120.491855">
        <ele>70.0</ele>
      </trkpt>
      <trkpt lat="31.269871" lon="120.491862">
        <ele>70.0</ele>
      </trkpt>
      <trkpt lat="31.269875" lon="120.491866">
        <ele>70.0</ele>
      </trkpt>
      <trkpt lat="31.26988" lon="120.491871">
        <ele>70.0</ele>
      </trkpt>
      <trkpt lat="31.269885" lon="120.491873">
        <ele>70.0</ele>
      </trkpt>
      <trkpt lat="31.26989" lon="120.491876">
        <ele>70.0</ele>
      </trkpt>
      <trkpt lat="31.269896" lon="120.491877">
        <ele>71.0</ele>
      </trkpt>
      <trkpt lat="31.269902" lon="120.491878">
        <ele>71.0</ele>
      </trkpt>
      <trkpt lat="31.269908" lon="120.491879">
        <ele>71.0</ele>
      </trkpt>
      <trkpt lat="31.269914" lon="120.49188">
        <ele>71.0</ele>
      </trkpt>
      <trkpt lat="31.26992" lon="120.491881">
        <ele>71.0</ele>
      </trkpt>
      <trkpt lat="31.269926" lon="120.491882">
        <ele>72.0</ele>
      </trkpt>
      <trkpt lat="31.269932" lon="120.491883">
        <ele>72.0</ele>
      </trkpt>
      <trkpt lat="31.269937" lon="120.491883">
        <ele>72.0</ele>
      </trkpt>
      <trkpt lat="31.269957" lon="120.491883">
        <ele>73.0</ele>
      </trkpt>
      <trkpt lat="31.269973" lon="120.491882">
        <ele>74.0</ele>
      </trkpt>
      <trkpt lat="31.269982" lon="120.491882">
        <ele>74.0</ele>
      </trkpt>
      <trkpt lat="31.269992" lon="120.491882">
        <ele>74.0</ele>
      </trkpt>
      <trkpt lat="31.270014" lon="120.491888">
        <ele>76.0</ele>
      </trkpt>
      <trkpt lat="31.270022" lon="120.491893">
        <ele>75.0</ele>
      </trkpt>
      <trkpt lat="31.270027" lon="120.491894">
        <ele>75.0</ele>
      </trkpt>
      <trkpt lat="31.270032" lon="120.491894">
        <ele>75.0</ele>
      </trkpt>
      <trkpt lat="31.270041" lon="120.491882">
        <ele>76.0</ele>
      </trkpt>
      <trkpt lat="31.270045" lon="120.491876">
        <ele>76.0</ele>
      </trkpt>
      <trkpt lat="31.27005" lon="120.49187">
        <ele>76.0</ele>
      </trkpt>
      <trkpt lat="31.270056" lon="120.491866">
        <ele>76.0</ele>
      </trkpt>
      <trkpt lat="31.270061" lon="120.491862">
        <ele>76.0</ele>
      </trkpt>
      <trkpt lat="31.270069" lon="120.49186">
        <ele>76.0</ele>
      </trkpt>
      <trkpt lat="31.270076" lon="120.491858">
        <ele>76.0</ele>
      </trkpt>
      <trkpt lat="31.270084" lon="120.491857">
        <ele>76.0</ele>
      </trkpt>
      <trkpt lat="31.270091" lon="120.491857">
        <ele>76.0</ele>
      </trkpt>
      <trkpt lat="31.270098" lon="120.491858">
        <ele>76.0</ele>
      </trkpt>
      <trkpt lat="31.270105" lon="120.491859">
        <ele>76.0</ele>
      </trkpt>
      <trkpt lat="31.270109" lon="120.491859">
        <ele>76.0</ele>
      </trkpt>
      <trkpt lat="31.270113" lon="120.49186">
        <ele>77.0</ele>
      </trkpt>
      <trkpt lat="31.270119" lon="120.49186">
        <ele>77.0</ele>
      </trkpt>
      <trkpt lat="31.270126" lon="120.491861">
        <ele>77.0</ele>
      </trkpt>
      <trkpt lat="31.270131" lon="120.491862">
        <ele>77.0</ele>
      </trkpt>
      <trkpt lat="31.270136" lon="120.491862">
        <ele>77.0</ele>
      </trkpt>
      <trkpt lat="31.270142" lon="120.491862">
        <ele>78.0</ele>
      </trkpt>
      <trkpt lat="31.270147" lon="120.491862">
        <ele>78.0</ele>
      </trkpt>
      <trkpt lat="31.270152" lon="120.491861">
        <ele>78.0</ele>
      </trkpt>
      <trkpt lat="31.270158" lon="120.491861">
        <ele>78.0</ele>
      </trkpt>
      <trkpt lat="31.270164" lon="120.491862">
        <ele>78.0</ele>
      </trkpt>
      <trkpt lat="31.27017" lon="120.491863">
        <ele>79.0</ele>
      </trkpt>
      <trkpt lat="31.270174" lon="120.491865">
        <ele>79.0</ele>
      </trkpt>
      <trkpt lat="31.270179" lon="120.491866">
        <ele>79.0</ele>
      </trkpt>
      <trkpt lat="31.270183" lon="120.491867">
        <ele>79.0</ele>
      </trkpt>
      <trkpt lat="31.270191" lon="120.491869">
        <ele>79.0</ele>
      </trkpt>
      <trkpt lat="31.270199" lon="120.491871">
        <ele>79.0</ele>
      </trkpt>
      <trkpt lat="31.270206" lon="120.491872">
        <ele>79.0</ele>
      </trkpt>
      <trkpt lat="31.270213" lon="120.491873">
        <ele>79.0</ele>
      </trkpt>
      <trkpt lat="31.27022" lon="120.491874">
        <ele>79.0</ele>
      </trkpt>
      <trkpt lat="31.270227" lon="120.491874">
        <ele>79.0</ele>
      </trkpt>
      <trkpt lat="31.270233" lon="120.491875">
        <ele>80.0</ele>
      </trkpt>
      <trkpt lat="31.27024" lon="120.491875">
        <ele>80.0</ele>
      </trkpt>
      <trkpt lat="31.270246" lon="120.491876">
        <ele>80.0</ele>
      </trkpt>
      <trkpt lat="31.270252" lon="120.491877">
        <ele>80.0</ele>
      </trkpt>
      <trkpt lat="31.270258" lon="120.491878">
        <ele>80.0</ele>
      </trkpt>
      <trkpt lat="31.270264" lon="120.49188">
        <ele>80.0</ele>
      </trkpt>
      <trkpt lat="31.270278" lon="120.491875">
        <ele>82.0</ele>
      </trkpt>
      <trkpt lat="31.270282" lon="120.491873">
        <ele>82.0</ele>
      </trkpt>
      <trkpt lat="31.270286" lon="120.49187">
        <ele>82.0</ele>
      </trkpt>
      <trkpt lat="31.27029" lon="120.491868">
        <ele>82.0</ele>
      </trkpt>
      <trkpt lat="31.270297" lon="120.491863">
        <ele>82.0</ele>
      </trkpt>
      <trkpt lat="31.270305" lon="120.491857">
        <ele>82.0</ele>
      </trkpt>
      <trkpt lat="31.270309" lon="120.491855">
        <ele>82.0</ele>
      </trkpt>
      <trkpt lat="31.270314" lon="120.491854">
        <ele>82.0</ele>
      </trkpt>
      <trkpt lat="31.270318" lon="120.491852">
        <ele>83.0</ele>
      </trkpt>
      <trkpt lat="31.270325" lon="120.491852">
        <ele>83.0</ele>
      </trkpt>
      <trkpt lat="31.270331" lon="120.491852">
        <ele>83.0</ele>
      </trkpt>
      <trkpt lat="31.270336" lon="120.491855">
        <ele>83.0</ele>
      </trkpt>
      <trkpt lat="31.270341" lon="120.491858">
        <ele>83.0</ele>
      </trkpt>
      <trkpt lat="31.270346" lon="120.491861">
        <ele>83.0</ele>
      </trkpt>
      <trkpt lat="31.27035" lon="120.491864">
        <ele>83.0</ele>
      </trkpt>
      <trkpt lat="31.270355" lon="120.491866">
        <ele>83.0</ele>
      </trkpt>
      <trkpt lat="31.27036" lon="120.491868">
        <ele>83.0</ele>
      </trkpt>
      <trkpt lat="31.270364" lon="120.491868">
        <ele>83.0</ele>
      </trkpt>
      <trkpt lat="31.270369" lon="120.491868">
        <ele>84.0</ele>
      </trkpt>
      <trkpt lat="31.270374" lon="120.491867">
        <ele>84.0</ele>
      </trkpt>
      <trkpt lat="31.270378" lon="120.491866">
        <ele>84.0</ele>
      </trkpt>
      <trkpt lat="31.270398" lon="120.491863">
        <ele>85.0</ele>
      </trkpt>
      <trkpt lat="31.270407" lon="120.491861">
        <ele>85.0</ele>
      </trkpt>
      <trkpt lat="31.270416" lon="120.491858">
        <ele>85.0</ele>
      </trkpt>
      <trkpt lat="31.270422" lon="120.491857">
        <ele>85.0</ele>
      </trkpt>
      <trkpt lat="31.270428" lon="120.491857">
        <ele>85.0</ele>
      </trkpt>
      <trkpt lat="31.270434" lon="120.491856">
        <ele>85.0</ele>
      </trkpt>
      <trkpt lat="31.27044" lon="120.491856">
        <ele>85.0</ele>
      </trkpt>
      <trkpt lat="31.270444" lon="120.491857">
        <ele>85.0</ele>
      </trkpt>
      <trkpt lat="31.270447" lon="120.491857">
        <ele>85.0</ele>
      </trkpt>
      <trkpt lat="31.270453" lon="120.491858">
        <ele>85.0</ele>
      </trkpt>
      <trkpt lat="31.270459" lon="120.491859">
        <ele>86.0</ele>
      </trkpt>
      <trkpt lat="31.270464" lon="120.491861">
        <ele>86.0</ele>
      </trkpt>
      <trkpt lat="31.270469" lon="120.491863">
        <ele>86.0</ele>
      </trkpt>
      <trkpt lat="31.270474" lon="120.491866">
        <ele>86.0</ele>
      </trkpt>
      <trkpt lat="31.270478" lon="120.49187">
        <ele>86.0</ele>
      </trkpt>
      <trkpt lat="31.270483" lon="120.491874">
        <ele>86.0</ele>
      </trkpt>
      <trkpt lat="31.270487" lon="120.491878">
        <ele>86.0</ele>
      </trkpt>
      <trkpt lat="31.270492" lon="120.491883">
        <ele>86.0</ele>
      </trkpt>
      <trkpt lat="31.270496" lon="120.491888">
        <ele>86.0</ele>
      </trkpt>
      <trkpt lat="31.270501" lon="120.491893">
        <ele>86.0</ele>
      </trkpt>
      <trkpt lat="31.270506" lon="120.491898">
        <ele>87.0</ele>
      </trkpt>
      <trkpt lat="31.270512" lon="120.491902">
        <ele>87.0</ele>
      </trkpt>
      <trkpt lat="31.270517" lon="120.491906">
        <ele>87.0</ele>
      </trkpt>
      <trkpt lat="31.270523" lon="120.491907">
        <ele>87.0</ele>
      </trkpt>
      <trkpt lat="31.270529" lon="120.491909">
        <ele>87.0</ele>
      </trkpt>
      <trkpt lat="31.270535" lon="120.49191">
        <ele>87.0</ele>
      </trkpt>
      <trkpt lat="31.27054" lon="120.49191">
        <ele>87.0</ele>
      </trkpt>
      <trkpt lat="31.270546" lon="120.491912">
        <ele>87.0</ele>
      </trkpt>
      <trkpt lat="31.270552" lon="120.491913">
        <ele>87.0</ele>
      </trkpt>
      <trkpt lat="31.270559" lon="120.491916">
        <ele>87.0</ele>
      </trkpt>
      <trkpt lat="31.270565" lon="120.491918">
        <ele>87.0</ele>
      </trkpt>
      <trkpt lat="31.270572" lon="120.491921">
        <ele>87.0</ele>
      </trkpt>
      <trkpt lat="31.270579" lon="120.491923">
        <ele>87.0</ele>
      </trkpt>
      <trkpt lat="31.270587" lon="120.491926">
        <ele>87.0</ele>
      </trkpt>
      <trkpt lat="31.270594" lon="120.491928">
        <ele>87.0</ele>
      </trkpt>
      <trkpt lat="31.270601" lon="120.49193">
        <ele>87.0</ele>
      </trkpt>
      <trkpt lat="31.270608" lon="120.491933">
        <ele>87.0</ele>
      </trkpt>
      <trkpt lat="31.270614" lon="120.491937">
        <ele>87.0</ele>
      </trkpt>
      <trkpt lat="31.270621" lon="120.49194">
        <ele>87.0</ele>
      </trkpt>
      <trkpt lat="31.270624" lon="120.491943">
        <ele>87.0</ele>
      </trkpt>
      <trkpt lat="31.270628" lon="120.491945">
        <ele>88.0</ele>
      </trkpt>
      <trkpt lat="31.270634" lon="120.491946">
        <ele>88.0</ele>
      </trkpt>
      <trkpt lat="31.270641" lon="120.491948">
        <ele>88.0</ele>
      </trkpt>
      <trkpt lat="31.270648" lon="120.491947">
        <ele>88.0</ele>
      </trkpt>
      <trkpt lat="31.270655" lon="120.491947">
        <ele>88.0</ele>
      </trkpt>
      <trkpt lat="31.270664" lon="120.491945">
        <ele>88.0</ele>
      </trkpt>
      <trkpt lat="31.270672" lon="120.491944">
        <ele>88.0</ele>
      </trkpt>
      <trkpt lat="31.270681" lon="120.491944">
        <ele>88.0</ele>
      </trkpt>
      <trkpt lat="31.270689" lon="120.491944">
        <ele>88.0</ele>
      </trkpt>
      <trkpt lat="31.270697" lon="120.491944">
        <ele>88.0</ele>
      </trkpt>
      <trkpt lat="31.270706" lon="120.491944">
        <ele>88.0</ele>
      </trkpt>
      <trkpt lat="31.270713" lon="120.491944">
        <ele>88.0</ele>
      </trkpt>
      <trkpt lat="31.27072" lon="120.491944">
        <ele>88.0</ele>
      </trkpt>
      <trkpt lat="31.270727" lon="120.491944">
        <ele>88.0</ele>
      </trkpt>
      <trkpt lat="31.270734" lon="120.491944">
        <ele>88.0</ele>
      </trkpt>
      <trkpt lat="31.27074" lon="120.491944">
        <ele>89.0</ele>
      </trkpt>
      <trkpt lat="31.270747" lon="120.491945">
        <ele>89.0</ele>
      </trkpt>
      <trkpt lat="31.270753" lon="120.491946">
        <ele>89.0</ele>
      </trkpt>
      <trkpt lat="31.27076" lon="120.491947">
        <ele>89.0</ele>
      </trkpt>
      <trkpt lat="31.270765" lon="120.491948">
        <ele>89.0</ele>
      </trkpt>
      <trkpt lat="31.270771" lon="120.491948">
        <ele>89.0</ele>
      </trkpt>
      <trkpt lat="31.270777" lon="120.491948">
        <ele>89.0</ele>
      </trkpt>
      <trkpt lat="31.270783" lon="120.491948">
        <ele>89.0</ele>
      </trkpt>
      <trkpt lat="31.270789" lon="120.491948">
        <ele>89.0</ele>
      </trkpt>
      <trkpt lat="31.270795" lon="120.491948">
        <ele>89.0</ele>
      </trkpt>
      <trkpt lat="31.270802" lon="120.491946">
        <ele>89.0</ele>
      </trkpt>
      <trkpt lat="31.270808" lon="120.491945">
        <ele>89.0</ele>
      </trkpt>
      <trkpt lat="31.270816" lon="120.491942">
        <ele>89.0</ele>
      </trkpt>
      <trkpt lat="31.270823" lon="120.491939">
        <ele>89.0</ele>
      </trkpt>
      <trkpt lat="31.270831" lon="120.491935">
        <ele>89.0</ele>
      </trkpt>
      <trkpt lat="31.270838" lon="120.491931">
        <ele>89.0</ele>
      </trkpt>
      <trkpt lat="31.270846" lon="120.491927">
        <ele>89.0</ele>
      </trkpt>
      <trkpt lat="31.270854" lon="120.491922">
        <ele>89.0</ele>
      </trkpt>
      <trkpt lat="31.270861" lon="120.491917">
        <ele>89.0</ele>
      </trkpt>
      <trkpt lat="31.270869" lon="120.491913">
        <ele>89.0</ele>
      </trkpt>
      <trkpt lat="31.270877" lon="120.491909">
        <ele>89.0</ele>
      </trkpt>
      <trkpt lat="31.270885" lon="120.491906">
        <ele>89.0</ele>
      </trkpt>
      <trkpt lat="31.270893" lon="120.491903">
        <ele>89.0</ele>
      </trkpt>
      <trkpt lat="31.2709" lon="120.4919">
        <ele>89.0</ele>
      </trkpt>
      <trkpt lat="31.270907" lon="120.491896">
        <ele>89.0</ele>
      </trkpt>
      <trkpt lat="31.270913" lon="120.491892">
        <ele>90.0</ele>
      </trkpt>
      <trkpt lat="31.27092" lon="120.491888">
        <ele>90.0</ele>
      </trkpt>
      <trkpt lat="31.270927" lon="120.491884">
        <ele>90.0</ele>
      </trkpt>
      <trkpt lat="31.270935" lon="120.491879">
        <ele>90.0</ele>
      </trkpt>
      <trkpt lat="31.270942" lon="120.491874">
        <ele>90.0</ele>
      </trkpt>
      <trkpt lat="31.27095" lon="120.491869">
        <ele>90.0</ele>
      </trkpt>
      <trkpt lat="31.270957" lon="120.491864">
        <ele>89.0</ele>
      </trkpt>
      <trkpt lat="31.270964" lon="120.49186">
        <ele>89.0</ele>
      </trkpt>
      <trkpt lat="31.270972" lon="120.491855">
        <ele>89.0</ele>
      </trkpt>
      <trkpt lat="31.270979" lon="120.491851">
        <ele>89.0</ele>
      </trkpt>
      <trkpt lat="31.270987" lon="120.491847">
        <ele>89.0</ele>
      </trkpt>
      <trkpt lat="31.270995" lon="120.491831">
        <ele>89.0</ele>
      </trkpt>
      <trkpt lat="31.270998" lon="120.491821">
        <ele>89.0</ele>
      </trkpt>
      <trkpt lat="31.271002" lon="120.491811">
        <ele>89.0</ele>
      </trkpt>
      <trkpt lat="31.271003" lon="120.491803">
        <ele>89.0</ele>
      </trkpt>
      <trkpt lat="31.271003" lon="120.491795">
        <ele>89.0</ele>
      </trkpt>
      <trkpt lat="31.271003" lon="120.49179">
        <ele>89.0</ele>
      </trkpt>
      <trkpt lat="31.271004" lon="120.491785">
        <ele>89.0</ele>
      </trkpt>
      <trkpt lat="31.271004" lon="120.49178">
        <ele>89.0</ele>
      </trkpt>
      <trkpt lat="31.271007" lon="120.491775">
        <ele>89.0</ele>
      </trkpt>
      <trkpt lat="31.271009" lon="120.491771">
        <ele>89.0</ele>
      </trkpt>
      <trkpt lat="31.271014" lon="120.491769">
        <ele>89.0</ele>
      </trkpt>
      <trkpt lat="31.271018" lon="120.491767">
        <ele>89.0</ele>
      </trkpt>
      <trkpt lat="31.271023" lon="120.49177">
        <ele>89.0</ele>
      </trkpt>
      <trkpt lat="31.271028" lon="120.491773">
        <ele>89.0</ele>
      </trkpt>
      <trkpt lat="31.271032" lon="120.491779">
        <ele>89.0</ele>
      </trkpt>
      <trkpt lat="31.271035" lon="120.491785">
        <ele>89.0</ele>
      </trkpt>
      <trkpt lat="31.271038" lon="120.491792">
        <ele>89.0</ele>
      </trkpt>
      <trkpt lat="31.271041" lon="120.491799">
        <ele>89.0</ele>
      </trkpt>
      <trkpt lat="31.271044" lon="120.491806">
        <ele>88.0</ele>
      </trkpt>
      <trkpt lat="31.271047" lon="120.491813">
        <ele>88.0</ele>
      </trkpt>
      <trkpt lat="31.271049" lon="120.491822">
        <ele>88.0</ele>
      </trkpt>
      <trkpt lat="31.271052" lon="120.491826">
        <ele>88.0</ele>
      </trkpt>
      <trkpt lat="31.271055" lon="120.491829">
        <ele>88.0</ele>
      </trkpt>
      <trkpt lat="31.27106" lon="120.491827">
        <ele>87.0</ele>
      </trkpt>
      <trkpt lat="31.271065" lon="120.491825">
        <ele>87.0</ele>
      </trkpt>
      <trkpt lat="31.271073" lon="120.49182">
        <ele>87.0</ele>
      </trkpt>
      <trkpt lat="31.271081" lon="120.491815">
        <ele>87.0</ele>
      </trkpt>
      <trkpt lat="31.27109" lon="120.49181">
        <ele>87.0</ele>
      </trkpt>
      <trkpt lat="31.271099" lon="120.491805">
        <ele>87.0</ele>
      </trkpt>
      <trkpt lat="31.271107" lon="120.491801">
        <ele>87.0</ele>
      </trkpt>
      <trkpt lat="31.271115" lon="120.491797">
        <ele>87.0</ele>
      </trkpt>
      <trkpt lat="31.27112" lon="120.491794">
        <ele>87.0</ele>
      </trkpt>
      <trkpt lat="31.271126" lon="120.491791">
        <ele>87.0</ele>
      </trkpt>
      <trkpt lat="31.271131" lon="120.491788">
        <ele>87.0</ele>
      </trkpt>
      <trkpt lat="31.271136" lon="120.491784">
        <ele>87.0</ele>
      </trkpt>
      <trkpt lat="31.271142" lon="120.491781">
        <ele>87.0</ele>
      </trkpt>
      <trkpt lat="31.271148" lon="120.491777">
        <ele>87.0</ele>
      </trkpt>
      <trkpt lat="31.271154" lon="120.491774">
        <ele>87.0</ele>
      </trkpt>
      <trkpt lat="31.271161" lon="120.491772">
        <ele>86.0</ele>
      </trkpt>
      <trkpt lat="31.271168" lon="120.491769">
        <ele>86.0</ele>
      </trkpt>
      <trkpt lat="31.271175" lon="120.491767">
        <ele>86.0</ele>
      </trkpt>
      <trkpt lat="31.271182" lon="120.491765">
        <ele>86.0</ele>
      </trkpt>
      <trkpt lat="31.27119" lon="120.491763">
        <ele>86.0</ele>
      </trkpt>
      <trkpt lat="31.271197" lon="120.491761">
        <ele>86.0</ele>
      </trkpt>
      <trkpt lat="31.271204" lon="120.49176">
        <ele>86.0</ele>
      </trkpt>
      <trkpt lat="31.271211" lon="120.491758">
        <ele>86.0</ele>
      </trkpt>
      <trkpt lat="31.271219" lon="120.491757">
        <ele>86.0</ele>
      </trkpt>
      <trkpt lat="31.271232" lon="120.491756">
        <ele>85.0</ele>
      </trkpt>
      <trkpt lat="31.271236" lon="120.491756">
        <ele>85.0</ele>
      </trkpt>
      <trkpt lat="31.27124" lon="120.491756">
        <ele>85.0</ele>
      </trkpt>
      <trkpt lat="31.271245" lon="120.491755">
        <ele>85.0</ele>
      </trkpt>
      <trkpt lat="31.27125" lon="120.491754">
        <ele>85.0</ele>
      </trkpt>
      <trkpt lat="31.271256" lon="120.491751">
        <ele>85.0</ele>
      </trkpt>
      <trkpt lat="31.271262" lon="120.491748">
        <ele>85.0</ele>
      </trkpt>
      <trkpt lat="31.271269" lon="120.491743">
        <ele>85.0</ele>
      </trkpt>
      <trkpt lat="31.271276" lon="120.491739">
        <ele>85.0</ele>
      </trkpt>
      <trkpt lat="31.271283" lon="120.491734">
        <ele>85.0</ele>
      </trkpt>
      <trkpt lat="31.27129" lon="120.49173">
        <ele>85.0</ele>
      </trkpt>
      <trkpt lat="31.271296" lon="120.491722">
        <ele>85.0</ele>
      </trkpt>
      <trkpt lat="31.2713" lon="120.491717">
        <ele>85.0</ele>
      </trkpt>
      <trkpt lat="31.271304" lon="120.491711">
        <ele>85.0</ele>
      </trkpt>
      <trkpt lat="31.271307" lon="120.491707">
        <ele>85.0</ele>
      </trkpt>
      <trkpt lat="31.27131" lon="120.491703">
        <ele>85.0</ele>
      </trkpt>
      <trkpt lat="31.271313" lon="120.491699">
        <ele>85.0</ele>
      </trkpt>
      <trkpt lat="31.271321" lon="120.491691">
        <ele>85.0</ele>
      </trkpt>
      <trkpt lat="31.271328" lon="120.491687">
        <ele>84.0</ele>
      </trkpt>
      <trkpt lat="31.271335" lon="120.491683">
        <ele>84.0</ele>
      </trkpt>
      <trkpt lat="31.271341" lon="120.491681">
        <ele>84.0</ele>
      </trkpt>
      <trkpt lat="31.271348" lon="120.491679">
        <ele>84.0</ele>
      </trkpt>
      <trkpt lat="31.271351" lon="120.491679">
        <ele>84.0</ele>
      </trkpt>
      <trkpt lat="31.271354" lon="120.491679">
        <ele>84.0</ele>
      </trkpt>
      <trkpt lat="31.271357" lon="120.491678">
        <ele>84.0</ele>
      </trkpt>
      <trkpt lat="31.271364" lon="120.491676">
        <ele>84.0</ele>
      </trkpt>
      <trkpt lat="31.271371" lon="120.491674">
        <ele>84.0</ele>
      </trkpt>
      <trkpt lat="31.271377" lon="120.49167">
        <ele>84.0</ele>
      </trkpt>
      <trkpt lat="31.271383" lon="120.491666">
        <ele>84.0</ele>
      </trkpt>
      <trkpt lat="31.27139" lon="120.491662">
        <ele>84.0</ele>
      </trkpt>
      <trkpt lat="31.271397" lon="120.491658">
        <ele>84.0</ele>
      </trkpt>
      <trkpt lat="31.271405" lon="120.491656">
        <ele>84.0</ele>
      </trkpt>
      <trkpt lat="31.271412" lon="120.491653">
        <ele>85.0</ele>
      </trkpt>
      <trkpt lat="31.271419" lon="120.49165">
        <ele>85.0</ele>
      </trkpt>
      <trkpt lat="31.271426" lon="120.491647">
        <ele>85.0</ele>
      </trkpt>
      <trkpt lat="31.271431" lon="120.491643">
        <ele>85.0</ele>
      </trkpt>
      <trkpt lat="31.271437" lon="120.491639">
        <ele>85.0</ele>
      </trkpt>
      <trkpt lat="31.27145" lon="120.491628">
        <ele>86.0</ele>
      </trkpt>
      <trkpt lat="31.271455" lon="120.491625">
        <ele>86.0</ele>
      </trkpt>
      <trkpt lat="31.271461" lon="120.491621">
        <ele>86.0</ele>
      </trkpt>
      <trkpt lat="31.271466" lon="120.491618">
        <ele>86.0</ele>
      </trkpt>
      <trkpt lat="31.271472" lon="120.491614">
        <ele>86.0</ele>
      </trkpt>
      <trkpt lat="31.271478" lon="120.49161">
        <ele>86.0</ele>
      </trkpt>
      <trkpt lat="31.271484" lon="120.491607">
        <ele>86.0</ele>
      </trkpt>
      <trkpt lat="31.271491" lon="120.491604">
        <ele>86.0</ele>
      </trkpt>
      <trkpt lat="31.271498" lon="120.491601">
        <ele>86.0</ele>
      </trkpt>
      <trkpt lat="31.271502" lon="120.4916">
        <ele>86.0</ele>
      </trkpt>
      <trkpt lat="31.271506" lon="120.491599">
        <ele>86.0</ele>
      </trkpt>
      <trkpt lat="31.271513" lon="120.491598">
        <ele>86.0</ele>
      </trkpt>
      <trkpt lat="31.27152" lon="120.491597">
        <ele>86.0</ele>
      </trkpt>
      <trkpt lat="31.271525" lon="120.491595">
        <ele>86.0</ele>
      </trkpt>
      <trkpt lat="31.271531" lon="120.491593">
        <ele>87.0</ele>
      </trkpt>
      <trkpt lat="31.271536" lon="120.491589">
        <ele>87.0</ele>
      </trkpt>
      <trkpt lat="31.271542" lon="120.491586">
        <ele>87.0</ele>
      </trkpt>
      <trkpt lat="31.271547" lon="120.491583">
        <ele>87.0</ele>
      </trkpt>
      <trkpt lat="31.271553" lon="120.49158">
        <ele>87.0</ele>
      </trkpt>
      <trkpt lat="31.271558" lon="120.491578">
        <ele>87.0</ele>
      </trkpt>
      <trkpt lat="31.271564" lon="120.491575">
        <ele>87.0</ele>
      </trkpt>
      <trkpt lat="31.271569" lon="120.491575">
        <ele>87.0</ele>
      </trkpt>
      <trkpt lat="31.271574" lon="120.491574">
        <ele>87.0</ele>
      </trkpt>
      <trkpt lat="31.271578" lon="120.491573">
        <ele>87.0</ele>
      </trkpt>
      <trkpt lat="31.271582" lon="120.491572">
        <ele>88.0</ele>
      </trkpt>
      <trkpt lat="31.271596" lon="120.49156">
        <ele>89.0</ele>
      </trkpt>
      <trkpt lat="31.271604" lon="120.491555">
        <ele>89.0</ele>
      </trkpt>
      <trkpt lat="31.271611" lon="120.49155">
        <ele>90.0</ele>
      </trkpt>
      <trkpt lat="31.271617" lon="120.491549">
        <ele>90.0</ele>
      </trkpt>
      <trkpt lat="31.271623" lon="120.491547">
        <ele>90.0</ele>
      </trkpt>
      <trkpt lat="31.271629" lon="120.491546">
        <ele>90.0</ele>
      </trkpt>
      <trkpt lat="31.271636" lon="120.491546">
        <ele>90.0</ele>
      </trkpt>
      <trkpt lat="31.27165" lon="120.491543">
        <ele>91.0</ele>
      </trkpt>
      <trkpt lat="31.271659" lon="120.491542">
        <ele>91.0</ele>
      </trkpt>
      <trkpt lat="31.271669" lon="120.49154">
        <ele>91.0</ele>
      </trkpt>
      <trkpt lat="31.271675" lon="120.491539">
        <ele>91.0</ele>
      </trkpt>
      <trkpt lat="31.271682" lon="120.491537">
        <ele>91.0</ele>
      </trkpt>
      <trkpt lat="31.271687" lon="120.491535">
        <ele>91.0</ele>
      </trkpt>
      <trkpt lat="31.271693" lon="120.491533">
        <ele>91.0</ele>
      </trkpt>
      <trkpt lat="31.271696" lon="120.491528">
        <ele>91.0</ele>
      </trkpt>
      <trkpt lat="31.271699" lon="120.491524">
        <ele>91.0</ele>
      </trkpt>
      <trkpt lat="31.271701" lon="120.491519">
        <ele>91.0</ele>
      </trkpt>
      <trkpt lat="31.271703" lon="120.491514">
        <ele>91.0</ele>
      </trkpt>
      <trkpt lat="31.271712" lon="120.491505">
        <ele>93.0</ele>
      </trkpt>
      <trkpt lat="31.271728" lon="120.491499">
        <ele>94.0</ele>
      </trkpt>
      <trkpt lat="31.271749" lon="120.491492">
        <ele>95.0</ele>
      </trkpt>
      <trkpt lat="31.271771" lon="120.49149">
        <ele>96.0</ele>
      </trkpt>
      <trkpt lat="31.271796" lon="120.491489">
        <ele>97.0</ele>
      </trkpt>
      <trkpt lat="31.271819" lon="120.491479">
        <ele>98.0</ele>
      </trkpt>
      <trkpt lat="31.271823" lon="120.491477">
        <ele>98.0</ele>
      </trkpt>
      <trkpt lat="31.271827" lon="120.491475">
        <ele>98.0</ele>
      </trkpt>
      <trkpt lat="31.271831" lon="120.491472">
        <ele>99.0</ele>
      </trkpt>
      <trkpt lat="31.271835" lon="120.49147">
        <ele>99.0</ele>
      </trkpt>
      <trkpt lat="31.271839" lon="120.491468">
        <ele>99.0</ele>
      </trkpt>
      <trkpt lat="31.271851" lon="120.491459">
        <ele>99.0</ele>
      </trkpt>
      <trkpt lat="31.271863" lon="120.49145">
        <ele>99.0</ele>
      </trkpt>
      <trkpt lat="31.271869" lon="120.491443">
        <ele>100.0</ele>
      </trkpt>
      <trkpt lat="31.271874" lon="120.491436">
        <ele>100.0</ele>
      </trkpt>
      <trkpt lat="31.271877" lon="120.491433">
        <ele>100.0</ele>
      </trkpt>
      <trkpt lat="31.271879" lon="120.49143">
        <ele>100.0</ele>
      </trkpt>
      <trkpt lat="31.271882" lon="120.491426">
        <ele>100.0</ele>
      </trkpt>
      <trkpt lat="31.271884" lon="120.491423">
        <ele>101.0</ele>
      </trkpt>
      <trkpt lat="31.271887" lon="120.49142">
        <ele>101.0</ele>
      </trkpt>
      <trkpt lat="31.271891" lon="120.491413">
        <ele>101.0</ele>
      </trkpt>
      <trkpt lat="31.271895" lon="120.491406">
        <ele>101.0</ele>
      </trkpt>
      <trkpt lat="31.271897" lon="120.491401">
        <ele>101.0</ele>
      </trkpt>
      <trkpt lat="31.271899" lon="120.491396">
        <ele>102.0</ele>
      </trkpt>
      <trkpt lat="31.271901" lon="120.491391">
        <ele>102.0</ele>
      </trkpt>
      <trkpt lat="31.271902" lon="120.491383">
        <ele>102.0</ele>
      </trkpt>
      <trkpt lat="31.271904" lon="120.491376">
        <ele>102.0</ele>
      </trkpt>
      <trkpt lat="31.271905" lon="120.491371">
        <ele>102.0</ele>
      </trkpt>
      <trkpt lat="31.271907" lon="120.491367">
        <ele>103.0</ele>
      </trkpt>
      <trkpt lat="31.271912" lon="120.49135">
        <ele>104.0</ele>
      </trkpt>
      <trkpt lat="31.271915" lon="120.491339">
        <ele>104.0</ele>
      </trkpt>
      <trkpt lat="31.271918" lon="120.491328">
        <ele>105.0</ele>
      </trkpt>
      <trkpt lat="31.271919" lon="120.491321">
        <ele>105.0</ele>
      </trkpt>
      <trkpt lat="31.27192" lon="120.491313">
        <ele>105.0</ele>
      </trkpt>
      <trkpt lat="31.27192" lon="120.491307">
        <ele>105.0</ele>
      </trkpt>
      <trkpt lat="31.27192" lon="120.4913">
        <ele>105.0</ele>
      </trkpt>
      <trkpt lat="31.271921" lon="120.491296">
        <ele>106.0</ele>
      </trkpt>
      <trkpt lat="31.271921" lon="120.491292">
        <ele>106.0</ele>
      </trkpt>
      <trkpt lat="31.271924" lon="120.491287">
        <ele>106.0</ele>
      </trkpt>
      <trkpt lat="31.271926" lon="120.491282">
        <ele>106.0</ele>
      </trkpt>
      <trkpt lat="31.271931" lon="120.491282">
        <ele>106.0</ele>
      </trkpt>
      <trkpt lat="31.271935" lon="120.491282">
        <ele>106.0</ele>
      </trkpt>
      <trkpt lat="31.271949" lon="120.491288">
        <ele>108.0</ele>
      </trkpt>
      <trkpt lat="31.271967" lon="120.491288">
        <ele>109.0</ele>
      </trkpt>
      <trkpt lat="31.271988" lon="120.491287">
        <ele>110.0</ele>
      </trkpt>
      <trkpt lat="31.272012" lon="120.491284">
        <ele>112.0</ele>
      </trkpt>
      <trkpt lat="31.272035" lon="120.491275">
        <ele>112.0</ele>
      </trkpt>
      <trkpt lat="31.272059" lon="120.49127">
        <ele>113.0</ele>
      </trkpt>
      <trkpt lat="31.272074" lon="120.491268">
        <ele>113.0</ele>
      </trkpt>
      <trkpt lat="31.27209" lon="120.491266">
        <ele>113.0</ele>
      </trkpt>
      <trkpt lat="31.272099" lon="120.491268">
        <ele>114.0</ele>
      </trkpt>
      <trkpt lat="31.272109" lon="120.49127">
        <ele>114.0</ele>
      </trkpt>
      <trkpt lat="31.272116" lon="120.491276">
        <ele>114.0</ele>
      </trkpt>
      <trkpt lat="31.272122" lon="120.491283">
        <ele>114.0</ele>
      </trkpt>
      <trkpt lat="31.272127" lon="120.491291">
        <ele>114.0</ele>
      </trkpt>
      <trkpt lat="31.272132" lon="120.491299">
        <ele>114.0</ele>
      </trkpt>
      <trkpt lat="31.272136" lon="120.491305">
        <ele>114.0</ele>
      </trkpt>
      <trkpt lat="31.272141" lon="120.491312">
        <ele>114.0</ele>
      </trkpt>
      <trkpt lat="31.272148" lon="120.491305">
        <ele>115.0</ele>
      </trkpt>
      <trkpt lat="31.272154" lon="120.491293">
        <ele>116.0</ele>
      </trkpt>
      <trkpt lat="31.272158" lon="120.491284">
        <ele>116.0</ele>
      </trkpt>
      <trkpt lat="31.272161" lon="120.491275">
        <ele>116.0</ele>
      </trkpt>
      <trkpt lat="31.272163" lon="120.491268">
        <ele>116.0</ele>
      </trkpt>
      <trkpt lat="31.272164" lon="120.49126">
        <ele>116.0</ele>
      </trkpt>
      <trkpt lat="31.272165" lon="120.491256">
        <ele>116.0</ele>
      </trkpt>
      <trkpt lat="31.272165" lon="120.491252">
        <ele>116.0</ele>
      </trkpt>
      <trkpt lat="31.272165" lon="120.491244">
        <ele>116.0</ele>
      </trkpt>
      <trkpt lat="31.272166" lon="120.491236">
        <ele>116.0</ele>
      </trkpt>
      <trkpt lat="31.272167" lon="120.491229">
        <ele>117.0</ele>
      </trkpt>
      <trkpt lat="31.272169" lon="120.491222">
        <ele>117.0</ele>
      </trkpt>
      <trkpt lat="31.272172" lon="120.491221">
        <ele>117.0</ele>
      </trkpt>
      <trkpt lat="31.272175" lon="120.49122">
        <ele>117.0</ele>
      </trkpt>
      <trkpt lat="31.272179" lon="120.491221">
        <ele>117.0</ele>
      </trkpt>
      <trkpt lat="31.272183" lon="120.491222">
        <ele>117.0</ele>
      </trkpt>
      <trkpt lat="31.272187" lon="120.49122">
        <ele>117.0</ele>
      </trkpt>
      <trkpt lat="31.272191" lon="120.491219">
        <ele>117.0</ele>
      </trkpt>
      <trkpt lat="31.272196" lon="120.491215">
        <ele>117.0</ele>
      </trkpt>
      <trkpt lat="31.2722" lon="120.491211">
        <ele>117.0</ele>
      </trkpt>
      <trkpt lat="31.272202" lon="120.491209">
        <ele>118.0</ele>
      </trkpt>
      <trkpt lat="31.272205" lon="120.491207">
        <ele>118.0</ele>
      </trkpt>
      <trkpt lat="31.272208" lon="120.491205">
        <ele>118.0</ele>
      </trkpt>
      <trkpt lat="31.27221" lon="120.491204">
        <ele>118.0</ele>
      </trkpt>
      <trkpt lat="31.272213" lon="120.491202">
        <ele>118.0</ele>
      </trkpt>
      <trkpt lat="31.272219" lon="120.491199">
        <ele>119.0</ele>
      </trkpt>
      <trkpt lat="31.272226" lon="120.491196">
        <ele>119.0</ele>
      </trkpt>
      <trkpt lat="31.272232" lon="120.491195">
        <ele>119.0</ele>
      </trkpt>
      <trkpt lat="31.272238" lon="120.491193">
        <ele>119.0</ele>
      </trkpt>
      <trkpt lat="31.272244" lon="120.491191">
        <ele>119.0</ele>
      </trkpt>
      <trkpt lat="31.27225" lon="120.491189">
        <ele>119.0</ele>
      </trkpt>
      <trkpt lat="31.272256" lon="120.491187">
        <ele>119.0</ele>
      </trkpt>
      <trkpt lat="31.272263" lon="120.491184">
        <ele>119.0</ele>
      </trkpt>
      <trkpt lat="31.272269" lon="120.491182">
        <ele>119.0</ele>
      </trkpt>
      <trkpt lat="31.272276" lon="120.49118">
        <ele>119.0</ele>
      </trkpt>
      <trkpt lat="31.272283" lon="120.491181">
        <ele>119.0</ele>
      </trkpt>
      <trkpt lat="31.272289" lon="120.491183">
        <ele>119.0</ele>
      </trkpt>
      <trkpt lat="31.272294" lon="120.491187">
        <ele>119.0</ele>
      </trkpt>
      <trkpt lat="31.272298" lon="120.491191">
        <ele>119.0</ele>
      </trkpt>
      <trkpt lat="31.2723" lon="120.491194">
        <ele>119.0</ele>
      </trkpt>
      <trkpt lat="31.272302" lon="120.491197">
        <ele>120.0</ele>
      </trkpt>
      <trkpt lat="31.272306" lon="120.491199">
        <ele>120.0</ele>
      </trkpt>
      <trkpt lat="31.27231" lon="120.491201">
        <ele>120.0</ele>
      </trkpt>
      <trkpt lat="31.272315" lon="120.491201">
        <ele>120.0</ele>
      </trkpt>
      <trkpt lat="31.27232" lon="120.491201">
        <ele>120.0</ele>
      </trkpt>
      <trkpt lat="31.272325" lon="120.4912">
        <ele>121.0</ele>
      </trkpt>
      <trkpt lat="31.272331" lon="120.491199">
        <ele>121.0</ele>
      </trkpt>
      <trkpt lat="31.272336" lon="120.491196">
        <ele>121.0</ele>
      </trkpt>
      <trkpt lat="31.272341" lon="120.491193">
        <ele>121.0</ele>
      </trkpt>
      <trkpt lat="31.272347" lon="120.491188">
        <ele>121.0</ele>
      </trkpt>
      <trkpt lat="31.272352" lon="120.491183">
        <ele>122.0</ele>
      </trkpt>
      <trkpt lat="31.272358" lon="120.491177">
        <ele>122.0</ele>
      </trkpt>
      <trkpt lat="31.272364" lon="120.491172">
        <ele>122.0</ele>
      </trkpt>
      <trkpt lat="31.27237" lon="120.491169">
        <ele>122.0</ele>
      </trkpt>
      <trkpt lat="31.272376" lon="120.491165">
        <ele>122.0</ele>
      </trkpt>
      <trkpt lat="31.272389" lon="120.491158">
        <ele>124.0</ele>
      </trkpt>
      <trkpt lat="31.272403" lon="120.491162">
        <ele>124.0</ele>
      </trkpt>
      <trkpt lat="31.272405" lon="120.491163">
        <ele>125.0</ele>
      </trkpt>
      <trkpt lat="31.272408" lon="120.491164">
        <ele>125.0</ele>
      </trkpt>
      <trkpt lat="31.27241" lon="120.491165">
        <ele>125.0</ele>
      </trkpt>
      <trkpt lat="31.272412" lon="120.491166">
        <ele>125.0</ele>
      </trkpt>
      <trkpt lat="31.272415" lon="120.491167">
        <ele>125.0</ele>
      </trkpt>
      <trkpt lat="31.272422" lon="120.491171">
        <ele>125.0</ele>
      </trkpt>
      <trkpt lat="31.27243" lon="120.491175">
        <ele>125.0</ele>
      </trkpt>
      <trkpt lat="31.272437" lon="120.491176">
        <ele>125.0</ele>
      </trkpt>
      <trkpt lat="31.272445" lon="120.491178">
        <ele>125.0</ele>
      </trkpt>
      <trkpt lat="31.272453" lon="120.491175">
        <ele>125.0</ele>
      </trkpt>
      <trkpt lat="31.272461" lon="120.491172">
        <ele>126.0</ele>
      </trkpt>
      <trkpt lat="31.272469" lon="120.491167">
        <ele>126.0</ele>
      </trkpt>
      <trkpt lat="31.272478" lon="120.491161">
        <ele>126.0</ele>
      </trkpt>
      <trkpt lat="31.272486" lon="120.491155">
        <ele>126.0</ele>
      </trkpt>
      <trkpt lat="31.272494" lon="120.491149">
        <ele>126.0</ele>
      </trkpt>
      <trkpt lat="31.272501" lon="120.491144">
        <ele>127.0</ele>
      </trkpt>
      <trkpt lat="31.272508" lon="120.49114">
        <ele>127.0</ele>
      </trkpt>
      <trkpt lat="31.272515" lon="120.49114">
        <ele>127.0</ele>
      </trkpt>
      <trkpt lat="31.272521" lon="120.491139">
        <ele>127.0</ele>
      </trkpt>
      <trkpt lat="31.272527" lon="120.491141">
        <ele>127.0</ele>
      </trkpt>
      <trkpt lat="31.272533" lon="120.491144">
        <ele>127.0</ele>
      </trkpt>
      <trkpt lat="31.272538" lon="120.491147">
        <ele>127.0</ele>
      </trkpt>
      <trkpt lat="31.272544" lon="120.49115">
        <ele>127.0</ele>
      </trkpt>
      <trkpt lat="31.272549" lon="120.491153">
        <ele>127.0</ele>
      </trkpt>
      <trkpt lat="31.272555" lon="120.491156">
        <ele>127.0</ele>
      </trkpt>
      <trkpt lat="31.272562" lon="120.491158">
        <ele>127.0</ele>
      </trkpt>
      <trkpt lat="31.272568" lon="120.49116">
        <ele>127.0</ele>
      </trkpt>
      <trkpt lat="31.272575" lon="120.491162">
        <ele>127.0</ele>
      </trkpt>
      <trkpt lat="31.272582" lon="120.491163">
        <ele>127.0</ele>
      </trkpt>
      <trkpt lat="31.272588" lon="120.491164">
        <ele>127.0</ele>
      </trkpt>
      <trkpt lat="31.272595" lon="120.491165">
        <ele>128.0</ele>
      </trkpt>
      <trkpt lat="31.272601" lon="120.491165">
        <ele>128.0</ele>
      </trkpt>
      <trkpt lat="31.272607" lon="120.491165">
        <ele>128.0</ele>
      </trkpt>
      <trkpt lat="31.272613" lon="120.491165">
        <ele>128.0</ele>
      </trkpt>
      <trkpt lat="31.272618" lon="120.491166">
        <ele>128.0</ele>
      </trkpt>
      <trkpt lat="31.272623" lon="120.491166">
        <ele>129.0</ele>
      </trkpt>
      <trkpt lat="31.272629" lon="120.491167">
        <ele>129.0</ele>
      </trkpt>
      <trkpt lat="31.272634" lon="120.491169">
        <ele>129.0</ele>
      </trkpt>
      <trkpt lat="31.272639" lon="120.49117">
        <ele>129.0</ele>
      </trkpt>
      <trkpt lat="31.272644" lon="120.491172">
        <ele>129.0</ele>
      </trkpt>
      <trkpt lat="31.27265" lon="120.491174">
        <ele>130.0</ele>
      </trkpt>
      <trkpt lat="31.272655" lon="120.491176">
        <ele>130.0</ele>
      </trkpt>
      <trkpt lat="31.27266" lon="120.491179">
        <ele>130.0</ele>
      </trkpt>
      <trkpt lat="31.272664" lon="120.49118">
        <ele>130.0</ele>
      </trkpt>
      <trkpt lat="31.272667" lon="120.491182">
        <ele>130.0</ele>
      </trkpt>
      <trkpt lat="31.272674" lon="120.491184">
        <ele>131.0</ele>
      </trkpt>
      <trkpt lat="31.27268" lon="120.491186">
        <ele>131.0</ele>
      </trkpt>
      <trkpt lat="31.272686" lon="120.491186">
        <ele>131.0</ele>
      </trkpt>
      <trkpt lat="31.272692" lon="120.491187">
        <ele>131.0</ele>
      </trkpt>
      <trkpt lat="31.272697" lon="120.491187">
        <ele>131.0</ele>
      </trkpt>
      <trkpt lat="31.272703" lon="120.491187">
        <ele>132.0</ele>
      </trkpt>
      <trkpt lat="31.272709" lon="120.491185">
        <ele>132.0</ele>
      </trkpt>
      <trkpt lat="31.272715" lon="120.491184">
        <ele>132.0</ele>
      </trkpt>
      <trkpt lat="31.272725" lon="120.491179">
        <ele>133.0</ele>
      </trkpt>
      <trkpt lat="31.272732" lon="120.491177">
        <ele>133.0</ele>
      </trkpt>
      <trkpt lat="31.272738" lon="120.491175">
        <ele>133.0</ele>
      </trkpt>
      <trkpt lat="31.272745" lon="120.491176">
        <ele>133.0</ele>
      </trkpt>
      <trkpt lat="31.272751" lon="120.491176">
        <ele>133.0</ele>
      </trkpt>
      <trkpt lat="31.272759" lon="120.491177">
        <ele>133.0</ele>
      </trkpt>
      <trkpt lat="31.272766" lon="120.491179">
        <ele>133.0</ele>
      </trkpt>
      <trkpt lat="31.272774" lon="120.49118">
        <ele>133.0</ele>
      </trkpt>
      <trkpt lat="31.272782" lon="120.491182">
        <ele>133.0</ele>
      </trkpt>
      <trkpt lat="31.27279" lon="120.491183">
        <ele>133.0</ele>
      </trkpt>
      <trkpt lat="31.272798" lon="120.491184">
        <ele>133.0</ele>
      </trkpt>
      <trkpt lat="31.272806" lon="120.491185">
        <ele>133.0</ele>
      </trkpt>
      <trkpt lat="31.272814" lon="120.491187">
        <ele>134.0</ele>
      </trkpt>
      <trkpt lat="31.272821" lon="120.491189">
        <ele>134.0</ele>
      </trkpt>
      <trkpt lat="31.272828" lon="120.491191">
        <ele>134.0</ele>
      </trkpt>
      <trkpt lat="31.272834" lon="120.491192">
        <ele>134.0</ele>
      </trkpt>
      <trkpt lat="31.27284" lon="120.491192">
        <ele>134.0</ele>
      </trkpt>
      <trkpt lat="31.272846" lon="120.491191">
        <ele>134.0</ele>
      </trkpt>
      <trkpt lat="31.272852" lon="120.49119">
        <ele>134.0</ele>
      </trkpt>
      <trkpt lat="31.272858" lon="120.491189">
        <ele>134.0</ele>
      </trkpt>
      <trkpt lat="31.272864" lon="120.491187">
        <ele>134.0</ele>
      </trkpt>
      <trkpt lat="31.27287" lon="120.491184">
        <ele>134.0</ele>
      </trkpt>
      <trkpt lat="31.272876" lon="120.491182">
        <ele>135.0</ele>
      </trkpt>
      <trkpt lat="31.27288" lon="120.491178">
        <ele>135.0</ele>
      </trkpt>
      <trkpt lat="31.272885" lon="120.491175">
        <ele>135.0</ele>
      </trkpt>
      <trkpt lat="31.27289" lon="120.491172">
        <ele>135.0</ele>
      </trkpt>
      <trkpt lat="31.272895" lon="120.491169">
        <ele>135.0</ele>
      </trkpt>
      <trkpt lat="31.272899" lon="120.491169">
        <ele>136.0</ele>
      </trkpt>
      <trkpt lat="31.272903" lon="120.491169">
        <ele>136.0</ele>
      </trkpt>
      <trkpt lat="31.272908" lon="120.491168">
        <ele>136.0</ele>
      </trkpt>
      <trkpt lat="31.272914" lon="120.491169">
        <ele>136.0</ele>
      </trkpt>
      <trkpt lat="31.27292" lon="120.491169">
        <ele>136.0</ele>
      </trkpt>
      <trkpt lat="31.272933" lon="120.491167">
        <ele>138.0</ele>
      </trkpt>
      <trkpt lat="31.272938" lon="120.491167">
        <ele>138.0</ele>
      </trkpt>
      <trkpt lat="31.272944" lon="120.491168">
        <ele>138.0</ele>
      </trkpt>
      <trkpt lat="31.272949" lon="120.491169">
        <ele>138.0</ele>
      </trkpt>
      <trkpt lat="31.272955" lon="120.491171">
        <ele>138.0</ele>
      </trkpt>
      <trkpt lat="31.272963" lon="120.491174">
        <ele>138.0</ele>
      </trkpt>
      <trkpt lat="31.27297" lon="120.491176">
        <ele>138.0</ele>
      </trkpt>
      <trkpt lat="31.272974" lon="120.491177">
        <ele>138.0</ele>
      </trkpt>
      <trkpt lat="31.272977" lon="120.491178">
        <ele>138.0</ele>
      </trkpt>
      <trkpt lat="31.27298" lon="120.491179">
        <ele>138.0</ele>
      </trkpt>
      <trkpt lat="31.272987" lon="120.491182">
        <ele>138.0</ele>
      </trkpt>
      <trkpt lat="31.272994" lon="120.491185">
        <ele>138.0</ele>
      </trkpt>
      <trkpt lat="31.273" lon="120.491188">
        <ele>138.0</ele>
      </trkpt>
      <trkpt lat="31.273006" lon="120.491191">
        <ele>138.0</ele>
      </trkpt>
      <trkpt lat="31.273013" lon="120.491194">
        <ele>138.0</ele>
      </trkpt>
      <trkpt lat="31.273021" lon="120.491197">
        <ele>138.0</ele>
      </trkpt>
      <trkpt lat="31.273028" lon="120.491199">
        <ele>138.0</ele>
      </trkpt>
      <trkpt lat="31.273036" lon="120.4912">
        <ele>139.0</ele>
      </trkpt>
      <trkpt lat="31.273044" lon="120.491199">
        <ele>139.0</ele>
      </trkpt>
      <trkpt lat="31.273052" lon="120.491199">
        <ele>139.0</ele>
      </trkpt>
      <trkpt lat="31.27306" lon="120.491198">
        <ele>139.0</ele>
      </trkpt>
      <trkpt lat="31.273067" lon="120.491197">
        <ele>139.0</ele>
      </trkpt>
      <trkpt lat="31.273073" lon="120.491195">
        <ele>139.0</ele>
      </trkpt>
      <trkpt lat="31.273079" lon="120.491194">
        <ele>139.0</ele>
      </trkpt>
      <trkpt lat="31.273092" lon="120.491187">
        <ele>140.0</ele>
      </trkpt>
      <trkpt lat="31.273097" lon="120.491186">
        <ele>140.0</ele>
      </trkpt>
      <trkpt lat="31.273103" lon="120.491184">
        <ele>140.0</ele>
      </trkpt>
      <trkpt lat="31.273108" lon="120.491185">
        <ele>140.0</ele>
      </trkpt>
      <trkpt lat="31.273113" lon="120.491186">
        <ele>140.0</ele>
      </trkpt>
      <trkpt lat="31.273129" lon="120.491191">
        <ele>140.0</ele>
      </trkpt>
      <trkpt lat="31.273136" lon="120.491193">
        <ele>140.0</ele>
      </trkpt>
      <trkpt lat="31.273144" lon="120.491195">
        <ele>140.0</ele>
      </trkpt>
      <trkpt lat="31.27315" lon="120.491197">
        <ele>140.0</ele>
      </trkpt>
      <trkpt lat="31.273156" lon="120.491199">
        <ele>140.0</ele>
      </trkpt>
      <trkpt lat="31.273162" lon="120.491202">
        <ele>140.0</ele>
      </trkpt>
      <trkpt lat="31.273167" lon="120.491205">
        <ele>140.0</ele>
      </trkpt>
      <trkpt lat="31.273174" lon="120.491208">
        <ele>140.0</ele>
      </trkpt>
      <trkpt lat="31.27318" lon="120.491211">
        <ele>140.0</ele>
      </trkpt>
      <trkpt lat="31.273186" lon="120.491214">
        <ele>140.0</ele>
      </trkpt>
      <trkpt lat="31.273193" lon="120.491217">
        <ele>140.0</ele>
      </trkpt>
      <trkpt lat="31.273199" lon="120.491219">
        <ele>140.0</ele>
      </trkpt>
      <trkpt lat="31.273206" lon="120.491221">
        <ele>140.0</ele>
      </trkpt>
      <trkpt lat="31.273213" lon="120.491222">
        <ele>140.0</ele>
      </trkpt>
      <trkpt lat="31.27322" lon="120.491223">
        <ele>140.0</ele>
      </trkpt>
      <trkpt lat="31.273227" lon="120.491223">
        <ele>140.0</ele>
      </trkpt>
      <trkpt lat="31.273235" lon="120.491223">
        <ele>140.0</ele>
      </trkpt>
      <trkpt lat="31.273242" lon="120.491222">
        <ele>140.0</ele>
      </trkpt>
      <trkpt lat="31.27325" lon="120.491222">
        <ele>140.0</ele>
      </trkpt>
      <trkpt lat="31.273256" lon="120.491222">
        <ele>140.0</ele>
      </trkpt>
      <trkpt lat="31.273263" lon="120.491221">
        <ele>140.0</ele>
      </trkpt>
      <trkpt lat="31.27327" lon="120.491222">
        <ele>139.0</ele>
      </trkpt>
      <trkpt lat="31.273277" lon="120.491223">
        <ele>139.0</ele>
      </trkpt>
      <trkpt lat="31.273283" lon="120.491225">
        <ele>139.0</ele>
      </trkpt>
      <trkpt lat="31.273289" lon="120.491227">
        <ele>139.0</ele>
      </trkpt>
      <trkpt lat="31.273296" lon="120.491229">
        <ele>139.0</ele>
      </trkpt>
      <trkpt lat="31.273302" lon="120.491231">
        <ele>139.0</ele>
      </trkpt>
      <trkpt lat="31.273309" lon="120.491231">
        <ele>139.0</ele>
      </trkpt>
      <trkpt lat="31.273317" lon="120.491232">
        <ele>139.0</ele>
      </trkpt>
      <trkpt lat="31.273324" lon="120.49123">
        <ele>139.0</ele>
      </trkpt>
      <trkpt lat="31.273332" lon="120.491229">
        <ele>140.0</ele>
      </trkpt>
      <trkpt lat="31.273338" lon="120.491225">
        <ele>140.0</ele>
      </trkpt>
      <trkpt lat="31.273345" lon="120.49122">
        <ele>140.0</ele>
      </trkpt>
      <trkpt lat="31.273351" lon="120.491214">
        <ele>140.0</ele>
      </trkpt>
      <trkpt lat="31.273357" lon="120.491208">
        <ele>140.0</ele>
      </trkpt>
      <trkpt lat="31.273363" lon="120.491201">
        <ele>140.0</ele>
      </trkpt>
      <trkpt lat="31.273368" lon="120.491194">
        <ele>140.0</ele>
      </trkpt>
      <trkpt lat="31.273373" lon="120.491188">
        <ele>140.0</ele>
      </trkpt>
      <trkpt lat="31.273378" lon="120.491182">
        <ele>140.0</ele>
      </trkpt>
      <trkpt lat="31.273383" lon="120.491178">
        <ele>140.0</ele>
      </trkpt>
      <trkpt lat="31.273389" lon="120.491173">
        <ele>140.0</ele>
      </trkpt>
      <trkpt lat="31.273395" lon="120.491171">
        <ele>140.0</ele>
      </trkpt>
      <trkpt lat="31.273402" lon="120.49117">
        <ele>140.0</ele>
      </trkpt>
      <trkpt lat="31.273409" lon="120.49117">
        <ele>140.0</ele>
      </trkpt>
      <trkpt lat="31.273417" lon="120.49117">
        <ele>140.0</ele>
      </trkpt>
      <trkpt lat="31.273425" lon="120.49117">
        <ele>141.0</ele>
      </trkpt>
      <trkpt lat="31.273433" lon="120.491171">
        <ele>141.0</ele>
      </trkpt>
      <trkpt lat="31.27344" lon="120.491168">
        <ele>141.0</ele>
      </trkpt>
      <trkpt lat="31.273447" lon="120.491166">
        <ele>141.0</ele>
      </trkpt>
      <trkpt lat="31.273454" lon="120.491163">
        <ele>141.0</ele>
      </trkpt>
      <trkpt lat="31.273461" lon="120.49116">
        <ele>141.0</ele>
      </trkpt>
      <trkpt lat="31.273469" lon="120.491159">
        <ele>141.0</ele>
      </trkpt>
      <trkpt lat="31.273477" lon="120.491158">
        <ele>141.0</ele>
      </trkpt>
      <trkpt lat="31.273482" lon="120.491159">
        <ele>141.0</ele>
      </trkpt>
      <trkpt lat="31.273488" lon="120.49116">
        <ele>141.0</ele>
      </trkpt>
      <trkpt lat="31.273493" lon="120.491161">
        <ele>141.0</ele>
      </trkpt>
      <trkpt lat="31.273501" lon="120.491163">
        <ele>141.0</ele>
      </trkpt>
      <trkpt lat="31.273509" lon="120.491166">
        <ele>141.0</ele>
      </trkpt>
      <trkpt lat="31.273513" lon="120.491168">
        <ele>141.0</ele>
      </trkpt>
      <trkpt lat="31.273518" lon="120.491171">
        <ele>141.0</ele>
      </trkpt>
      <trkpt lat="31.273523" lon="120.491173">
        <ele>142.0</ele>
      </trkpt>
      <trkpt lat="31.273529" lon="120.491177">
        <ele>142.0</ele>
      </trkpt>
      <trkpt lat="31.273535" lon="120.491181">
        <ele>142.0</ele>
      </trkpt>
      <trkpt lat="31.27354" lon="120.491185">
        <ele>142.0</ele>
      </trkpt>
      <trkpt lat="31.273545" lon="120.491189">
        <ele>142.0</ele>
      </trkpt>
      <trkpt lat="31.273551" lon="120.491192">
        <ele>142.0</ele>
      </trkpt>
      <trkpt lat="31.273557" lon="120.491195">
        <ele>142.0</ele>
      </trkpt>
      <trkpt lat="31.273564" lon="120.491197">
        <ele>142.0</ele>
      </trkpt>
      <trkpt lat="31.273571" lon="120.491198">
        <ele>142.0</ele>
      </trkpt>
      <trkpt lat="31.273579" lon="120.491198">
        <ele>142.0</ele>
      </trkpt>
      <trkpt lat="31.273586" lon="120.491198">
        <ele>142.0</ele>
      </trkpt>
      <trkpt lat="31.273594" lon="120.491197">
        <ele>142.0</ele>
      </trkpt>
      <trkpt lat="31.273601" lon="120.491196">
        <ele>142.0</ele>
      </trkpt>
      <trkpt lat="31.273607" lon="120.491193">
        <ele>142.0</ele>
      </trkpt>
      <trkpt lat="31.273613" lon="120.49119">
        <ele>142.0</ele>
      </trkpt>
      <trkpt lat="31.273618" lon="120.491184">
        <ele>142.0</ele>
      </trkpt>
      <trkpt lat="31.273623" lon="120.491178">
        <ele>141.0</ele>
      </trkpt>
      <trkpt lat="31.273628" lon="120.491173">
        <ele>141.0</ele>
      </trkpt>
      <trkpt lat="31.273634" lon="120.491167">
        <ele>141.0</ele>
      </trkpt>
      <trkpt lat="31.273641" lon="120.491163">
        <ele>141.0</ele>
      </trkpt>
      <trkpt lat="31.273647" lon="120.491159">
        <ele>141.0</ele>
      </trkpt>
      <trkpt lat="31.273654" lon="120.491156">
        <ele>141.0</ele>
      </trkpt>
      <trkpt lat="31.273661" lon="120.491153">
        <ele>141.0</ele>
      </trkpt>
      <trkpt lat="31.273667" lon="120.49115">
        <ele>141.0</ele>
      </trkpt>
      <trkpt lat="31.273674" lon="120.491147">
        <ele>141.0</ele>
      </trkpt>
      <trkpt lat="31.27368" lon="120.491143">
        <ele>141.0</ele>
      </trkpt>
      <trkpt lat="31.273686" lon="120.491139">
        <ele>141.0</ele>
      </trkpt>
      <trkpt lat="31.273691" lon="120.491134">
        <ele>141.0</ele>
      </trkpt>
      <trkpt lat="31.273697" lon="120.491128">
        <ele>141.0</ele>
      </trkpt>
      <trkpt lat="31.273702" lon="120.491122">
        <ele>141.0</ele>
      </trkpt>
      <trkpt lat="31.273707" lon="120.491116">
        <ele>141.0</ele>
      </trkpt>
      <trkpt lat="31.273712" lon="120.49111">
        <ele>141.0</ele>
      </trkpt>
      <trkpt lat="31.273717" lon="120.491103">
        <ele>141.0</ele>
      </trkpt>
      <trkpt lat="31.273722" lon="120.491097">
        <ele>141.0</ele>
      </trkpt>
      <trkpt lat="31.273728" lon="120.491091">
        <ele>141.0</ele>
      </trkpt>
      <trkpt lat="31.273733" lon="120.491086">
        <ele>141.0</ele>
      </trkpt>
      <trkpt lat="31.273739" lon="120.491082">
        <ele>141.0</ele>
      </trkpt>
      <trkpt lat="31.273747" lon="120.491078">
        <ele>141.0</ele>
      </trkpt>
      <trkpt lat="31.273754" lon="120.491075">
        <ele>141.0</ele>
      </trkpt>
      <trkpt lat="31.273762" lon="120.491074">
        <ele>141.0</ele>
      </trkpt>
      <trkpt lat="31.273769" lon="120.491073">
        <ele>142.0</ele>
      </trkpt>
      <trkpt lat="31.273792" lon="120.491071">
        <ele>142.0</ele>
      </trkpt>
      <trkpt lat="31.273811" lon="120.491062">
        <ele>142.0</ele>
      </trkpt>
      <trkpt lat="31.273826" lon="120.491044">
        <ele>144.0</ele>
      </trkpt>
      <trkpt lat="31.273832" lon="120.49102">
        <ele>145.0</ele>
      </trkpt>
      <trkpt lat="31.273834" lon="120.491014">
        <ele>145.0</ele>
      </trkpt>
      <trkpt lat="31.273835" lon="120.491008">
        <ele>145.0</ele>
      </trkpt>
      <trkpt lat="31.273837" lon="120.491001">
        <ele>145.0</ele>
      </trkpt>
      <trkpt lat="31.273838" lon="120.490989">
        <ele>146.0</ele>
      </trkpt>
      <trkpt lat="31.27384" lon="120.490977">
        <ele>146.0</ele>
      </trkpt>
      <trkpt lat="31.27384" lon="120.490968">
        <ele>146.0</ele>
      </trkpt>
      <trkpt lat="31.273841" lon="120.49096">
        <ele>146.0</ele>
      </trkpt>
      <trkpt lat="31.273841" lon="120.490955">
        <ele>146.0</ele>
      </trkpt>
      <trkpt lat="31.273841" lon="120.49095">
        <ele>146.0</ele>
      </trkpt>
      <trkpt lat="31.273839" lon="120.490931">
        <ele>147.0</ele>
      </trkpt>
      <trkpt lat="31.273837" lon="120.490913">
        <ele>147.0</ele>
      </trkpt>
      <trkpt lat="31.273836" lon="120.490901">
        <ele>147.0</ele>
      </trkpt>
      <trkpt lat="31.273836" lon="120.490889">
        <ele>148.0</ele>
      </trkpt>
      <trkpt lat="31.273837" lon="120.490881">
        <ele>148.0</ele>
      </trkpt>
      <trkpt lat="31.273838" lon="120.490874">
        <ele>148.0</ele>
      </trkpt>
      <trkpt lat="31.273841" lon="120.490869">
        <ele>148.0</ele>
      </trkpt>
      <trkpt lat="31.273845" lon="120.490865">
        <ele>148.0</ele>
      </trkpt>
      <trkpt lat="31.27385" lon="120.490864">
        <ele>149.0</ele>
      </trkpt>
      <trkpt lat="31.273855" lon="120.490862">
        <ele>149.0</ele>
      </trkpt>
      <trkpt lat="31.27386" lon="120.49086">
        <ele>149.0</ele>
      </trkpt>
      <trkpt lat="31.273865" lon="120.490858">
        <ele>149.0</ele>
      </trkpt>
      <trkpt lat="31.27387" lon="120.490855">
        <ele>150.0</ele>
      </trkpt>
      <trkpt lat="31.273875" lon="120.490851">
        <ele>150.0</ele>
      </trkpt>
      <trkpt lat="31.273881" lon="120.490846">
        <ele>150.0</ele>
      </trkpt>
      <trkpt lat="31.273886" lon="120.490841">
        <ele>150.0</ele>
      </trkpt>
      <trkpt lat="31.273892" lon="120.490836">
        <ele>150.0</ele>
      </trkpt>
      <trkpt lat="31.273897" lon="120.490831">
        <ele>150.0</ele>
      </trkpt>
      <trkpt lat="31.273902" lon="120.490826">
        <ele>150.0</ele>
      </trkpt>
      <trkpt lat="31.273904" lon="120.490824">
        <ele>150.0</ele>
      </trkpt>
      <trkpt lat="31.273905" lon="120.490822">
        <ele>150.0</ele>
      </trkpt>
      <trkpt lat="31.273907" lon="120.490819">
        <ele>150.0</ele>
      </trkpt>
      <trkpt lat="31.273908" lon="120.490817">
        <ele>150.0</ele>
      </trkpt>
      <trkpt lat="31.273913" lon="120.49081">
        <ele>150.0</ele>
      </trkpt>
      <trkpt lat="31.273917" lon="120.490804">
        <ele>150.0</ele>
      </trkpt>
      <trkpt lat="31.273922" lon="120.490799">
        <ele>150.0</ele>
      </trkpt>
      <trkpt lat="31.273927" lon="120.490794">
        <ele>150.0</ele>
      </trkpt>
      <trkpt lat="31.273932" lon="120.490792">
        <ele>151.0</ele>
      </trkpt>
      <trkpt lat="31.273938" lon="120.490789">
        <ele>151.0</ele>
      </trkpt>
      <trkpt lat="31.27395" lon="120.490785">
        <ele>152.0</ele>
      </trkpt>
      <trkpt lat="31.273957" lon="120.490783">
        <ele>153.0</ele>
      </trkpt>
      <trkpt lat="31.273965" lon="120.490781">
        <ele>153.0</ele>
      </trkpt>
      <trkpt lat="31.273971" lon="120.490779">
        <ele>153.0</ele>
      </trkpt>
      <trkpt lat="31.273977" lon="120.490777">
        <ele>153.0</ele>
      </trkpt>
      <trkpt lat="31.273996" lon="120.490773">
        <ele>154.0</ele>
      </trkpt>
      <trkpt lat="31.274014" lon="120.490766">
        <ele>155.0</ele>
      </trkpt>
      <trkpt lat="31.274021" lon="120.490762">
        <ele>155.0</ele>
      </trkpt>
      <trkpt lat="31.274028" lon="120.490759">
        <ele>156.0</ele>
      </trkpt>
      <trkpt lat="31.274036" lon="120.490754">
        <ele>156.0</ele>
      </trkpt>
      <trkpt lat="31.274045" lon="120.490749">
        <ele>156.0</ele>
      </trkpt>
      <trkpt lat="31.27405" lon="120.490745">
        <ele>156.0</ele>
      </trkpt>
      <trkpt lat="31.274054" lon="120.490742">
        <ele>156.0</ele>
      </trkpt>
      <trkpt lat="31.274058" lon="120.490739">
        <ele>156.0</ele>
      </trkpt>
      <trkpt lat="31.274062" lon="120.490736">
        <ele>156.0</ele>
      </trkpt>
      <trkpt lat="31.274066" lon="120.490733">
        <ele>156.0</ele>
      </trkpt>
      <trkpt lat="31.274071" lon="120.490728">
        <ele>156.0</ele>
      </trkpt>
      <trkpt lat="31.274077" lon="120.490724">
        <ele>156.0</ele>
      </trkpt>
      <trkpt lat="31.27408" lon="120.490721">
        <ele>157.0</ele>
      </trkpt>
      <trkpt lat="31.274084" lon="120.490717">
        <ele>157.0</ele>
      </trkpt>
      <trkpt lat="31.274087" lon="120.490714">
        <ele>157.0</ele>
      </trkpt>
      <trkpt lat="31.274092" lon="120.490709">
        <ele>157.0</ele>
      </trkpt>
      <trkpt lat="31.274097" lon="120.490704">
        <ele>157.0</ele>
      </trkpt>
      <trkpt lat="31.274103" lon="120.490701">
        <ele>158.0</ele>
      </trkpt>
      <trkpt lat="31.274108" lon="120.490698">
        <ele>158.0</ele>
      </trkpt>
      <trkpt lat="31.27411" lon="120.490697">
        <ele>158.0</ele>
      </trkpt>
      <trkpt lat="31.274113" lon="120.490696">
        <ele>158.0</ele>
      </trkpt>
      <trkpt lat="31.274115" lon="120.490695">
        <ele>158.0</ele>
      </trkpt>
      <trkpt lat="31.274117" lon="120.490694">
        <ele>159.0</ele>
      </trkpt>
      <trkpt lat="31.274119" lon="120.490693">
        <ele>159.0</ele>
      </trkpt>
      <trkpt lat="31.274127" lon="120.49069">
        <ele>159.0</ele>
      </trkpt>
      <trkpt lat="31.274136" lon="120.490687">
        <ele>159.0</ele>
      </trkpt>
      <trkpt lat="31.274142" lon="120.490685">
        <ele>159.0</ele>
      </trkpt>
      <trkpt lat="31.274148" lon="120.490683">
        <ele>159.0</ele>
      </trkpt>
      <trkpt lat="31.274164" lon="120.490673">
        <ele>160.0</ele>
      </trkpt>
      <trkpt lat="31.27417" lon="120.490668">
        <ele>160.0</ele>
      </trkpt>
      <trkpt lat="31.274177" lon="120.490662">
        <ele>160.0</ele>
      </trkpt>
      <trkpt lat="31.274183" lon="120.49066">
        <ele>160.0</ele>
      </trkpt>
      <trkpt lat="31.274189" lon="120.490658">
        <ele>160.0</ele>
      </trkpt>
      <trkpt lat="31.274191" lon="120.490659">
        <ele>160.0</ele>
      </trkpt>
      <trkpt lat="31.274194" lon="120.490659">
        <ele>160.0</ele>
      </trkpt>
      <trkpt lat="31.274196" lon="120.490659">
        <ele>160.0</ele>
      </trkpt>
      <trkpt lat="31.274198" lon="120.490659">
        <ele>160.0</ele>
      </trkpt>
      <trkpt lat="31.274206" lon="120.49066">
        <ele>160.0</ele>
      </trkpt>
      <trkpt lat="31.274215" lon="120.490661">
        <ele>160.0</ele>
      </trkpt>
      <trkpt lat="31.274222" lon="120.490663">
        <ele>160.0</ele>
      </trkpt>
      <trkpt lat="31.27423" lon="120.490664">
        <ele>161.0</ele>
      </trkpt>
      <trkpt lat="31.274234" lon="120.490666">
        <ele>161.0</ele>
      </trkpt>
      <trkpt lat="31.274235" lon="120.490669">
        <ele>161.0</ele>
      </trkpt>
      <trkpt lat="31.274238" lon="120.49067">
        <ele>161.0</ele>
      </trkpt>
      <trkpt lat="31.274241" lon="120.490671">
        <ele>161.0</ele>
      </trkpt>
      <trkpt lat="31.274244" lon="120.490668">
        <ele>161.0</ele>
      </trkpt>
      <trkpt lat="31.274247" lon="120.490666">
        <ele>161.0</ele>
      </trkpt>
      <trkpt lat="31.274249" lon="120.490663">
        <ele>161.0</ele>
      </trkpt>
      <trkpt lat="31.274251" lon="120.49066">
        <ele>161.0</ele>
      </trkpt>
      <trkpt lat="31.274253" lon="120.490642">
        <ele>163.0</ele>
      </trkpt>
      <trkpt lat="31.274256" lon="120.490621">
        <ele>165.0</ele>
      </trkpt>
      <trkpt lat="31.274267" lon="120.490605">
        <ele>166.0</ele>
      </trkpt>
      <trkpt lat="31.274286" lon="120.490596">
        <ele>167.0</ele>
      </trkpt>
      <trkpt lat="31.274293" lon="120.490592">
        <ele>167.0</ele>
      </trkpt>
      <trkpt lat="31.2743" lon="120.490588">
        <ele>167.0</ele>
      </trkpt>
      <trkpt lat="31.274309" lon="120.490582">
        <ele>168.0</ele>
      </trkpt>
      <trkpt lat="31.274319" lon="120.490576">
        <ele>168.0</ele>
      </trkpt>
      <trkpt lat="31.274325" lon="120.49057">
        <ele>168.0</ele>
      </trkpt>
      <trkpt lat="31.274332" lon="120.490565">
        <ele>168.0</ele>
      </trkpt>
      <trkpt lat="31.274346" lon="120.49055">
        <ele>171.0</ele>
      </trkpt>
      <trkpt lat="31.274352" lon="120.490545">
        <ele>171.0</ele>
      </trkpt>
      <trkpt lat="31.274358" lon="120.490541">
        <ele>171.0</ele>
      </trkpt>
      <trkpt lat="31.274363" lon="120.490538">
        <ele>171.0</ele>
      </trkpt>
      <trkpt lat="31.274369" lon="120.490536">
        <ele>171.0</ele>
      </trkpt>
      <trkpt lat="31.274373" lon="120.490533">
        <ele>171.0</ele>
      </trkpt>
      <trkpt lat="31.274378" lon="120.49053">
        <ele>171.0</ele>
      </trkpt>
      <trkpt lat="31.274382" lon="120.490526">
        <ele>171.0</ele>
      </trkpt>
      <trkpt lat="31.274387" lon="120.490523">
        <ele>171.0</ele>
      </trkpt>
      <trkpt lat="31.274394" lon="120.490514">
        <ele>172.0</ele>
      </trkpt>
      <trkpt lat="31.274397" lon="120.490508">
        <ele>172.0</ele>
      </trkpt>
      <trkpt lat="31.274401" lon="120.490502">
        <ele>172.0</ele>
      </trkpt>
      <trkpt lat="31.27441" lon="120.490499">
        <ele>174.0</ele>
      </trkpt>
      <trkpt lat="31.274415" lon="120.490501">
        <ele>174.0</ele>
      </trkpt>
      <trkpt lat="31.274421" lon="120.490504">
        <ele>174.0</ele>
      </trkpt>
      <trkpt lat="31.274426" lon="120.490506">
        <ele>174.0</ele>
      </trkpt>
      <trkpt lat="31.274432" lon="120.490508">
        <ele>174.0</ele>
      </trkpt>
      <trkpt lat="31.274439" lon="120.490509">
        <ele>174.0</ele>
      </trkpt>
      <trkpt lat="31.274446" lon="120.490511">
        <ele>174.0</ele>
      </trkpt>
      <trkpt lat="31.274452" lon="120.490513">
        <ele>174.0</ele>
      </trkpt>
      <trkpt lat="31.274459" lon="120.490515">
        <ele>174.0</ele>
      </trkpt>
      <trkpt lat="31.274465" lon="120.490516">
        <ele>174.0</ele>
      </trkpt>
      <trkpt lat="31.274471" lon="120.490517">
        <ele>174.0</ele>
      </trkpt>
      <trkpt lat="31.274477" lon="120.490518">
        <ele>174.0</ele>
      </trkpt>
      <trkpt lat="31.274484" lon="120.490518">
        <ele>174.0</ele>
      </trkpt>
      <trkpt lat="31.27449" lon="120.490519">
        <ele>174.0</ele>
      </trkpt>
      <trkpt lat="31.274496" lon="120.490519">
        <ele>174.0</ele>
      </trkpt>
      <trkpt lat="31.274502" lon="120.490519">
        <ele>174.0</ele>
      </trkpt>
      <trkpt lat="31.274508" lon="120.490519">
        <ele>174.0</ele>
      </trkpt>
      <trkpt lat="31.274513" lon="120.490519">
        <ele>174.0</ele>
      </trkpt>
      <trkpt lat="31.274517" lon="120.490518">
        <ele>174.0</ele>
      </trkpt>
      <trkpt lat="31.274521" lon="120.490518">
        <ele>174.0</ele>
      </trkpt>
      <trkpt lat="31.274527" lon="120.490516">
        <ele>174.0</ele>
      </trkpt>
      <trkpt lat="31.274533" lon="120.490515">
        <ele>174.0</ele>
      </trkpt>
      <trkpt lat="31.274539" lon="120.490513">
        <ele>174.0</ele>
      </trkpt>
      <trkpt lat="31.274544" lon="120.49051">
        <ele>175.0</ele>
      </trkpt>
      <trkpt lat="31.274549" lon="120.490507">
        <ele>175.0</ele>
      </trkpt>
      <trkpt lat="31.274555" lon="120.490504">
        <ele>175.0</ele>
      </trkpt>
      <trkpt lat="31.274559" lon="120.4905">
        <ele>175.0</ele>
      </trkpt>
      <trkpt lat="31.274563" lon="120.490496">
        <ele>175.0</ele>
      </trkpt>
      <trkpt lat="31.274567" lon="120.490492">
        <ele>176.0</ele>
      </trkpt>
      <trkpt lat="31.274571" lon="120.490487">
        <ele>176.0</ele>
      </trkpt>
      <trkpt lat="31.274585" lon="120.490471">
        <ele>177.0</ele>
      </trkpt>
      <trkpt lat="31.274588" lon="120.490468">
        <ele>177.0</ele>
      </trkpt>
      <trkpt lat="31.27459" lon="120.490466">
        <ele>177.0</ele>
      </trkpt>
      <trkpt lat="31.274593" lon="120.490464">
        <ele>178.0</ele>
      </trkpt>
      <trkpt lat="31.274595" lon="120.490462">
        <ele>178.0</ele>
      </trkpt>
      <trkpt lat="31.274598" lon="120.49046">
        <ele>178.0</ele>
      </trkpt>
      <trkpt lat="31.274606" lon="120.490454">
        <ele>178.0</ele>
      </trkpt>
      <trkpt lat="31.274615" lon="120.490448">
        <ele>178.0</ele>
      </trkpt>
      <trkpt lat="31.274633" lon="120.490433">
        <ele>179.0</ele>
      </trkpt>
      <trkpt lat="31.274645" lon="120.490415">
        <ele>181.0</ele>
      </trkpt>
      <trkpt lat="31.274658" lon="120.490392">
        <ele>182.0</ele>
      </trkpt>
      <trkpt lat="31.274666" lon="120.490366">
        <ele>184.0</ele>
      </trkpt>
      <trkpt lat="31.274672" lon="120.490352">
        <ele>184.0</ele>
      </trkpt>
      <trkpt lat="31.274677" lon="120.490337">
        <ele>184.0</ele>
      </trkpt>
      <trkpt lat="31.274682" lon="120.490329">
        <ele>184.0</ele>
      </trkpt>
      <trkpt lat="31.274687" lon="120.490322">
        <ele>184.0</ele>
      </trkpt>
      <trkpt lat="31.274691" lon="120.490316">
        <ele>184.0</ele>
      </trkpt>
      <trkpt lat="31.274696" lon="120.490311">
        <ele>184.0</ele>
      </trkpt>
      <trkpt lat="31.2747" lon="120.490306">
        <ele>185.0</ele>
      </trkpt>
      <trkpt lat="31.274705" lon="120.490302">
        <ele>185.0</ele>
      </trkpt>
      <trkpt lat="31.274721" lon="120.490289">
        <ele>186.0</ele>
      </trkpt>
      <trkpt lat="31.274735" lon="120.490272">
        <ele>188.0</ele>
      </trkpt>
      <trkpt lat="31.274749" lon="120.490252">
        <ele>188.0</ele>
      </trkpt>
      <trkpt lat="31.274757" lon="120.490227">
        <ele>191.0</ele>
      </trkpt>
      <trkpt lat="31.274764" lon="120.49021">
        <ele>191.0</ele>
      </trkpt>
      <trkpt lat="31.274768" lon="120.4902">
        <ele>191.0</ele>
      </trkpt>
      <trkpt lat="31.274771" lon="120.490189">
        <ele>191.0</ele>
      </trkpt>
      <trkpt lat="31.274772" lon="120.490185">
        <ele>191.0</ele>
      </trkpt>
      <trkpt lat="31.274772" lon="120.490181">
        <ele>191.0</ele>
      </trkpt>
      <trkpt lat="31.274772" lon="120.490178">
        <ele>191.0</ele>
      </trkpt>
      <trkpt lat="31.274772" lon="120.490174">
        <ele>191.0</ele>
      </trkpt>
      <trkpt lat="31.274773" lon="120.49017">
        <ele>191.0</ele>
      </trkpt>
      <trkpt lat="31.274774" lon="120.490162">
        <ele>191.0</ele>
      </trkpt>
      <trkpt lat="31.274774" lon="120.490153">
        <ele>192.0</ele>
      </trkpt>
      <trkpt lat="31.274776" lon="120.490145">
        <ele>192.0</ele>
      </trkpt>
      <trkpt lat="31.274778" lon="120.490137">
        <ele>192.0</ele>
      </trkpt>
      <trkpt lat="31.274784" lon="120.49013">
        <ele>192.0</ele>
      </trkpt>
      <trkpt lat="31.274789" lon="120.490123">
        <ele>192.0</ele>
      </trkpt>
      <trkpt lat="31.274797" lon="120.49012">
        <ele>193.0</ele>
      </trkpt>
      <trkpt lat="31.274804" lon="120.490116">
        <ele>193.0</ele>
      </trkpt>
      <trkpt lat="31.274814" lon="120.490116">
        <ele>193.0</ele>
      </trkpt>
      <trkpt lat="31.274823" lon="120.490115">
        <ele>193.0</ele>
      </trkpt>
      <trkpt lat="31.274836" lon="120.490119">
        <ele>193.0</ele>
      </trkpt>
      <trkpt lat="31.274849" lon="120.490123">
        <ele>194.0</ele>
      </trkpt>
      <trkpt lat="31.274863" lon="120.490132">
        <ele>194.0</ele>
      </trkpt>
      <trkpt lat="31.274877" lon="120.490141">
        <ele>194.0</ele>
      </trkpt>
      <trkpt lat="31.274892" lon="120.490153">
        <ele>195.0</ele>
      </trkpt>
      <trkpt lat="31.274906" lon="120.490165">
        <ele>195.0</ele>
      </trkpt>
      <trkpt lat="31.274921" lon="120.490174">
        <ele>196.0</ele>
      </trkpt>
      <trkpt lat="31.274935" lon="120.490183">
        <ele>196.0</ele>
      </trkpt>
      <trkpt lat="31.274948" lon="120.490185">
        <ele>196.0</ele>
      </trkpt>
      <trkpt lat="31.274961" lon="120.490187">
        <ele>196.0</ele>
      </trkpt>
      <trkpt lat="31.274968" lon="120.490185">
        <ele>196.0</ele>
      </trkpt>
      <trkpt lat="31.274975" lon="120.490184">
        <ele>197.0</ele>
      </trkpt>
      <trkpt lat="31.274982" lon="120.490183">
        <ele>197.0</ele>
      </trkpt>
      <trkpt lat="31.274989" lon="120.490181">
        <ele>197.0</ele>
      </trkpt>
      <trkpt lat="31.274996" lon="120.49018">
        <ele>197.0</ele>
      </trkpt>
      <trkpt lat="31.275002" lon="120.490181">
        <ele>197.0</ele>
      </trkpt>
      <trkpt lat="31.275007" lon="120.490182">
        <ele>198.0</ele>
      </trkpt>
      <trkpt lat="31.275012" lon="120.490187">
        <ele>198.0</ele>
      </trkpt>
      <trkpt lat="31.275017" lon="120.490192">
        <ele>198.0</ele>
      </trkpt>
      <trkpt lat="31.275016" lon="120.490197">
        <ele>199.0</ele>
      </trkpt>
      <trkpt lat="31.275017" lon="120.490199">
        <ele>199.0</ele>
      </trkpt>
      <trkpt lat="31.275018" lon="120.4902">
        <ele>199.0</ele>
      </trkpt>
      <trkpt lat="31.275022" lon="120.490199">
        <ele>199.0</ele>
      </trkpt>
      <trkpt lat="31.275025" lon="120.490198">
        <ele>199.0</ele>
      </trkpt>
      <trkpt lat="31.275035" lon="120.490195">
        <ele>199.0</ele>
      </trkpt>
      <trkpt lat="31.275039" lon="120.490194">
        <ele>199.0</ele>
      </trkpt>
      <trkpt lat="31.275043" lon="120.490193">
        <ele>199.0</ele>
      </trkpt>
      <trkpt lat="31.275042" lon="120.490193">
        <ele>199.0</ele>
      </trkpt>
      <trkpt lat="31.275041" lon="120.490193">
        <ele>199.0</ele>
      </trkpt>
      <trkpt lat="31.275032" lon="120.490197">
        <ele>199.0</ele>
      </trkpt>
      <trkpt lat="31.275024" lon="120.490201">
        <ele>199.0</ele>
      </trkpt>
      <trkpt lat="31.275005" lon="120.490207">
        <ele>199.0</ele>
      </trkpt>
      <trkpt lat="31.275016" lon="120.490219">
        <ele>200.0</ele>
      </trkpt>
      <trkpt lat="31.275021" lon="120.490221">
        <ele>200.0</ele>
      </trkpt>
      <trkpt lat="31.275023" lon="120.490221">
        <ele>200.0</ele>
      </trkpt>
      <trkpt lat="31.275026" lon="120.490221">
        <ele>200.0</ele>
      </trkpt>
      <trkpt lat="31.275026" lon="120.490219">
        <ele>200.0</ele>
      </trkpt>
      <trkpt lat="31.275026" lon="120.490217">
        <ele>200.0</ele>
      </trkpt>
      <trkpt lat="31.275027" lon="120.490214">
        <ele>200.0</ele>
      </trkpt>
      <trkpt lat="31.275027" lon="120.490212">
        <ele>200.0</ele>
      </trkpt>
      <trkpt lat="31.275025" lon="120.490207">
        <ele>200.0</ele>
      </trkpt>
      <trkpt lat="31.275022" lon="120.490203">
        <ele>200.0</ele>
      </trkpt>
      <trkpt lat="31.275019" lon="120.490198">
        <ele>200.0</ele>
      </trkpt>
      <trkpt lat="31.275022" lon="120.490205">
        <ele>200.0</ele>
      </trkpt>
      <trkpt lat="31.275025" lon="120.490211">
        <ele>200.0</ele>
      </trkpt>
      <trkpt lat="31.275029" lon="120.490217">
        <ele>200.0</ele>
      </trkpt>
      <trkpt lat="31.275032" lon="120.490207">
        <ele>200.0</ele>
      </trkpt>
      <trkpt lat="31.275035" lon="120.490208">
        <ele>200.0</ele>
      </trkpt>
      <trkpt lat="31.275038" lon="120.490208">
        <ele>200.0</ele>
      </trkpt>
      <trkpt lat="31.275054" lon="120.490215">
        <ele>202.0</ele>
      </trkpt>
      <trkpt lat="31.275057" lon="120.490217">
        <ele>201.0</ele>
      </trkpt>
      <trkpt lat="31.27506" lon="120.490218">
        <ele>201.0</ele>
      </trkpt>
      <trkpt lat="31.275063" lon="120.49022">
        <ele>201.0</ele>
      </trkpt>
      <trkpt lat="31.275066" lon="120.490221">
        <ele>201.0</ele>
      </trkpt>
      <trkpt lat="31.275074" lon="120.490226">
        <ele>201.0</ele>
      </trkpt>
      <trkpt lat="31.275082" lon="120.49023">
        <ele>201.0</ele>
      </trkpt>
      <trkpt lat="31.275088" lon="120.490231">
        <ele>201.0</ele>
      </trkpt>
      <trkpt lat="31.275095" lon="120.490233">
        <ele>201.0</ele>
      </trkpt>
      <trkpt lat="31.275101" lon="120.490232">
        <ele>201.0</ele>
      </trkpt>
      <trkpt lat="31.275107" lon="120.490232">
        <ele>201.0</ele>
      </trkpt>
      <trkpt lat="31.275121" lon="120.490234">
        <ele>199.0</ele>
      </trkpt>
      <trkpt lat="31.275125" lon="120.490234">
        <ele>199.0</ele>
      </trkpt>
      <trkpt lat="31.275128" lon="120.490235">
        <ele>199.0</ele>
      </trkpt>
      <trkpt lat="31.275132" lon="120.490235">
        <ele>199.0</ele>
      </trkpt>
      <trkpt lat="31.27514" lon="120.490236">
        <ele>199.0</ele>
      </trkpt>
      <trkpt lat="31.275148" lon="120.490238">
        <ele>199.0</ele>
      </trkpt>
      <trkpt lat="31.275154" lon="120.490238">
        <ele>199.0</ele>
      </trkpt>
      <trkpt lat="31.27516" lon="120.490239">
        <ele>198.0</ele>
      </trkpt>
      <trkpt lat="31.27518" lon="120.490245">
        <ele>197.0</ele>
      </trkpt>
      <trkpt lat="31.275198" lon="120.490248">
        <ele>196.0</ele>
      </trkpt>
      <trkpt lat="31.275219" lon="120.490255">
        <ele>196.0</ele>
      </trkpt>
      <trkpt lat="31.275241" lon="120.490259">
        <ele>194.0</ele>
      </trkpt>
      <trkpt lat="31.275266" lon="120.490264">
        <ele>193.0</ele>
      </trkpt>
      <trkpt lat="31.275293" lon="120.490264">
        <ele>191.0</ele>
      </trkpt>
      <trkpt lat="31.275318" lon="120.490269">
        <ele>189.0</ele>
      </trkpt>
      <trkpt lat="31.275333" lon="120.490283">
        <ele>189.0</ele>
      </trkpt>
      <trkpt lat="31.275353" lon="120.490289">
        <ele>189.0</ele>
      </trkpt>
      <trkpt lat="31.275373" lon="120.490289">
        <ele>187.0</ele>
      </trkpt>
      <trkpt lat="31.275397" lon="120.490286">
        <ele>185.0</ele>
      </trkpt>
      <trkpt lat="31.275424" lon="120.490285">
        <ele>185.0</ele>
      </trkpt>
      <trkpt lat="31.275452" lon="120.490285">
        <ele>183.0</ele>
      </trkpt>
      <trkpt lat="31.275478" lon="120.490289">
        <ele>181.0</ele>
      </trkpt>
      <trkpt lat="31.275488" lon="120.490291">
        <ele>180.0</ele>
      </trkpt>
      <trkpt lat="31.275497" lon="120.490293">
        <ele>180.0</ele>
      </trkpt>
      <trkpt lat="31.27551" lon="120.490294">
        <ele>180.0</ele>
      </trkpt>
      <trkpt lat="31.275522" lon="120.490296">
        <ele>180.0</ele>
      </trkpt>
      <trkpt lat="31.275537" lon="120.490284">
        <ele>177.0</ele>
      </trkpt>
      <trkpt lat="31.275547" lon="120.49027">
        <ele>177.0</ele>
      </trkpt>
      <trkpt lat="31.275555" lon="120.490257">
        <ele>175.0</ele>
      </trkpt>
      <trkpt lat="31.275561" lon="120.490249">
        <ele>175.0</ele>
      </trkpt>
      <trkpt lat="31.275566" lon="120.490242">
        <ele>175.0</ele>
      </trkpt>
      <trkpt lat="31.275569" lon="120.49024">
        <ele>175.0</ele>
      </trkpt>
      <trkpt lat="31.275569" lon="120.490242">
        <ele>175.0</ele>
      </trkpt>
      <trkpt lat="31.275569" lon="120.490244">
        <ele>175.0</ele>
      </trkpt>
      <trkpt lat="31.275569" lon="120.490246">
        <ele>175.0</ele>
      </trkpt>
      <trkpt lat="31.275569" lon="120.490248">
        <ele>176.0</ele>
      </trkpt>
      <trkpt lat="31.275568" lon="120.490254">
        <ele>176.0</ele>
      </trkpt>
      <trkpt lat="31.275568" lon="120.490261">
        <ele>176.0</ele>
      </trkpt>
      <trkpt lat="31.275567" lon="120.490268">
        <ele>176.0</ele>
      </trkpt>
      <trkpt lat="31.275565" lon="120.490274">
        <ele>176.0</ele>
      </trkpt>
      <trkpt lat="31.275562" lon="120.49028">
        <ele>177.0</ele>
      </trkpt>
      <trkpt lat="31.275558" lon="120.490285">
        <ele>177.0</ele>
      </trkpt>
      <trkpt lat="31.275555" lon="120.490289">
        <ele>177.0</ele>
      </trkpt>
      <trkpt lat="31.275552" lon="120.490292">
        <ele>177.0</ele>
      </trkpt>
      <trkpt lat="31.275557" lon="120.490291">
        <ele>178.0</ele>
      </trkpt>
      <trkpt lat="31.275563" lon="120.490281">
        <ele>178.0</ele>
      </trkpt>
      <trkpt lat="31.275569" lon="120.490262">
        <ele>175.0</ele>
      </trkpt>
      <trkpt lat="31.275573" lon="120.490243">
        <ele>175.0</ele>
      </trkpt>
      <trkpt lat="31.275576" lon="120.490232">
        <ele>175.0</ele>
      </trkpt>
      <trkpt lat="31.275579" lon="120.49022">
        <ele>175.0</ele>
      </trkpt>
      <trkpt lat="31.275595" lon="120.490201">
        <ele>174.0</ele>
      </trkpt>
      <trkpt lat="31.275612" lon="120.490194">
        <ele>174.0</ele>
      </trkpt>
      <trkpt lat="31.275633" lon="120.490188">
        <ele>172.0</ele>
      </trkpt>
      <trkpt lat="31.275646" lon="120.490183">
        <ele>171.0</ele>
      </trkpt>
      <trkpt lat="31.275659" lon="120.490178">
        <ele>171.0</ele>
      </trkpt>
      <trkpt lat="31.275686" lon="120.490171">
        <ele>168.0</ele>
      </trkpt>
      <trkpt lat="31.275691" lon="120.49017">
        <ele>168.0</ele>
      </trkpt>
      <trkpt lat="31.275696" lon="120.490169">
        <ele>167.0</ele>
      </trkpt>
      <trkpt lat="31.275702" lon="120.490168">
        <ele>167.0</ele>
      </trkpt>
      <trkpt lat="31.275712" lon="120.490167">
        <ele>167.0</ele>
      </trkpt>
      <trkpt lat="31.275723" lon="120.490165">
        <ele>167.0</ele>
      </trkpt>
      <trkpt lat="31.275731" lon="120.490163">
        <ele>167.0</ele>
      </trkpt>
      <trkpt lat="31.275739" lon="120.490161">
        <ele>166.0</ele>
      </trkpt>
      <trkpt lat="31.275746" lon="120.490157">
        <ele>166.0</ele>
      </trkpt>
      <trkpt lat="31.275754" lon="120.490154">
        <ele>166.0</ele>
      </trkpt>
      <trkpt lat="31.275762" lon="120.490152">
        <ele>166.0</ele>
      </trkpt>
      <trkpt lat="31.27577" lon="120.49015">
        <ele>166.0</ele>
      </trkpt>
      <trkpt lat="31.275778" lon="120.490151">
        <ele>165.0</ele>
      </trkpt>
      <trkpt lat="31.275785" lon="120.490153">
        <ele>165.0</ele>
      </trkpt>
      <trkpt lat="31.275803" lon="120.490146">
        <ele>164.0</ele>
      </trkpt>
      <trkpt lat="31.275808" lon="120.490139">
        <ele>164.0</ele>
      </trkpt>
      <trkpt lat="31.275814" lon="120.490133">
        <ele>163.0</ele>
      </trkpt>
      <trkpt lat="31.275828" lon="120.490113">
        <ele>162.0</ele>
      </trkpt>
      <trkpt lat="31.275844" lon="120.490103">
        <ele>160.0</ele>
      </trkpt>
      <trkpt lat="31.275863" lon="120.490095">
        <ele>157.0</ele>
      </trkpt>
      <trkpt lat="31.275875" lon="120.490092">
        <ele>157.0</ele>
      </trkpt>
      <trkpt lat="31.275887" lon="120.490089">
        <ele>157.0</ele>
      </trkpt>
      <trkpt lat="31.275895" lon="120.490088">
        <ele>157.0</ele>
      </trkpt>
      <trkpt lat="31.275904" lon="120.490087">
        <ele>157.0</ele>
      </trkpt>
      <trkpt lat="31.275912" lon="120.490088">
        <ele>157.0</ele>
      </trkpt>
      <trkpt lat="31.27592" lon="120.49009">
        <ele>157.0</ele>
      </trkpt>
      <trkpt lat="31.275927" lon="120.490093">
        <ele>157.0</ele>
      </trkpt>
      <trkpt lat="31.275935" lon="120.490095">
        <ele>156.0</ele>
      </trkpt>
      <trkpt lat="31.275952" lon="120.490108">
        <ele>154.0</ele>
      </trkpt>
      <trkpt lat="31.275969" lon="120.490112">
        <ele>152.0</ele>
      </trkpt>
      <trkpt lat="31.275988" lon="120.490117">
        <ele>150.0</ele>
      </trkpt>
      <trkpt lat="31.276011" lon="120.490125">
        <ele>149.0</ele>
      </trkpt>
      <trkpt lat="31.276034" lon="120.490136">
        <ele>148.0</ele>
      </trkpt>
      <trkpt lat="31.276056" lon="120.490152">
        <ele>146.0</ele>
      </trkpt>
      <trkpt lat="31.276073" lon="120.490163">
        <ele>146.0</ele>
      </trkpt>
      <trkpt lat="31.276083" lon="120.490168">
        <ele>146.0</ele>
      </trkpt>
      <trkpt lat="31.276094" lon="120.490173">
        <ele>146.0</ele>
      </trkpt>
      <trkpt lat="31.276102" lon="120.490175">
        <ele>146.0</ele>
      </trkpt>
      <trkpt lat="31.27611" lon="120.490177">
        <ele>146.0</ele>
      </trkpt>
      <trkpt lat="31.276115" lon="120.49018">
        <ele>146.0</ele>
      </trkpt>
      <trkpt lat="31.276121" lon="120.490182">
        <ele>146.0</ele>
      </trkpt>
      <trkpt lat="31.276124" lon="120.490186">
        <ele>146.0</ele>
      </trkpt>
      <trkpt lat="31.276128" lon="120.490191">
        <ele>146.0</ele>
      </trkpt>
      <trkpt lat="31.276136" lon="120.490204">
        <ele>145.0</ele>
      </trkpt>
      <trkpt lat="31.276148" lon="120.490222">
        <ele>144.0</ele>
      </trkpt>
      <trkpt lat="31.276166" lon="120.490236">
        <ele>142.0</ele>
      </trkpt>
      <trkpt lat="31.276186" lon="120.490253">
        <ele>141.0</ele>
      </trkpt>
      <trkpt lat="31.276202" lon="120.490271">
        <ele>142.0</ele>
      </trkpt>
      <trkpt lat="31.276212" lon="120.490282">
        <ele>142.0</ele>
      </trkpt>
      <trkpt lat="31.276222" lon="120.490293">
        <ele>142.0</ele>
      </trkpt>
      <trkpt lat="31.276229" lon="120.4903">
        <ele>142.0</ele>
      </trkpt>
      <trkpt lat="31.276235" lon="120.490307">
        <ele>142.0</ele>
      </trkpt>
      <trkpt lat="31.276241" lon="120.490314">
        <ele>142.0</ele>
      </trkpt>
      <trkpt lat="31.276247" lon="120.490321">
        <ele>141.0</ele>
      </trkpt>
      <trkpt lat="31.276253" lon="120.490328">
        <ele>141.0</ele>
      </trkpt>
      <trkpt lat="31.276258" lon="120.490336">
        <ele>141.0</ele>
      </trkpt>
      <trkpt lat="31.276273" lon="120.490342">
        <ele>140.0</ele>
      </trkpt>
      <trkpt lat="31.276278" lon="120.490328">
        <ele>140.0</ele>
      </trkpt>
      <trkpt lat="31.276283" lon="120.490308">
        <ele>139.0</ele>
      </trkpt>
      <trkpt lat="31.276284" lon="120.490295">
        <ele>139.0</ele>
      </trkpt>
      <trkpt lat="31.276286" lon="120.490282">
        <ele>139.0</ele>
      </trkpt>
      <trkpt lat="31.276287" lon="120.490272">
        <ele>139.0</ele>
      </trkpt>
      <trkpt lat="31.276288" lon="120.490262">
        <ele>139.0</ele>
      </trkpt>
      <trkpt lat="31.276288" lon="120.490251">
        <ele>139.0</ele>
      </trkpt>
      <trkpt lat="31.276289" lon="120.49024">
        <ele>138.0</ele>
      </trkpt>
      <trkpt lat="31.276289" lon="120.490228">
        <ele>138.0</ele>
      </trkpt>
      <trkpt lat="31.27629" lon="120.490216">
        <ele>138.0</ele>
      </trkpt>
      <trkpt lat="31.27629" lon="120.490205">
        <ele>138.0</ele>
      </trkpt>
      <trkpt lat="31.27629" lon="120.490194">
        <ele>138.0</ele>
      </trkpt>
      <trkpt lat="31.27629" lon="120.490184">
        <ele>138.0</ele>
      </trkpt>
      <trkpt lat="31.27629" lon="120.490175">
        <ele>138.0</ele>
      </trkpt>
      <trkpt lat="31.27629" lon="120.490172">
        <ele>138.0</ele>
      </trkpt>
      <trkpt lat="31.276289" lon="120.49017">
        <ele>138.0</ele>
      </trkpt>
      <trkpt lat="31.276289" lon="120.490168">
        <ele>138.0</ele>
      </trkpt>
      <trkpt lat="31.276289" lon="120.490166">
        <ele>137.0</ele>
      </trkpt>
      <trkpt lat="31.276289" lon="120.490163">
        <ele>137.0</ele>
      </trkpt>
      <trkpt lat="31.276288" lon="120.490155">
        <ele>137.0</ele>
      </trkpt>
      <trkpt lat="31.276288" lon="120.490146">
        <ele>137.0</ele>
      </trkpt>
      <trkpt lat="31.276289" lon="120.490138">
        <ele>137.0</ele>
      </trkpt>
      <trkpt lat="31.27629" lon="120.49013">
        <ele>137.0</ele>
      </trkpt>
      <trkpt lat="31.276293" lon="120.490124">
        <ele>137.0</ele>
      </trkpt>
      <trkpt lat="31.276296" lon="120.490118">
        <ele>137.0</ele>
      </trkpt>
      <trkpt lat="31.276301" lon="120.490114">
        <ele>137.0</ele>
      </trkpt>
      <trkpt lat="31.276305" lon="120.490109">
        <ele>137.0</ele>
      </trkpt>
      <trkpt lat="31.276322" lon="120.49011">
        <ele>136.0</ele>
      </trkpt>
      <trkpt lat="31.276329" lon="120.490114">
        <ele>136.0</ele>
      </trkpt>
      <trkpt lat="31.276336" lon="120.490118">
        <ele>135.0</ele>
      </trkpt>
      <trkpt lat="31.276341" lon="120.490122">
        <ele>135.0</ele>
      </trkpt>
      <trkpt lat="31.276347" lon="120.490127">
        <ele>135.0</ele>
      </trkpt>
      <trkpt lat="31.276349" lon="120.490129">
        <ele>135.0</ele>
      </trkpt>
      <trkpt lat="31.276351" lon="120.490132">
        <ele>135.0</ele>
      </trkpt>
      <trkpt lat="31.276353" lon="120.490134">
        <ele>134.0</ele>
      </trkpt>
      <trkpt lat="31.276355" lon="120.490136">
        <ele>134.0</ele>
      </trkpt>
      <trkpt lat="31.27636" lon="120.490144">
        <ele>134.0</ele>
      </trkpt>
      <trkpt lat="31.276366" lon="120.490152">
        <ele>134.0</ele>
      </trkpt>
      <trkpt lat="31.276369" lon="120.490159">
        <ele>134.0</ele>
      </trkpt>
      <trkpt lat="31.276373" lon="120.490166">
        <ele>133.0</ele>
      </trkpt>
      <trkpt lat="31.276375" lon="120.490172">
        <ele>133.0</ele>
      </trkpt>
      <trkpt lat="31.276378" lon="120.490177">
        <ele>133.0</ele>
      </trkpt>
      <trkpt lat="31.276381" lon="120.490182">
        <ele>133.0</ele>
      </trkpt>
      <trkpt lat="31.276383" lon="120.490187">
        <ele>133.0</ele>
      </trkpt>
      <trkpt lat="31.276394" lon="120.490195">
        <ele>132.0</ele>
      </trkpt>
      <trkpt lat="31.276411" lon="120.490203">
        <ele>131.0</ele>
      </trkpt>
      <trkpt lat="31.276432" lon="120.490214">
        <ele>130.0</ele>
      </trkpt>
      <trkpt lat="31.276453" lon="120.490226">
        <ele>129.0</ele>
      </trkpt>
      <trkpt lat="31.276466" lon="120.490234">
        <ele>129.0</ele>
      </trkpt>
      <trkpt lat="31.276478" lon="120.490241">
        <ele>128.0</ele>
      </trkpt>
      <trkpt lat="31.276486" lon="120.490246">
        <ele>128.0</ele>
      </trkpt>
      <trkpt lat="31.276493" lon="120.490252">
        <ele>128.0</ele>
      </trkpt>
      <trkpt lat="31.276499" lon="120.490256">
        <ele>128.0</ele>
      </trkpt>
      <trkpt lat="31.276504" lon="120.490261">
        <ele>128.0</ele>
      </trkpt>
      <trkpt lat="31.276509" lon="120.490266">
        <ele>127.0</ele>
      </trkpt>
      <trkpt lat="31.276514" lon="120.490271">
        <ele>127.0</ele>
      </trkpt>
      <trkpt lat="31.276518" lon="120.490276">
        <ele>127.0</ele>
      </trkpt>
      <trkpt lat="31.276523" lon="120.490281">
        <ele>127.0</ele>
      </trkpt>
      <trkpt lat="31.276535" lon="120.490288">
        <ele>126.0</ele>
      </trkpt>
      <trkpt lat="31.27654" lon="120.49029">
        <ele>126.0</ele>
      </trkpt>
      <trkpt lat="31.276545" lon="120.490293">
        <ele>126.0</ele>
      </trkpt>
      <trkpt lat="31.276552" lon="120.490297">
        <ele>126.0</ele>
      </trkpt>
      <trkpt lat="31.276559" lon="120.4903">
        <ele>126.0</ele>
      </trkpt>
      <trkpt lat="31.276566" lon="120.490304">
        <ele>126.0</ele>
      </trkpt>
      <trkpt lat="31.276572" lon="120.490307">
        <ele>126.0</ele>
      </trkpt>
      <trkpt lat="31.276579" lon="120.490311">
        <ele>125.0</ele>
      </trkpt>
      <trkpt lat="31.276585" lon="120.490315">
        <ele>125.0</ele>
      </trkpt>
      <trkpt lat="31.276589" lon="120.490318">
        <ele>125.0</ele>
      </trkpt>
      <trkpt lat="31.276593" lon="120.490321">
        <ele>125.0</ele>
      </trkpt>
      <trkpt lat="31.276598" lon="120.490326">
        <ele>125.0</ele>
      </trkpt>
      <trkpt lat="31.276602" lon="120.49033">
        <ele>124.0</ele>
      </trkpt>
      <trkpt lat="31.276607" lon="120.490334">
        <ele>124.0</ele>
      </trkpt>
      <trkpt lat="31.276613" lon="120.490341">
        <ele>123.0</ele>
      </trkpt>
      <trkpt lat="31.276618" lon="120.490348">
        <ele>123.0</ele>
      </trkpt>
      <trkpt lat="31.276622" lon="120.490355">
        <ele>123.0</ele>
      </trkpt>
      <trkpt lat="31.276627" lon="120.490362">
        <ele>122.0</ele>
      </trkpt>
      <trkpt lat="31.276632" lon="120.490368">
        <ele>122.0</ele>
      </trkpt>
      <trkpt lat="31.276637" lon="120.490374">
        <ele>122.0</ele>
      </trkpt>
      <trkpt lat="31.276643" lon="120.490379">
        <ele>122.0</ele>
      </trkpt>
      <trkpt lat="31.27665" lon="120.490384">
        <ele>122.0</ele>
      </trkpt>
      <trkpt lat="31.276657" lon="120.490387">
        <ele>121.0</ele>
      </trkpt>
      <trkpt lat="31.276665" lon="120.49039">
        <ele>121.0</ele>
      </trkpt>
      <trkpt lat="31.27667" lon="120.490391">
        <ele>121.0</ele>
      </trkpt>
      <trkpt lat="31.276674" lon="120.490392">
        <ele>121.0</ele>
      </trkpt>
      <trkpt lat="31.276677" lon="120.490392">
        <ele>121.0</ele>
      </trkpt>
      <trkpt lat="31.27668" lon="120.490392">
        <ele>120.0</ele>
      </trkpt>
      <trkpt lat="31.276683" lon="120.490392">
        <ele>120.0</ele>
      </trkpt>
      <trkpt lat="31.276686" lon="120.490392">
        <ele>120.0</ele>
      </trkpt>
      <trkpt lat="31.276694" lon="120.490391">
        <ele>120.0</ele>
      </trkpt>
      <trkpt lat="31.276703" lon="120.49039">
        <ele>120.0</ele>
      </trkpt>
      <trkpt lat="31.27671" lon="120.490389">
        <ele>120.0</ele>
      </trkpt>
      <trkpt lat="31.276717" lon="120.490388">
        <ele>120.0</ele>
      </trkpt>
      <trkpt lat="31.276729" lon="120.490384">
        <ele>119.0</ele>
      </trkpt>
      <trkpt lat="31.276738" lon="120.490384">
        <ele>119.0</ele>
      </trkpt>
      <trkpt lat="31.276747" lon="120.490383">
        <ele>119.0</ele>
      </trkpt>
      <trkpt lat="31.276754" lon="120.490385">
        <ele>119.0</ele>
      </trkpt>
      <trkpt lat="31.276762" lon="120.490388">
        <ele>119.0</ele>
      </trkpt>
      <trkpt lat="31.276771" lon="120.490392">
        <ele>119.0</ele>
      </trkpt>
      <trkpt lat="31.276779" lon="120.490397">
        <ele>119.0</ele>
      </trkpt>
      <trkpt lat="31.276787" lon="120.490403">
        <ele>120.0</ele>
      </trkpt>
      <trkpt lat="31.276795" lon="120.490408">
        <ele>120.0</ele>
      </trkpt>
      <trkpt lat="31.276803" lon="120.490414">
        <ele>120.0</ele>
      </trkpt>
      <trkpt lat="31.276811" lon="120.490419">
        <ele>120.0</ele>
      </trkpt>
      <trkpt lat="31.276818" lon="120.490423">
        <ele>120.0</ele>
      </trkpt>
      <trkpt lat="31.276825" lon="120.490427">
        <ele>120.0</ele>
      </trkpt>
      <trkpt lat="31.276832" lon="120.49043">
        <ele>120.0</ele>
      </trkpt>
      <trkpt lat="31.276838" lon="120.490433">
        <ele>120.0</ele>
      </trkpt>
      <trkpt lat="31.276845" lon="120.490434">
        <ele>120.0</ele>
      </trkpt>
      <trkpt lat="31.276851" lon="120.490436">
        <ele>120.0</ele>
      </trkpt>
      <trkpt lat="31.276857" lon="120.490437">
        <ele>120.0</ele>
      </trkpt>
      <trkpt lat="31.276863" lon="120.490437">
        <ele>120.0</ele>
      </trkpt>
      <trkpt lat="31.276868" lon="120.490437">
        <ele>120.0</ele>
      </trkpt>
      <trkpt lat="31.276873" lon="120.490437">
        <ele>120.0</ele>
      </trkpt>
      <trkpt lat="31.276877" lon="120.490437">
        <ele>120.0</ele>
      </trkpt>
      <trkpt lat="31.276883" lon="120.490437">
        <ele>120.0</ele>
      </trkpt>
      <trkpt lat="31.276889" lon="120.490436">
        <ele>120.0</ele>
      </trkpt>
      <trkpt lat="31.276891" lon="120.490436">
        <ele>120.0</ele>
      </trkpt>
      <trkpt lat="31.276893" lon="120.490437">
        <ele>120.0</ele>
      </trkpt>
      <trkpt lat="31.276895" lon="120.490437">
        <ele>120.0</ele>
      </trkpt>
      <trkpt lat="31.276897" lon="120.490437">
        <ele>121.0</ele>
      </trkpt>
      <trkpt lat="31.276899" lon="120.490437">
        <ele>121.0</ele>
      </trkpt>
      <trkpt lat="31.276903" lon="120.490437">
        <ele>121.0</ele>
      </trkpt>
      <trkpt lat="31.276907" lon="120.490437">
        <ele>121.0</ele>
      </trkpt>
      <trkpt lat="31.276912" lon="120.490436">
        <ele>121.0</ele>
      </trkpt>
      <trkpt lat="31.276917" lon="120.490436">
        <ele>121.0</ele>
      </trkpt>
      <trkpt lat="31.276932" lon="120.49044">
        <ele>121.0</ele>
      </trkpt>
      <trkpt lat="31.276938" lon="120.490441">
        <ele>121.0</ele>
      </trkpt>
      <trkpt lat="31.276944" lon="120.490442">
        <ele>121.0</ele>
      </trkpt>
      <trkpt lat="31.27695" lon="120.49044">
        <ele>121.0</ele>
      </trkpt>
      <trkpt lat="31.276955" lon="120.490438">
        <ele>121.0</ele>
      </trkpt>
      <trkpt lat="31.276962" lon="120.490437">
        <ele>121.0</ele>
      </trkpt>
      <trkpt lat="31.276968" lon="120.490436">
        <ele>121.0</ele>
      </trkpt>
      <trkpt lat="31.276974" lon="120.490434">
        <ele>121.0</ele>
      </trkpt>
      <trkpt lat="31.276981" lon="120.490434">
        <ele>121.0</ele>
      </trkpt>
      <trkpt lat="31.276987" lon="120.490433">
        <ele>121.0</ele>
      </trkpt>
      <trkpt lat="31.276994" lon="120.490434">
        <ele>121.0</ele>
      </trkpt>
      <trkpt lat="31.277002" lon="120.490434">
        <ele>121.0</ele>
      </trkpt>
      <trkpt lat="31.277008" lon="120.490435">
        <ele>121.0</ele>
      </trkpt>
      <trkpt lat="31.277015" lon="120.490437">
        <ele>121.0</ele>
      </trkpt>
      <trkpt lat="31.277021" lon="120.490437">
        <ele>121.0</ele>
      </trkpt>
      <trkpt lat="31.277026" lon="120.490437">
        <ele>121.0</ele>
      </trkpt>
      <trkpt lat="31.277032" lon="120.490435">
        <ele>121.0</ele>
      </trkpt>
      <trkpt lat="31.277038" lon="120.490434">
        <ele>121.0</ele>
      </trkpt>
      <trkpt lat="31.277043" lon="120.490433">
        <ele>121.0</ele>
      </trkpt>
      <trkpt lat="31.277049" lon="120.490431">
        <ele>122.0</ele>
      </trkpt>
      <trkpt lat="31.277055" lon="120.490429">
        <ele>122.0</ele>
      </trkpt>
      <trkpt lat="31.27706" lon="120.490427">
        <ele>122.0</ele>
      </trkpt>
      <trkpt lat="31.277067" lon="120.490425">
        <ele>122.0</ele>
      </trkpt>
      <trkpt lat="31.277074" lon="120.490422">
        <ele>122.0</ele>
      </trkpt>
      <trkpt lat="31.277082" lon="120.490421">
        <ele>122.0</ele>
      </trkpt>
      <trkpt lat="31.27709" lon="120.490419">
        <ele>122.0</ele>
      </trkpt>
      <trkpt lat="31.277098" lon="120.490418">
        <ele>122.0</ele>
      </trkpt>
      <trkpt lat="31.277105" lon="120.490417">
        <ele>122.0</ele>
      </trkpt>
      <trkpt lat="31.277112" lon="120.490414">
        <ele>122.0</ele>
      </trkpt>
      <trkpt lat="31.277118" lon="120.490412">
        <ele>122.0</ele>
      </trkpt>
      <trkpt lat="31.277125" lon="120.490409">
        <ele>122.0</ele>
      </trkpt>
      <trkpt lat="31.277132" lon="120.490405">
        <ele>122.0</ele>
      </trkpt>
      <trkpt lat="31.277139" lon="120.490399">
        <ele>122.0</ele>
      </trkpt>
      <trkpt lat="31.277146" lon="120.490393">
        <ele>122.0</ele>
      </trkpt>
      <trkpt lat="31.277153" lon="120.490386">
        <ele>122.0</ele>
      </trkpt>
      <trkpt lat="31.277159" lon="120.490378">
        <ele>122.0</ele>
      </trkpt>
      <trkpt lat="31.277166" lon="120.490371">
        <ele>122.0</ele>
      </trkpt>
      <trkpt lat="31.277172" lon="120.490363">
        <ele>122.0</ele>
      </trkpt>
      <trkpt lat="31.277179" lon="120.490357">
        <ele>122.0</ele>
      </trkpt>
      <trkpt lat="31.277187" lon="120.490351">
        <ele>122.0</ele>
      </trkpt>
      <trkpt lat="31.277195" lon="120.490348">
        <ele>122.0</ele>
      </trkpt>
      <trkpt lat="31.277203" lon="120.490345">
        <ele>122.0</ele>
      </trkpt>
      <trkpt lat="31.277211" lon="120.490342">
        <ele>122.0</ele>
      </trkpt>
      <trkpt lat="31.27722" lon="120.49034">
        <ele>122.0</ele>
      </trkpt>
      <trkpt lat="31.277228" lon="120.490337">
        <ele>122.0</ele>
      </trkpt>
      <trkpt lat="31.277236" lon="120.490335">
        <ele>122.0</ele>
      </trkpt>
      <trkpt lat="31.277244" lon="120.490333">
        <ele>122.0</ele>
      </trkpt>
      <trkpt lat="31.277251" lon="120.49033">
        <ele>122.0</ele>
      </trkpt>
      <trkpt lat="31.277259" lon="120.490327">
        <ele>122.0</ele>
      </trkpt>
      <trkpt lat="31.277266" lon="120.490323">
        <ele>122.0</ele>
      </trkpt>
      <trkpt lat="31.277273" lon="120.49032">
        <ele>122.0</ele>
      </trkpt>
      <trkpt lat="31.27728" lon="120.490315">
        <ele>122.0</ele>
      </trkpt>
      <trkpt lat="31.277288" lon="120.490312">
        <ele>122.0</ele>
      </trkpt>
      <trkpt lat="31.277295" lon="120.490308">
        <ele>122.0</ele>
      </trkpt>
      <trkpt lat="31.277303" lon="120.490304">
        <ele>123.0</ele>
      </trkpt>
      <trkpt lat="31.277311" lon="120.4903">
        <ele>123.0</ele>
      </trkpt>
      <trkpt lat="31.277319" lon="120.490296">
        <ele>123.0</ele>
      </trkpt>
      <trkpt lat="31.277327" lon="120.490292">
        <ele>123.0</ele>
      </trkpt>
      <trkpt lat="31.277334" lon="120.490289">
        <ele>123.0</ele>
      </trkpt>
      <trkpt lat="31.277342" lon="120.490287">
        <ele>123.0</ele>
      </trkpt>
      <trkpt lat="31.277349" lon="120.490287">
        <ele>123.0</ele>
      </trkpt>
      <trkpt lat="31.277355" lon="120.490287">
        <ele>123.0</ele>
      </trkpt>
      <trkpt lat="31.277358" lon="120.490287">
        <ele>123.0</ele>
      </trkpt>
      <trkpt lat="31.27736" lon="120.490288">
        <ele>123.0</ele>
      </trkpt>
      <trkpt lat="31.277362" lon="120.490288">
        <ele>124.0</ele>
      </trkpt>
      <trkpt lat="31.277364" lon="120.490289">
        <ele>124.0</ele>
      </trkpt>
      <trkpt lat="31.277369" lon="120.490291">
        <ele>124.0</ele>
      </trkpt>
      <trkpt lat="31.277375" lon="120.490293">
        <ele>124.0</ele>
      </trkpt>
      <trkpt lat="31.277381" lon="120.490295">
        <ele>124.0</ele>
      </trkpt>
      <trkpt lat="31.277387" lon="120.490297">
        <ele>124.0</ele>
      </trkpt>
      <trkpt lat="31.277394" lon="120.490299">
        <ele>124.0</ele>
      </trkpt>
      <trkpt lat="31.277401" lon="120.490301">
        <ele>124.0</ele>
      </trkpt>
      <trkpt lat="31.277409" lon="120.490302">
        <ele>124.0</ele>
      </trkpt>
      <trkpt lat="31.277417" lon="120.490304">
        <ele>124.0</ele>
      </trkpt>
      <trkpt lat="31.277424" lon="120.490304">
        <ele>126.0</ele>
      </trkpt>
      <trkpt lat="31.277429" lon="120.490304">
        <ele>126.0</ele>
      </trkpt>
      <trkpt lat="31.277434" lon="120.490303">
        <ele>126.0</ele>
      </trkpt>
      <trkpt lat="31.277439" lon="120.490304">
        <ele>126.0</ele>
      </trkpt>
      <trkpt lat="31.277445" lon="120.490304">
        <ele>126.0</ele>
      </trkpt>
      <trkpt lat="31.277467" lon="120.490311">
        <ele>127.0</ele>
      </trkpt>
      <trkpt lat="31.277476" lon="120.490313">
        <ele>127.0</ele>
      </trkpt>
      <trkpt lat="31.277485" lon="120.490316">
        <ele>127.0</ele>
      </trkpt>
      <trkpt lat="31.277492" lon="120.490318">
        <ele>127.0</ele>
      </trkpt>
      <trkpt lat="31.277498" lon="120.49032">
        <ele>127.0</ele>
      </trkpt>
      <trkpt lat="31.277505" lon="120.49032">
        <ele>127.0</ele>
      </trkpt>
      <trkpt lat="31.277512" lon="120.49032">
        <ele>127.0</ele>
      </trkpt>
      <trkpt lat="31.277519" lon="120.490321">
        <ele>127.0</ele>
      </trkpt>
      <trkpt lat="31.277526" lon="120.490323">
        <ele>127.0</ele>
      </trkpt>
      <trkpt lat="31.277533" lon="120.490327">
        <ele>127.0</ele>
      </trkpt>
      <trkpt lat="31.27754" lon="120.490331">
        <ele>127.0</ele>
      </trkpt>
      <trkpt lat="31.277547" lon="120.490337">
        <ele>127.0</ele>
      </trkpt>
      <trkpt lat="31.277554" lon="120.490343">
        <ele>127.0</ele>
      </trkpt>
      <trkpt lat="31.277562" lon="120.490349">
        <ele>127.0</ele>
      </trkpt>
      <trkpt lat="31.27757" lon="120.490355">
        <ele>127.0</ele>
      </trkpt>
      <trkpt lat="31.277578" lon="120.490358">
        <ele>127.0</ele>
      </trkpt>
      <trkpt lat="31.277587" lon="120.490361">
        <ele>127.0</ele>
      </trkpt>
      <trkpt lat="31.277595" lon="120.490363">
        <ele>127.0</ele>
      </trkpt>
      <trkpt lat="31.277604" lon="120.490364">
        <ele>127.0</ele>
      </trkpt>
      <trkpt lat="31.277613" lon="120.490366">
        <ele>127.0</ele>
      </trkpt>
      <trkpt lat="31.277622" lon="120.490368">
        <ele>127.0</ele>
      </trkpt>
      <trkpt lat="31.277631" lon="120.490371">
        <ele>127.0</ele>
      </trkpt>
      <trkpt lat="31.277639" lon="120.490374">
        <ele>127.0</ele>
      </trkpt>
      <trkpt lat="31.277648" lon="120.490378">
        <ele>127.0</ele>
      </trkpt>
      <trkpt lat="31.277656" lon="120.490381">
        <ele>127.0</ele>
      </trkpt>
      <trkpt lat="31.277663" lon="120.490384">
        <ele>127.0</ele>
      </trkpt>
      <trkpt lat="31.27767" lon="120.490387">
        <ele>127.0</ele>
      </trkpt>
      <trkpt lat="31.277678" lon="120.490388">
        <ele>128.0</ele>
      </trkpt>
      <trkpt lat="31.277684" lon="120.490389">
        <ele>128.0</ele>
      </trkpt>
      <trkpt lat="31.277692" lon="120.49039">
        <ele>128.0</ele>
      </trkpt>
      <trkpt lat="31.277699" lon="120.49039">
        <ele>128.0</ele>
      </trkpt>
      <trkpt lat="31.277706" lon="120.490391">
        <ele>128.0</ele>
      </trkpt>
      <trkpt lat="31.277714" lon="120.490393">
        <ele>128.0</ele>
      </trkpt>
      <trkpt lat="31.277721" lon="120.490394">
        <ele>128.0</ele>
      </trkpt>
      <trkpt lat="31.277728" lon="120.490395">
        <ele>128.0</ele>
      </trkpt>
      <trkpt lat="31.277735" lon="120.490396">
        <ele>128.0</ele>
      </trkpt>
      <trkpt lat="31.277743" lon="120.490397">
        <ele>128.0</ele>
      </trkpt>
      <trkpt lat="31.277751" lon="120.490399">
        <ele>129.0</ele>
      </trkpt>
      <trkpt lat="31.277759" lon="120.490401">
        <ele>129.0</ele>
      </trkpt>
      <trkpt lat="31.277767" lon="120.490402">
        <ele>129.0</ele>
      </trkpt>
      <trkpt lat="31.277774" lon="120.490404">
        <ele>129.0</ele>
      </trkpt>
      <trkpt lat="31.277782" lon="120.490405">
        <ele>129.0</ele>
      </trkpt>
      <trkpt lat="31.277791" lon="120.490406">
        <ele>129.0</ele>
      </trkpt>
      <trkpt lat="31.277799" lon="120.490406">
        <ele>129.0</ele>
      </trkpt>
      <trkpt lat="31.277807" lon="120.490406">
        <ele>129.0</ele>
      </trkpt>
      <trkpt lat="31.277816" lon="120.490406">
        <ele>129.0</ele>
      </trkpt>
      <trkpt lat="31.277825" lon="120.490406">
        <ele>129.0</ele>
      </trkpt>
      <trkpt lat="31.277834" lon="120.490406">
        <ele>129.0</ele>
      </trkpt>
      <trkpt lat="31.277842" lon="120.490406">
        <ele>129.0</ele>
      </trkpt>
      <trkpt lat="31.277851" lon="120.490405">
        <ele>129.0</ele>
      </trkpt>
      <trkpt lat="31.27786" lon="120.490405">
        <ele>129.0</ele>
      </trkpt>
      <trkpt lat="31.277869" lon="120.490405">
        <ele>129.0</ele>
      </trkpt>
      <trkpt lat="31.277877" lon="120.490404">
        <ele>130.0</ele>
      </trkpt>
      <trkpt lat="31.277885" lon="120.490403">
        <ele>130.0</ele>
      </trkpt>
      <trkpt lat="31.277893" lon="120.490403">
        <ele>130.0</ele>
      </trkpt>
      <trkpt lat="31.2779" lon="120.490401">
        <ele>130.0</ele>
      </trkpt>
      <trkpt lat="31.277907" lon="120.4904">
        <ele>130.0</ele>
      </trkpt>
      <trkpt lat="31.27791" lon="120.490399">
        <ele>130.0</ele>
      </trkpt>
      <trkpt lat="31.277914" lon="120.490397">
        <ele>130.0</ele>
      </trkpt>
      <trkpt lat="31.277922" lon="120.490395">
        <ele>130.0</ele>
      </trkpt>
      <trkpt lat="31.277929" lon="120.490392">
        <ele>130.0</ele>
      </trkpt>
      <trkpt lat="31.277933" lon="120.49039">
        <ele>130.0</ele>
      </trkpt>
      <trkpt lat="31.277936" lon="120.490389">
        <ele>130.0</ele>
      </trkpt>
      <trkpt lat="31.277942" lon="120.490385">
        <ele>130.0</ele>
      </trkpt>
      <trkpt lat="31.277949" lon="120.490382">
        <ele>130.0</ele>
      </trkpt>
      <trkpt lat="31.277955" lon="120.490378">
        <ele>130.0</ele>
      </trkpt>
      <trkpt lat="31.277961" lon="120.490373">
        <ele>130.0</ele>
      </trkpt>
      <trkpt lat="31.277967" lon="120.490369">
        <ele>130.0</ele>
      </trkpt>
      <trkpt lat="31.277974" lon="120.490364">
        <ele>130.0</ele>
      </trkpt>
      <trkpt lat="31.277981" lon="120.490362">
        <ele>130.0</ele>
      </trkpt>
      <trkpt lat="31.277988" lon="120.49036">
        <ele>130.0</ele>
      </trkpt>
      <trkpt lat="31.277995" lon="120.490358">
        <ele>130.0</ele>
      </trkpt>
      <trkpt lat="31.278002" lon="120.490356">
        <ele>130.0</ele>
      </trkpt>
      <trkpt lat="31.278007" lon="120.490355">
        <ele>130.0</ele>
      </trkpt>
      <trkpt lat="31.278012" lon="120.490353">
        <ele>130.0</ele>
      </trkpt>
      <trkpt lat="31.278016" lon="120.490352">
        <ele>130.0</ele>
      </trkpt>
      <trkpt lat="31.278023" lon="120.490349">
        <ele>130.0</ele>
      </trkpt>
      <trkpt lat="31.278029" lon="120.490347">
        <ele>130.0</ele>
      </trkpt>
      <trkpt lat="31.278035" lon="120.490343">
        <ele>130.0</ele>
      </trkpt>
      <trkpt lat="31.278041" lon="120.490339">
        <ele>130.0</ele>
      </trkpt>
      <trkpt lat="31.278047" lon="120.490336">
        <ele>130.0</ele>
      </trkpt>
      <trkpt lat="31.278053" lon="120.490334">
        <ele>130.0</ele>
      </trkpt>
      <trkpt lat="31.27806" lon="120.490331">
        <ele>130.0</ele>
      </trkpt>
      <trkpt lat="31.278066" lon="120.490329">
        <ele>130.0</ele>
      </trkpt>
      <trkpt lat="31.278072" lon="120.490326">
        <ele>130.0</ele>
      </trkpt>
      <trkpt lat="31.278078" lon="120.490323">
        <ele>130.0</ele>
      </trkpt>
      <trkpt lat="31.278084" lon="120.49032">
        <ele>130.0</ele>
      </trkpt>
      <trkpt lat="31.27809" lon="120.490317">
        <ele>130.0</ele>
      </trkpt>
      <trkpt lat="31.278096" lon="120.490314">
        <ele>130.0</ele>
      </trkpt>
      <trkpt lat="31.278101" lon="120.490311">
        <ele>130.0</ele>
      </trkpt>
      <trkpt lat="31.278103" lon="120.49031">
        <ele>130.0</ele>
      </trkpt>
      <trkpt lat="31.278105" lon="120.490309">
        <ele>130.0</ele>
      </trkpt>
      <trkpt lat="31.278108" lon="120.490307">
        <ele>131.0</ele>
      </trkpt>
      <trkpt lat="31.278111" lon="120.490304">
        <ele>131.0</ele>
      </trkpt>
      <trkpt lat="31.278115" lon="120.490301">
        <ele>131.0</ele>
      </trkpt>
      <trkpt lat="31.278119" lon="120.490296">
        <ele>131.0</ele>
      </trkpt>
      <trkpt lat="31.278123" lon="120.490291">
        <ele>131.0</ele>
      </trkpt>
      <trkpt lat="31.278127" lon="120.490284">
        <ele>131.0</ele>
      </trkpt>
      <trkpt lat="31.278131" lon="120.490277">
        <ele>131.0</ele>
      </trkpt>
      <trkpt lat="31.278135" lon="120.490269">
        <ele>131.0</ele>
      </trkpt>
      <trkpt lat="31.27814" lon="120.490261">
        <ele>131.0</ele>
      </trkpt>
      <trkpt lat="31.278146" lon="120.490254">
        <ele>131.0</ele>
      </trkpt>
      <trkpt lat="31.278152" lon="120.490247">
        <ele>131.0</ele>
      </trkpt>
      <trkpt lat="31.278158" lon="120.490239">
        <ele>131.0</ele>
      </trkpt>
      <trkpt lat="31.278164" lon="120.490232">
        <ele>131.0</ele>
      </trkpt>
      <trkpt lat="31.278169" lon="120.490224">
        <ele>131.0</ele>
      </trkpt>
      <trkpt lat="31.278175" lon="120.490217">
        <ele>131.0</ele>
      </trkpt>
      <trkpt lat="31.278176" lon="120.490214">
        <ele>131.0</ele>
      </trkpt>
      <trkpt lat="31.278178" lon="120.490211">
        <ele>130.0</ele>
      </trkpt>
      <trkpt lat="31.27818" lon="120.490208">
        <ele>130.0</ele>
      </trkpt>
      <trkpt lat="31.278183" lon="120.490201">
        <ele>130.0</ele>
      </trkpt>
      <trkpt lat="31.278186" lon="120.490194">
        <ele>130.0</ele>
      </trkpt>
      <trkpt lat="31.278189" lon="120.490188">
        <ele>130.0</ele>
      </trkpt>
      <trkpt lat="31.278193" lon="120.490182">
        <ele>130.0</ele>
      </trkpt>
      <trkpt lat="31.278198" lon="120.490177">
        <ele>130.0</ele>
      </trkpt>
      <trkpt lat="31.278203" lon="120.490172">
        <ele>130.0</ele>
      </trkpt>
      <trkpt lat="31.278208" lon="120.490168">
        <ele>130.0</ele>
      </trkpt>
      <trkpt lat="31.278214" lon="120.490165">
        <ele>130.0</ele>
      </trkpt>
      <trkpt lat="31.27822" lon="120.490162">
        <ele>130.0</ele>
      </trkpt>
      <trkpt lat="31.278225" lon="120.490158">
        <ele>130.0</ele>
      </trkpt>
      <trkpt lat="31.27823" lon="120.490155">
        <ele>130.0</ele>
      </trkpt>
      <trkpt lat="31.278234" lon="120.490152">
        <ele>130.0</ele>
      </trkpt>
      <trkpt lat="31.278239" lon="120.490149">
        <ele>130.0</ele>
      </trkpt>
      <trkpt lat="31.278244" lon="120.490145">
        <ele>130.0</ele>
      </trkpt>
      <trkpt lat="31.278249" lon="120.490142">
        <ele>130.0</ele>
      </trkpt>
      <trkpt lat="31.278254" lon="120.490138">
        <ele>130.0</ele>
      </trkpt>
      <trkpt lat="31.27826" lon="120.490135">
        <ele>130.0</ele>
      </trkpt>
      <trkpt lat="31.278266" lon="120.490132">
        <ele>130.0</ele>
      </trkpt>
      <trkpt lat="31.278273" lon="120.49013">
        <ele>130.0</ele>
      </trkpt>
      <trkpt lat="31.278281" lon="120.490127">
        <ele>130.0</ele>
      </trkpt>
      <trkpt lat="31.278289" lon="120.490124">
        <ele>130.0</ele>
      </trkpt>
      <trkpt lat="31.278297" lon="120.490121">
        <ele>130.0</ele>
      </trkpt>
      <trkpt lat="31.278304" lon="120.490117">
        <ele>130.0</ele>
      </trkpt>
      <trkpt lat="31.278311" lon="120.490113">
        <ele>130.0</ele>
      </trkpt>
      <trkpt lat="31.278317" lon="120.49011">
        <ele>130.0</ele>
      </trkpt>
      <trkpt lat="31.278324" lon="120.490106">
        <ele>130.0</ele>
      </trkpt>
      <trkpt lat="31.27833" lon="120.490103">
        <ele>130.0</ele>
      </trkpt>
      <trkpt lat="31.278336" lon="120.490099">
        <ele>130.0</ele>
      </trkpt>
      <trkpt lat="31.278343" lon="120.490096">
        <ele>130.0</ele>
      </trkpt>
      <trkpt lat="31.278349" lon="120.490093">
        <ele>130.0</ele>
      </trkpt>
      <trkpt lat="31.278356" lon="120.490088">
        <ele>130.0</ele>
      </trkpt>
      <trkpt lat="31.278363" lon="120.490084">
        <ele>130.0</ele>
      </trkpt>
      <trkpt lat="31.27837" lon="120.490079">
        <ele>130.0</ele>
      </trkpt>
      <trkpt lat="31.278378" lon="120.490074">
        <ele>130.0</ele>
      </trkpt>
      <trkpt lat="31.278385" lon="120.490068">
        <ele>130.0</ele>
      </trkpt>
      <trkpt lat="31.278393" lon="120.490063">
        <ele>130.0</ele>
      </trkpt>
      <trkpt lat="31.278399" lon="120.490057">
        <ele>130.0</ele>
      </trkpt>
      <trkpt lat="31.278406" lon="120.490051">
        <ele>130.0</ele>
      </trkpt>
      <trkpt lat="31.278413" lon="120.490045">
        <ele>130.0</ele>
      </trkpt>
      <trkpt lat="31.27842" lon="120.490039">
        <ele>130.0</ele>
      </trkpt>
      <trkpt lat="31.278425" lon="120.490033">
        <ele>130.0</ele>
      </trkpt>
      <trkpt lat="31.278431" lon="120.490026">
        <ele>130.0</ele>
      </trkpt>
      <trkpt lat="31.278436" lon="120.490019">
        <ele>130.0</ele>
      </trkpt>
      <trkpt lat="31.278441" lon="120.490012">
        <ele>130.0</ele>
      </trkpt>
      <trkpt lat="31.278446" lon="120.490004">
        <ele>130.0</ele>
      </trkpt>
      <trkpt lat="31.278451" lon="120.489996">
        <ele>130.0</ele>
      </trkpt>
      <trkpt lat="31.278457" lon="120.489989">
        <ele>130.0</ele>
      </trkpt>
      <trkpt lat="31.278462" lon="120.489982">
        <ele>131.0</ele>
      </trkpt>
      <trkpt lat="31.278468" lon="120.489975">
        <ele>131.0</ele>
      </trkpt>
      <trkpt lat="31.278475" lon="120.489969">
        <ele>131.0</ele>
      </trkpt>
      <trkpt lat="31.278481" lon="120.489963">
        <ele>131.0</ele>
      </trkpt>
      <trkpt lat="31.278487" lon="120.489957">
        <ele>131.0</ele>
      </trkpt>
      <trkpt lat="31.278494" lon="120.489952">
        <ele>131.0</ele>
      </trkpt>
      <trkpt lat="31.2785" lon="120.489948">
        <ele>131.0</ele>
      </trkpt>
      <trkpt lat="31.278507" lon="120.489944">
        <ele>131.0</ele>
      </trkpt>
      <trkpt lat="31.278514" lon="120.48994">
        <ele>131.0</ele>
      </trkpt>
      <trkpt lat="31.278521" lon="120.489937">
        <ele>131.0</ele>
      </trkpt>
      <trkpt lat="31.278528" lon="120.489933">
        <ele>131.0</ele>
      </trkpt>
      <trkpt lat="31.278535" lon="120.489931">
        <ele>131.0</ele>
      </trkpt>
      <trkpt lat="31.278542" lon="120.489928">
        <ele>131.0</ele>
      </trkpt>
      <trkpt lat="31.278548" lon="120.489925">
        <ele>131.0</ele>
      </trkpt>
      <trkpt lat="31.278554" lon="120.489923">
        <ele>131.0</ele>
      </trkpt>
      <trkpt lat="31.27856" lon="120.489921">
        <ele>132.0</ele>
      </trkpt>
      <trkpt lat="31.278565" lon="120.489919">
        <ele>132.0</ele>
      </trkpt>
      <trkpt lat="31.278571" lon="120.489918">
        <ele>132.0</ele>
      </trkpt>
      <trkpt lat="31.278576" lon="120.489916">
        <ele>132.0</ele>
      </trkpt>
      <trkpt lat="31.278582" lon="120.489915">
        <ele>132.0</ele>
      </trkpt>
      <trkpt lat="31.278588" lon="120.489914">
        <ele>132.0</ele>
      </trkpt>
      <trkpt lat="31.278594" lon="120.489913">
        <ele>132.0</ele>
      </trkpt>
      <trkpt lat="31.2786" lon="120.489912">
        <ele>132.0</ele>
      </trkpt>
      <trkpt lat="31.278607" lon="120.489912">
        <ele>132.0</ele>
      </trkpt>
      <trkpt lat="31.278613" lon="120.489912">
        <ele>132.0</ele>
      </trkpt>
      <trkpt lat="31.278617" lon="120.489912">
        <ele>132.0</ele>
      </trkpt>
      <trkpt lat="31.278621" lon="120.489913">
        <ele>132.0</ele>
      </trkpt>
      <trkpt lat="31.278628" lon="120.489914">
        <ele>132.0</ele>
      </trkpt>
      <trkpt lat="31.278634" lon="120.489915">
        <ele>132.0</ele>
      </trkpt>
      <trkpt lat="31.27864" lon="120.489917">
        <ele>132.0</ele>
      </trkpt>
      <trkpt lat="31.278646" lon="120.489919">
        <ele>133.0</ele>
      </trkpt>
      <trkpt lat="31.27865" lon="120.48992">
        <ele>133.0</ele>
      </trkpt>
      <trkpt lat="31.278654" lon="120.489921">
        <ele>133.0</ele>
      </trkpt>
      <trkpt lat="31.27866" lon="120.489923">
        <ele>133.0</ele>
      </trkpt>
      <trkpt lat="31.278667" lon="120.489925">
        <ele>133.0</ele>
      </trkpt>
      <trkpt lat="31.278673" lon="120.489927">
        <ele>133.0</ele>
      </trkpt>
      <trkpt lat="31.27868" lon="120.489929">
        <ele>133.0</ele>
      </trkpt>
      <trkpt lat="31.278686" lon="120.48993">
        <ele>133.0</ele>
      </trkpt>
      <trkpt lat="31.278693" lon="120.489931">
        <ele>133.0</ele>
      </trkpt>
      <trkpt lat="31.2787" lon="120.489932">
        <ele>133.0</ele>
      </trkpt>
      <trkpt lat="31.278706" lon="120.489934">
        <ele>134.0</ele>
      </trkpt>
      <trkpt lat="31.278721" lon="120.489925">
        <ele>136.0</ele>
      </trkpt>
      <trkpt lat="31.278724" lon="120.48992">
        <ele>135.0</ele>
      </trkpt>
      <trkpt lat="31.278727" lon="120.489916">
        <ele>135.0</ele>
      </trkpt>
      <trkpt lat="31.27873" lon="120.489913">
        <ele>135.0</ele>
      </trkpt>
      <trkpt lat="31.278733" lon="120.489908">
        <ele>135.0</ele>
      </trkpt>
      <trkpt lat="31.278737" lon="120.489904">
        <ele>135.0</ele>
      </trkpt>
      <trkpt lat="31.278739" lon="120.489901">
        <ele>135.0</ele>
      </trkpt>
      <trkpt lat="31.278741" lon="120.489898">
        <ele>135.0</ele>
      </trkpt>
      <trkpt lat="31.278743" lon="120.489892">
        <ele>135.0</ele>
      </trkpt>
      <trkpt lat="31.278745" lon="120.489886">
        <ele>135.0</ele>
      </trkpt>
      <trkpt lat="31.278746" lon="120.489878">
        <ele>135.0</ele>
      </trkpt>
      <trkpt lat="31.278747" lon="120.489871">
        <ele>135.0</ele>
      </trkpt>
      <trkpt lat="31.278746" lon="120.489866">
        <ele>134.0</ele>
      </trkpt>
      <trkpt lat="31.278745" lon="120.489862">
        <ele>134.0</ele>
      </trkpt>
      <trkpt lat="31.278743" lon="120.489855">
        <ele>134.0</ele>
      </trkpt>
      <trkpt lat="31.278741" lon="120.489848">
        <ele>134.0</ele>
      </trkpt>
      <trkpt lat="31.278738" lon="120.489842">
        <ele>134.0</ele>
      </trkpt>
      <trkpt lat="31.278735" lon="120.489837">
        <ele>134.0</ele>
      </trkpt>
      <trkpt lat="31.278731" lon="120.489831">
        <ele>134.0</ele>
      </trkpt>
      <trkpt lat="31.278727" lon="120.489825">
        <ele>134.0</ele>
      </trkpt>
      <trkpt lat="31.278727" lon="120.489808">
        <ele>133.0</ele>
      </trkpt>
      <trkpt lat="31.278728" lon="120.489802">
        <ele>132.0</ele>
      </trkpt>
      <trkpt lat="31.278729" lon="120.489795">
        <ele>132.0</ele>
      </trkpt>
      <trkpt lat="31.278732" lon="120.489786">
        <ele>132.0</ele>
      </trkpt>
      <trkpt lat="31.278735" lon="120.489777">
        <ele>132.0</ele>
      </trkpt>
      <trkpt lat="31.278739" lon="120.489771">
        <ele>132.0</ele>
      </trkpt>
      <trkpt lat="31.278743" lon="120.489764">
        <ele>132.0</ele>
      </trkpt>
      <trkpt lat="31.278745" lon="120.489762">
        <ele>132.0</ele>
      </trkpt>
      <trkpt lat="31.278746" lon="120.489759">
        <ele>132.0</ele>
      </trkpt>
      <trkpt lat="31.278748" lon="120.489757">
        <ele>132.0</ele>
      </trkpt>
      <trkpt lat="31.278749" lon="120.489751">
        <ele>132.0</ele>
      </trkpt>
      <trkpt lat="31.278751" lon="120.489746">
        <ele>131.0</ele>
      </trkpt>
      <trkpt lat="31.27875" lon="120.48974">
        <ele>131.0</ele>
      </trkpt>
      <trkpt lat="31.278749" lon="120.489734">
        <ele>131.0</ele>
      </trkpt>
      <trkpt lat="31.278748" lon="120.489728">
        <ele>131.0</ele>
      </trkpt>
      <trkpt lat="31.278747" lon="120.489721">
        <ele>131.0</ele>
      </trkpt>
      <trkpt lat="31.278746" lon="120.489714">
        <ele>131.0</ele>
      </trkpt>
      <trkpt lat="31.278746" lon="120.489706">
        <ele>131.0</ele>
      </trkpt>
      <trkpt lat="31.278747" lon="120.489699">
        <ele>131.0</ele>
      </trkpt>
      <trkpt lat="31.278748" lon="120.489691">
        <ele>131.0</ele>
      </trkpt>
      <trkpt lat="31.278748" lon="120.489684">
        <ele>131.0</ele>
      </trkpt>
      <trkpt lat="31.278748" lon="120.489678">
        <ele>130.0</ele>
      </trkpt>
      <trkpt lat="31.278745" lon="120.489673">
        <ele>130.0</ele>
      </trkpt>
      <trkpt lat="31.278742" lon="120.489667">
        <ele>130.0</ele>
      </trkpt>
      <trkpt lat="31.278737" lon="120.489662">
        <ele>130.0</ele>
      </trkpt>
      <trkpt lat="31.278732" lon="120.489656">
        <ele>130.0</ele>
      </trkpt>
      <trkpt lat="31.278727" lon="120.489649">
        <ele>129.0</ele>
      </trkpt>
      <trkpt lat="31.278722" lon="120.489642">
        <ele>129.0</ele>
      </trkpt>
      <trkpt lat="31.278718" lon="120.489634">
        <ele>129.0</ele>
      </trkpt>
      <trkpt lat="31.278713" lon="120.489626">
        <ele>129.0</ele>
      </trkpt>
      <trkpt lat="31.278712" lon="120.489618">
        <ele>129.0</ele>
      </trkpt>
      <trkpt lat="31.278711" lon="120.489609">
        <ele>128.0</ele>
      </trkpt>
      <trkpt lat="31.278713" lon="120.489601">
        <ele>128.0</ele>
      </trkpt>
      <trkpt lat="31.278715" lon="120.489594">
        <ele>128.0</ele>
      </trkpt>
      <trkpt lat="31.278718" lon="120.489585">
        <ele>128.0</ele>
      </trkpt>
      <trkpt lat="31.278719" lon="120.489579">
        <ele>128.0</ele>
      </trkpt>
      <trkpt lat="31.278721" lon="120.489573">
        <ele>128.0</ele>
      </trkpt>
      <trkpt lat="31.27872" lon="120.489567">
        <ele>128.0</ele>
      </trkpt>
      <trkpt lat="31.27872" lon="120.48956">
        <ele>128.0</ele>
      </trkpt>
      <trkpt lat="31.27872" lon="120.489553">
        <ele>128.0</ele>
      </trkpt>
      <trkpt lat="31.27872" lon="120.489545">
        <ele>128.0</ele>
      </trkpt>
      <trkpt lat="31.278721" lon="120.489531">
        <ele>127.0</ele>
      </trkpt>
      <trkpt lat="31.278721" lon="120.489521">
        <ele>127.0</ele>
      </trkpt>
      <trkpt lat="31.278721" lon="120.48951">
        <ele>127.0</ele>
      </trkpt>
      <trkpt lat="31.27872" lon="120.489501">
        <ele>126.0</ele>
      </trkpt>
      <trkpt lat="31.278718" lon="120.489491">
        <ele>126.0</ele>
      </trkpt>
      <trkpt lat="31.278715" lon="120.48948">
        <ele>126.0</ele>
      </trkpt>
      <trkpt lat="31.278712" lon="120.489469">
        <ele>126.0</ele>
      </trkpt>
      <trkpt lat="31.278708" lon="120.489457">
        <ele>126.0</ele>
      </trkpt>
      <trkpt lat="31.278705" lon="120.489446">
        <ele>126.0</ele>
      </trkpt>
      <trkpt lat="31.278703" lon="120.489434">
        <ele>126.0</ele>
      </trkpt>
      <trkpt lat="31.278701" lon="120.489422">
        <ele>126.0</ele>
      </trkpt>
      <trkpt lat="31.2787" lon="120.489411">
        <ele>126.0</ele>
      </trkpt>
      <trkpt lat="31.278699" lon="120.489399">
        <ele>126.0</ele>
      </trkpt>
      <trkpt lat="31.278701" lon="120.489388">
        <ele>125.0</ele>
      </trkpt>
      <trkpt lat="31.278703" lon="120.489378">
        <ele>125.0</ele>
      </trkpt>
      <trkpt lat="31.278706" lon="120.489368">
        <ele>125.0</ele>
      </trkpt>
      <trkpt lat="31.27871" lon="120.489357">
        <ele>125.0</ele>
      </trkpt>
      <trkpt lat="31.278713" lon="120.489347">
        <ele>125.0</ele>
      </trkpt>
      <trkpt lat="31.278716" lon="120.489337">
        <ele>125.0</ele>
      </trkpt>
      <trkpt lat="31.278718" lon="120.489327">
        <ele>125.0</ele>
      </trkpt>
      <trkpt lat="31.27872" lon="120.489317">
        <ele>125.0</ele>
      </trkpt>
      <trkpt lat="31.278723" lon="120.489307">
        <ele>125.0</ele>
      </trkpt>
      <trkpt lat="31.278725" lon="120.489297">
        <ele>125.0</ele>
      </trkpt>
      <trkpt lat="31.278727" lon="120.489287">
        <ele>124.0</ele>
      </trkpt>
      <trkpt lat="31.278729" lon="120.489277">
        <ele>124.0</ele>
      </trkpt>
      <trkpt lat="31.278731" lon="120.489267">
        <ele>124.0</ele>
      </trkpt>
      <trkpt lat="31.278734" lon="120.489257">
        <ele>124.0</ele>
      </trkpt>
      <trkpt lat="31.278738" lon="120.489247">
        <ele>124.0</ele>
      </trkpt>
      <trkpt lat="31.278742" lon="120.489238">
        <ele>124.0</ele>
      </trkpt>
      <trkpt lat="31.278747" lon="120.489228">
        <ele>124.0</ele>
      </trkpt>
      <trkpt lat="31.278751" lon="120.489218">
        <ele>124.0</ele>
      </trkpt>
      <trkpt lat="31.278756" lon="120.48921">
        <ele>124.0</ele>
      </trkpt>
      <trkpt lat="31.278761" lon="120.489201">
        <ele>124.0</ele>
      </trkpt>
      <trkpt lat="31.278766" lon="120.489193">
        <ele>123.0</ele>
      </trkpt>
      <trkpt lat="31.278771" lon="120.489184">
        <ele>123.0</ele>
      </trkpt>
      <trkpt lat="31.278777" lon="120.489176">
        <ele>123.0</ele>
      </trkpt>
      <trkpt lat="31.278783" lon="120.489169">
        <ele>123.0</ele>
      </trkpt>
      <trkpt lat="31.278792" lon="120.489165">
        <ele>123.0</ele>
      </trkpt>
      <trkpt lat="31.278798" lon="120.489166">
        <ele>123.0</ele>
      </trkpt>
      <trkpt lat="31.278803" lon="120.489166">
        <ele>123.0</ele>
      </trkpt>
      <trkpt lat="31.278807" lon="120.48917">
        <ele>123.0</ele>
      </trkpt>
      <trkpt lat="31.278811" lon="120.489174">
        <ele>123.0</ele>
      </trkpt>
      <trkpt lat="31.278816" lon="120.489178">
        <ele>123.0</ele>
      </trkpt>
      <trkpt lat="31.27882" lon="120.489183">
        <ele>123.0</ele>
      </trkpt>
      <trkpt lat="31.278823" lon="120.489184">
        <ele>123.0</ele>
      </trkpt>
      <trkpt lat="31.278826" lon="120.489186">
        <ele>123.0</ele>
      </trkpt>
      <trkpt lat="31.278832" lon="120.489189">
        <ele>123.0</ele>
      </trkpt>
      <trkpt lat="31.278838" lon="120.489192">
        <ele>123.0</ele>
      </trkpt>
      <trkpt lat="31.278844" lon="120.489195">
        <ele>123.0</ele>
      </trkpt>
      <trkpt lat="31.278851" lon="120.489197">
        <ele>123.0</ele>
      </trkpt>
      <trkpt lat="31.278855" lon="120.489197">
        <ele>123.0</ele>
      </trkpt>
      <trkpt lat="31.278853" lon="120.489196">
        <ele>123.0</ele>
      </trkpt>
      <trkpt lat="31.278851" lon="120.489195">
        <ele>123.0</ele>
      </trkpt>
      <trkpt lat="31.278849" lon="120.489194">
        <ele>123.0</ele>
      </trkpt>
      <trkpt lat="31.278844" lon="120.489192">
        <ele>123.0</ele>
      </trkpt>
      <trkpt lat="31.278838" lon="120.48919">
        <ele>123.0</ele>
      </trkpt>
      <trkpt lat="31.278832" lon="120.489187">
        <ele>123.0</ele>
      </trkpt>
      <trkpt lat="31.278827" lon="120.489184">
        <ele>123.0</ele>
      </trkpt>
      <trkpt lat="31.27882" lon="120.48918">
        <ele>123.0</ele>
      </trkpt>
      <trkpt lat="31.278815" lon="120.489176">
        <ele>123.0</ele>
      </trkpt>
      <trkpt lat="31.27881" lon="120.48917">
        <ele>123.0</ele>
      </trkpt>
      <trkpt lat="31.278805" lon="120.489163">
        <ele>123.0</ele>
      </trkpt>
      <trkpt lat="31.278804" lon="120.489154">
        <ele>123.0</ele>
      </trkpt>
      <trkpt lat="31.278803" lon="120.489146">
        <ele>123.0</ele>
      </trkpt>
      <trkpt lat="31.278804" lon="120.489136">
        <ele>123.0</ele>
      </trkpt>
      <trkpt lat="31.278806" lon="120.489127">
        <ele>123.0</ele>
      </trkpt>
      <trkpt lat="31.278808" lon="120.489117">
        <ele>123.0</ele>
      </trkpt>
      <trkpt lat="31.278811" lon="120.489107">
        <ele>123.0</ele>
      </trkpt>
      <trkpt lat="31.278814" lon="120.489097">
        <ele>123.0</ele>
      </trkpt>
      <trkpt lat="31.278817" lon="120.489086">
        <ele>123.0</ele>
      </trkpt>
      <trkpt lat="31.27882" lon="120.489077">
        <ele>123.0</ele>
      </trkpt>
      <trkpt lat="31.278823" lon="120.489067">
        <ele>123.0</ele>
      </trkpt>
      <trkpt lat="31.278827" lon="120.48906">
        <ele>123.0</ele>
      </trkpt>
      <trkpt lat="31.278832" lon="120.489052">
        <ele>123.0</ele>
      </trkpt>
      <trkpt lat="31.278838" lon="120.489045">
        <ele>123.0</ele>
      </trkpt>
      <trkpt lat="31.278844" lon="120.489039">
        <ele>123.0</ele>
      </trkpt>
      <trkpt lat="31.27885" lon="120.489034">
        <ele>122.0</ele>
      </trkpt>
      <trkpt lat="31.278858" lon="120.489029">
        <ele>122.0</ele>
      </trkpt>
      <trkpt lat="31.278864" lon="120.489025">
        <ele>122.0</ele>
      </trkpt>
      <trkpt lat="31.278871" lon="120.489021">
        <ele>122.0</ele>
      </trkpt>
      <trkpt lat="31.278877" lon="120.489016">
        <ele>122.0</ele>
      </trkpt>
      <trkpt lat="31.278882" lon="120.489011">
        <ele>122.0</ele>
      </trkpt>
      <trkpt lat="31.278888" lon="120.489007">
        <ele>122.0</ele>
      </trkpt>
      <trkpt lat="31.278893" lon="120.489002">
        <ele>122.0</ele>
      </trkpt>
      <trkpt lat="31.278897" lon="120.488999">
        <ele>122.0</ele>
      </trkpt>
      <trkpt lat="31.2789" lon="120.488997">
        <ele>122.0</ele>
      </trkpt>
      <trkpt lat="31.278906" lon="120.488993">
        <ele>122.0</ele>
      </trkpt>
      <trkpt lat="31.278913" lon="120.488989">
        <ele>122.0</ele>
      </trkpt>
      <trkpt lat="31.278918" lon="120.488986">
        <ele>122.0</ele>
      </trkpt>
      <trkpt lat="31.278924" lon="120.488983">
        <ele>122.0</ele>
      </trkpt>
      <trkpt lat="31.27893" lon="120.48898">
        <ele>122.0</ele>
      </trkpt>
      <trkpt lat="31.278936" lon="120.488977">
        <ele>122.0</ele>
      </trkpt>
      <trkpt lat="31.278942" lon="120.488975">
        <ele>122.0</ele>
      </trkpt>
      <trkpt lat="31.278948" lon="120.488972">
        <ele>122.0</ele>
      </trkpt>
      <trkpt lat="31.278954" lon="120.488969">
        <ele>122.0</ele>
      </trkpt>
      <trkpt lat="31.278959" lon="120.488966">
        <ele>122.0</ele>
      </trkpt>
      <trkpt lat="31.278965" lon="120.488963">
        <ele>122.0</ele>
      </trkpt>
      <trkpt lat="31.27897" lon="120.488961">
        <ele>122.0</ele>
      </trkpt>
      <trkpt lat="31.278976" lon="120.488959">
        <ele>122.0</ele>
      </trkpt>
      <trkpt lat="31.278982" lon="120.488958">
        <ele>122.0</ele>
      </trkpt>
      <trkpt lat="31.278988" lon="120.488957">
        <ele>123.0</ele>
      </trkpt>
      <trkpt lat="31.278993" lon="120.488957">
        <ele>123.0</ele>
      </trkpt>
      <trkpt lat="31.279" lon="120.488957">
        <ele>123.0</ele>
      </trkpt>
      <trkpt lat="31.279006" lon="120.488956">
        <ele>123.0</ele>
      </trkpt>
      <trkpt lat="31.279012" lon="120.488954">
        <ele>123.0</ele>
      </trkpt>
      <trkpt lat="31.279018" lon="120.488953">
        <ele>123.0</ele>
      </trkpt>
      <trkpt lat="31.279023" lon="120.488949">
        <ele>123.0</ele>
      </trkpt>
      <trkpt lat="31.279029" lon="120.488945">
        <ele>123.0</ele>
      </trkpt>
      <trkpt lat="31.279033" lon="120.488939">
        <ele>123.0</ele>
      </trkpt>
      <trkpt lat="31.279037" lon="120.488933">
        <ele>123.0</ele>
      </trkpt>
      <trkpt lat="31.27904" lon="120.488925">
        <ele>123.0</ele>
      </trkpt>
      <trkpt lat="31.279042" lon="120.488917">
        <ele>123.0</ele>
      </trkpt>
      <trkpt lat="31.279044" lon="120.488908">
        <ele>123.0</ele>
      </trkpt>
      <trkpt lat="31.279045" lon="120.488898">
        <ele>123.0</ele>
      </trkpt>
      <trkpt lat="31.279045" lon="120.488889">
        <ele>123.0</ele>
      </trkpt>
      <trkpt lat="31.279045" lon="120.48888">
        <ele>123.0</ele>
      </trkpt>
      <trkpt lat="31.279046" lon="120.488872">
        <ele>123.0</ele>
      </trkpt>
      <trkpt lat="31.279046" lon="120.488864">
        <ele>123.0</ele>
      </trkpt>
      <trkpt lat="31.279047" lon="120.488858">
        <ele>123.0</ele>
      </trkpt>
      <trkpt lat="31.279047" lon="120.488851">
        <ele>123.0</ele>
      </trkpt>
      <trkpt lat="31.279048" lon="120.488845">
        <ele>123.0</ele>
      </trkpt>
      <trkpt lat="31.279049" lon="120.488839">
        <ele>123.0</ele>
      </trkpt>
      <trkpt lat="31.279051" lon="120.488833">
        <ele>123.0</ele>
      </trkpt>
      <trkpt lat="31.279053" lon="120.488826">
        <ele>123.0</ele>
      </trkpt>
      <trkpt lat="31.279057" lon="120.488821">
        <ele>123.0</ele>
      </trkpt>
      <trkpt lat="31.279061" lon="120.488816">
        <ele>124.0</ele>
      </trkpt>
      <trkpt lat="31.279067" lon="120.488811">
        <ele>124.0</ele>
      </trkpt>
      <trkpt lat="31.279071" lon="120.48881">
        <ele>124.0</ele>
      </trkpt>
      <trkpt lat="31.279075" lon="120.488808">
        <ele>124.0</ele>
      </trkpt>
      <trkpt lat="31.279079" lon="120.488807">
        <ele>125.0</ele>
      </trkpt>
      <trkpt lat="31.279083" lon="120.488806">
        <ele>125.0</ele>
      </trkpt>
      <trkpt lat="31.279088" lon="120.488804">
        <ele>125.0</ele>
      </trkpt>
      <trkpt lat="31.279092" lon="120.488801">
        <ele>125.0</ele>
      </trkpt>
      <trkpt lat="31.279096" lon="120.488799">
        <ele>125.0</ele>
      </trkpt>
      <trkpt lat="31.279102" lon="120.488795">
        <ele>125.0</ele>
      </trkpt>
      <trkpt lat="31.279107" lon="120.488791">
        <ele>125.0</ele>
      </trkpt>
      <trkpt lat="31.279114" lon="120.488788">
        <ele>125.0</ele>
      </trkpt>
      <trkpt lat="31.279122" lon="120.488784">
        <ele>125.0</ele>
      </trkpt>
      <trkpt lat="31.27913" lon="120.48878">
        <ele>125.0</ele>
      </trkpt>
      <trkpt lat="31.279138" lon="120.488775">
        <ele>125.0</ele>
      </trkpt>
      <trkpt lat="31.279143" lon="120.488772">
        <ele>125.0</ele>
      </trkpt>
      <trkpt lat="31.279148" lon="120.488768">
        <ele>125.0</ele>
      </trkpt>
      <trkpt lat="31.279156" lon="120.488763">
        <ele>125.0</ele>
      </trkpt>
      <trkpt lat="31.279163" lon="120.488758">
        <ele>125.0</ele>
      </trkpt>
      <trkpt lat="31.279168" lon="120.488752">
        <ele>125.0</ele>
      </trkpt>
      <trkpt lat="31.279173" lon="120.488746">
        <ele>125.0</ele>
      </trkpt>
      <trkpt lat="31.279174" lon="120.488743">
        <ele>125.0</ele>
      </trkpt>
      <trkpt lat="31.279174" lon="120.48874">
        <ele>125.0</ele>
      </trkpt>
      <trkpt lat="31.279175" lon="120.488736">
        <ele>125.0</ele>
      </trkpt>
      <trkpt lat="31.279177" lon="120.488732">
        <ele>124.0</ele>
      </trkpt>
      <trkpt lat="31.279179" lon="120.488728">
        <ele>124.0</ele>
      </trkpt>
      <trkpt lat="31.279181" lon="120.488726">
        <ele>124.0</ele>
      </trkpt>
      <trkpt lat="31.279183" lon="120.488725">
        <ele>124.0</ele>
      </trkpt>
      <trkpt lat="31.279185" lon="120.488724">
        <ele>124.0</ele>
      </trkpt>
      <trkpt lat="31.279187" lon="120.488722">
        <ele>124.0</ele>
      </trkpt>
      <trkpt lat="31.27919" lon="120.488721">
        <ele>124.0</ele>
      </trkpt>
      <trkpt lat="31.279194" lon="120.488717">
        <ele>124.0</ele>
      </trkpt>
      <trkpt lat="31.279198" lon="120.488714">
        <ele>124.0</ele>
      </trkpt>
      <trkpt lat="31.279212" lon="120.488708">
        <ele>123.0</ele>
      </trkpt>
      <trkpt lat="31.279218" lon="120.488706">
        <ele>123.0</ele>
      </trkpt>
      <trkpt lat="31.279224" lon="120.488703">
        <ele>123.0</ele>
      </trkpt>
      <trkpt lat="31.279244" lon="120.488704">
        <ele>122.0</ele>
      </trkpt>
      <trkpt lat="31.279259" lon="120.488701">
        <ele>121.0</ele>
      </trkpt>
      <trkpt lat="31.279269" lon="120.488698">
        <ele>120.0</ele>
      </trkpt>
      <trkpt lat="31.279279" lon="120.488695">
        <ele>120.0</ele>
      </trkpt>
      <trkpt lat="31.279285" lon="120.488695">
        <ele>120.0</ele>
      </trkpt>
      <trkpt lat="31.279292" lon="120.488694">
        <ele>120.0</ele>
      </trkpt>
      <trkpt lat="31.279306" lon="120.488702">
        <ele>120.0</ele>
      </trkpt>
      <trkpt lat="31.279323" lon="120.488713">
        <ele>119.0</ele>
      </trkpt>
      <trkpt lat="31.279345" lon="120.488721">
        <ele>118.0</ele>
      </trkpt>
      <trkpt lat="31.279367" lon="120.488723">
        <ele>117.0</ele>
      </trkpt>
      <trkpt lat="31.279389" lon="120.488717">
        <ele>116.0</ele>
      </trkpt>
      <trkpt lat="31.27941" lon="120.488713">
        <ele>115.0</ele>
      </trkpt>
      <trkpt lat="31.279423" lon="120.488712">
        <ele>115.0</ele>
      </trkpt>
      <trkpt lat="31.279436" lon="120.488711">
        <ele>115.0</ele>
      </trkpt>
      <trkpt lat="31.279442" lon="120.488711">
        <ele>115.0</ele>
      </trkpt>
      <trkpt lat="31.279448" lon="120.488712">
        <ele>115.0</ele>
      </trkpt>
      <trkpt lat="31.279454" lon="120.488712">
        <ele>115.0</ele>
      </trkpt>
      <trkpt lat="31.279462" lon="120.488712">
        <ele>114.0</ele>
      </trkpt>
      <trkpt lat="31.27947" lon="120.488711">
        <ele>114.0</ele>
      </trkpt>
      <trkpt lat="31.279478" lon="120.488711">
        <ele>114.0</ele>
      </trkpt>
      <trkpt lat="31.279486" lon="120.488711">
        <ele>114.0</ele>
      </trkpt>
      <trkpt lat="31.279493" lon="120.488711">
        <ele>114.0</ele>
      </trkpt>
      <trkpt lat="31.279501" lon="120.488712">
        <ele>114.0</ele>
      </trkpt>
      <trkpt lat="31.279504" lon="120.48871">
        <ele>114.0</ele>
      </trkpt>
      <trkpt lat="31.279507" lon="120.488708">
        <ele>114.0</ele>
      </trkpt>
      <trkpt lat="31.27951" lon="120.488707">
        <ele>114.0</ele>
      </trkpt>
      <trkpt lat="31.279514" lon="120.488705">
        <ele>114.0</ele>
      </trkpt>
      <trkpt lat="31.279516" lon="120.488699">
        <ele>113.0</ele>
      </trkpt>
      <trkpt lat="31.279519" lon="120.488694">
        <ele>113.0</ele>
      </trkpt>
      <trkpt lat="31.279521" lon="120.488689">
        <ele>113.0</ele>
      </trkpt>
      <trkpt lat="31.279524" lon="120.488683">
        <ele>113.0</ele>
      </trkpt>
      <trkpt lat="31.279528" lon="120.488681">
        <ele>113.0</ele>
      </trkpt>
      <trkpt lat="31.279532" lon="120.488679">
        <ele>113.0</ele>
      </trkpt>
      <trkpt lat="31.279536" lon="120.48868">
        <ele>113.0</ele>
      </trkpt>
      <trkpt lat="31.27954" lon="120.488681">
        <ele>113.0</ele>
      </trkpt>
      <trkpt lat="31.279544" lon="120.488683">
        <ele>113.0</ele>
      </trkpt>
      <trkpt lat="31.27955" lon="120.488686">
        <ele>113.0</ele>
      </trkpt>
      <trkpt lat="31.279557" lon="120.48869">
        <ele>112.0</ele>
      </trkpt>
      <trkpt lat="31.279565" lon="120.488695">
        <ele>112.0</ele>
      </trkpt>
      <trkpt lat="31.279572" lon="120.488699">
        <ele>112.0</ele>
      </trkpt>
      <trkpt lat="31.27958" lon="120.488705">
        <ele>112.0</ele>
      </trkpt>
      <trkpt lat="31.279588" lon="120.48871">
        <ele>112.0</ele>
      </trkpt>
      <trkpt lat="31.279603" lon="120.488716">
        <ele>110.0</ele>
      </trkpt>
      <trkpt lat="31.279609" lon="120.488718">
        <ele>110.0</ele>
      </trkpt>
      <trkpt lat="31.279615" lon="120.488719">
        <ele>110.0</ele>
      </trkpt>
      <trkpt lat="31.279622" lon="120.488722">
        <ele>110.0</ele>
      </trkpt>
      <trkpt lat="31.279628" lon="120.488724">
        <ele>110.0</ele>
      </trkpt>
      <trkpt lat="31.279637" lon="120.488724">
        <ele>109.0</ele>
      </trkpt>
      <trkpt lat="31.279646" lon="120.488724">
        <ele>109.0</ele>
      </trkpt>
      <trkpt lat="31.279656" lon="120.488723">
        <ele>109.0</ele>
      </trkpt>
      <trkpt lat="31.279667" lon="120.488722">
        <ele>109.0</ele>
      </trkpt>
      <trkpt lat="31.279678" lon="120.488722">
        <ele>109.0</ele>
      </trkpt>
      <trkpt lat="31.279689" lon="120.488721">
        <ele>109.0</ele>
      </trkpt>
      <trkpt lat="31.2797" lon="120.488719">
        <ele>109.0</ele>
      </trkpt>
      <trkpt lat="31.27971" lon="120.488717">
        <ele>109.0</ele>
      </trkpt>
      <trkpt lat="31.279722" lon="120.488713">
        <ele>109.0</ele>
      </trkpt>
      <trkpt lat="31.279733" lon="120.48871">
        <ele>109.0</ele>
      </trkpt>
      <trkpt lat="31.279743" lon="120.488707">
        <ele>108.0</ele>
      </trkpt>
      <trkpt lat="31.279753" lon="120.488705">
        <ele>108.0</ele>
      </trkpt>
      <trkpt lat="31.27976" lon="120.488703">
        <ele>108.0</ele>
      </trkpt>
      <trkpt lat="31.279767" lon="120.488701">
        <ele>108.0</ele>
      </trkpt>
      <trkpt lat="31.279774" lon="120.488697">
        <ele>108.0</ele>
      </trkpt>
      <trkpt lat="31.279782" lon="120.488694">
        <ele>108.0</ele>
      </trkpt>
      <trkpt lat="31.279788" lon="120.488688">
        <ele>108.0</ele>
      </trkpt>
      <trkpt lat="31.279795" lon="120.488683">
        <ele>108.0</ele>
      </trkpt>
      <trkpt lat="31.279802" lon="120.488675">
        <ele>108.0</ele>
      </trkpt>
      <trkpt lat="31.279808" lon="120.488666">
        <ele>108.0</ele>
      </trkpt>
      <trkpt lat="31.279827" lon="120.488654">
        <ele>107.0</ele>
      </trkpt>
      <trkpt lat="31.279835" lon="120.488652">
        <ele>107.0</ele>
      </trkpt>
      <trkpt lat="31.279843" lon="120.48865">
        <ele>107.0</ele>
      </trkpt>
      <trkpt lat="31.279849" lon="120.488648">
        <ele>107.0</ele>
      </trkpt>
      <trkpt lat="31.279855" lon="120.488647">
        <ele>107.0</ele>
      </trkpt>
      <trkpt lat="31.279876" lon="120.488641">
        <ele>107.0</ele>
      </trkpt>
      <trkpt lat="31.279885" lon="120.488637">
        <ele>107.0</ele>
      </trkpt>
      <trkpt lat="31.279895" lon="120.488633">
        <ele>106.0</ele>
      </trkpt>
      <trkpt lat="31.279901" lon="120.488629">
        <ele>106.0</ele>
      </trkpt>
      <trkpt lat="31.279907" lon="120.488625">
        <ele>106.0</ele>
      </trkpt>
      <trkpt lat="31.279913" lon="120.488623">
        <ele>106.0</ele>
      </trkpt>
      <trkpt lat="31.279919" lon="120.488621">
        <ele>106.0</ele>
      </trkpt>
      <trkpt lat="31.279937" lon="120.488615">
        <ele>106.0</ele>
      </trkpt>
      <trkpt lat="31.279954" lon="120.488614">
        <ele>106.0</ele>
      </trkpt>
      <trkpt lat="31.279971" lon="120.488609">
        <ele>105.0</ele>
      </trkpt>
      <trkpt lat="31.279982" lon="120.488605">
        <ele>105.0</ele>
      </trkpt>
      <trkpt lat="31.279993" lon="120.488601">
        <ele>105.0</ele>
      </trkpt>
      <trkpt lat="31.280001" lon="120.488598">
        <ele>105.0</ele>
      </trkpt>
      <trkpt lat="31.28001" lon="120.488595">
        <ele>105.0</ele>
      </trkpt>
      <trkpt lat="31.280017" lon="120.488593">
        <ele>105.0</ele>
      </trkpt>
      <trkpt lat="31.280024" lon="120.48859">
        <ele>105.0</ele>
      </trkpt>
      <trkpt lat="31.280031" lon="120.488588">
        <ele>104.0</ele>
      </trkpt>
      <trkpt lat="31.280039" lon="120.488586">
        <ele>104.0</ele>
      </trkpt>
      <trkpt lat="31.280047" lon="120.488586">
        <ele>104.0</ele>
      </trkpt>
      <trkpt lat="31.280055" lon="120.488585">
        <ele>104.0</ele>
      </trkpt>
      <trkpt lat="31.280063" lon="120.488587">
        <ele>104.0</ele>
      </trkpt>
      <trkpt lat="31.28007" lon="120.48859">
        <ele>103.0</ele>
      </trkpt>
      <trkpt lat="31.280072" lon="120.488592">
        <ele>103.0</ele>
      </trkpt>
      <trkpt lat="31.280075" lon="120.488595">
        <ele>103.0</ele>
      </trkpt>
      <trkpt lat="31.280077" lon="120.488597">
        <ele>103.0</ele>
      </trkpt>
      <trkpt lat="31.28008" lon="120.4886">
        <ele>103.0</ele>
      </trkpt>
      <trkpt lat="31.280082" lon="120.488602">
        <ele>103.0</ele>
      </trkpt>
      <trkpt lat="31.280086" lon="120.488608">
        <ele>103.0</ele>
      </trkpt>
      <trkpt lat="31.28009" lon="120.488614">
        <ele>103.0</ele>
      </trkpt>
      <trkpt lat="31.280107" lon="120.488618">
        <ele>102.0</ele>
      </trkpt>
      <trkpt lat="31.280122" lon="120.488627">
        <ele>101.0</ele>
      </trkpt>
      <trkpt lat="31.280137" lon="120.488632">
        <ele>101.0</ele>
      </trkpt>
      <trkpt lat="31.280147" lon="120.488634">
        <ele>100.0</ele>
      </trkpt>
      <trkpt lat="31.280156" lon="120.488636">
        <ele>100.0</ele>
      </trkpt>
      <trkpt lat="31.28018" lon="120.488639">
        <ele>99.0</ele>
      </trkpt>
      <trkpt lat="31.280199" lon="120.488643">
        <ele>98.0</ele>
      </trkpt>
      <trkpt lat="31.280216" lon="120.48865">
        <ele>97.0</ele>
      </trkpt>
      <trkpt lat="31.280225" lon="120.488656">
        <ele>97.0</ele>
      </trkpt>
      <trkpt lat="31.280234" lon="120.488661">
        <ele>97.0</ele>
      </trkpt>
      <trkpt lat="31.280239" lon="120.488667">
        <ele>97.0</ele>
      </trkpt>
      <trkpt lat="31.280245" lon="120.488673">
        <ele>97.0</ele>
      </trkpt>
      <trkpt lat="31.280258" lon="120.488695">
        <ele>95.0</ele>
      </trkpt>
      <trkpt lat="31.280269" lon="120.488715">
        <ele>95.0</ele>
      </trkpt>
      <trkpt lat="31.280285" lon="120.488727">
        <ele>94.0</ele>
      </trkpt>
      <trkpt lat="31.280305" lon="120.488739">
        <ele>93.0</ele>
      </trkpt>
      <trkpt lat="31.280326" lon="120.488746">
        <ele>92.0</ele>
      </trkpt>
      <trkpt lat="31.280339" lon="120.48875">
        <ele>92.0</ele>
      </trkpt>
      <trkpt lat="31.280352" lon="120.488754">
        <ele>92.0</ele>
      </trkpt>
      <trkpt lat="31.280361" lon="120.488756">
        <ele>92.0</ele>
      </trkpt>
      <trkpt lat="31.280369" lon="120.488759">
        <ele>92.0</ele>
      </trkpt>
      <trkpt lat="31.280385" lon="120.48877">
        <ele>91.0</ele>
      </trkpt>
      <trkpt lat="31.280391" lon="120.488774">
        <ele>91.0</ele>
      </trkpt>
      <trkpt lat="31.280398" lon="120.488777">
        <ele>91.0</ele>
      </trkpt>
      <trkpt lat="31.280402" lon="120.48878">
        <ele>91.0</ele>
      </trkpt>
      <trkpt lat="31.280408" lon="120.488782">
        <ele>91.0</ele>
      </trkpt>
      <trkpt lat="31.28041" lon="120.488784">
        <ele>91.0</ele>
      </trkpt>
      <trkpt lat="31.280412" lon="120.488786">
        <ele>91.0</ele>
      </trkpt>
      <trkpt lat="31.280414" lon="120.488788">
        <ele>91.0</ele>
      </trkpt>
      <trkpt lat="31.280418" lon="120.488794">
        <ele>91.0</ele>
      </trkpt>
      <trkpt lat="31.280422" lon="120.4888">
        <ele>91.0</ele>
      </trkpt>
      <trkpt lat="31.280425" lon="120.488806">
        <ele>91.0</ele>
      </trkpt>
      <trkpt lat="31.280428" lon="120.488813">
        <ele>91.0</ele>
      </trkpt>
      <trkpt lat="31.280429" lon="120.488816">
        <ele>90.0</ele>
      </trkpt>
      <trkpt lat="31.280431" lon="120.488818">
        <ele>90.0</ele>
      </trkpt>
      <trkpt lat="31.280433" lon="120.488821">
        <ele>90.0</ele>
      </trkpt>
      <trkpt lat="31.280434" lon="120.488824">
        <ele>90.0</ele>
      </trkpt>
      <trkpt lat="31.280436" lon="120.488827">
        <ele>90.0</ele>
      </trkpt>
      <trkpt lat="31.280441" lon="120.48883">
        <ele>90.0</ele>
      </trkpt>
      <trkpt lat="31.280445" lon="120.488833">
        <ele>90.0</ele>
      </trkpt>
      <trkpt lat="31.28045" lon="120.488833">
        <ele>90.0</ele>
      </trkpt>
      <trkpt lat="31.280455" lon="120.488834">
        <ele>90.0</ele>
      </trkpt>
      <trkpt lat="31.280458" lon="120.488833">
        <ele>90.0</ele>
      </trkpt>
      <trkpt lat="31.280462" lon="120.488833">
        <ele>89.0</ele>
      </trkpt>
      <trkpt lat="31.280466" lon="120.488832">
        <ele>89.0</ele>
      </trkpt>
      <trkpt lat="31.28047" lon="120.488833">
        <ele>89.0</ele>
      </trkpt>
      <trkpt lat="31.280474" lon="120.488835">
        <ele>89.0</ele>
      </trkpt>
      <trkpt lat="31.280478" lon="120.488836">
        <ele>89.0</ele>
      </trkpt>
      <trkpt lat="31.280483" lon="120.488837">
        <ele>88.0</ele>
      </trkpt>
      <trkpt lat="31.280488" lon="120.488838">
        <ele>88.0</ele>
      </trkpt>
      <trkpt lat="31.280491" lon="120.488837">
        <ele>88.0</ele>
      </trkpt>
      <trkpt lat="31.280494" lon="120.488835">
        <ele>88.0</ele>
      </trkpt>
      <trkpt lat="31.280497" lon="120.488834">
        <ele>88.0</ele>
      </trkpt>
      <trkpt lat="31.280501" lon="120.48883">
        <ele>88.0</ele>
      </trkpt>
      <trkpt lat="31.280504" lon="120.488826">
        <ele>88.0</ele>
      </trkpt>
      <trkpt lat="31.28052" lon="120.488816">
        <ele>87.0</ele>
      </trkpt>
      <trkpt lat="31.280539" lon="120.488809">
        <ele>85.0</ele>
      </trkpt>
      <trkpt lat="31.280543" lon="120.488807">
        <ele>85.0</ele>
      </trkpt>
      <trkpt lat="31.280548" lon="120.488805">
        <ele>85.0</ele>
      </trkpt>
      <trkpt lat="31.280553" lon="120.488803">
        <ele>84.0</ele>
      </trkpt>
      <trkpt lat="31.280563" lon="120.488799">
        <ele>84.0</ele>
      </trkpt>
      <trkpt lat="31.280573" lon="120.488795">
        <ele>84.0</ele>
      </trkpt>
      <trkpt lat="31.28058" lon="120.488793">
        <ele>84.0</ele>
      </trkpt>
      <trkpt lat="31.280587" lon="120.488792">
        <ele>84.0</ele>
      </trkpt>
      <trkpt lat="31.280593" lon="120.488792">
        <ele>84.0</ele>
      </trkpt>
      <trkpt lat="31.280599" lon="120.488793">
        <ele>84.0</ele>
      </trkpt>
      <trkpt lat="31.280602" lon="120.488794">
        <ele>84.0</ele>
      </trkpt>
      <trkpt lat="31.280604" lon="120.488796">
        <ele>84.0</ele>
      </trkpt>
      <trkpt lat="31.280607" lon="120.488797">
        <ele>84.0</ele>
      </trkpt>
      <trkpt lat="31.280609" lon="120.488798">
        <ele>83.0</ele>
      </trkpt>
      <trkpt lat="31.280612" lon="120.488799">
        <ele>83.0</ele>
      </trkpt>
      <trkpt lat="31.280617" lon="120.488804">
        <ele>83.0</ele>
      </trkpt>
      <trkpt lat="31.280623" lon="120.488808">
        <ele>83.0</ele>
      </trkpt>
      <trkpt lat="31.280628" lon="120.488811">
        <ele>83.0</ele>
      </trkpt>
      <trkpt lat="31.280633" lon="120.488814">
        <ele>82.0</ele>
      </trkpt>
      <trkpt lat="31.280652" lon="120.488824">
        <ele>82.0</ele>
      </trkpt>
      <trkpt lat="31.28067" lon="120.488826">
        <ele>81.0</ele>
      </trkpt>
      <trkpt lat="31.280691" lon="120.488826">
        <ele>80.0</ele>
      </trkpt>
      <trkpt lat="31.280705" lon="120.488827">
        <ele>80.0</ele>
      </trkpt>
      <trkpt lat="31.280718" lon="120.488828">
        <ele>79.0</ele>
      </trkpt>
      <trkpt lat="31.280726" lon="120.488831">
        <ele>79.0</ele>
      </trkpt>
      <trkpt lat="31.280734" lon="120.488834">
        <ele>79.0</ele>
      </trkpt>
      <trkpt lat="31.280741" lon="120.488837">
        <ele>79.0</ele>
      </trkpt>
      <trkpt lat="31.280748" lon="120.48884">
        <ele>79.0</ele>
      </trkpt>
      <trkpt lat="31.280761" lon="120.488834">
        <ele>77.0</ele>
      </trkpt>
      <trkpt lat="31.280779" lon="120.488832">
        <ele>76.0</ele>
      </trkpt>
      <trkpt lat="31.280791" lon="120.488832">
        <ele>76.0</ele>
      </trkpt>
      <trkpt lat="31.280802" lon="120.488832">
        <ele>76.0</ele>
      </trkpt>
      <trkpt lat="31.28081" lon="120.488831">
        <ele>76.0</ele>
      </trkpt>
      <trkpt lat="31.280818" lon="120.48883">
        <ele>76.0</ele>
      </trkpt>
      <trkpt lat="31.280823" lon="120.488827">
        <ele>76.0</ele>
      </trkpt>
      <trkpt lat="31.280829" lon="120.488824">
        <ele>76.0</ele>
      </trkpt>
      <trkpt lat="31.28084" lon="120.488815">
        <ele>75.0</ele>
      </trkpt>
      <trkpt lat="31.280851" lon="120.488799">
        <ele>73.0</ele>
      </trkpt>
      <trkpt lat="31.280858" lon="120.488789">
        <ele>73.0</ele>
      </trkpt>
      <trkpt lat="31.280864" lon="120.488778">
        <ele>73.0</ele>
      </trkpt>
      <trkpt lat="31.28087" lon="120.488772">
        <ele>73.0</ele>
      </trkpt>
      <trkpt lat="31.280875" lon="120.488767">
        <ele>73.0</ele>
      </trkpt>
      <trkpt lat="31.280881" lon="120.488764">
        <ele>73.0</ele>
      </trkpt>
      <trkpt lat="31.280886" lon="120.488762">
        <ele>73.0</ele>
      </trkpt>
      <trkpt lat="31.280891" lon="120.488761">
        <ele>73.0</ele>
      </trkpt>
      <trkpt lat="31.280897" lon="120.48876">
        <ele>73.0</ele>
      </trkpt>
      <trkpt lat="31.280902" lon="120.488757">
        <ele>72.0</ele>
      </trkpt>
      <trkpt lat="31.280906" lon="120.488754">
        <ele>72.0</ele>
      </trkpt>
      <trkpt lat="31.280911" lon="120.488749">
        <ele>72.0</ele>
      </trkpt>
      <trkpt lat="31.280916" lon="120.488745">
        <ele>72.0</ele>
      </trkpt>
      <trkpt lat="31.280922" lon="120.488743">
        <ele>72.0</ele>
      </trkpt>
      <trkpt lat="31.280927" lon="120.48874">
        <ele>71.0</ele>
      </trkpt>
      <trkpt lat="31.280933" lon="120.48874">
        <ele>71.0</ele>
      </trkpt>
      <trkpt lat="31.280938" lon="120.48874">
        <ele>71.0</ele>
      </trkpt>
      <trkpt lat="31.280944" lon="120.488739">
        <ele>71.0</ele>
      </trkpt>
      <trkpt lat="31.28095" lon="120.488739">
        <ele>71.0</ele>
      </trkpt>
      <trkpt lat="31.280964" lon="120.488737">
        <ele>69.0</ele>
      </trkpt>
      <trkpt lat="31.28097" lon="120.488738">
        <ele>69.0</ele>
      </trkpt>
      <trkpt lat="31.280975" lon="120.48874">
        <ele>69.0</ele>
      </trkpt>
      <trkpt lat="31.280979" lon="120.488743">
        <ele>69.0</ele>
      </trkpt>
      <trkpt lat="31.280983" lon="120.488747">
        <ele>69.0</ele>
      </trkpt>
      <trkpt lat="31.280996" lon="120.488756">
        <ele>68.0</ele>
      </trkpt>
      <trkpt lat="31.281012" lon="120.488762">
        <ele>68.0</ele>
      </trkpt>
      <trkpt lat="31.281022" lon="120.488764">
        <ele>67.0</ele>
      </trkpt>
      <trkpt lat="31.281033" lon="120.488766">
        <ele>67.0</ele>
      </trkpt>
      <trkpt lat="31.281051" lon="120.488761">
        <ele>66.0</ele>
      </trkpt>
      <trkpt lat="31.281059" lon="120.488759">
        <ele>66.0</ele>
      </trkpt>
      <trkpt lat="31.281066" lon="120.488757">
        <ele>66.0</ele>
      </trkpt>
      <trkpt lat="31.281073" lon="120.488757">
        <ele>66.0</ele>
      </trkpt>
      <trkpt lat="31.281079" lon="120.488757">
        <ele>66.0</ele>
      </trkpt>
      <trkpt lat="31.281086" lon="120.488757">
        <ele>66.0</ele>
      </trkpt>
      <trkpt lat="31.281092" lon="120.488758">
        <ele>66.0</ele>
      </trkpt>
      <trkpt lat="31.281089" lon="120.48876">
        <ele>65.0</ele>
      </trkpt>
      <trkpt lat="31.281089" lon="120.488761">
        <ele>65.0</ele>
      </trkpt>
      <trkpt lat="31.281089" lon="120.488762">
        <ele>65.0</ele>
      </trkpt>
      <trkpt lat="31.281092" lon="120.488764">
        <ele>65.0</ele>
      </trkpt>
      <trkpt lat="31.281095" lon="120.488765">
        <ele>65.0</ele>
      </trkpt>
      <trkpt lat="31.2811" lon="120.488769">
        <ele>65.0</ele>
      </trkpt>
      <trkpt lat="31.281105" lon="120.488773">
        <ele>65.0</ele>
      </trkpt>
      <trkpt lat="31.281112" lon="120.488776">
        <ele>65.0</ele>
      </trkpt>
      <trkpt lat="31.281117" lon="120.488777">
        <ele>65.0</ele>
      </trkpt>
      <trkpt lat="31.281122" lon="120.488778">
        <ele>65.0</ele>
      </trkpt>
      <trkpt lat="31.281128" lon="120.488781">
        <ele>65.0</ele>
      </trkpt>
      <trkpt lat="31.281134" lon="120.488784">
        <ele>64.0</ele>
      </trkpt>
      <trkpt lat="31.281142" lon="120.48879">
        <ele>64.0</ele>
      </trkpt>
      <trkpt lat="31.28115" lon="120.488795">
        <ele>64.0</ele>
      </trkpt>
      <trkpt lat="31.281159" lon="120.488801">
        <ele>64.0</ele>
      </trkpt>
      <trkpt lat="31.281167" lon="120.488808">
        <ele>64.0</ele>
      </trkpt>
      <trkpt lat="31.281175" lon="120.488815">
        <ele>64.0</ele>
      </trkpt>
      <trkpt lat="31.281184" lon="120.488822">
        <ele>64.0</ele>
      </trkpt>
      <trkpt lat="31.281191" lon="120.488829">
        <ele>64.0</ele>
      </trkpt>
      <trkpt lat="31.281199" lon="120.488836">
        <ele>64.0</ele>
      </trkpt>
      <trkpt lat="31.281207" lon="120.488842">
        <ele>64.0</ele>
      </trkpt>
      <trkpt lat="31.281214" lon="120.488848">
        <ele>64.0</ele>
      </trkpt>
      <trkpt lat="31.281223" lon="120.488853">
        <ele>64.0</ele>
      </trkpt>
      <trkpt lat="31.281231" lon="120.488857">
        <ele>64.0</ele>
      </trkpt>
      <trkpt lat="31.28124" lon="120.488859">
        <ele>64.0</ele>
      </trkpt>
      <trkpt lat="31.281249" lon="120.488862">
        <ele>64.0</ele>
      </trkpt>
      <trkpt lat="31.281252" lon="120.488862">
        <ele>64.0</ele>
      </trkpt>
      <trkpt lat="31.281256" lon="120.488863">
        <ele>64.0</ele>
      </trkpt>
      <trkpt lat="31.28126" lon="120.488864">
        <ele>64.0</ele>
      </trkpt>
      <trkpt lat="31.281264" lon="120.488864">
        <ele>64.0</ele>
      </trkpt>
      <trkpt lat="31.281268" lon="120.488865">
        <ele>64.0</ele>
      </trkpt>
      <trkpt lat="31.281276" lon="120.488864">
        <ele>63.0</ele>
      </trkpt>
      <trkpt lat="31.281283" lon="120.488863">
        <ele>63.0</ele>
      </trkpt>
      <trkpt lat="31.281289" lon="120.488861">
        <ele>63.0</ele>
      </trkpt>
      <trkpt lat="31.281295" lon="120.488858">
        <ele>63.0</ele>
      </trkpt>
      <trkpt lat="31.281313" lon="120.488847">
        <ele>62.0</ele>
      </trkpt>
      <trkpt lat="31.281316" lon="120.488845">
        <ele>62.0</ele>
      </trkpt>
      <trkpt lat="31.28132" lon="120.488843">
        <ele>62.0</ele>
      </trkpt>
      <trkpt lat="31.281323" lon="120.488841">
        <ele>62.0</ele>
      </trkpt>
      <trkpt lat="31.281329" lon="120.488836">
        <ele>62.0</ele>
      </trkpt>
      <trkpt lat="31.281335" lon="120.488831">
        <ele>62.0</ele>
      </trkpt>
      <trkpt lat="31.281339" lon="120.488826">
        <ele>61.0</ele>
      </trkpt>
      <trkpt lat="31.281344" lon="120.48882">
        <ele>61.0</ele>
      </trkpt>
      <trkpt lat="31.281347" lon="120.488814">
        <ele>61.0</ele>
      </trkpt>
      <trkpt lat="31.281351" lon="120.488808">
        <ele>61.0</ele>
      </trkpt>
      <trkpt lat="31.281354" lon="120.488804">
        <ele>61.0</ele>
      </trkpt>
      <trkpt lat="31.281357" lon="120.488801">
        <ele>60.0</ele>
      </trkpt>
      <trkpt lat="31.281362" lon="120.488797">
        <ele>60.0</ele>
      </trkpt>
      <trkpt lat="31.281368" lon="120.488792">
        <ele>60.0</ele>
      </trkpt>
      <trkpt lat="31.281373" lon="120.488789">
        <ele>60.0</ele>
      </trkpt>
      <trkpt lat="31.281378" lon="120.488786">
        <ele>60.0</ele>
      </trkpt>
      <trkpt lat="31.281391" lon="120.48878">
        <ele>58.0</ele>
      </trkpt>
      <trkpt lat="31.281404" lon="120.488769">
        <ele>58.0</ele>
      </trkpt>
      <trkpt lat="31.281411" lon="120.488761">
        <ele>58.0</ele>
      </trkpt>
      <trkpt lat="31.281419" lon="120.488753">
        <ele>58.0</ele>
      </trkpt>
      <trkpt lat="31.281423" lon="120.488746">
        <ele>57.0</ele>
      </trkpt>
      <trkpt lat="31.281428" lon="120.48874">
        <ele>57.0</ele>
      </trkpt>
      <trkpt lat="31.281433" lon="120.488736">
        <ele>57.0</ele>
      </trkpt>
      <trkpt lat="31.281438" lon="120.488732">
        <ele>57.0</ele>
      </trkpt>
      <trkpt lat="31.281459" lon="120.488727">
        <ele>56.0</ele>
      </trkpt>
      <trkpt lat="31.281461" lon="120.488727">
        <ele>56.0</ele>
      </trkpt>
      <trkpt lat="31.281464" lon="120.488726">
        <ele>55.0</ele>
      </trkpt>
      <trkpt lat="31.281466" lon="120.488726">
        <ele>55.0</ele>
      </trkpt>
      <trkpt lat="31.281469" lon="120.488725">
        <ele>55.0</ele>
      </trkpt>
      <trkpt lat="31.281472" lon="120.488725">
        <ele>55.0</ele>
      </trkpt>
      <trkpt lat="31.28148" lon="120.488722">
        <ele>55.0</ele>
      </trkpt>
      <trkpt lat="31.281487" lon="120.48872">
        <ele>54.0</ele>
      </trkpt>
      <trkpt lat="31.281492" lon="120.488714">
        <ele>54.0</ele>
      </trkpt>
      <trkpt lat="31.281497" lon="120.488709">
        <ele>54.0</ele>
      </trkpt>
      <trkpt lat="31.281502" lon="120.488701">
        <ele>54.0</ele>
      </trkpt>
      <trkpt lat="31.281506" lon="120.488693">
        <ele>54.0</ele>
      </trkpt>
      <trkpt lat="31.28151" lon="120.488685">
        <ele>54.0</ele>
      </trkpt>
      <trkpt lat="31.281514" lon="120.488676">
        <ele>54.0</ele>
      </trkpt>
      <trkpt lat="31.281518" lon="120.488668">
        <ele>54.0</ele>
      </trkpt>
      <trkpt lat="31.281522" lon="120.48866">
        <ele>54.0</ele>
      </trkpt>
      <trkpt lat="31.281526" lon="120.488651">
        <ele>54.0</ele>
      </trkpt>
      <trkpt lat="31.28153" lon="120.488643">
        <ele>54.0</ele>
      </trkpt>
      <trkpt lat="31.281535" lon="120.488635">
        <ele>54.0</ele>
      </trkpt>
      <trkpt lat="31.281539" lon="120.488627">
        <ele>54.0</ele>
      </trkpt>
      <trkpt lat="31.281545" lon="120.488621">
        <ele>54.0</ele>
      </trkpt>
      <trkpt lat="31.281551" lon="120.488615">
        <ele>54.0</ele>
      </trkpt>
      <trkpt lat="31.281558" lon="120.48861">
        <ele>54.0</ele>
      </trkpt>
      <trkpt lat="31.281565" lon="120.488606">
        <ele>54.0</ele>
      </trkpt>
      <trkpt lat="31.281569" lon="120.488603">
        <ele>54.0</ele>
      </trkpt>
      <trkpt lat="31.281572" lon="120.4886">
        <ele>54.0</ele>
      </trkpt>
      <trkpt lat="31.281576" lon="120.488597">
        <ele>54.0</ele>
      </trkpt>
      <trkpt lat="31.28158" lon="120.488594">
        <ele>54.0</ele>
      </trkpt>
      <trkpt lat="31.281585" lon="120.488589">
        <ele>54.0</ele>
      </trkpt>
      <trkpt lat="31.28159" lon="120.488584">
        <ele>54.0</ele>
      </trkpt>
      <trkpt lat="31.281594" lon="120.488579">
        <ele>54.0</ele>
      </trkpt>
      <trkpt lat="31.281599" lon="120.488573">
        <ele>54.0</ele>
      </trkpt>
      <trkpt lat="31.281605" lon="120.488567">
        <ele>54.0</ele>
      </trkpt>
      <trkpt lat="31.281611" lon="120.488561">
        <ele>54.0</ele>
      </trkpt>
      <trkpt lat="31.281618" lon="120.488554">
        <ele>54.0</ele>
      </trkpt>
      <trkpt lat="31.281624" lon="120.488547">
        <ele>54.0</ele>
      </trkpt>
      <trkpt lat="31.281631" lon="120.488539">
        <ele>54.0</ele>
      </trkpt>
      <trkpt lat="31.281637" lon="120.48853">
        <ele>54.0</ele>
      </trkpt>
      <trkpt lat="31.281643" lon="120.48852">
        <ele>54.0</ele>
      </trkpt>
      <trkpt lat="31.28165" lon="120.48851">
        <ele>54.0</ele>
      </trkpt>
      <trkpt lat="31.281656" lon="120.488501">
        <ele>54.0</ele>
      </trkpt>
      <trkpt lat="31.281663" lon="120.488493">
        <ele>54.0</ele>
      </trkpt>
      <trkpt lat="31.281668" lon="120.488489">
        <ele>54.0</ele>
      </trkpt>
      <trkpt lat="31.281673" lon="120.488485">
        <ele>54.0</ele>
      </trkpt>
      <trkpt lat="31.281678" lon="120.488481">
        <ele>54.0</ele>
      </trkpt>
      <trkpt lat="31.281686" lon="120.488477">
        <ele>54.0</ele>
      </trkpt>
      <trkpt lat="31.281693" lon="120.488473">
        <ele>54.0</ele>
      </trkpt>
      <trkpt lat="31.2817" lon="120.488469">
        <ele>54.0</ele>
      </trkpt>
      <trkpt lat="31.281706" lon="120.488465">
        <ele>54.0</ele>
      </trkpt>
      <trkpt lat="31.281711" lon="120.488459">
        <ele>54.0</ele>
      </trkpt>
      <trkpt lat="31.281717" lon="120.488454">
        <ele>54.0</ele>
      </trkpt>
      <trkpt lat="31.281723" lon="120.488449">
        <ele>54.0</ele>
      </trkpt>
      <trkpt lat="31.281729" lon="120.488444">
        <ele>54.0</ele>
      </trkpt>
      <trkpt lat="31.281736" lon="120.488439">
        <ele>54.0</ele>
      </trkpt>
      <trkpt lat="31.281742" lon="120.488435">
        <ele>54.0</ele>
      </trkpt>
      <trkpt lat="31.281749" lon="120.488431">
        <ele>54.0</ele>
      </trkpt>
      <trkpt lat="31.281756" lon="120.488427">
        <ele>54.0</ele>
      </trkpt>
      <trkpt lat="31.281757" lon="120.488427">
        <ele>54.0</ele>
      </trkpt>
      <trkpt lat="31.281758" lon="120.488426">
        <ele>54.0</ele>
      </trkpt>
      <trkpt lat="31.28176" lon="120.488426">
        <ele>54.0</ele>
      </trkpt>
      <trkpt lat="31.281761" lon="120.488426">
        <ele>54.0</ele>
      </trkpt>
      <trkpt lat="31.281763" lon="120.488425">
        <ele>54.0</ele>
      </trkpt>
      <trkpt lat="31.281764" lon="120.488427">
        <ele>54.0</ele>
      </trkpt>
      <trkpt lat="31.281766" lon="120.488428">
        <ele>54.0</ele>
      </trkpt>
      <trkpt lat="31.281763" lon="120.488432">
        <ele>54.0</ele>
      </trkpt>
      <trkpt lat="31.281759" lon="120.488436">
        <ele>54.0</ele>
      </trkpt>
      <trkpt lat="31.281753" lon="120.488441">
        <ele>54.0</ele>
      </trkpt>
      <trkpt lat="31.281747" lon="120.488448">
        <ele>54.0</ele>
      </trkpt>
      <trkpt lat="31.281734" lon="120.48846">
        <ele>54.0</ele>
      </trkpt>
      <trkpt lat="31.28173" lon="120.488464">
        <ele>54.0</ele>
      </trkpt>
      <trkpt lat="31.281726" lon="120.488467">
        <ele>54.0</ele>
      </trkpt>
      <trkpt lat="31.281723" lon="120.488472">
        <ele>54.0</ele>
      </trkpt>
      <trkpt lat="31.281719" lon="120.488477">
        <ele>54.0</ele>
      </trkpt>
      <trkpt lat="31.281718" lon="120.488478">
        <ele>54.0</ele>
      </trkpt>
      <trkpt lat="31.281717" lon="120.48848">
        <ele>54.0</ele>
      </trkpt>
      <trkpt lat="31.281716" lon="120.488482">
        <ele>54.0</ele>
      </trkpt>
      <trkpt lat="31.281715" lon="120.488483">
        <ele>54.0</ele>
      </trkpt>
      <trkpt lat="31.281715" lon="120.488487">
        <ele>54.0</ele>
      </trkpt>
      <trkpt lat="31.281715" lon="120.48849">
        <ele>54.0</ele>
      </trkpt>
      <trkpt lat="31.281719" lon="120.488488">
        <ele>54.0</ele>
      </trkpt>
      <trkpt lat="31.281723" lon="120.488487">
        <ele>54.0</ele>
      </trkpt>
      <trkpt lat="31.28173" lon="120.488481">
        <ele>54.0</ele>
      </trkpt>
      <trkpt lat="31.281737" lon="120.488475">
        <ele>54.0</ele>
      </trkpt>
      <trkpt lat="31.281745" lon="120.488467">
        <ele>54.0</ele>
      </trkpt>
      <trkpt lat="31.281753" lon="120.488459">
        <ele>54.0</ele>
      </trkpt>
      <trkpt lat="31.281761" lon="120.488451">
        <ele>54.0</ele>
      </trkpt>
      <trkpt lat="31.281769" lon="120.488443">
        <ele>54.0</ele>
      </trkpt>
      <trkpt lat="31.281791" lon="120.488423">
        <ele>54.0</ele>
      </trkpt>
      <trkpt lat="31.281795" lon="120.488416">
        <ele>54.0</ele>
      </trkpt>
      <trkpt lat="31.281798" lon="120.488411">
        <ele>54.0</ele>
      </trkpt>
      <trkpt lat="31.281801" lon="120.488407">
        <ele>54.0</ele>
      </trkpt>
      <trkpt lat="31.281805" lon="120.488403">
        <ele>54.0</ele>
      </trkpt>
      <trkpt lat="31.281809" lon="120.488399">
        <ele>54.0</ele>
      </trkpt>
      <trkpt lat="31.281814" lon="120.488394">
        <ele>54.0</ele>
      </trkpt>
      <trkpt lat="31.281819" lon="120.488389">
        <ele>54.0</ele>
      </trkpt>
      <trkpt lat="31.281824" lon="120.488384">
        <ele>54.0</ele>
      </trkpt>
      <trkpt lat="31.28183" lon="120.488378">
        <ele>54.0</ele>
      </trkpt>
      <trkpt lat="31.281836" lon="120.488372">
        <ele>54.0</ele>
      </trkpt>
      <trkpt lat="31.281842" lon="120.488367">
        <ele>54.0</ele>
      </trkpt>
      <trkpt lat="31.281848" lon="120.488361">
        <ele>54.0</ele>
      </trkpt>
      <trkpt lat="31.281855" lon="120.488355">
        <ele>54.0</ele>
      </trkpt>
      <trkpt lat="31.281861" lon="120.488349">
        <ele>54.0</ele>
      </trkpt>
      <trkpt lat="31.281866" lon="120.488343">
        <ele>54.0</ele>
      </trkpt>
      <trkpt lat="31.281872" lon="120.488338">
        <ele>54.0</ele>
      </trkpt>
      <trkpt lat="31.281878" lon="120.488333">
        <ele>54.0</ele>
      </trkpt>
      <trkpt lat="31.281881" lon="120.48833">
        <ele>54.0</ele>
      </trkpt>
      <trkpt lat="31.281885" lon="120.488327">
        <ele>54.0</ele>
      </trkpt>
      <trkpt lat="31.28189" lon="120.488324">
        <ele>54.0</ele>
      </trkpt>
      <trkpt lat="31.281896" lon="120.488321">
        <ele>54.0</ele>
      </trkpt>
      <trkpt lat="31.281902" lon="120.488321">
        <ele>54.0</ele>
      </trkpt>
      <trkpt lat="31.281908" lon="120.488321">
        <ele>54.0</ele>
      </trkpt>
      <trkpt lat="31.281915" lon="120.488323">
        <ele>54.0</ele>
      </trkpt>
      <trkpt lat="31.281922" lon="120.488326">
        <ele>54.0</ele>
      </trkpt>
      <trkpt lat="31.281929" lon="120.488327">
        <ele>55.0</ele>
      </trkpt>
      <trkpt lat="31.281936" lon="120.488329">
        <ele>55.0</ele>
      </trkpt>
      <trkpt lat="31.281943" lon="120.488328">
        <ele>55.0</ele>
      </trkpt>
      <trkpt lat="31.28195" lon="120.488327">
        <ele>55.0</ele>
      </trkpt>
      <trkpt lat="31.281958" lon="120.488315">
        <ele>57.0</ele>
      </trkpt>
      <trkpt lat="31.281962" lon="120.488305">
        <ele>57.0</ele>
      </trkpt>
      <trkpt lat="31.281966" lon="120.488296">
        <ele>57.0</ele>
      </trkpt>
      <trkpt lat="31.281974" lon="120.48828">
        <ele>58.0</ele>
      </trkpt>
      <trkpt lat="31.28198" lon="120.488276">
        <ele>58.0</ele>
      </trkpt>
      <trkpt lat="31.281986" lon="120.488271">
        <ele>58.0</ele>
      </trkpt>
      <trkpt lat="31.281992" lon="120.48827">
        <ele>58.0</ele>
      </trkpt>
      <trkpt lat="31.281998" lon="120.488269">
        <ele>58.0</ele>
      </trkpt>
      <trkpt lat="31.282002" lon="120.488269">
        <ele>58.0</ele>
      </trkpt>
      <trkpt lat="31.282005" lon="120.48827">
        <ele>58.0</ele>
      </trkpt>
      <trkpt lat="31.282012" lon="120.488271">
        <ele>59.0</ele>
      </trkpt>
      <trkpt lat="31.282018" lon="120.488272">
        <ele>59.0</ele>
      </trkpt>
      <trkpt lat="31.282024" lon="120.488272">
        <ele>59.0</ele>
      </trkpt>
      <trkpt lat="31.28203" lon="120.488273">
        <ele>59.0</ele>
      </trkpt>
      <trkpt lat="31.282036" lon="120.488273">
        <ele>59.0</ele>
      </trkpt>
      <trkpt lat="31.282041" lon="120.488273">
        <ele>60.0</ele>
      </trkpt>
      <trkpt lat="31.282047" lon="120.488274">
        <ele>60.0</ele>
      </trkpt>
      <trkpt lat="31.282053" lon="120.488276">
        <ele>60.0</ele>
      </trkpt>
      <trkpt lat="31.282058" lon="120.488277">
        <ele>60.0</ele>
      </trkpt>
      <trkpt lat="31.282064" lon="120.488279">
        <ele>60.0</ele>
      </trkpt>
      <trkpt lat="31.28207" lon="120.48828">
        <ele>60.0</ele>
      </trkpt>
      <trkpt lat="31.282076" lon="120.488281">
        <ele>60.0</ele>
      </trkpt>
      <trkpt lat="31.282081" lon="120.488283">
        <ele>60.0</ele>
      </trkpt>
      <trkpt lat="31.282087" lon="120.488284">
        <ele>60.0</ele>
      </trkpt>
      <trkpt lat="31.282093" lon="120.488284">
        <ele>60.0</ele>
      </trkpt>
      <trkpt lat="31.282098" lon="120.488284">
        <ele>61.0</ele>
      </trkpt>
      <trkpt lat="31.282102" lon="120.488281">
        <ele>61.0</ele>
      </trkpt>
      <trkpt lat="31.282107" lon="120.488279">
        <ele>61.0</ele>
      </trkpt>
      <trkpt lat="31.282119" lon="120.488275">
        <ele>61.0</ele>
      </trkpt>
      <trkpt lat="31.282123" lon="120.488274">
        <ele>61.0</ele>
      </trkpt>
      <trkpt lat="31.282128" lon="120.488272">
        <ele>61.0</ele>
      </trkpt>
      <trkpt lat="31.282136" lon="120.488271">
        <ele>61.0</ele>
      </trkpt>
      <trkpt lat="31.282143" lon="120.488271">
        <ele>61.0</ele>
      </trkpt>
      <trkpt lat="31.282151" lon="120.488271">
        <ele>61.0</ele>
      </trkpt>
      <trkpt lat="31.282158" lon="120.488271">
        <ele>61.0</ele>
      </trkpt>
      <trkpt lat="31.282165" lon="120.488273">
        <ele>61.0</ele>
      </trkpt>
      <trkpt lat="31.282172" lon="120.488274">
        <ele>61.0</ele>
      </trkpt>
      <trkpt lat="31.282175" lon="120.488276">
        <ele>61.0</ele>
      </trkpt>
      <trkpt lat="31.282179" lon="120.488278">
        <ele>61.0</ele>
      </trkpt>
      <trkpt lat="31.282184" lon="120.488282">
        <ele>61.0</ele>
      </trkpt>
      <trkpt lat="31.28219" lon="120.488285">
        <ele>61.0</ele>
      </trkpt>
      <trkpt lat="31.282207" lon="120.488294">
        <ele>62.0</ele>
      </trkpt>
      <trkpt lat="31.282224" lon="120.488292">
        <ele>61.0</ele>
      </trkpt>
      <trkpt lat="31.282234" lon="120.48829">
        <ele>61.0</ele>
      </trkpt>
      <trkpt lat="31.282244" lon="120.488288">
        <ele>61.0</ele>
      </trkpt>
      <trkpt lat="31.282252" lon="120.488287">
        <ele>61.0</ele>
      </trkpt>
      <trkpt lat="31.28226" lon="120.488285">
        <ele>61.0</ele>
      </trkpt>
      <trkpt lat="31.282268" lon="120.488284">
        <ele>61.0</ele>
      </trkpt>
      <trkpt lat="31.282275" lon="120.488283">
        <ele>61.0</ele>
      </trkpt>
      <trkpt lat="31.282283" lon="120.488284">
        <ele>61.0</ele>
      </trkpt>
      <trkpt lat="31.28229" lon="120.488284">
        <ele>61.0</ele>
      </trkpt>
      <trkpt lat="31.282297" lon="120.488287">
        <ele>61.0</ele>
      </trkpt>
      <trkpt lat="31.282304" lon="120.488289">
        <ele>61.0</ele>
      </trkpt>
      <trkpt lat="31.282311" lon="120.488292">
        <ele>61.0</ele>
      </trkpt>
      <trkpt lat="31.282318" lon="120.488296">
        <ele>61.0</ele>
      </trkpt>
      <trkpt lat="31.282324" lon="120.4883">
        <ele>61.0</ele>
      </trkpt>
      <trkpt lat="31.282331" lon="120.488304">
        <ele>61.0</ele>
      </trkpt>
      <trkpt lat="31.282338" lon="120.488308">
        <ele>61.0</ele>
      </trkpt>
      <trkpt lat="31.282344" lon="120.488313">
        <ele>61.0</ele>
      </trkpt>
      <trkpt lat="31.282351" lon="120.488316">
        <ele>61.0</ele>
      </trkpt>
      <trkpt lat="31.282357" lon="120.48832">
        <ele>61.0</ele>
      </trkpt>
      <trkpt lat="31.282363" lon="120.488323">
        <ele>61.0</ele>
      </trkpt>
      <trkpt lat="31.282369" lon="120.488326">
        <ele>61.0</ele>
      </trkpt>
      <trkpt lat="31.282374" lon="120.488329">
        <ele>61.0</ele>
      </trkpt>
      <trkpt lat="31.28238" lon="120.488332">
        <ele>61.0</ele>
      </trkpt>
      <trkpt lat="31.282384" lon="120.488336">
        <ele>61.0</ele>
      </trkpt>
      <trkpt lat="31.282388" lon="120.48834">
        <ele>61.0</ele>
      </trkpt>
      <trkpt lat="31.282403" lon="120.488348">
        <ele>61.0</ele>
      </trkpt>
      <trkpt lat="31.282411" lon="120.48835">
        <ele>61.0</ele>
      </trkpt>
      <trkpt lat="31.282419" lon="120.488352">
        <ele>61.0</ele>
      </trkpt>
      <trkpt lat="31.282426" lon="120.488352">
        <ele>61.0</ele>
      </trkpt>
      <trkpt lat="31.282432" lon="120.488352">
        <ele>62.0</ele>
      </trkpt>
      <trkpt lat="31.282437" lon="120.488351">
        <ele>62.0</ele>
      </trkpt>
      <trkpt lat="31.282442" lon="120.48835">
        <ele>62.0</ele>
      </trkpt>
      <trkpt lat="31.282447" lon="120.488349">
        <ele>62.0</ele>
      </trkpt>
      <trkpt lat="31.282452" lon="120.488348">
        <ele>62.0</ele>
      </trkpt>
      <trkpt lat="31.282457" lon="120.488348">
        <ele>63.0</ele>
      </trkpt>
      <trkpt lat="31.282462" lon="120.488348">
        <ele>63.0</ele>
      </trkpt>
      <trkpt lat="31.282468" lon="120.488349">
        <ele>63.0</ele>
      </trkpt>
      <trkpt lat="31.282474" lon="120.48835">
        <ele>63.0</ele>
      </trkpt>
      <trkpt lat="31.282479" lon="120.488352">
        <ele>63.0</ele>
      </trkpt>
      <trkpt lat="31.282485" lon="120.488354">
        <ele>63.0</ele>
      </trkpt>
      <trkpt lat="31.282497" lon="120.48835">
        <ele>64.0</ele>
      </trkpt>
      <trkpt lat="31.282515" lon="120.488349">
        <ele>64.0</ele>
      </trkpt>
      <trkpt lat="31.282519" lon="120.488348">
        <ele>64.0</ele>
      </trkpt>
      <trkpt lat="31.282523" lon="120.488348">
        <ele>64.0</ele>
      </trkpt>
      <trkpt lat="31.282527" lon="120.488347">
        <ele>64.0</ele>
      </trkpt>
      <trkpt lat="31.282531" lon="120.488347">
        <ele>64.0</ele>
      </trkpt>
      <trkpt lat="31.282542" lon="120.488346">
        <ele>64.0</ele>
      </trkpt>
      <trkpt lat="31.282553" lon="120.488346">
        <ele>64.0</ele>
      </trkpt>
      <trkpt lat="31.28256" lon="120.488346">
        <ele>64.0</ele>
      </trkpt>
      <trkpt lat="31.282568" lon="120.488346">
        <ele>65.0</ele>
      </trkpt>
      <trkpt lat="31.282574" lon="120.488348">
        <ele>65.0</ele>
      </trkpt>
      <trkpt lat="31.282581" lon="120.488349">
        <ele>65.0</ele>
      </trkpt>
      <trkpt lat="31.282587" lon="120.488351">
        <ele>65.0</ele>
      </trkpt>
      <trkpt lat="31.282593" lon="120.488353">
        <ele>65.0</ele>
      </trkpt>
      <trkpt lat="31.282598" lon="120.488357">
        <ele>65.0</ele>
      </trkpt>
      <trkpt lat="31.282604" lon="120.48836">
        <ele>65.0</ele>
      </trkpt>
      <trkpt lat="31.282609" lon="120.488364">
        <ele>65.0</ele>
      </trkpt>
      <trkpt lat="31.282614" lon="120.488368">
        <ele>65.0</ele>
      </trkpt>
      <trkpt lat="31.282618" lon="120.488372">
        <ele>65.0</ele>
      </trkpt>
      <trkpt lat="31.282623" lon="120.488375">
        <ele>66.0</ele>
      </trkpt>
      <trkpt lat="31.282628" lon="120.488377">
        <ele>66.0</ele>
      </trkpt>
      <trkpt lat="31.282632" lon="120.488379">
        <ele>66.0</ele>
      </trkpt>
      <trkpt lat="31.282635" lon="120.48838">
        <ele>66.0</ele>
      </trkpt>
      <trkpt lat="31.282638" lon="120.488381">
        <ele>66.0</ele>
      </trkpt>
      <trkpt lat="31.282641" lon="120.488382">
        <ele>67.0</ele>
      </trkpt>
      <trkpt lat="31.282643" lon="120.488383">
        <ele>67.0</ele>
      </trkpt>
      <trkpt lat="31.282646" lon="120.488384">
        <ele>67.0</ele>
      </trkpt>
      <trkpt lat="31.282653" lon="120.488385">
        <ele>67.0</ele>
      </trkpt>
      <trkpt lat="31.28266" lon="120.488386">
        <ele>67.0</ele>
      </trkpt>
      <trkpt lat="31.282666" lon="120.488384">
        <ele>67.0</ele>
      </trkpt>
      <trkpt lat="31.282671" lon="120.488382">
        <ele>67.0</ele>
      </trkpt>
      <trkpt lat="31.282675" lon="120.488378">
        <ele>67.0</ele>
      </trkpt>
      <trkpt lat="31.282679" lon="120.488374">
        <ele>67.0</ele>
      </trkpt>
      <trkpt lat="31.282684" lon="120.488358">
        <ele>69.0</ele>
      </trkpt>
      <trkpt lat="31.282686" lon="120.488336">
        <ele>69.0</ele>
      </trkpt>
      <trkpt lat="31.282686" lon="120.488311">
        <ele>70.0</ele>
      </trkpt>
      <trkpt lat="31.282685" lon="120.488301">
        <ele>70.0</ele>
      </trkpt>
      <trkpt lat="31.282685" lon="120.488291">
        <ele>70.0</ele>
      </trkpt>
      <trkpt lat="31.282683" lon="120.488278">
        <ele>70.0</ele>
      </trkpt>
      <trkpt lat="31.282682" lon="120.488265">
        <ele>70.0</ele>
      </trkpt>
      <trkpt lat="31.282682" lon="120.488257">
        <ele>70.0</ele>
      </trkpt>
      <trkpt lat="31.282681" lon="120.488248">
        <ele>70.0</ele>
      </trkpt>
      <trkpt lat="31.282683" lon="120.488243">
        <ele>70.0</ele>
      </trkpt>
      <trkpt lat="31.282684" lon="120.488238">
        <ele>70.0</ele>
      </trkpt>
      <trkpt lat="31.282686" lon="120.488233">
        <ele>70.0</ele>
      </trkpt>
      <trkpt lat="31.282689" lon="120.488226">
        <ele>71.0</ele>
      </trkpt>
      <trkpt lat="31.282693" lon="120.48822">
        <ele>71.0</ele>
      </trkpt>
      <trkpt lat="31.282696" lon="120.488214">
        <ele>71.0</ele>
      </trkpt>
      <trkpt lat="31.282698" lon="120.488209">
        <ele>71.0</ele>
      </trkpt>
      <trkpt lat="31.282699" lon="120.488205">
        <ele>71.0</ele>
      </trkpt>
      <trkpt lat="31.282701" lon="120.488202">
        <ele>72.0</ele>
      </trkpt>
      <trkpt lat="31.282701" lon="120.488199">
        <ele>72.0</ele>
      </trkpt>
      <trkpt lat="31.282701" lon="120.488196">
        <ele>72.0</ele>
      </trkpt>
      <trkpt lat="31.282701" lon="120.488193">
        <ele>72.0</ele>
      </trkpt>
      <trkpt lat="31.282698" lon="120.488186">
        <ele>72.0</ele>
      </trkpt>
      <trkpt lat="31.282696" lon="120.488179">
        <ele>72.0</ele>
      </trkpt>
      <trkpt lat="31.282692" lon="120.488174">
        <ele>72.0</ele>
      </trkpt>
      <trkpt lat="31.282688" lon="120.488169">
        <ele>72.0</ele>
      </trkpt>
      <trkpt lat="31.282683" lon="120.488164">
        <ele>72.0</ele>
      </trkpt>
      <trkpt lat="31.282678" lon="120.488159">
        <ele>72.0</ele>
      </trkpt>
      <trkpt lat="31.282674" lon="120.488153">
        <ele>72.0</ele>
      </trkpt>
      <trkpt lat="31.28267" lon="120.488148">
        <ele>72.0</ele>
      </trkpt>
      <trkpt lat="31.282667" lon="120.488142">
        <ele>72.0</ele>
      </trkpt>
      <trkpt lat="31.282664" lon="120.488137">
        <ele>72.0</ele>
      </trkpt>
      <trkpt lat="31.282661" lon="120.488131">
        <ele>72.0</ele>
      </trkpt>
      <trkpt lat="31.282658" lon="120.488126">
        <ele>73.0</ele>
      </trkpt>
      <trkpt lat="31.282646" lon="120.488105">
        <ele>73.0</ele>
      </trkpt>
      <trkpt lat="31.282641" lon="120.488083">
        <ele>73.0</ele>
      </trkpt>
      <trkpt lat="31.282639" lon="120.48807">
        <ele>73.0</ele>
      </trkpt>
      <trkpt lat="31.282637" lon="120.488056">
        <ele>73.0</ele>
      </trkpt>
      <trkpt lat="31.282638" lon="120.48805">
        <ele>74.0</ele>
      </trkpt>
      <trkpt lat="31.282638" lon="120.488044">
        <ele>74.0</ele>
      </trkpt>
      <trkpt lat="31.282639" lon="120.488038">
        <ele>74.0</ele>
      </trkpt>
      <trkpt lat="31.282642" lon="120.48803">
        <ele>74.0</ele>
      </trkpt>
      <trkpt lat="31.282645" lon="120.488023">
        <ele>74.0</ele>
      </trkpt>
      <trkpt lat="31.282656" lon="120.488009">
        <ele>75.0</ele>
      </trkpt>
      <trkpt lat="31.282667" lon="120.487991">
        <ele>75.0</ele>
      </trkpt>
      <trkpt lat="31.282669" lon="120.487988">
        <ele>75.0</ele>
      </trkpt>
      <trkpt lat="31.282671" lon="120.487985">
        <ele>75.0</ele>
      </trkpt>
      <trkpt lat="31.282673" lon="120.487982">
        <ele>76.0</ele>
      </trkpt>
      <trkpt lat="31.282675" lon="120.487979">
        <ele>76.0</ele>
      </trkpt>
      <trkpt lat="31.282677" lon="120.487976">
        <ele>76.0</ele>
      </trkpt>
      <trkpt lat="31.282684" lon="120.487968">
        <ele>76.0</ele>
      </trkpt>
      <trkpt lat="31.282691" lon="120.48796">
        <ele>76.0</ele>
      </trkpt>
      <trkpt lat="31.282697" lon="120.487956">
        <ele>76.0</ele>
      </trkpt>
      <trkpt lat="31.282704" lon="120.487952">
        <ele>76.0</ele>
      </trkpt>
      <trkpt lat="31.282726" lon="120.487951">
        <ele>78.0</ele>
      </trkpt>
      <trkpt lat="31.282738" lon="120.487952">
        <ele>79.0</ele>
      </trkpt>
      <trkpt lat="31.282743" lon="120.48795">
        <ele>79.0</ele>
      </trkpt>
      <trkpt lat="31.282749" lon="120.487949">
        <ele>79.0</ele>
      </trkpt>
      <trkpt lat="31.282751" lon="120.487944">
        <ele>79.0</ele>
      </trkpt>
      <trkpt lat="31.282752" lon="120.487939">
        <ele>79.0</ele>
      </trkpt>
      <trkpt lat="31.282754" lon="120.487933">
        <ele>79.0</ele>
      </trkpt>
      <trkpt lat="31.282755" lon="120.487926">
        <ele>79.0</ele>
      </trkpt>
      <trkpt lat="31.282754" lon="120.48792">
        <ele>79.0</ele>
      </trkpt>
      <trkpt lat="31.282753" lon="120.487914">
        <ele>79.0</ele>
      </trkpt>
      <trkpt lat="31.282749" lon="120.487908">
        <ele>79.0</ele>
      </trkpt>
      <trkpt lat="31.282746" lon="120.487902">
        <ele>79.0</ele>
      </trkpt>
      <trkpt lat="31.282745" lon="120.487896">
        <ele>79.0</ele>
      </trkpt>
      <trkpt lat="31.282744" lon="120.487891">
        <ele>80.0</ele>
      </trkpt>
      <trkpt lat="31.282746" lon="120.487886">
        <ele>80.0</ele>
      </trkpt>
      <trkpt lat="31.282748" lon="120.487882">
        <ele>80.0</ele>
      </trkpt>
      <trkpt lat="31.282751" lon="120.487877">
        <ele>80.0</ele>
      </trkpt>
      <trkpt lat="31.282754" lon="120.487872">
        <ele>80.0</ele>
      </trkpt>
      <trkpt lat="31.282755" lon="120.487869">
        <ele>80.0</ele>
      </trkpt>
      <trkpt lat="31.282756" lon="120.487866">
        <ele>80.0</ele>
      </trkpt>
      <trkpt lat="31.282757" lon="120.487863">
        <ele>80.0</ele>
      </trkpt>
      <trkpt lat="31.282758" lon="120.48786">
        <ele>80.0</ele>
      </trkpt>
      <trkpt lat="31.282759" lon="120.487857">
        <ele>80.0</ele>
      </trkpt>
      <trkpt lat="31.282761" lon="120.487851">
        <ele>81.0</ele>
      </trkpt>
      <trkpt lat="31.282763" lon="120.487845">
        <ele>81.0</ele>
      </trkpt>
      <trkpt lat="31.282765" lon="120.487839">
        <ele>81.0</ele>
      </trkpt>
      <trkpt lat="31.282766" lon="120.487833">
        <ele>81.0</ele>
      </trkpt>
      <trkpt lat="31.282768" lon="120.487828">
        <ele>81.0</ele>
      </trkpt>
      <trkpt lat="31.282769" lon="120.487824">
        <ele>81.0</ele>
      </trkpt>
      <trkpt lat="31.28277" lon="120.487819">
        <ele>81.0</ele>
      </trkpt>
      <trkpt lat="31.282772" lon="120.487813">
        <ele>81.0</ele>
      </trkpt>
      <trkpt lat="31.282774" lon="120.487806">
        <ele>81.0</ele>
      </trkpt>
      <trkpt lat="31.282775" lon="120.487802">
        <ele>81.0</ele>
      </trkpt>
      <trkpt lat="31.282776" lon="120.487798">
        <ele>82.0</ele>
      </trkpt>
      <trkpt lat="31.282778" lon="120.48778">
        <ele>84.0</ele>
      </trkpt>
      <trkpt lat="31.282786" lon="120.487761">
        <ele>85.0</ele>
      </trkpt>
      <trkpt lat="31.282791" lon="120.48775">
        <ele>85.0</ele>
      </trkpt>
      <trkpt lat="31.282797" lon="120.487739">
        <ele>85.0</ele>
      </trkpt>
      <trkpt lat="31.282801" lon="120.487736">
        <ele>85.0</ele>
      </trkpt>
      <trkpt lat="31.282806" lon="120.487734">
        <ele>86.0</ele>
      </trkpt>
      <trkpt lat="31.28281" lon="120.487732">
        <ele>86.0</ele>
      </trkpt>
      <trkpt lat="31.282814" lon="120.487732">
        <ele>86.0</ele>
      </trkpt>
      <trkpt lat="31.282818" lon="120.487733">
        <ele>86.0</ele>
      </trkpt>
      <trkpt lat="31.282825" lon="120.487735">
        <ele>86.0</ele>
      </trkpt>
      <trkpt lat="31.282831" lon="120.487737">
        <ele>86.0</ele>
      </trkpt>
      <trkpt lat="31.282851" lon="120.487735">
        <ele>87.0</ele>
      </trkpt>
      <trkpt lat="31.282869" lon="120.48773">
        <ele>87.0</ele>
      </trkpt>
      <trkpt lat="31.282891" lon="120.487731">
        <ele>88.0</ele>
      </trkpt>
      <trkpt lat="31.282905" lon="120.487732">
        <ele>88.0</ele>
      </trkpt>
      <trkpt lat="31.282918" lon="120.487734">
        <ele>88.0</ele>
      </trkpt>
      <trkpt lat="31.282927" lon="120.487734">
        <ele>88.0</ele>
      </trkpt>
      <trkpt lat="31.282935" lon="120.487735">
        <ele>88.0</ele>
      </trkpt>
      <trkpt lat="31.282945" lon="120.487735">
        <ele>88.0</ele>
      </trkpt>
      <trkpt lat="31.282952" lon="120.487734">
        <ele>89.0</ele>
      </trkpt>
      <trkpt lat="31.282959" lon="120.487734">
        <ele>89.0</ele>
      </trkpt>
      <trkpt lat="31.282964" lon="120.487734">
        <ele>89.0</ele>
      </trkpt>
      <trkpt lat="31.28297" lon="120.487734">
        <ele>89.0</ele>
      </trkpt>
      <trkpt lat="31.282975" lon="120.487733">
        <ele>89.0</ele>
      </trkpt>
      <trkpt lat="31.282981" lon="120.487732">
        <ele>89.0</ele>
      </trkpt>
      <trkpt lat="31.282986" lon="120.487729">
        <ele>89.0</ele>
      </trkpt>
      <trkpt lat="31.282992" lon="120.487727">
        <ele>89.0</ele>
      </trkpt>
      <trkpt lat="31.282996" lon="120.487724">
        <ele>89.0</ele>
      </trkpt>
      <trkpt lat="31.283" lon="120.487722">
        <ele>89.0</ele>
      </trkpt>
      <trkpt lat="31.283004" lon="120.48772">
        <ele>89.0</ele>
      </trkpt>
      <trkpt lat="31.283009" lon="120.487717">
        <ele>89.0</ele>
      </trkpt>
      <trkpt lat="31.283014" lon="120.487713">
        <ele>89.0</ele>
      </trkpt>
      <trkpt lat="31.283018" lon="120.487708">
        <ele>89.0</ele>
      </trkpt>
      <trkpt lat="31.283022" lon="120.487704">
        <ele>89.0</ele>
      </trkpt>
      <trkpt lat="31.283025" lon="120.487701">
        <ele>90.0</ele>
      </trkpt>
      <trkpt lat="31.283028" lon="120.487698">
        <ele>90.0</ele>
      </trkpt>
      <trkpt lat="31.283031" lon="120.487696">
        <ele>90.0</ele>
      </trkpt>
      <trkpt lat="31.283035" lon="120.487693">
        <ele>90.0</ele>
      </trkpt>
      <trkpt lat="31.283039" lon="120.48769">
        <ele>90.0</ele>
      </trkpt>
      <trkpt lat="31.283046" lon="120.487687">
        <ele>91.0</ele>
      </trkpt>
      <trkpt lat="31.283052" lon="120.487684">
        <ele>91.0</ele>
      </trkpt>
      <trkpt lat="31.283069" lon="120.487679">
        <ele>91.0</ele>
      </trkpt>
      <trkpt lat="31.283078" lon="120.487677">
        <ele>91.0</ele>
      </trkpt>
      <trkpt lat="31.283088" lon="120.487675">
        <ele>91.0</ele>
      </trkpt>
      <trkpt lat="31.283096" lon="120.487673">
        <ele>91.0</ele>
      </trkpt>
      <trkpt lat="31.283104" lon="120.487671">
        <ele>91.0</ele>
      </trkpt>
      <trkpt lat="31.283113" lon="120.48767">
        <ele>91.0</ele>
      </trkpt>
      <trkpt lat="31.283121" lon="120.487669">
        <ele>91.0</ele>
      </trkpt>
      <trkpt lat="31.283128" lon="120.487666">
        <ele>91.0</ele>
      </trkpt>
      <trkpt lat="31.283136" lon="120.487664">
        <ele>91.0</ele>
      </trkpt>
      <trkpt lat="31.283142" lon="120.48766">
        <ele>91.0</ele>
      </trkpt>
      <trkpt lat="31.283149" lon="120.487656">
        <ele>91.0</ele>
      </trkpt>
      <trkpt lat="31.283154" lon="120.487651">
        <ele>91.0</ele>
      </trkpt>
      <trkpt lat="31.283159" lon="120.487645">
        <ele>91.0</ele>
      </trkpt>
      <trkpt lat="31.283165" lon="120.487641">
        <ele>91.0</ele>
      </trkpt>
      <trkpt lat="31.28317" lon="120.487636">
        <ele>91.0</ele>
      </trkpt>
      <trkpt lat="31.283177" lon="120.487634">
        <ele>91.0</ele>
      </trkpt>
      <trkpt lat="31.283183" lon="120.487631">
        <ele>91.0</ele>
      </trkpt>
      <trkpt lat="31.28319" lon="120.48763">
        <ele>91.0</ele>
      </trkpt>
      <trkpt lat="31.283197" lon="120.487628">
        <ele>91.0</ele>
      </trkpt>
      <trkpt lat="31.283204" lon="120.487627">
        <ele>91.0</ele>
      </trkpt>
      <trkpt lat="31.28321" lon="120.487625">
        <ele>91.0</ele>
      </trkpt>
      <trkpt lat="31.283216" lon="120.487625">
        <ele>91.0</ele>
      </trkpt>
      <trkpt lat="31.283223" lon="120.487625">
        <ele>91.0</ele>
      </trkpt>
      <trkpt lat="31.28323" lon="120.487625">
        <ele>92.0</ele>
      </trkpt>
      <trkpt lat="31.283236" lon="120.487625">
        <ele>92.0</ele>
      </trkpt>
      <trkpt lat="31.283243" lon="120.487625">
        <ele>92.0</ele>
      </trkpt>
      <trkpt lat="31.28325" lon="120.487625">
        <ele>92.0</ele>
      </trkpt>
      <trkpt lat="31.283258" lon="120.487624">
        <ele>92.0</ele>
      </trkpt>
      <trkpt lat="31.283265" lon="120.487624">
        <ele>92.0</ele>
      </trkpt>
      <trkpt lat="31.283271" lon="120.487624">
        <ele>92.0</ele>
      </trkpt>
      <trkpt lat="31.283278" lon="120.487624">
        <ele>92.0</ele>
      </trkpt>
      <trkpt lat="31.283285" lon="120.487627">
        <ele>92.0</ele>
      </trkpt>
      <trkpt lat="31.283291" lon="120.487629">
        <ele>92.0</ele>
      </trkpt>
      <trkpt lat="31.283297" lon="120.487633">
        <ele>92.0</ele>
      </trkpt>
      <trkpt lat="31.283304" lon="120.487637">
        <ele>92.0</ele>
      </trkpt>
      <trkpt lat="31.283311" lon="120.48764">
        <ele>92.0</ele>
      </trkpt>
      <trkpt lat="31.283317" lon="120.487644">
        <ele>92.0</ele>
      </trkpt>
      <trkpt lat="31.283324" lon="120.487647">
        <ele>92.0</ele>
      </trkpt>
      <trkpt lat="31.283331" lon="120.48765">
        <ele>92.0</ele>
      </trkpt>
      <trkpt lat="31.283338" lon="120.487652">
        <ele>92.0</ele>
      </trkpt>
      <trkpt lat="31.283345" lon="120.487654">
        <ele>92.0</ele>
      </trkpt>
      <trkpt lat="31.283366" lon="120.487651">
        <ele>93.0</ele>
      </trkpt>
      <trkpt lat="31.283374" lon="120.487648">
        <ele>93.0</ele>
      </trkpt>
      <trkpt lat="31.283382" lon="120.487644">
        <ele>93.0</ele>
      </trkpt>
      <trkpt lat="31.283388" lon="120.487641">
        <ele>93.0</ele>
      </trkpt>
      <trkpt lat="31.283394" lon="120.487638">
        <ele>93.0</ele>
      </trkpt>
      <trkpt lat="31.283398" lon="120.487637">
        <ele>93.0</ele>
      </trkpt>
      <trkpt lat="31.283401" lon="120.487636">
        <ele>93.0</ele>
      </trkpt>
      <trkpt lat="31.283407" lon="120.487635">
        <ele>93.0</ele>
      </trkpt>
      <trkpt lat="31.283413" lon="120.487634">
        <ele>93.0</ele>
      </trkpt>
      <trkpt lat="31.283418" lon="120.487633">
        <ele>93.0</ele>
      </trkpt>
      <trkpt lat="31.283424" lon="120.487632">
        <ele>94.0</ele>
      </trkpt>
      <trkpt lat="31.283427" lon="120.48763">
        <ele>94.0</ele>
      </trkpt>
      <trkpt lat="31.28343" lon="120.487627">
        <ele>94.0</ele>
      </trkpt>
      <trkpt lat="31.283433" lon="120.487624">
        <ele>94.0</ele>
      </trkpt>
      <trkpt lat="31.283446" lon="120.487607">
        <ele>96.0</ele>
      </trkpt>
      <trkpt lat="31.283459" lon="120.487596">
        <ele>97.0</ele>
      </trkpt>
      <trkpt lat="31.283462" lon="120.487595">
        <ele>97.0</ele>
      </trkpt>
      <trkpt lat="31.283465" lon="120.487594">
        <ele>97.0</ele>
      </trkpt>
      <trkpt lat="31.283469" lon="120.487593">
        <ele>98.0</ele>
      </trkpt>
      <trkpt lat="31.283472" lon="120.487591">
        <ele>98.0</ele>
      </trkpt>
      <trkpt lat="31.283475" lon="120.48759">
        <ele>98.0</ele>
      </trkpt>
      <trkpt lat="31.283485" lon="120.487588">
        <ele>98.0</ele>
      </trkpt>
      <trkpt lat="31.283496" lon="120.487586">
        <ele>98.0</ele>
      </trkpt>
      <trkpt lat="31.283504" lon="120.487586">
        <ele>98.0</ele>
      </trkpt>
      <trkpt lat="31.283512" lon="120.487586">
        <ele>98.0</ele>
      </trkpt>
      <trkpt lat="31.283519" lon="120.487587">
        <ele>98.0</ele>
      </trkpt>
      <trkpt lat="31.283525" lon="120.487588">
        <ele>98.0</ele>
      </trkpt>
      <trkpt lat="31.283528" lon="120.487589">
        <ele>98.0</ele>
      </trkpt>
      <trkpt lat="31.283531" lon="120.48759">
        <ele>99.0</ele>
      </trkpt>
      <trkpt lat="31.283534" lon="120.487592">
        <ele>99.0</ele>
      </trkpt>
      <trkpt lat="31.283537" lon="120.487593">
        <ele>99.0</ele>
      </trkpt>
      <trkpt lat="31.283542" lon="120.487596">
        <ele>99.0</ele>
      </trkpt>
      <trkpt lat="31.283547" lon="120.4876">
        <ele>99.0</ele>
      </trkpt>
      <trkpt lat="31.283552" lon="120.487604">
        <ele>99.0</ele>
      </trkpt>
      <trkpt lat="31.283557" lon="120.487607">
        <ele>99.0</ele>
      </trkpt>
      <trkpt lat="31.283559" lon="120.487608">
        <ele>99.0</ele>
      </trkpt>
      <trkpt lat="31.283562" lon="120.487608">
        <ele>99.0</ele>
      </trkpt>
      <trkpt lat="31.283564" lon="120.487608">
        <ele>99.0</ele>
      </trkpt>
      <trkpt lat="31.283571" lon="120.487607">
        <ele>99.0</ele>
      </trkpt>
      <trkpt lat="31.283577" lon="120.487605">
        <ele>99.0</ele>
      </trkpt>
      <trkpt lat="31.283581" lon="120.487601">
        <ele>99.0</ele>
      </trkpt>
      <trkpt lat="31.283586" lon="120.487597">
        <ele>99.0</ele>
      </trkpt>
      <trkpt lat="31.28359" lon="120.487592">
        <ele>99.0</ele>
      </trkpt>
      <trkpt lat="31.283594" lon="120.487586">
        <ele>99.0</ele>
      </trkpt>
      <trkpt lat="31.283598" lon="120.48758">
        <ele>99.0</ele>
      </trkpt>
      <trkpt lat="31.283603" lon="120.487575">
        <ele>99.0</ele>
      </trkpt>
      <trkpt lat="31.283606" lon="120.487573">
        <ele>99.0</ele>
      </trkpt>
      <trkpt lat="31.283609" lon="120.487572">
        <ele>99.0</ele>
      </trkpt>
      <trkpt lat="31.283612" lon="120.487571">
        <ele>100.0</ele>
      </trkpt>
      <trkpt lat="31.283615" lon="120.487569">
        <ele>100.0</ele>
      </trkpt>
      <trkpt lat="31.283618" lon="120.487568">
        <ele>100.0</ele>
      </trkpt>
      <trkpt lat="31.283625" lon="120.487566">
        <ele>100.0</ele>
      </trkpt>
      <trkpt lat="31.283633" lon="120.487565">
        <ele>100.0</ele>
      </trkpt>
      <trkpt lat="31.28364" lon="120.487563">
        <ele>101.0</ele>
      </trkpt>
      <trkpt lat="31.283647" lon="120.487562">
        <ele>101.0</ele>
      </trkpt>
      <trkpt lat="31.283654" lon="120.487562">
        <ele>101.0</ele>
      </trkpt>
      <trkpt lat="31.283661" lon="120.487561">
        <ele>101.0</ele>
      </trkpt>
      <trkpt lat="31.283667" lon="120.48756">
        <ele>101.0</ele>
      </trkpt>
      <trkpt lat="31.283674" lon="120.487558">
        <ele>102.0</ele>
      </trkpt>
      <trkpt lat="31.283687" lon="120.487552">
        <ele>102.0</ele>
      </trkpt>
      <trkpt lat="31.283692" lon="120.487549">
        <ele>102.0</ele>
      </trkpt>
      <trkpt lat="31.283697" lon="120.487546">
        <ele>102.0</ele>
      </trkpt>
      <trkpt lat="31.283701" lon="120.48754">
        <ele>102.0</ele>
      </trkpt>
      <trkpt lat="31.283705" lon="120.487535">
        <ele>102.0</ele>
      </trkpt>
      <trkpt lat="31.283708" lon="120.487529">
        <ele>102.0</ele>
      </trkpt>
      <trkpt lat="31.283711" lon="120.487522">
        <ele>102.0</ele>
      </trkpt>
      <trkpt lat="31.283718" lon="120.487507">
        <ele>103.0</ele>
      </trkpt>
      <trkpt lat="31.283715" lon="120.487487">
        <ele>102.0</ele>
      </trkpt>
      <trkpt lat="31.283712" lon="120.487464">
        <ele>103.0</ele>
      </trkpt>
      <trkpt lat="31.283709" lon="120.487445">
        <ele>103.0</ele>
      </trkpt>
      <trkpt lat="31.283707" lon="120.487433">
        <ele>103.0</ele>
      </trkpt>
      <trkpt lat="31.283705" lon="120.48742">
        <ele>103.0</ele>
      </trkpt>
      <trkpt lat="31.283703" lon="120.487411">
        <ele>103.0</ele>
      </trkpt>
      <trkpt lat="31.283701" lon="120.487403">
        <ele>103.0</ele>
      </trkpt>
      <trkpt lat="31.283698" lon="120.487395">
        <ele>103.0</ele>
      </trkpt>
      <trkpt lat="31.283695" lon="120.487388">
        <ele>103.0</ele>
      </trkpt>
      <trkpt lat="31.283681" lon="120.487365">
        <ele>103.0</ele>
      </trkpt>
      <trkpt lat="31.283666" lon="120.48735">
        <ele>103.0</ele>
      </trkpt>
      <trkpt lat="31.28365" lon="120.487339">
        <ele>104.0</ele>
      </trkpt>
      <trkpt lat="31.283644" lon="120.487333">
        <ele>104.0</ele>
      </trkpt>
      <trkpt lat="31.283637" lon="120.487327">
        <ele>104.0</ele>
      </trkpt>
      <trkpt lat="31.283638" lon="120.487327">
        <ele>104.0</ele>
      </trkpt>
      <trkpt lat="31.283639" lon="120.487326">
        <ele>104.0</ele>
      </trkpt>
      <trkpt lat="31.283643" lon="120.487329">
        <ele>104.0</ele>
      </trkpt>
      <trkpt lat="31.283648" lon="120.487332">
        <ele>104.0</ele>
      </trkpt>
      <trkpt lat="31.283653" lon="120.487338">
        <ele>104.0</ele>
      </trkpt>
      <trkpt lat="31.283658" lon="120.487343">
        <ele>104.0</ele>
      </trkpt>
      <trkpt lat="31.283664" lon="120.48735">
        <ele>104.0</ele>
      </trkpt>
      <trkpt lat="31.283669" lon="120.487357">
        <ele>103.0</ele>
      </trkpt>
      <trkpt lat="31.283674" lon="120.487364">
        <ele>103.0</ele>
      </trkpt>
      <trkpt lat="31.283678" lon="120.487371">
        <ele>103.0</ele>
      </trkpt>
      <trkpt lat="31.283682" lon="120.487379">
        <ele>103.0</ele>
      </trkpt>
      <trkpt lat="31.283686" lon="120.487387">
        <ele>103.0</ele>
      </trkpt>
      <trkpt lat="31.283689" lon="120.487395">
        <ele>103.0</ele>
      </trkpt>
      <trkpt lat="31.283693" lon="120.487404">
        <ele>103.0</ele>
      </trkpt>
      <trkpt lat="31.283695" lon="120.487412">
        <ele>103.0</ele>
      </trkpt>
      <trkpt lat="31.283698" lon="120.487421">
        <ele>103.0</ele>
      </trkpt>
      <trkpt lat="31.2837" lon="120.487429">
        <ele>103.0</ele>
      </trkpt>
      <trkpt lat="31.283703" lon="120.487437">
        <ele>103.0</ele>
      </trkpt>
      <trkpt lat="31.283712" lon="120.487447">
        <ele>103.0</ele>
      </trkpt>
      <trkpt lat="31.283719" lon="120.487456">
        <ele>103.0</ele>
      </trkpt>
      <trkpt lat="31.283723" lon="120.487462">
        <ele>103.0</ele>
      </trkpt>
      <trkpt lat="31.283728" lon="120.487467">
        <ele>103.0</ele>
      </trkpt>
      <trkpt lat="31.283734" lon="120.487471">
        <ele>103.0</ele>
      </trkpt>
      <trkpt lat="31.28374" lon="120.487474">
        <ele>103.0</ele>
      </trkpt>
      <trkpt lat="31.283748" lon="120.487477">
        <ele>103.0</ele>
      </trkpt>
      <trkpt lat="31.283755" lon="120.487479">
        <ele>103.0</ele>
      </trkpt>
      <trkpt lat="31.283764" lon="120.48748">
        <ele>103.0</ele>
      </trkpt>
      <trkpt lat="31.283773" lon="120.48748">
        <ele>103.0</ele>
      </trkpt>
      <trkpt lat="31.283781" lon="120.48748">
        <ele>103.0</ele>
      </trkpt>
      <trkpt lat="31.283789" lon="120.48748">
        <ele>103.0</ele>
      </trkpt>
      <trkpt lat="31.283797" lon="120.487478">
        <ele>102.0</ele>
      </trkpt>
      <trkpt lat="31.283805" lon="120.487477">
        <ele>102.0</ele>
      </trkpt>
      <trkpt lat="31.283813" lon="120.487475">
        <ele>102.0</ele>
      </trkpt>
      <trkpt lat="31.283821" lon="120.487473">
        <ele>102.0</ele>
      </trkpt>
      <trkpt lat="31.283829" lon="120.487473">
        <ele>102.0</ele>
      </trkpt>
      <trkpt lat="31.283837" lon="120.487473">
        <ele>102.0</ele>
      </trkpt>
      <trkpt lat="31.283844" lon="120.487475">
        <ele>102.0</ele>
      </trkpt>
      <trkpt lat="31.283851" lon="120.487478">
        <ele>102.0</ele>
      </trkpt>
      <trkpt lat="31.283857" lon="120.487481">
        <ele>102.0</ele>
      </trkpt>
      <trkpt lat="31.283864" lon="120.487485">
        <ele>102.0</ele>
      </trkpt>
      <trkpt lat="31.283869" lon="120.487489">
        <ele>101.0</ele>
      </trkpt>
      <trkpt lat="31.283874" lon="120.487493">
        <ele>101.0</ele>
      </trkpt>
      <trkpt lat="31.283879" lon="120.487496">
        <ele>101.0</ele>
      </trkpt>
      <trkpt lat="31.283884" lon="120.4875">
        <ele>101.0</ele>
      </trkpt>
      <trkpt lat="31.283889" lon="120.487502">
        <ele>101.0</ele>
      </trkpt>
      <trkpt lat="31.283894" lon="120.487505">
        <ele>101.0</ele>
      </trkpt>
      <trkpt lat="31.2839" lon="120.487508">
        <ele>101.0</ele>
      </trkpt>
      <trkpt lat="31.283906" lon="120.48751">
        <ele>101.0</ele>
      </trkpt>
      <trkpt lat="31.283912" lon="120.487514">
        <ele>101.0</ele>
      </trkpt>
      <trkpt lat="31.283919" lon="120.487517">
        <ele>101.0</ele>
      </trkpt>
      <trkpt lat="31.283925" lon="120.487521">
        <ele>101.0</ele>
      </trkpt>
      <trkpt lat="31.283931" lon="120.487526">
        <ele>101.0</ele>
      </trkpt>
      <trkpt lat="31.283937" lon="120.48753">
        <ele>101.0</ele>
      </trkpt>
      <trkpt lat="31.283942" lon="120.487534">
        <ele>101.0</ele>
      </trkpt>
      <trkpt lat="31.283955" lon="120.487543">
        <ele>101.0</ele>
      </trkpt>
      <trkpt lat="31.28396" lon="120.487546">
        <ele>101.0</ele>
      </trkpt>
      <trkpt lat="31.283965" lon="120.487549">
        <ele>101.0</ele>
      </trkpt>
      <trkpt lat="31.283972" lon="120.487551">
        <ele>101.0</ele>
      </trkpt>
      <trkpt lat="31.283979" lon="120.487552">
        <ele>101.0</ele>
      </trkpt>
      <trkpt lat="31.283987" lon="120.487553">
        <ele>101.0</ele>
      </trkpt>
      <trkpt lat="31.283995" lon="120.487554">
        <ele>101.0</ele>
      </trkpt>
      <trkpt lat="31.284005" lon="120.487554">
        <ele>101.0</ele>
      </trkpt>
      <trkpt lat="31.284014" lon="120.487555">
        <ele>101.0</ele>
      </trkpt>
      <trkpt lat="31.284024" lon="120.487556">
        <ele>101.0</ele>
      </trkpt>
      <trkpt lat="31.284034" lon="120.487556">
        <ele>101.0</ele>
      </trkpt>
      <trkpt lat="31.284043" lon="120.487557">
        <ele>101.0</ele>
      </trkpt>
      <trkpt lat="31.284053" lon="120.487558">
        <ele>101.0</ele>
      </trkpt>
      <trkpt lat="31.284061" lon="120.48756">
        <ele>101.0</ele>
      </trkpt>
      <trkpt lat="31.28407" lon="120.487561">
        <ele>101.0</ele>
      </trkpt>
      <trkpt lat="31.284077" lon="120.487563">
        <ele>101.0</ele>
      </trkpt>
      <trkpt lat="31.284084" lon="120.487565">
        <ele>101.0</ele>
      </trkpt>
      <trkpt lat="31.284091" lon="120.487566">
        <ele>101.0</ele>
      </trkpt>
      <trkpt lat="31.284097" lon="120.487568">
        <ele>101.0</ele>
      </trkpt>
      <trkpt lat="31.284104" lon="120.48757">
        <ele>101.0</ele>
      </trkpt>
      <trkpt lat="31.284111" lon="120.487572">
        <ele>101.0</ele>
      </trkpt>
      <trkpt lat="31.284117" lon="120.487575">
        <ele>101.0</ele>
      </trkpt>
      <trkpt lat="31.284124" lon="120.487578">
        <ele>101.0</ele>
      </trkpt>
      <trkpt lat="31.284132" lon="120.487583">
        <ele>101.0</ele>
      </trkpt>
      <trkpt lat="31.284139" lon="120.487587">
        <ele>101.0</ele>
      </trkpt>
      <trkpt lat="31.284146" lon="120.487593">
        <ele>102.0</ele>
      </trkpt>
      <trkpt lat="31.284152" lon="120.487599">
        <ele>101.0</ele>
      </trkpt>
      <trkpt lat="31.284159" lon="120.487605">
        <ele>101.0</ele>
      </trkpt>
      <trkpt lat="31.284165" lon="120.487611">
        <ele>101.0</ele>
      </trkpt>
      <trkpt lat="31.284171" lon="120.487619">
        <ele>101.0</ele>
      </trkpt>
      <trkpt lat="31.284178" lon="120.487627">
        <ele>101.0</ele>
      </trkpt>
      <trkpt lat="31.284182" lon="120.487637">
        <ele>101.0</ele>
      </trkpt>
      <trkpt lat="31.284186" lon="120.487646">
        <ele>101.0</ele>
      </trkpt>
      <trkpt lat="31.28419" lon="120.487655">
        <ele>101.0</ele>
      </trkpt>
      <trkpt lat="31.284194" lon="120.487664">
        <ele>101.0</ele>
      </trkpt>
      <trkpt lat="31.284199" lon="120.487669">
        <ele>101.0</ele>
      </trkpt>
      <trkpt lat="31.284205" lon="120.487674">
        <ele>101.0</ele>
      </trkpt>
      <trkpt lat="31.284211" lon="120.487675">
        <ele>101.0</ele>
      </trkpt>
      <trkpt lat="31.284218" lon="120.487677">
        <ele>101.0</ele>
      </trkpt>
      <trkpt lat="31.284226" lon="120.487678">
        <ele>101.0</ele>
      </trkpt>
      <trkpt lat="31.284234" lon="120.48768">
        <ele>101.0</ele>
      </trkpt>
      <trkpt lat="31.284242" lon="120.487684">
        <ele>101.0</ele>
      </trkpt>
      <trkpt lat="31.284249" lon="120.487689">
        <ele>101.0</ele>
      </trkpt>
      <trkpt lat="31.284256" lon="120.487695">
        <ele>101.0</ele>
      </trkpt>
      <trkpt lat="31.284263" lon="120.4877">
        <ele>101.0</ele>
      </trkpt>
      <trkpt lat="31.284271" lon="120.487704">
        <ele>101.0</ele>
      </trkpt>
      <trkpt lat="31.284279" lon="120.487709">
        <ele>101.0</ele>
      </trkpt>
      <trkpt lat="31.284286" lon="120.487712">
        <ele>101.0</ele>
      </trkpt>
      <trkpt lat="31.284294" lon="120.487716">
        <ele>101.0</ele>
      </trkpt>
      <trkpt lat="31.284302" lon="120.48772">
        <ele>101.0</ele>
      </trkpt>
      <trkpt lat="31.284309" lon="120.487725">
        <ele>101.0</ele>
      </trkpt>
      <trkpt lat="31.284316" lon="120.487731">
        <ele>100.0</ele>
      </trkpt>
      <trkpt lat="31.284323" lon="120.487737">
        <ele>100.0</ele>
      </trkpt>
      <trkpt lat="31.28433" lon="120.487744">
        <ele>100.0</ele>
      </trkpt>
      <trkpt lat="31.284337" lon="120.487751">
        <ele>100.0</ele>
      </trkpt>
      <trkpt lat="31.284343" lon="120.487759">
        <ele>100.0</ele>
      </trkpt>
      <trkpt lat="31.28435" lon="120.487767">
        <ele>100.0</ele>
      </trkpt>
      <trkpt lat="31.284356" lon="120.487777">
        <ele>100.0</ele>
      </trkpt>
      <trkpt lat="31.284363" lon="120.487786">
        <ele>100.0</ele>
      </trkpt>
      <trkpt lat="31.284368" lon="120.487796">
        <ele>100.0</ele>
      </trkpt>
      <trkpt lat="31.284374" lon="120.487806">
        <ele>100.0</ele>
      </trkpt>
      <trkpt lat="31.284379" lon="120.487816">
        <ele>100.0</ele>
      </trkpt>
      <trkpt lat="31.284384" lon="120.487825">
        <ele>100.0</ele>
      </trkpt>
      <trkpt lat="31.28439" lon="120.487833">
        <ele>100.0</ele>
      </trkpt>
      <trkpt lat="31.284395" lon="120.487841">
        <ele>100.0</ele>
      </trkpt>
      <trkpt lat="31.284401" lon="120.487848">
        <ele>100.0</ele>
      </trkpt>
      <trkpt lat="31.284407" lon="120.487854">
        <ele>100.0</ele>
      </trkpt>
      <trkpt lat="31.284414" lon="120.48786">
        <ele>100.0</ele>
      </trkpt>
      <trkpt lat="31.284422" lon="120.487866">
        <ele>100.0</ele>
      </trkpt>
      <trkpt lat="31.284428" lon="120.487873">
        <ele>100.0</ele>
      </trkpt>
      <trkpt lat="31.284436" lon="120.48788">
        <ele>100.0</ele>
      </trkpt>
      <trkpt lat="31.284442" lon="120.487887">
        <ele>100.0</ele>
      </trkpt>
      <trkpt lat="31.284448" lon="120.487895">
        <ele>100.0</ele>
      </trkpt>
      <trkpt lat="31.284453" lon="120.487903">
        <ele>100.0</ele>
      </trkpt>
      <trkpt lat="31.284458" lon="120.487911">
        <ele>100.0</ele>
      </trkpt>
      <trkpt lat="31.284461" lon="120.487919">
        <ele>100.0</ele>
      </trkpt>
      <trkpt lat="31.284464" lon="120.487927">
        <ele>100.0</ele>
      </trkpt>
      <trkpt lat="31.284467" lon="120.487935">
        <ele>100.0</ele>
      </trkpt>
      <trkpt lat="31.28447" lon="120.487944">
        <ele>100.0</ele>
      </trkpt>
      <trkpt lat="31.284473" lon="120.487951">
        <ele>100.0</ele>
      </trkpt>
      <trkpt lat="31.284476" lon="120.487958">
        <ele>100.0</ele>
      </trkpt>
      <trkpt lat="31.28448" lon="120.487963">
        <ele>100.0</ele>
      </trkpt>
      <trkpt lat="31.284485" lon="120.487967">
        <ele>100.0</ele>
      </trkpt>
      <trkpt lat="31.284491" lon="120.48797">
        <ele>100.0</ele>
      </trkpt>
      <trkpt lat="31.284497" lon="120.487973">
        <ele>100.0</ele>
      </trkpt>
      <trkpt lat="31.284503" lon="120.487975">
        <ele>100.0</ele>
      </trkpt>
      <trkpt lat="31.28451" lon="120.487977">
        <ele>100.0</ele>
      </trkpt>
      <trkpt lat="31.284516" lon="120.487978">
        <ele>100.0</ele>
      </trkpt>
      <trkpt lat="31.284523" lon="120.487979">
        <ele>100.0</ele>
      </trkpt>
      <trkpt lat="31.284529" lon="120.487979">
        <ele>100.0</ele>
      </trkpt>
      <trkpt lat="31.284536" lon="120.487979">
        <ele>101.0</ele>
      </trkpt>
      <trkpt lat="31.284543" lon="120.487979">
        <ele>101.0</ele>
      </trkpt>
      <trkpt lat="31.28455" lon="120.48798">
        <ele>101.0</ele>
      </trkpt>
      <trkpt lat="31.284557" lon="120.487982">
        <ele>101.0</ele>
      </trkpt>
      <trkpt lat="31.284564" lon="120.487984">
        <ele>101.0</ele>
      </trkpt>
      <trkpt lat="31.284571" lon="120.487986">
        <ele>101.0</ele>
      </trkpt>
      <trkpt lat="31.284577" lon="120.487989">
        <ele>101.0</ele>
      </trkpt>
      <trkpt lat="31.284583" lon="120.487992">
        <ele>101.0</ele>
      </trkpt>
      <trkpt lat="31.284589" lon="120.487994">
        <ele>101.0</ele>
      </trkpt>
      <trkpt lat="31.284595" lon="120.487998">
        <ele>101.0</ele>
      </trkpt>
      <trkpt lat="31.2846" lon="120.488001">
        <ele>102.0</ele>
      </trkpt>
      <trkpt lat="31.284604" lon="120.488005">
        <ele>102.0</ele>
      </trkpt>
      <trkpt lat="31.284609" lon="120.488009">
        <ele>102.0</ele>
      </trkpt>
      <trkpt lat="31.284613" lon="120.488012">
        <ele>102.0</ele>
      </trkpt>
      <trkpt lat="31.284617" lon="120.488014">
        <ele>102.0</ele>
      </trkpt>
      <trkpt lat="31.284622" lon="120.488014">
        <ele>102.0</ele>
      </trkpt>
      <trkpt lat="31.284626" lon="120.488014">
        <ele>102.0</ele>
      </trkpt>
      <trkpt lat="31.284631" lon="120.488013">
        <ele>102.0</ele>
      </trkpt>
      <trkpt lat="31.284636" lon="120.488012">
        <ele>102.0</ele>
      </trkpt>
      <trkpt lat="31.284641" lon="120.488012">
        <ele>102.0</ele>
      </trkpt>
      <trkpt lat="31.284646" lon="120.488012">
        <ele>103.0</ele>
      </trkpt>
      <trkpt lat="31.284652" lon="120.488013">
        <ele>103.0</ele>
      </trkpt>
      <trkpt lat="31.284657" lon="120.488015">
        <ele>103.0</ele>
      </trkpt>
      <trkpt lat="31.28466" lon="120.488015">
        <ele>103.0</ele>
      </trkpt>
      <trkpt lat="31.284663" lon="120.488015">
        <ele>103.0</ele>
      </trkpt>
      <trkpt lat="31.284666" lon="120.488015">
        <ele>104.0</ele>
      </trkpt>
      <trkpt lat="31.284669" lon="120.488016">
        <ele>104.0</ele>
      </trkpt>
      <trkpt lat="31.284674" lon="120.488016">
        <ele>104.0</ele>
      </trkpt>
      <trkpt lat="31.284679" lon="120.488016">
        <ele>104.0</ele>
      </trkpt>
      <trkpt lat="31.284684" lon="120.488018">
        <ele>104.0</ele>
      </trkpt>
      <trkpt lat="31.28469" lon="120.488019">
        <ele>104.0</ele>
      </trkpt>
      <trkpt lat="31.284697" lon="120.488022">
        <ele>104.0</ele>
      </trkpt>
      <trkpt lat="31.284704" lon="120.488024">
        <ele>104.0</ele>
      </trkpt>
      <trkpt lat="31.284711" lon="120.488026">
        <ele>104.0</ele>
      </trkpt>
      <trkpt lat="31.284718" lon="120.488028">
        <ele>104.0</ele>
      </trkpt>
      <trkpt lat="31.284725" lon="120.48803">
        <ele>105.0</ele>
      </trkpt>
      <trkpt lat="31.284731" lon="120.488032">
        <ele>105.0</ele>
      </trkpt>
      <trkpt lat="31.284737" lon="120.488036">
        <ele>105.0</ele>
      </trkpt>
      <trkpt lat="31.284743" lon="120.488039">
        <ele>105.0</ele>
      </trkpt>
      <trkpt lat="31.284748" lon="120.488042">
        <ele>105.0</ele>
      </trkpt>
      <trkpt lat="31.284753" lon="120.488046">
        <ele>105.0</ele>
      </trkpt>
      <trkpt lat="31.284755" lon="120.488046">
        <ele>105.0</ele>
      </trkpt>
      <trkpt lat="31.284757" lon="120.488047">
        <ele>105.0</ele>
      </trkpt>
      <trkpt lat="31.284758" lon="120.488048">
        <ele>105.0</ele>
      </trkpt>
      <trkpt lat="31.28476" lon="120.488049">
        <ele>105.0</ele>
      </trkpt>
      <trkpt lat="31.284766" lon="120.48805">
        <ele>106.0</ele>
      </trkpt>
      <trkpt lat="31.284772" lon="120.488052">
        <ele>106.0</ele>
      </trkpt>
      <trkpt lat="31.284778" lon="120.488054">
        <ele>106.0</ele>
      </trkpt>
      <trkpt lat="31.284783" lon="120.488056">
        <ele>106.0</ele>
      </trkpt>
      <trkpt lat="31.284785" lon="120.488058">
        <ele>106.0</ele>
      </trkpt>
      <trkpt lat="31.284788" lon="120.48806">
        <ele>107.0</ele>
      </trkpt>
      <trkpt lat="31.284793" lon="120.488066">
        <ele>107.0</ele>
      </trkpt>
      <trkpt lat="31.284798" lon="120.488072">
        <ele>107.0</ele>
      </trkpt>
      <trkpt lat="31.284801" lon="120.488075">
        <ele>107.0</ele>
      </trkpt>
      <trkpt lat="31.284805" lon="120.488078">
        <ele>107.0</ele>
      </trkpt>
      <trkpt lat="31.284809" lon="120.488081">
        <ele>107.0</ele>
      </trkpt>
      <trkpt lat="31.284812" lon="120.488084">
        <ele>107.0</ele>
      </trkpt>
      <trkpt lat="31.284825" lon="120.488092">
        <ele>108.0</ele>
      </trkpt>
      <trkpt lat="31.284829" lon="120.488094">
        <ele>108.0</ele>
      </trkpt>
      <trkpt lat="31.284832" lon="120.488097">
        <ele>108.0</ele>
      </trkpt>
      <trkpt lat="31.284835" lon="120.488101">
        <ele>108.0</ele>
      </trkpt>
      <trkpt lat="31.284837" lon="120.488106">
        <ele>108.0</ele>
      </trkpt>
      <trkpt lat="31.284841" lon="120.48812">
        <ele>109.0</ele>
      </trkpt>
      <trkpt lat="31.284845" lon="120.48813">
        <ele>109.0</ele>
      </trkpt>
      <trkpt lat="31.284849" lon="120.488139">
        <ele>109.0</ele>
      </trkpt>
      <trkpt lat="31.284852" lon="120.488146">
        <ele>109.0</ele>
      </trkpt>
      <trkpt lat="31.284855" lon="120.488153">
        <ele>109.0</ele>
      </trkpt>
      <trkpt lat="31.284859" lon="120.488159">
        <ele>109.0</ele>
      </trkpt>
      <trkpt lat="31.284863" lon="120.488166">
        <ele>109.0</ele>
      </trkpt>
      <trkpt lat="31.284867" lon="120.488174">
        <ele>109.0</ele>
      </trkpt>
      <trkpt lat="31.284871" lon="120.488182">
        <ele>109.0</ele>
      </trkpt>
      <trkpt lat="31.284874" lon="120.488189">
        <ele>109.0</ele>
      </trkpt>
      <trkpt lat="31.284878" lon="120.488196">
        <ele>109.0</ele>
      </trkpt>
      <trkpt lat="31.284881" lon="120.488203">
        <ele>109.0</ele>
      </trkpt>
      <trkpt lat="31.284885" lon="120.48821">
        <ele>109.0</ele>
      </trkpt>
      <trkpt lat="31.284887" lon="120.488213">
        <ele>109.0</ele>
      </trkpt>
      <trkpt lat="31.284889" lon="120.488217">
        <ele>110.0</ele>
      </trkpt>
      <trkpt lat="31.284898" lon="120.488229">
        <ele>111.0</ele>
      </trkpt>
      <trkpt lat="31.284904" lon="120.488237">
        <ele>111.0</ele>
      </trkpt>
      <trkpt lat="31.28491" lon="120.488245">
        <ele>111.0</ele>
      </trkpt>
      <trkpt lat="31.284914" lon="120.488251">
        <ele>111.0</ele>
      </trkpt>
      <trkpt lat="31.284918" lon="120.488257">
        <ele>112.0</ele>
      </trkpt>
      <trkpt lat="31.284922" lon="120.488261">
        <ele>112.0</ele>
      </trkpt>
      <trkpt lat="31.284926" lon="120.488265">
        <ele>112.0</ele>
      </trkpt>
      <trkpt lat="31.28493" lon="120.488269">
        <ele>113.0</ele>
      </trkpt>
      <trkpt lat="31.284934" lon="120.488274">
        <ele>113.0</ele>
      </trkpt>
      <trkpt lat="31.284937" lon="120.48828">
        <ele>114.0</ele>
      </trkpt>
      <trkpt lat="31.28494" lon="120.488287">
        <ele>114.0</ele>
      </trkpt>
      <trkpt lat="31.284942" lon="120.488295">
        <ele>114.0</ele>
      </trkpt>
      <trkpt lat="31.284944" lon="120.488304">
        <ele>114.0</ele>
      </trkpt>
      <trkpt lat="31.284947" lon="120.488321">
        <ele>116.0</ele>
      </trkpt>
      <trkpt lat="31.28495" lon="120.488326">
        <ele>116.0</ele>
      </trkpt>
      <trkpt lat="31.284953" lon="120.488331">
        <ele>116.0</ele>
      </trkpt>
      <trkpt lat="31.284955" lon="120.488334">
        <ele>116.0</ele>
      </trkpt>
      <trkpt lat="31.284957" lon="120.488338">
        <ele>116.0</ele>
      </trkpt>
      <trkpt lat="31.28496" lon="120.488342">
        <ele>116.0</ele>
      </trkpt>
      <trkpt lat="31.284965" lon="120.488347">
        <ele>116.0</ele>
      </trkpt>
      <trkpt lat="31.28497" lon="120.488352">
        <ele>116.0</ele>
      </trkpt>
      <trkpt lat="31.284977" lon="120.488355">
        <ele>116.0</ele>
      </trkpt>
      <trkpt lat="31.284984" lon="120.488358">
        <ele>116.0</ele>
      </trkpt>
      <trkpt lat="31.284992" lon="120.48836">
        <ele>116.0</ele>
      </trkpt>
      <trkpt lat="31.284999" lon="120.488362">
        <ele>117.0</ele>
      </trkpt>
      <trkpt lat="31.285006" lon="120.488366">
        <ele>117.0</ele>
      </trkpt>
      <trkpt lat="31.285013" lon="120.48837">
        <ele>117.0</ele>
      </trkpt>
      <trkpt lat="31.285017" lon="120.488375">
        <ele>117.0</ele>
      </trkpt>
      <trkpt lat="31.285022" lon="120.488381">
        <ele>117.0</ele>
      </trkpt>
      <trkpt lat="31.285023" lon="120.488384">
        <ele>118.0</ele>
      </trkpt>
      <trkpt lat="31.285025" lon="120.488387">
        <ele>118.0</ele>
      </trkpt>
      <trkpt lat="31.285026" lon="120.48839">
        <ele>118.0</ele>
      </trkpt>
      <trkpt lat="31.28503" lon="120.488397">
        <ele>118.0</ele>
      </trkpt>
      <trkpt lat="31.285034" lon="120.488403">
        <ele>118.0</ele>
      </trkpt>
      <trkpt lat="31.285039" lon="120.488408">
        <ele>118.0</ele>
      </trkpt>
      <trkpt lat="31.285043" lon="120.488412">
        <ele>118.0</ele>
      </trkpt>
      <trkpt lat="31.285057" lon="120.488413">
        <ele>119.0</ele>
      </trkpt>
      <trkpt lat="31.285062" lon="120.488409">
        <ele>119.0</ele>
      </trkpt>
      <trkpt lat="31.285067" lon="120.488405">
        <ele>119.0</ele>
      </trkpt>
      <trkpt lat="31.285071" lon="120.4884">
        <ele>119.0</ele>
      </trkpt>
      <trkpt lat="31.285076" lon="120.488396">
        <ele>119.0</ele>
      </trkpt>
      <trkpt lat="31.285088" lon="120.488396">
        <ele>122.0</ele>
      </trkpt>
      <trkpt lat="31.285096" lon="120.488398">
        <ele>122.0</ele>
      </trkpt>
      <trkpt lat="31.285104" lon="120.488399">
        <ele>122.0</ele>
      </trkpt>
      <trkpt lat="31.28511" lon="120.488404">
        <ele>122.0</ele>
      </trkpt>
      <trkpt lat="31.285116" lon="120.488409">
        <ele>122.0</ele>
      </trkpt>
      <trkpt lat="31.285122" lon="120.488418">
        <ele>123.0</ele>
      </trkpt>
      <trkpt lat="31.285128" lon="120.488426">
        <ele>123.0</ele>
      </trkpt>
      <trkpt lat="31.285135" lon="120.488436">
        <ele>123.0</ele>
      </trkpt>
      <trkpt lat="31.285141" lon="120.488446">
        <ele>123.0</ele>
      </trkpt>
      <trkpt lat="31.285152" lon="120.488445">
        <ele>126.0</ele>
      </trkpt>
      <trkpt lat="31.285159" lon="120.488442">
        <ele>126.0</ele>
      </trkpt>
      <trkpt lat="31.285166" lon="120.48844">
        <ele>126.0</ele>
      </trkpt>
      <trkpt lat="31.285172" lon="120.488435">
        <ele>126.0</ele>
      </trkpt>
      <trkpt lat="31.285178" lon="120.48843">
        <ele>126.0</ele>
      </trkpt>
      <trkpt lat="31.285185" lon="120.488427">
        <ele>126.0</ele>
      </trkpt>
      <trkpt lat="31.285193" lon="120.488423">
        <ele>126.0</ele>
      </trkpt>
      <trkpt lat="31.285197" lon="120.488422">
        <ele>126.0</ele>
      </trkpt>
      <trkpt lat="31.285202" lon="120.488421">
        <ele>126.0</ele>
      </trkpt>
      <trkpt lat="31.28521" lon="120.488418">
        <ele>127.0</ele>
      </trkpt>
      <trkpt lat="31.285219" lon="120.488415">
        <ele>127.0</ele>
      </trkpt>
      <trkpt lat="31.285226" lon="120.48841">
        <ele>127.0</ele>
      </trkpt>
      <trkpt lat="31.285233" lon="120.488405">
        <ele>127.0</ele>
      </trkpt>
      <trkpt lat="31.285248" lon="120.488402">
        <ele>129.0</ele>
      </trkpt>
      <trkpt lat="31.285251" lon="120.488401">
        <ele>129.0</ele>
      </trkpt>
      <trkpt lat="31.285254" lon="120.4884">
        <ele>130.0</ele>
      </trkpt>
      <trkpt lat="31.285257" lon="120.488399">
        <ele>130.0</ele>
      </trkpt>
      <trkpt lat="31.285261" lon="120.488398">
        <ele>130.0</ele>
      </trkpt>
      <trkpt lat="31.285264" lon="120.488398">
        <ele>130.0</ele>
      </trkpt>
      <trkpt lat="31.285275" lon="120.488396">
        <ele>130.0</ele>
      </trkpt>
      <trkpt lat="31.285285" lon="120.488395">
        <ele>131.0</ele>
      </trkpt>
      <trkpt lat="31.285293" lon="120.488398">
        <ele>131.0</ele>
      </trkpt>
      <trkpt lat="31.285301" lon="120.4884">
        <ele>131.0</ele>
      </trkpt>
      <trkpt lat="31.285305" lon="120.488403">
        <ele>131.0</ele>
      </trkpt>
      <trkpt lat="31.285308" lon="120.488406">
        <ele>131.0</ele>
      </trkpt>
      <trkpt lat="31.285314" lon="120.488408">
        <ele>131.0</ele>
      </trkpt>
      <trkpt lat="31.285319" lon="120.488411">
        <ele>131.0</ele>
      </trkpt>
      <trkpt lat="31.285324" lon="120.488409">
        <ele>131.0</ele>
      </trkpt>
      <trkpt lat="31.285328" lon="120.488407">
        <ele>132.0</ele>
      </trkpt>
      <trkpt lat="31.285337" lon="120.488396">
        <ele>134.0</ele>
      </trkpt>
      <trkpt lat="31.285342" lon="120.488393">
        <ele>134.0</ele>
      </trkpt>
      <trkpt lat="31.285347" lon="120.48839">
        <ele>134.0</ele>
      </trkpt>
      <trkpt lat="31.285352" lon="120.48839">
        <ele>134.0</ele>
      </trkpt>
      <trkpt lat="31.285357" lon="120.488391">
        <ele>134.0</ele>
      </trkpt>
      <trkpt lat="31.285372" lon="120.488408">
        <ele>134.0</ele>
      </trkpt>
      <trkpt lat="31.285384" lon="120.488427">
        <ele>134.0</ele>
      </trkpt>
      <trkpt lat="31.285391" lon="120.488439">
        <ele>135.0</ele>
      </trkpt>
      <trkpt lat="31.285398" lon="120.488451">
        <ele>135.0</ele>
      </trkpt>
      <trkpt lat="31.285403" lon="120.488459">
        <ele>135.0</ele>
      </trkpt>
      <trkpt lat="31.285407" lon="120.488467">
        <ele>135.0</ele>
      </trkpt>
      <trkpt lat="31.285413" lon="120.488483">
        <ele>137.0</ele>
      </trkpt>
      <trkpt lat="31.285426" lon="120.488498">
        <ele>138.0</ele>
      </trkpt>
      <trkpt lat="31.285446" lon="120.488504">
        <ele>139.0</ele>
      </trkpt>
      <trkpt lat="31.285465" lon="120.488507">
        <ele>140.0</ele>
      </trkpt>
      <trkpt lat="31.285476" lon="120.488507">
        <ele>140.0</ele>
      </trkpt>
      <trkpt lat="31.285488" lon="120.488506">
        <ele>140.0</ele>
      </trkpt>
      <trkpt lat="31.285509" lon="120.488506">
        <ele>141.0</ele>
      </trkpt>
      <trkpt lat="31.285514" lon="120.488508">
        <ele>141.0</ele>
      </trkpt>
      <trkpt lat="31.28552" lon="120.48851">
        <ele>142.0</ele>
      </trkpt>
      <trkpt lat="31.285527" lon="120.488512">
        <ele>142.0</ele>
      </trkpt>
      <trkpt lat="31.285535" lon="120.488513">
        <ele>142.0</ele>
      </trkpt>
      <trkpt lat="31.285542" lon="120.488513">
        <ele>142.0</ele>
      </trkpt>
      <trkpt lat="31.285549" lon="120.488512">
        <ele>142.0</ele>
      </trkpt>
      <trkpt lat="31.285561" lon="120.488509">
        <ele>145.0</ele>
      </trkpt>
      <trkpt lat="31.285565" lon="120.488507">
        <ele>145.0</ele>
      </trkpt>
      <trkpt lat="31.285569" lon="120.488505">
        <ele>145.0</ele>
      </trkpt>
      <trkpt lat="31.285574" lon="120.488502">
        <ele>145.0</ele>
      </trkpt>
      <trkpt lat="31.285579" lon="120.4885">
        <ele>145.0</ele>
      </trkpt>
      <trkpt lat="31.285585" lon="120.488498">
        <ele>145.0</ele>
      </trkpt>
      <trkpt lat="31.285592" lon="120.488497">
        <ele>145.0</ele>
      </trkpt>
      <trkpt lat="31.285599" lon="120.488498">
        <ele>145.0</ele>
      </trkpt>
      <trkpt lat="31.285606" lon="120.488499">
        <ele>145.0</ele>
      </trkpt>
      <trkpt lat="31.285611" lon="120.488501">
        <ele>145.0</ele>
      </trkpt>
      <trkpt lat="31.285615" lon="120.488502">
        <ele>145.0</ele>
      </trkpt>
      <trkpt lat="31.285623" lon="120.488506">
        <ele>145.0</ele>
      </trkpt>
      <trkpt lat="31.28563" lon="120.488509">
        <ele>145.0</ele>
      </trkpt>
      <trkpt lat="31.285636" lon="120.488513">
        <ele>145.0</ele>
      </trkpt>
      <trkpt lat="31.285643" lon="120.488516">
        <ele>145.0</ele>
      </trkpt>
      <trkpt lat="31.285649" lon="120.48852">
        <ele>145.0</ele>
      </trkpt>
      <trkpt lat="31.285656" lon="120.488523">
        <ele>145.0</ele>
      </trkpt>
      <trkpt lat="31.285662" lon="120.488528">
        <ele>145.0</ele>
      </trkpt>
      <trkpt lat="31.285667" lon="120.488533">
        <ele>145.0</ele>
      </trkpt>
      <trkpt lat="31.285672" lon="120.488539">
        <ele>146.0</ele>
      </trkpt>
      <trkpt lat="31.285677" lon="120.488545">
        <ele>146.0</ele>
      </trkpt>
      <trkpt lat="31.285681" lon="120.488553">
        <ele>146.0</ele>
      </trkpt>
      <trkpt lat="31.285685" lon="120.48856">
        <ele>146.0</ele>
      </trkpt>
      <trkpt lat="31.285688" lon="120.488567">
        <ele>146.0</ele>
      </trkpt>
      <trkpt lat="31.28569" lon="120.488575">
        <ele>146.0</ele>
      </trkpt>
      <trkpt lat="31.285689" lon="120.488582">
        <ele>146.0</ele>
      </trkpt>
      <trkpt lat="31.285689" lon="120.488589">
        <ele>146.0</ele>
      </trkpt>
      <trkpt lat="31.285686" lon="120.488592">
        <ele>146.0</ele>
      </trkpt>
      <trkpt lat="31.285684" lon="120.488596">
        <ele>146.0</ele>
      </trkpt>
      <trkpt lat="31.285672" lon="120.488607">
        <ele>148.0</ele>
      </trkpt>
      <trkpt lat="31.285654" lon="120.488617">
        <ele>147.0</ele>
      </trkpt>
      <trkpt lat="31.285644" lon="120.488621">
        <ele>147.0</ele>
      </trkpt>
      <trkpt lat="31.285638" lon="120.488624">
        <ele>147.0</ele>
      </trkpt>
      <trkpt lat="31.285632" lon="120.488627">
        <ele>147.0</ele>
      </trkpt>
      <trkpt lat="31.285628" lon="120.488631">
        <ele>147.0</ele>
      </trkpt>
      <trkpt lat="31.285624" lon="120.488635">
        <ele>147.0</ele>
      </trkpt>
      <trkpt lat="31.285625" lon="120.488638">
        <ele>147.0</ele>
      </trkpt>
      <trkpt lat="31.285619" lon="120.488634">
        <ele>148.0</ele>
      </trkpt>
      <trkpt lat="31.28561" lon="120.488641">
        <ele>147.0</ele>
      </trkpt>
      <trkpt lat="31.285606" lon="120.488644">
        <ele>147.0</ele>
      </trkpt>
      <trkpt lat="31.285603" lon="120.488647">
        <ele>147.0</ele>
      </trkpt>
      <trkpt lat="31.285601" lon="120.488649">
        <ele>147.0</ele>
      </trkpt>
      <trkpt lat="31.285599" lon="120.488651">
        <ele>147.0</ele>
      </trkpt>
      <trkpt lat="31.285608" lon="120.488646">
        <ele>148.0</ele>
      </trkpt>
      <trkpt lat="31.285613" lon="120.488644">
        <ele>148.0</ele>
      </trkpt>
      <trkpt lat="31.285619" lon="120.488641">
        <ele>148.0</ele>
      </trkpt>
      <trkpt lat="31.285622" lon="120.48864">
        <ele>148.0</ele>
      </trkpt>
      <trkpt lat="31.285626" lon="120.488639">
        <ele>148.0</ele>
      </trkpt>
      <trkpt lat="31.28563" lon="120.488637">
        <ele>148.0</ele>
      </trkpt>
      <trkpt lat="31.285636" lon="120.488635">
        <ele>148.0</ele>
      </trkpt>
      <trkpt lat="31.285642" lon="120.488632">
        <ele>148.0</ele>
      </trkpt>
      <trkpt lat="31.285649" lon="120.488629">
        <ele>148.0</ele>
      </trkpt>
      <trkpt lat="31.285655" lon="120.488626">
        <ele>148.0</ele>
      </trkpt>
      <trkpt lat="31.285661" lon="120.488625">
        <ele>148.0</ele>
      </trkpt>
      <trkpt lat="31.285666" lon="120.488623">
        <ele>148.0</ele>
      </trkpt>
      <trkpt lat="31.285673" lon="120.488624">
        <ele>148.0</ele>
      </trkpt>
      <trkpt lat="31.285679" lon="120.488625">
        <ele>148.0</ele>
      </trkpt>
      <trkpt lat="31.285685" lon="120.488626">
        <ele>148.0</ele>
      </trkpt>
      <trkpt lat="31.285691" lon="120.488628">
        <ele>148.0</ele>
      </trkpt>
      <trkpt lat="31.285705" lon="120.488634">
        <ele>149.0</ele>
      </trkpt>
      <trkpt lat="31.28571" lon="120.488636">
        <ele>149.0</ele>
      </trkpt>
      <trkpt lat="31.285716" lon="120.488638">
        <ele>149.0</ele>
      </trkpt>
      <trkpt lat="31.285723" lon="120.488638">
        <ele>150.0</ele>
      </trkpt>
      <trkpt lat="31.285731" lon="120.488639">
        <ele>150.0</ele>
      </trkpt>
      <trkpt lat="31.285737" lon="120.488639">
        <ele>150.0</ele>
      </trkpt>
      <trkpt lat="31.285743" lon="120.488639">
        <ele>150.0</ele>
      </trkpt>
      <trkpt lat="31.285748" lon="120.488642">
        <ele>150.0</ele>
      </trkpt>
      <trkpt lat="31.285754" lon="120.488644">
        <ele>150.0</ele>
      </trkpt>
      <trkpt lat="31.285759" lon="120.488649">
        <ele>150.0</ele>
      </trkpt>
      <trkpt lat="31.285764" lon="120.488654">
        <ele>150.0</ele>
      </trkpt>
      <trkpt lat="31.28577" lon="120.48866">
        <ele>150.0</ele>
      </trkpt>
      <trkpt lat="31.285775" lon="120.488666">
        <ele>150.0</ele>
      </trkpt>
      <trkpt lat="31.285781" lon="120.488673">
        <ele>151.0</ele>
      </trkpt>
      <trkpt lat="31.285787" lon="120.488679">
        <ele>151.0</ele>
      </trkpt>
      <trkpt lat="31.285793" lon="120.488686">
        <ele>151.0</ele>
      </trkpt>
      <trkpt lat="31.285798" lon="120.488692">
        <ele>151.0</ele>
      </trkpt>
      <trkpt lat="31.285803" lon="120.488699">
        <ele>151.0</ele>
      </trkpt>
      <trkpt lat="31.285808" lon="120.488705">
        <ele>151.0</ele>
      </trkpt>
      <trkpt lat="31.285812" lon="120.488711">
        <ele>151.0</ele>
      </trkpt>
      <trkpt lat="31.285816" lon="120.488717">
        <ele>151.0</ele>
      </trkpt>
      <trkpt lat="31.285818" lon="120.488719">
        <ele>151.0</ele>
      </trkpt>
      <trkpt lat="31.28582" lon="120.488722">
        <ele>151.0</ele>
      </trkpt>
      <trkpt lat="31.285822" lon="120.488725">
        <ele>152.0</ele>
      </trkpt>
      <trkpt lat="31.285824" lon="120.488727">
        <ele>152.0</ele>
      </trkpt>
      <trkpt lat="31.285826" lon="120.48873">
        <ele>152.0</ele>
      </trkpt>
      <trkpt lat="31.285831" lon="120.488736">
        <ele>152.0</ele>
      </trkpt>
      <trkpt lat="31.285836" lon="120.488742">
        <ele>152.0</ele>
      </trkpt>
      <trkpt lat="31.285839" lon="120.488747">
        <ele>153.0</ele>
      </trkpt>
      <trkpt lat="31.285842" lon="120.488752">
        <ele>153.0</ele>
      </trkpt>
      <trkpt lat="31.285843" lon="120.488759">
        <ele>154.0</ele>
      </trkpt>
      <trkpt lat="31.285844" lon="120.488764">
        <ele>154.0</ele>
      </trkpt>
      <trkpt lat="31.285844" lon="120.48877">
        <ele>154.0</ele>
      </trkpt>
      <trkpt lat="31.285845" lon="120.488776">
        <ele>154.0</ele>
      </trkpt>
      <trkpt lat="31.285846" lon="120.488782">
        <ele>154.0</ele>
      </trkpt>
      <trkpt lat="31.285848" lon="120.488789">
        <ele>154.0</ele>
      </trkpt>
      <trkpt lat="31.28585" lon="120.488796">
        <ele>154.0</ele>
      </trkpt>
      <trkpt lat="31.285852" lon="120.488804">
        <ele>154.0</ele>
      </trkpt>
      <trkpt lat="31.285854" lon="120.488812">
        <ele>154.0</ele>
      </trkpt>
      <trkpt lat="31.285855" lon="120.48882">
        <ele>155.0</ele>
      </trkpt>
      <trkpt lat="31.285856" lon="120.488828">
        <ele>155.0</ele>
      </trkpt>
      <trkpt lat="31.285857" lon="120.488833">
        <ele>155.0</ele>
      </trkpt>
      <trkpt lat="31.285857" lon="120.488838">
        <ele>155.0</ele>
      </trkpt>
      <trkpt lat="31.285857" lon="120.488846">
        <ele>155.0</ele>
      </trkpt>
      <trkpt lat="31.285858" lon="120.488853">
        <ele>155.0</ele>
      </trkpt>
      <trkpt lat="31.285858" lon="120.48886">
        <ele>155.0</ele>
      </trkpt>
      <trkpt lat="31.285859" lon="120.488867">
        <ele>155.0</ele>
      </trkpt>
      <trkpt lat="31.28586" lon="120.488874">
        <ele>155.0</ele>
      </trkpt>
      <trkpt lat="31.285862" lon="120.48888">
        <ele>155.0</ele>
      </trkpt>
      <trkpt lat="31.285865" lon="120.488886">
        <ele>156.0</ele>
      </trkpt>
      <trkpt lat="31.285868" lon="120.488892">
        <ele>156.0</ele>
      </trkpt>
      <trkpt lat="31.285872" lon="120.488899">
        <ele>156.0</ele>
      </trkpt>
      <trkpt lat="31.285875" lon="120.488905">
        <ele>156.0</ele>
      </trkpt>
      <trkpt lat="31.285878" lon="120.488912">
        <ele>156.0</ele>
      </trkpt>
      <trkpt lat="31.285881" lon="120.48892">
        <ele>157.0</ele>
      </trkpt>
      <trkpt lat="31.285883" lon="120.488927">
        <ele>157.0</ele>
      </trkpt>
      <trkpt lat="31.285886" lon="120.488935">
        <ele>157.0</ele>
      </trkpt>
      <trkpt lat="31.285887" lon="120.488944">
        <ele>157.0</ele>
      </trkpt>
      <trkpt lat="31.285889" lon="120.488953">
        <ele>157.0</ele>
      </trkpt>
      <trkpt lat="31.285891" lon="120.488962">
        <ele>158.0</ele>
      </trkpt>
      <trkpt lat="31.285892" lon="120.488972">
        <ele>158.0</ele>
      </trkpt>
      <trkpt lat="31.285895" lon="120.488981">
        <ele>158.0</ele>
      </trkpt>
      <trkpt lat="31.285898" lon="120.48899">
        <ele>158.0</ele>
      </trkpt>
      <trkpt lat="31.285903" lon="120.488997">
        <ele>158.0</ele>
      </trkpt>
      <trkpt lat="31.285908" lon="120.489004">
        <ele>159.0</ele>
      </trkpt>
      <trkpt lat="31.285915" lon="120.489009">
        <ele>159.0</ele>
      </trkpt>
      <trkpt lat="31.285922" lon="120.489015">
        <ele>159.0</ele>
      </trkpt>
      <trkpt lat="31.28593" lon="120.489019">
        <ele>159.0</ele>
      </trkpt>
      <trkpt lat="31.285937" lon="120.489022">
        <ele>159.0</ele>
      </trkpt>
      <trkpt lat="31.28596" lon="120.489026">
        <ele>158.0</ele>
      </trkpt>
      <trkpt lat="31.28597" lon="120.489027">
        <ele>158.0</ele>
      </trkpt>
      <trkpt lat="31.28598" lon="120.489028">
        <ele>158.0</ele>
      </trkpt>
      <trkpt lat="31.285987" lon="120.48903">
        <ele>158.0</ele>
      </trkpt>
      <trkpt lat="31.285994" lon="120.489031">
        <ele>158.0</ele>
      </trkpt>
      <trkpt lat="31.286" lon="120.489035">
        <ele>158.0</ele>
      </trkpt>
      <trkpt lat="31.286006" lon="120.489039">
        <ele>158.0</ele>
      </trkpt>
      <trkpt lat="31.286012" lon="120.489045">
        <ele>158.0</ele>
      </trkpt>
      <trkpt lat="31.286018" lon="120.489052">
        <ele>158.0</ele>
      </trkpt>
      <trkpt lat="31.286022" lon="120.48906">
        <ele>158.0</ele>
      </trkpt>
      <trkpt lat="31.286027" lon="120.489068">
        <ele>158.0</ele>
      </trkpt>
      <trkpt lat="31.286035" lon="120.489092">
        <ele>159.0</ele>
      </trkpt>
      <trkpt lat="31.286038" lon="120.489102">
        <ele>159.0</ele>
      </trkpt>
      <trkpt lat="31.28604" lon="120.489111">
        <ele>159.0</ele>
      </trkpt>
      <trkpt lat="31.286046" lon="120.489126">
        <ele>160.0</ele>
      </trkpt>
      <trkpt lat="31.28605" lon="120.48913">
        <ele>160.0</ele>
      </trkpt>
      <trkpt lat="31.286053" lon="120.489135">
        <ele>160.0</ele>
      </trkpt>
      <trkpt lat="31.286057" lon="120.489139">
        <ele>160.0</ele>
      </trkpt>
      <trkpt lat="31.286062" lon="120.489144">
        <ele>160.0</ele>
      </trkpt>
      <trkpt lat="31.286068" lon="120.48915">
        <ele>160.0</ele>
      </trkpt>
      <trkpt lat="31.286073" lon="120.489157">
        <ele>160.0</ele>
      </trkpt>
      <trkpt lat="31.286079" lon="120.489164">
        <ele>160.0</ele>
      </trkpt>
      <trkpt lat="31.286085" lon="120.489171">
        <ele>160.0</ele>
      </trkpt>
      <trkpt lat="31.286092" lon="120.489177">
        <ele>160.0</ele>
      </trkpt>
      <trkpt lat="31.286098" lon="120.489183">
        <ele>160.0</ele>
      </trkpt>
      <trkpt lat="31.286106" lon="120.489188">
        <ele>160.0</ele>
      </trkpt>
      <trkpt lat="31.286113" lon="120.489193">
        <ele>160.0</ele>
      </trkpt>
      <trkpt lat="31.28612" lon="120.489196">
        <ele>160.0</ele>
      </trkpt>
      <trkpt lat="31.286128" lon="120.4892">
        <ele>160.0</ele>
      </trkpt>
      <trkpt lat="31.286135" lon="120.489203">
        <ele>160.0</ele>
      </trkpt>
      <trkpt lat="31.286142" lon="120.489207">
        <ele>160.0</ele>
      </trkpt>
      <trkpt lat="31.286148" lon="120.489212">
        <ele>160.0</ele>
      </trkpt>
      <trkpt lat="31.286154" lon="120.489216">
        <ele>161.0</ele>
      </trkpt>
      <trkpt lat="31.28616" lon="120.489221">
        <ele>161.0</ele>
      </trkpt>
      <trkpt lat="31.286166" lon="120.489225">
        <ele>161.0</ele>
      </trkpt>
      <trkpt lat="31.286173" lon="120.489229">
        <ele>161.0</ele>
      </trkpt>
      <trkpt lat="31.286179" lon="120.489232">
        <ele>161.0</ele>
      </trkpt>
      <trkpt lat="31.286185" lon="120.489234">
        <ele>162.0</ele>
      </trkpt>
      <trkpt lat="31.286192" lon="120.489236">
        <ele>162.0</ele>
      </trkpt>
      <trkpt lat="31.286198" lon="120.489236">
        <ele>162.0</ele>
      </trkpt>
      <trkpt lat="31.286205" lon="120.489235">
        <ele>162.0</ele>
      </trkpt>
      <trkpt lat="31.286211" lon="120.489236">
        <ele>162.0</ele>
      </trkpt>
      <trkpt lat="31.286216" lon="120.489237">
        <ele>163.0</ele>
      </trkpt>
      <trkpt lat="31.28622" lon="120.48924">
        <ele>163.0</ele>
      </trkpt>
      <trkpt lat="31.286224" lon="120.489244">
        <ele>163.0</ele>
      </trkpt>
      <trkpt lat="31.286228" lon="120.489249">
        <ele>163.0</ele>
      </trkpt>
      <trkpt lat="31.286232" lon="120.489255">
        <ele>163.0</ele>
      </trkpt>
      <trkpt lat="31.286237" lon="120.489262">
        <ele>164.0</ele>
      </trkpt>
      <trkpt lat="31.286242" lon="120.48927">
        <ele>164.0</ele>
      </trkpt>
      <trkpt lat="31.286246" lon="120.489278">
        <ele>164.0</ele>
      </trkpt>
      <trkpt lat="31.286251" lon="120.489286">
        <ele>164.0</ele>
      </trkpt>
      <trkpt lat="31.286254" lon="120.489293">
        <ele>164.0</ele>
      </trkpt>
      <trkpt lat="31.286258" lon="120.4893">
        <ele>164.0</ele>
      </trkpt>
      <trkpt lat="31.28626" lon="120.489301">
        <ele>164.0</ele>
      </trkpt>
      <trkpt lat="31.286262" lon="120.489303">
        <ele>164.0</ele>
      </trkpt>
      <trkpt lat="31.286264" lon="120.489305">
        <ele>164.0</ele>
      </trkpt>
      <trkpt lat="31.286269" lon="120.489308">
        <ele>164.0</ele>
      </trkpt>
      <trkpt lat="31.286275" lon="120.489311">
        <ele>165.0</ele>
      </trkpt>
      <trkpt lat="31.286293" lon="120.489309">
        <ele>165.0</ele>
      </trkpt>
      <trkpt lat="31.286307" lon="120.489309">
        <ele>167.0</ele>
      </trkpt>
      <trkpt lat="31.286314" lon="120.48931">
        <ele>167.0</ele>
      </trkpt>
      <trkpt lat="31.286322" lon="120.489311">
        <ele>167.0</ele>
      </trkpt>
      <trkpt lat="31.286326" lon="120.489315">
        <ele>167.0</ele>
      </trkpt>
      <trkpt lat="31.286331" lon="120.489319">
        <ele>167.0</ele>
      </trkpt>
      <trkpt lat="31.286334" lon="120.489325">
        <ele>168.0</ele>
      </trkpt>
      <trkpt lat="31.286337" lon="120.489331">
        <ele>168.0</ele>
      </trkpt>
      <trkpt lat="31.286341" lon="120.489339">
        <ele>168.0</ele>
      </trkpt>
      <trkpt lat="31.286345" lon="120.489346">
        <ele>168.0</ele>
      </trkpt>
      <trkpt lat="31.28635" lon="120.489354">
        <ele>168.0</ele>
      </trkpt>
      <trkpt lat="31.286356" lon="120.489361">
        <ele>168.0</ele>
      </trkpt>
      <trkpt lat="31.286358" lon="120.489364">
        <ele>168.0</ele>
      </trkpt>
      <trkpt lat="31.286361" lon="120.489367">
        <ele>168.0</ele>
      </trkpt>
      <trkpt lat="31.286365" lon="120.489373">
        <ele>168.0</ele>
      </trkpt>
      <trkpt lat="31.28637" lon="120.489379">
        <ele>168.0</ele>
      </trkpt>
      <trkpt lat="31.286373" lon="120.489386">
        <ele>169.0</ele>
      </trkpt>
      <trkpt lat="31.286376" lon="120.489393">
        <ele>169.0</ele>
      </trkpt>
      <trkpt lat="31.286378" lon="120.489401">
        <ele>169.0</ele>
      </trkpt>
      <trkpt lat="31.28638" lon="120.489409">
        <ele>169.0</ele>
      </trkpt>
      <trkpt lat="31.286383" lon="120.489416">
        <ele>169.0</ele>
      </trkpt>
      <trkpt lat="31.286386" lon="120.489423">
        <ele>169.0</ele>
      </trkpt>
      <trkpt lat="31.286391" lon="120.48943">
        <ele>169.0</ele>
      </trkpt>
      <trkpt lat="31.286395" lon="120.489436">
        <ele>169.0</ele>
      </trkpt>
      <trkpt lat="31.286405" lon="120.489458">
        <ele>171.0</ele>
      </trkpt>
      <trkpt lat="31.286407" lon="120.489472">
        <ele>172.0</ele>
      </trkpt>
      <trkpt lat="31.286406" lon="120.48948">
        <ele>172.0</ele>
      </trkpt>
      <trkpt lat="31.286406" lon="120.489488">
        <ele>172.0</ele>
      </trkpt>
      <trkpt lat="31.286403" lon="120.489494">
        <ele>172.0</ele>
      </trkpt>
      <trkpt lat="31.2864" lon="120.489499">
        <ele>173.0</ele>
      </trkpt>
      <trkpt lat="31.286397" lon="120.489502">
        <ele>173.0</ele>
      </trkpt>
      <trkpt lat="31.286395" lon="120.489505">
        <ele>173.0</ele>
      </trkpt>
      <trkpt lat="31.28639" lon="120.489512">
        <ele>173.0</ele>
      </trkpt>
      <trkpt lat="31.286385" lon="120.489519">
        <ele>173.0</ele>
      </trkpt>
      <trkpt lat="31.286379" lon="120.489527">
        <ele>173.0</ele>
      </trkpt>
      <trkpt lat="31.286373" lon="120.489534">
        <ele>173.0</ele>
      </trkpt>
      <trkpt lat="31.286368" lon="120.489542">
        <ele>173.0</ele>
      </trkpt>
      <trkpt lat="31.286363" lon="120.489551">
        <ele>173.0</ele>
      </trkpt>
      <trkpt lat="31.286361" lon="120.489559">
        <ele>173.0</ele>
      </trkpt>
      <trkpt lat="31.286359" lon="120.489568">
        <ele>174.0</ele>
      </trkpt>
      <trkpt lat="31.286359" lon="120.489576">
        <ele>174.0</ele>
      </trkpt>
      <trkpt lat="31.28636" lon="120.489584">
        <ele>174.0</ele>
      </trkpt>
      <trkpt lat="31.286361" lon="120.489583">
        <ele>174.0</ele>
      </trkpt>
      <trkpt lat="31.286362" lon="120.489578">
        <ele>174.0</ele>
      </trkpt>
      <trkpt lat="31.286363" lon="120.489573">
        <ele>174.0</ele>
      </trkpt>
      <trkpt lat="31.286366" lon="120.489565">
        <ele>174.0</ele>
      </trkpt>
      <trkpt lat="31.286369" lon="120.489558">
        <ele>174.0</ele>
      </trkpt>
      <trkpt lat="31.286372" lon="120.489549">
        <ele>174.0</ele>
      </trkpt>
      <trkpt lat="31.286376" lon="120.489542">
        <ele>174.0</ele>
      </trkpt>
      <trkpt lat="31.286377" lon="120.489539">
        <ele>174.0</ele>
      </trkpt>
      <trkpt lat="31.286379" lon="120.489537">
        <ele>174.0</ele>
      </trkpt>
      <trkpt lat="31.28638" lon="120.489535">
        <ele>174.0</ele>
      </trkpt>
      <trkpt lat="31.286381" lon="120.489532">
        <ele>174.0</ele>
      </trkpt>
      <trkpt lat="31.286382" lon="120.48953">
        <ele>174.0</ele>
      </trkpt>
      <trkpt lat="31.286387" lon="120.489524">
        <ele>174.0</ele>
      </trkpt>
      <trkpt lat="31.286393" lon="120.489519">
        <ele>174.0</ele>
      </trkpt>
      <trkpt lat="31.286412" lon="120.489517">
        <ele>174.0</ele>
      </trkpt>
      <trkpt lat="31.286428" lon="120.489512">
        <ele>174.0</ele>
      </trkpt>
      <trkpt lat="31.286439" lon="120.48951">
        <ele>174.0</ele>
      </trkpt>
      <trkpt lat="31.286449" lon="120.489508">
        <ele>174.0</ele>
      </trkpt>
      <trkpt lat="31.286456" lon="120.48951">
        <ele>174.0</ele>
      </trkpt>
      <trkpt lat="31.286463" lon="120.489511">
        <ele>174.0</ele>
      </trkpt>
      <trkpt lat="31.28647" lon="120.489515">
        <ele>174.0</ele>
      </trkpt>
      <trkpt lat="31.286478" lon="120.489518">
        <ele>174.0</ele>
      </trkpt>
      <trkpt lat="31.286485" lon="120.489522">
        <ele>174.0</ele>
      </trkpt>
      <trkpt lat="31.286493" lon="120.489527">
        <ele>174.0</ele>
      </trkpt>
      <trkpt lat="31.2865" lon="120.489531">
        <ele>175.0</ele>
      </trkpt>
      <trkpt lat="31.286507" lon="120.489535">
        <ele>175.0</ele>
      </trkpt>
      <trkpt lat="31.286512" lon="120.489538">
        <ele>175.0</ele>
      </trkpt>
      <trkpt lat="31.286517" lon="120.489541">
        <ele>175.0</ele>
      </trkpt>
      <trkpt lat="31.286521" lon="120.489544">
        <ele>175.0</ele>
      </trkpt>
      <trkpt lat="31.286529" lon="120.489552">
        <ele>176.0</ele>
      </trkpt>
      <trkpt lat="31.286533" lon="120.489559">
        <ele>176.0</ele>
      </trkpt>
      <trkpt lat="31.286537" lon="120.489566">
        <ele>176.0</ele>
      </trkpt>
      <trkpt lat="31.286538" lon="120.489587">
        <ele>177.0</ele>
      </trkpt>
      <trkpt lat="31.286544" lon="120.489601">
        <ele>180.0</ele>
      </trkpt>
      <trkpt lat="31.286547" lon="120.48961">
        <ele>180.0</ele>
      </trkpt>
      <trkpt lat="31.286551" lon="120.489619">
        <ele>180.0</ele>
      </trkpt>
      <trkpt lat="31.286552" lon="120.489627">
        <ele>180.0</ele>
      </trkpt>
      <trkpt lat="31.286553" lon="120.489634">
        <ele>180.0</ele>
      </trkpt>
      <trkpt lat="31.286553" lon="120.489661">
        <ele>180.0</ele>
      </trkpt>
      <trkpt lat="31.286544" lon="120.489675">
        <ele>180.0</ele>
      </trkpt>
      <trkpt lat="31.286538" lon="120.48968">
        <ele>180.0</ele>
      </trkpt>
      <trkpt lat="31.286533" lon="120.489686">
        <ele>180.0</ele>
      </trkpt>
      <trkpt lat="31.286526" lon="120.489697">
        <ele>180.0</ele>
      </trkpt>
      <trkpt lat="31.286517" lon="120.489711">
        <ele>180.0</ele>
      </trkpt>
      <trkpt lat="31.286509" lon="120.489723">
        <ele>181.0</ele>
      </trkpt>
      <trkpt lat="31.286503" lon="120.489731">
        <ele>181.0</ele>
      </trkpt>
      <trkpt lat="31.286498" lon="120.489739">
        <ele>181.0</ele>
      </trkpt>
      <trkpt lat="31.286494" lon="120.489745">
        <ele>181.0</ele>
      </trkpt>
      <trkpt lat="31.28649" lon="120.489752">
        <ele>181.0</ele>
      </trkpt>
      <trkpt lat="31.286486" lon="120.489759">
        <ele>181.0</ele>
      </trkpt>
      <trkpt lat="31.286483" lon="120.489766">
        <ele>181.0</ele>
      </trkpt>
      <trkpt lat="31.286478" lon="120.489773">
        <ele>181.0</ele>
      </trkpt>
      <trkpt lat="31.286474" lon="120.48978">
        <ele>181.0</ele>
      </trkpt>
      <trkpt lat="31.286468" lon="120.489787">
        <ele>180.0</ele>
      </trkpt>
      <trkpt lat="31.286462" lon="120.489793">
        <ele>180.0</ele>
      </trkpt>
      <trkpt lat="31.286459" lon="120.489797">
        <ele>180.0</ele>
      </trkpt>
      <trkpt lat="31.286457" lon="120.489801">
        <ele>180.0</ele>
      </trkpt>
      <trkpt lat="31.286454" lon="120.489807">
        <ele>180.0</ele>
      </trkpt>
      <trkpt lat="31.286451" lon="120.489814">
        <ele>180.0</ele>
      </trkpt>
      <trkpt lat="31.28645" lon="120.489821">
        <ele>180.0</ele>
      </trkpt>
      <trkpt lat="31.286449" lon="120.489829">
        <ele>180.0</ele>
      </trkpt>
      <trkpt lat="31.286448" lon="120.489837">
        <ele>180.0</ele>
      </trkpt>
      <trkpt lat="31.286448" lon="120.489845">
        <ele>180.0</ele>
      </trkpt>
      <trkpt lat="31.286447" lon="120.489852">
        <ele>179.0</ele>
      </trkpt>
      <trkpt lat="31.286446" lon="120.489859">
        <ele>179.0</ele>
      </trkpt>
      <trkpt lat="31.286444" lon="120.489865">
        <ele>179.0</ele>
      </trkpt>
      <trkpt lat="31.286442" lon="120.48987">
        <ele>179.0</ele>
      </trkpt>
      <trkpt lat="31.286439" lon="120.489887">
        <ele>177.0</ele>
      </trkpt>
      <trkpt lat="31.286437" lon="120.489904">
        <ele>176.0</ele>
      </trkpt>
      <trkpt lat="31.286436" lon="120.489915">
        <ele>176.0</ele>
      </trkpt>
      <trkpt lat="31.286436" lon="120.489927">
        <ele>176.0</ele>
      </trkpt>
      <trkpt lat="31.286435" lon="120.489935">
        <ele>176.0</ele>
      </trkpt>
      <trkpt lat="31.286434" lon="120.489944">
        <ele>176.0</ele>
      </trkpt>
      <trkpt lat="31.286425" lon="120.489959">
        <ele>175.0</ele>
      </trkpt>
      <trkpt lat="31.286423" lon="120.489963">
        <ele>175.0</ele>
      </trkpt>
      <trkpt lat="31.286421" lon="120.489967">
        <ele>175.0</ele>
      </trkpt>
      <trkpt lat="31.286418" lon="120.489971">
        <ele>175.0</ele>
      </trkpt>
      <trkpt lat="31.286413" lon="120.48998">
        <ele>175.0</ele>
      </trkpt>
      <trkpt lat="31.286407" lon="120.489989">
        <ele>175.0</ele>
      </trkpt>
      <trkpt lat="31.286403" lon="120.489996">
        <ele>175.0</ele>
      </trkpt>
      <trkpt lat="31.286399" lon="120.490003">
        <ele>175.0</ele>
      </trkpt>
      <trkpt lat="31.286396" lon="120.490006">
        <ele>174.0</ele>
      </trkpt>
      <trkpt lat="31.286394" lon="120.490009">
        <ele>174.0</ele>
      </trkpt>
      <trkpt lat="31.286389" lon="120.490015">
        <ele>174.0</ele>
      </trkpt>
      <trkpt lat="31.286385" lon="120.49002">
        <ele>174.0</ele>
      </trkpt>
      <trkpt lat="31.286381" lon="120.490026">
        <ele>174.0</ele>
      </trkpt>
      <trkpt lat="31.286377" lon="120.490031">
        <ele>174.0</ele>
      </trkpt>
      <trkpt lat="31.286373" lon="120.490034">
        <ele>174.0</ele>
      </trkpt>
      <trkpt lat="31.28637" lon="120.490036">
        <ele>174.0</ele>
      </trkpt>
      <trkpt lat="31.286353" lon="120.490052">
        <ele>173.0</ele>
      </trkpt>
      <trkpt lat="31.286337" lon="120.49006">
        <ele>171.0</ele>
      </trkpt>
      <trkpt lat="31.286324" lon="120.490076">
        <ele>169.0</ele>
      </trkpt>
      <trkpt lat="31.286316" lon="120.490098">
        <ele>167.0</ele>
      </trkpt>
      <trkpt lat="31.286309" lon="120.490126">
        <ele>167.0</ele>
      </trkpt>
      <trkpt lat="31.286305" lon="120.490143">
        <ele>167.0</ele>
      </trkpt>
      <trkpt lat="31.2863" lon="120.49016">
        <ele>167.0</ele>
      </trkpt>
      <trkpt lat="31.286298" lon="120.490171">
        <ele>167.0</ele>
      </trkpt>
      <trkpt lat="31.286296" lon="120.490182">
        <ele>166.0</ele>
      </trkpt>
      <trkpt lat="31.286296" lon="120.490202">
        <ele>164.0</ele>
      </trkpt>
      <trkpt lat="31.286295" lon="120.490214">
        <ele>164.0</ele>
      </trkpt>
      <trkpt lat="31.286295" lon="120.490225">
        <ele>164.0</ele>
      </trkpt>
      <trkpt lat="31.286294" lon="120.490234">
        <ele>164.0</ele>
      </trkpt>
      <trkpt lat="31.286293" lon="120.490242">
        <ele>164.0</ele>
      </trkpt>
      <trkpt lat="31.286291" lon="120.490259">
        <ele>162.0</ele>
      </trkpt>
      <trkpt lat="31.286296" lon="120.490279">
        <ele>161.0</ele>
      </trkpt>
      <trkpt lat="31.286298" lon="120.490283">
        <ele>161.0</ele>
      </trkpt>
      <trkpt lat="31.286299" lon="120.490287">
        <ele>161.0</ele>
      </trkpt>
      <trkpt lat="31.286301" lon="120.490291">
        <ele>161.0</ele>
      </trkpt>
      <trkpt lat="31.286302" lon="120.490295">
        <ele>161.0</ele>
      </trkpt>
      <trkpt lat="31.286307" lon="120.490305">
        <ele>161.0</ele>
      </trkpt>
      <trkpt lat="31.286312" lon="120.490315">
        <ele>161.0</ele>
      </trkpt>
      <trkpt lat="31.286322" lon="120.490342">
        <ele>158.0</ele>
      </trkpt>
      <trkpt lat="31.286332" lon="120.490363">
        <ele>157.0</ele>
      </trkpt>
      <trkpt lat="31.286333" lon="120.490389">
        <ele>156.0</ele>
      </trkpt>
      <trkpt lat="31.286328" lon="120.490416">
        <ele>156.0</ele>
      </trkpt>
      <trkpt lat="31.286318" lon="120.490443">
        <ele>155.0</ele>
      </trkpt>
      <trkpt lat="31.286305" lon="120.49047">
        <ele>154.0</ele>
      </trkpt>
      <trkpt lat="31.28629" lon="120.490496">
        <ele>153.0</ele>
      </trkpt>
      <trkpt lat="31.286285" lon="120.490525">
        <ele>151.0</ele>
      </trkpt>
      <trkpt lat="31.286275" lon="120.490553">
        <ele>149.0</ele>
      </trkpt>
      <trkpt lat="31.28626" lon="120.490574">
        <ele>146.0</ele>
      </trkpt>
      <trkpt lat="31.286241" lon="120.490592">
        <ele>144.0</ele>
      </trkpt>
      <trkpt lat="31.28622" lon="120.490609">
        <ele>143.0</ele>
      </trkpt>
      <trkpt lat="31.286197" lon="120.490617">
        <ele>142.0</ele>
      </trkpt>
      <trkpt lat="31.286194" lon="120.490618">
        <ele>142.0</ele>
      </trkpt>
      <trkpt lat="31.286191" lon="120.49062">
        <ele>142.0</ele>
      </trkpt>
      <trkpt lat="31.286187" lon="120.490621">
        <ele>142.0</ele>
      </trkpt>
      <trkpt lat="31.286184" lon="120.490622">
        <ele>142.0</ele>
      </trkpt>
      <trkpt lat="31.286181" lon="120.490623">
        <ele>142.0</ele>
      </trkpt>
      <trkpt lat="31.286171" lon="120.490628">
        <ele>141.0</ele>
      </trkpt>
      <trkpt lat="31.286161" lon="120.490634">
        <ele>141.0</ele>
      </trkpt>
      <trkpt lat="31.286155" lon="120.490639">
        <ele>141.0</ele>
      </trkpt>
      <trkpt lat="31.286148" lon="120.490644">
        <ele>141.0</ele>
      </trkpt>
      <trkpt lat="31.286139" lon="120.490659">
        <ele>138.0</ele>
      </trkpt>
      <trkpt lat="31.286131" lon="120.490679">
        <ele>134.0</ele>
      </trkpt>
      <trkpt lat="31.286122" lon="120.490703">
        <ele>133.0</ele>
      </trkpt>
      <trkpt lat="31.286107" lon="120.490721">
        <ele>131.0</ele>
      </trkpt>
      <trkpt lat="31.286089" lon="120.49073">
        <ele>129.0</ele>
      </trkpt>
      <trkpt lat="31.286071" lon="120.490739">
        <ele>128.0</ele>
      </trkpt>
      <trkpt lat="31.286061" lon="120.490745">
        <ele>128.0</ele>
      </trkpt>
      <trkpt lat="31.28605" lon="120.490751">
        <ele>128.0</ele>
      </trkpt>
      <trkpt lat="31.286046" lon="120.490756">
        <ele>128.0</ele>
      </trkpt>
      <trkpt lat="31.286041" lon="120.49076">
        <ele>127.0</ele>
      </trkpt>
      <trkpt lat="31.286037" lon="120.490765">
        <ele>127.0</ele>
      </trkpt>
      <trkpt lat="31.28603" lon="120.490771">
        <ele>127.0</ele>
      </trkpt>
      <trkpt lat="31.286024" lon="120.490777">
        <ele>127.0</ele>
      </trkpt>
      <trkpt lat="31.286019" lon="120.490782">
        <ele>127.0</ele>
      </trkpt>
      <trkpt lat="31.286013" lon="120.490786">
        <ele>126.0</ele>
      </trkpt>
      <trkpt lat="31.28601" lon="120.490789">
        <ele>126.0</ele>
      </trkpt>
      <trkpt lat="31.286007" lon="120.490792">
        <ele>126.0</ele>
      </trkpt>
      <trkpt lat="31.286001" lon="120.490798">
        <ele>126.0</ele>
      </trkpt>
      <trkpt lat="31.285995" lon="120.490803">
        <ele>126.0</ele>
      </trkpt>
      <trkpt lat="31.285988" lon="120.490807">
        <ele>125.0</ele>
      </trkpt>
      <trkpt lat="31.285982" lon="120.490811">
        <ele>125.0</ele>
      </trkpt>
      <trkpt lat="31.285976" lon="120.490814">
        <ele>124.0</ele>
      </trkpt>
      <trkpt lat="31.285969" lon="120.490816">
        <ele>124.0</ele>
      </trkpt>
      <trkpt lat="31.285964" lon="120.490819">
        <ele>124.0</ele>
      </trkpt>
      <trkpt lat="31.285958" lon="120.490823">
        <ele>123.0</ele>
      </trkpt>
      <trkpt lat="31.285957" lon="120.490824">
        <ele>123.0</ele>
      </trkpt>
      <trkpt lat="31.285955" lon="120.490825">
        <ele>123.0</ele>
      </trkpt>
      <trkpt lat="31.285953" lon="120.490827">
        <ele>123.0</ele>
      </trkpt>
      <trkpt lat="31.285952" lon="120.490828">
        <ele>123.0</ele>
      </trkpt>
      <trkpt lat="31.285948" lon="120.490833">
        <ele>122.0</ele>
      </trkpt>
      <trkpt lat="31.285944" lon="120.490839">
        <ele>122.0</ele>
      </trkpt>
      <trkpt lat="31.28594" lon="120.490855">
        <ele>120.0</ele>
      </trkpt>
      <trkpt lat="31.285938" lon="120.490862">
        <ele>120.0</ele>
      </trkpt>
      <trkpt lat="31.285936" lon="120.490869">
        <ele>120.0</ele>
      </trkpt>
      <trkpt lat="31.285939" lon="120.490885">
        <ele>118.0</ele>
      </trkpt>
      <trkpt lat="31.28594" lon="120.490887">
        <ele>118.0</ele>
      </trkpt>
      <trkpt lat="31.285941" lon="120.490889">
        <ele>118.0</ele>
      </trkpt>
      <trkpt lat="31.285942" lon="120.490891">
        <ele>118.0</ele>
      </trkpt>
      <trkpt lat="31.285943" lon="120.490894">
        <ele>117.0</ele>
      </trkpt>
      <trkpt lat="31.285944" lon="120.490896">
        <ele>117.0</ele>
      </trkpt>
      <trkpt lat="31.285948" lon="120.490904">
        <ele>117.0</ele>
      </trkpt>
      <trkpt lat="31.285952" lon="120.490912">
        <ele>117.0</ele>
      </trkpt>
      <trkpt lat="31.285954" lon="120.490917">
        <ele>117.0</ele>
      </trkpt>
      <trkpt lat="31.285957" lon="120.490923">
        <ele>116.0</ele>
      </trkpt>
      <trkpt lat="31.28596" lon="120.490928">
        <ele>116.0</ele>
      </trkpt>
      <trkpt lat="31.285965" lon="120.490947">
        <ele>114.0</ele>
      </trkpt>
      <trkpt lat="31.285975" lon="120.490967">
        <ele>113.0</ele>
      </trkpt>
      <trkpt lat="31.285974" lon="120.490986">
        <ele>112.0</ele>
      </trkpt>
      <trkpt lat="31.285974" lon="120.49101">
        <ele>108.0</ele>
      </trkpt>
      <trkpt lat="31.28597" lon="120.491034">
        <ele>107.0</ele>
      </trkpt>
      <trkpt lat="31.285959" lon="120.491055">
        <ele>105.0</ele>
      </trkpt>
      <trkpt lat="31.285951" lon="120.491068">
        <ele>105.0</ele>
      </trkpt>
      <trkpt lat="31.285943" lon="120.491081">
        <ele>105.0</ele>
      </trkpt>
      <trkpt lat="31.285936" lon="120.491088">
        <ele>105.0</ele>
      </trkpt>
      <trkpt lat="31.285929" lon="120.491095">
        <ele>105.0</ele>
      </trkpt>
      <trkpt lat="31.285907" lon="120.491102">
        <ele>102.0</ele>
      </trkpt>
      <trkpt lat="31.285897" lon="120.491105">
        <ele>102.0</ele>
      </trkpt>
      <trkpt lat="31.285888" lon="120.491108">
        <ele>102.0</ele>
      </trkpt>
      <trkpt lat="31.285881" lon="120.491111">
        <ele>102.0</ele>
      </trkpt>
      <trkpt lat="31.285874" lon="120.491114">
        <ele>102.0</ele>
      </trkpt>
      <trkpt lat="31.285866" lon="120.49112">
        <ele>101.0</ele>
      </trkpt>
      <trkpt lat="31.285859" lon="120.491126">
        <ele>101.0</ele>
      </trkpt>
      <trkpt lat="31.285849" lon="120.491135">
        <ele>101.0</ele>
      </trkpt>
      <trkpt lat="31.28584" lon="120.491143">
        <ele>101.0</ele>
      </trkpt>
      <trkpt lat="31.285831" lon="120.491154">
        <ele>101.0</ele>
      </trkpt>
      <trkpt lat="31.285822" lon="120.491165">
        <ele>100.0</ele>
      </trkpt>
      <trkpt lat="31.285816" lon="120.491176">
        <ele>100.0</ele>
      </trkpt>
      <trkpt lat="31.285809" lon="120.491188">
        <ele>100.0</ele>
      </trkpt>
      <trkpt lat="31.285805" lon="120.491201">
        <ele>100.0</ele>
      </trkpt>
      <trkpt lat="31.2858" lon="120.491214">
        <ele>100.0</ele>
      </trkpt>
      <trkpt lat="31.285796" lon="120.491227">
        <ele>99.0</ele>
      </trkpt>
      <trkpt lat="31.285792" lon="120.49124">
        <ele>99.0</ele>
      </trkpt>
      <trkpt lat="31.285787" lon="120.491252">
        <ele>99.0</ele>
      </trkpt>
      <trkpt lat="31.285783" lon="120.491264">
        <ele>99.0</ele>
      </trkpt>
      <trkpt lat="31.285778" lon="120.491274">
        <ele>99.0</ele>
      </trkpt>
      <trkpt lat="31.285774" lon="120.491284">
        <ele>99.0</ele>
      </trkpt>
      <trkpt lat="31.28577" lon="120.491292">
        <ele>99.0</ele>
      </trkpt>
      <trkpt lat="31.285766" lon="120.491301">
        <ele>99.0</ele>
      </trkpt>
      <trkpt lat="31.285764" lon="120.49131">
        <ele>99.0</ele>
      </trkpt>
      <trkpt lat="31.285762" lon="120.491318">
        <ele>99.0</ele>
      </trkpt>
      <trkpt lat="31.28576" lon="120.491327">
        <ele>99.0</ele>
      </trkpt>
      <trkpt lat="31.285759" lon="120.491337">
        <ele>99.0</ele>
      </trkpt>
      <trkpt lat="31.285756" lon="120.491346">
        <ele>99.0</ele>
      </trkpt>
      <trkpt lat="31.285753" lon="120.491355">
        <ele>99.0</ele>
      </trkpt>
      <trkpt lat="31.285748" lon="120.491362">
        <ele>99.0</ele>
      </trkpt>
      <trkpt lat="31.285744" lon="120.49137">
        <ele>99.0</ele>
      </trkpt>
      <trkpt lat="31.285739" lon="120.491377">
        <ele>99.0</ele>
      </trkpt>
      <trkpt lat="31.285734" lon="120.491385">
        <ele>99.0</ele>
      </trkpt>
      <trkpt lat="31.285732" lon="120.491394">
        <ele>99.0</ele>
      </trkpt>
      <trkpt lat="31.285729" lon="120.491403">
        <ele>99.0</ele>
      </trkpt>
      <trkpt lat="31.285728" lon="120.491412">
        <ele>99.0</ele>
      </trkpt>
      <trkpt lat="31.285727" lon="120.491421">
        <ele>99.0</ele>
      </trkpt>
      <trkpt lat="31.285724" lon="120.49143">
        <ele>99.0</ele>
      </trkpt>
      <trkpt lat="31.285721" lon="120.491439">
        <ele>99.0</ele>
      </trkpt>
      <trkpt lat="31.285714" lon="120.491445">
        <ele>99.0</ele>
      </trkpt>
      <trkpt lat="31.285708" lon="120.491451">
        <ele>99.0</ele>
      </trkpt>
      <trkpt lat="31.285699" lon="120.491452">
        <ele>99.0</ele>
      </trkpt>
      <trkpt lat="31.285691" lon="120.491454">
        <ele>99.0</ele>
      </trkpt>
      <trkpt lat="31.285683" lon="120.491455">
        <ele>99.0</ele>
      </trkpt>
      <trkpt lat="31.285675" lon="120.491455">
        <ele>99.0</ele>
      </trkpt>
      <trkpt lat="31.28567" lon="120.491457">
        <ele>99.0</ele>
      </trkpt>
      <trkpt lat="31.285664" lon="120.49146">
        <ele>99.0</ele>
      </trkpt>
      <trkpt lat="31.285655" lon="120.491465">
        <ele>100.0</ele>
      </trkpt>
      <trkpt lat="31.285649" lon="120.491467">
        <ele>100.0</ele>
      </trkpt>
      <trkpt lat="31.285643" lon="120.49147">
        <ele>100.0</ele>
      </trkpt>
      <trkpt lat="31.285626" lon="120.49148">
        <ele>99.0</ele>
      </trkpt>
      <trkpt lat="31.285618" lon="120.491495">
        <ele>98.0</ele>
      </trkpt>
      <trkpt lat="31.285614" lon="120.491505">
        <ele>98.0</ele>
      </trkpt>
      <trkpt lat="31.285609" lon="120.491515">
        <ele>98.0</ele>
      </trkpt>
      <trkpt lat="31.285606" lon="120.491523">
        <ele>97.0</ele>
      </trkpt>
      <trkpt lat="31.285603" lon="120.491531">
        <ele>97.0</ele>
      </trkpt>
      <trkpt lat="31.285601" lon="120.49154">
        <ele>97.0</ele>
      </trkpt>
      <trkpt lat="31.285599" lon="120.491548">
        <ele>97.0</ele>
      </trkpt>
      <trkpt lat="31.285598" lon="120.491558">
        <ele>97.0</ele>
      </trkpt>
      <trkpt lat="31.285598" lon="120.491568">
        <ele>96.0</ele>
      </trkpt>
      <trkpt lat="31.285597" lon="120.491578">
        <ele>96.0</ele>
      </trkpt>
      <trkpt lat="31.285596" lon="120.491588">
        <ele>96.0</ele>
      </trkpt>
      <trkpt lat="31.285593" lon="120.491596">
        <ele>96.0</ele>
      </trkpt>
      <trkpt lat="31.28559" lon="120.491604">
        <ele>96.0</ele>
      </trkpt>
      <trkpt lat="31.285584" lon="120.491609">
        <ele>96.0</ele>
      </trkpt>
      <trkpt lat="31.285578" lon="120.491614">
        <ele>96.0</ele>
      </trkpt>
      <trkpt lat="31.285571" lon="120.491617">
        <ele>96.0</ele>
      </trkpt>
      <trkpt lat="31.285563" lon="120.49162">
        <ele>96.0</ele>
      </trkpt>
      <trkpt lat="31.285557" lon="120.491623">
        <ele>96.0</ele>
      </trkpt>
      <trkpt lat="31.285551" lon="120.491626">
        <ele>96.0</ele>
      </trkpt>
      <trkpt lat="31.285541" lon="120.491638">
        <ele>97.0</ele>
      </trkpt>
      <trkpt lat="31.28553" lon="120.491648">
        <ele>95.0</ele>
      </trkpt>
      <trkpt lat="31.285521" lon="120.491653">
        <ele>95.0</ele>
      </trkpt>
      <trkpt lat="31.285513" lon="120.491659">
        <ele>95.0</ele>
      </trkpt>
      <trkpt lat="31.285507" lon="120.491658">
        <ele>95.0</ele>
      </trkpt>
      <trkpt lat="31.2855" lon="120.491657">
        <ele>95.0</ele>
      </trkpt>
      <trkpt lat="31.285493" lon="120.491653">
        <ele>94.0</ele>
      </trkpt>
      <trkpt lat="31.285487" lon="120.491649">
        <ele>94.0</ele>
      </trkpt>
      <trkpt lat="31.285468" lon="120.491648">
        <ele>93.0</ele>
      </trkpt>
      <trkpt lat="31.28546" lon="120.491651">
        <ele>93.0</ele>
      </trkpt>
      <trkpt lat="31.285452" lon="120.491654">
        <ele>93.0</ele>
      </trkpt>
      <trkpt lat="31.285446" lon="120.491655">
        <ele>92.0</ele>
      </trkpt>
      <trkpt lat="31.28544" lon="120.491656">
        <ele>92.0</ele>
      </trkpt>
      <trkpt lat="31.285426" lon="120.491658">
        <ele>91.0</ele>
      </trkpt>
      <trkpt lat="31.285407" lon="120.491657">
        <ele>90.0</ele>
      </trkpt>
      <trkpt lat="31.285387" lon="120.49165">
        <ele>90.0</ele>
      </trkpt>
      <trkpt lat="31.285368" lon="120.491645">
        <ele>89.0</ele>
      </trkpt>
      <trkpt lat="31.285356" lon="120.491639">
        <ele>89.0</ele>
      </trkpt>
      <trkpt lat="31.285343" lon="120.491634">
        <ele>89.0</ele>
      </trkpt>
      <trkpt lat="31.285334" lon="120.491627">
        <ele>88.0</ele>
      </trkpt>
      <trkpt lat="31.285326" lon="120.49162">
        <ele>88.0</ele>
      </trkpt>
      <trkpt lat="31.285318" lon="120.491612">
        <ele>88.0</ele>
      </trkpt>
      <trkpt lat="31.285311" lon="120.491603">
        <ele>88.0</ele>
      </trkpt>
      <trkpt lat="31.285294" lon="120.491588">
        <ele>86.0</ele>
      </trkpt>
      <trkpt lat="31.285291" lon="120.491587">
        <ele>85.0</ele>
      </trkpt>
      <trkpt lat="31.285288" lon="120.491586">
        <ele>85.0</ele>
      </trkpt>
      <trkpt lat="31.285285" lon="120.491585">
        <ele>85.0</ele>
      </trkpt>
      <trkpt lat="31.285282" lon="120.491584">
        <ele>85.0</ele>
      </trkpt>
      <trkpt lat="31.285274" lon="120.49158">
        <ele>85.0</ele>
      </trkpt>
      <trkpt lat="31.285265" lon="120.491576">
        <ele>84.0</ele>
      </trkpt>
      <trkpt lat="31.285258" lon="120.491575">
        <ele>84.0</ele>
      </trkpt>
      <trkpt lat="31.28525" lon="120.491573">
        <ele>84.0</ele>
      </trkpt>
      <trkpt lat="31.285243" lon="120.491571">
        <ele>84.0</ele>
      </trkpt>
      <trkpt lat="31.285236" lon="120.491569">
        <ele>84.0</ele>
      </trkpt>
      <trkpt lat="31.28523" lon="120.491567">
        <ele>83.0</ele>
      </trkpt>
      <trkpt lat="31.285225" lon="120.491565">
        <ele>83.0</ele>
      </trkpt>
      <trkpt lat="31.28522" lon="120.491566">
        <ele>82.0</ele>
      </trkpt>
      <trkpt lat="31.285215" lon="120.491566">
        <ele>82.0</ele>
      </trkpt>
      <trkpt lat="31.28521" lon="120.491568">
        <ele>82.0</ele>
      </trkpt>
      <trkpt lat="31.285204" lon="120.49157">
        <ele>81.0</ele>
      </trkpt>
      <trkpt lat="31.285184" lon="120.491568">
        <ele>80.0</ele>
      </trkpt>
      <trkpt lat="31.285166" lon="120.491559">
        <ele>79.0</ele>
      </trkpt>
      <trkpt lat="31.28515" lon="120.491542">
        <ele>78.0</ele>
      </trkpt>
      <trkpt lat="31.285137" lon="120.49152">
        <ele>77.0</ele>
      </trkpt>
      <trkpt lat="31.285122" lon="120.491499">
        <ele>76.0</ele>
      </trkpt>
      <trkpt lat="31.285119" lon="120.491495">
        <ele>76.0</ele>
      </trkpt>
      <trkpt lat="31.285116" lon="120.491491">
        <ele>76.0</ele>
      </trkpt>
      <trkpt lat="31.285113" lon="120.491487">
        <ele>76.0</ele>
      </trkpt>
      <trkpt lat="31.285109" lon="120.491483">
        <ele>76.0</ele>
      </trkpt>
      <trkpt lat="31.285102" lon="120.491472">
        <ele>76.0</ele>
      </trkpt>
      <trkpt lat="31.285095" lon="120.491462">
        <ele>76.0</ele>
      </trkpt>
      <trkpt lat="31.285093" lon="120.491454">
        <ele>76.0</ele>
      </trkpt>
      <trkpt lat="31.28509" lon="120.491445">
        <ele>76.0</ele>
      </trkpt>
      <trkpt lat="31.285089" lon="120.491438">
        <ele>75.0</ele>
      </trkpt>
      <trkpt lat="31.285089" lon="120.491431">
        <ele>75.0</ele>
      </trkpt>
      <trkpt lat="31.285089" lon="120.491424">
        <ele>75.0</ele>
      </trkpt>
      <trkpt lat="31.285088" lon="120.491417">
        <ele>75.0</ele>
      </trkpt>
      <trkpt lat="31.285088" lon="120.491411">
        <ele>75.0</ele>
      </trkpt>
      <trkpt lat="31.285087" lon="120.491405">
        <ele>75.0</ele>
      </trkpt>
      <trkpt lat="31.285092" lon="120.49139">
        <ele>75.0</ele>
      </trkpt>
      <trkpt lat="31.285093" lon="120.491384">
        <ele>75.0</ele>
      </trkpt>
      <trkpt lat="31.285095" lon="120.491378">
        <ele>75.0</ele>
      </trkpt>
      <trkpt lat="31.285095" lon="120.491369">
        <ele>75.0</ele>
      </trkpt>
      <trkpt lat="31.285096" lon="120.491361">
        <ele>75.0</ele>
      </trkpt>
      <trkpt lat="31.285094" lon="120.491356">
        <ele>75.0</ele>
      </trkpt>
      <trkpt lat="31.285093" lon="120.491351">
        <ele>75.0</ele>
      </trkpt>
      <trkpt lat="31.285092" lon="120.491347">
        <ele>75.0</ele>
      </trkpt>
      <trkpt lat="31.285088" lon="120.49134">
        <ele>75.0</ele>
      </trkpt>
      <trkpt lat="31.285085" lon="120.491334">
        <ele>75.0</ele>
      </trkpt>
      <trkpt lat="31.285082" lon="120.491329">
        <ele>75.0</ele>
      </trkpt>
      <trkpt lat="31.285079" lon="120.491325">
        <ele>75.0</ele>
      </trkpt>
      <trkpt lat="31.285076" lon="120.49132">
        <ele>75.0</ele>
      </trkpt>
      <trkpt lat="31.285073" lon="120.491314">
        <ele>74.0</ele>
      </trkpt>
      <trkpt lat="31.285069" lon="120.491308">
        <ele>74.0</ele>
      </trkpt>
      <trkpt lat="31.285065" lon="120.491302">
        <ele>74.0</ele>
      </trkpt>
      <trkpt lat="31.285062" lon="120.491297">
        <ele>74.0</ele>
      </trkpt>
      <trkpt lat="31.28506" lon="120.491292">
        <ele>74.0</ele>
      </trkpt>
      <trkpt lat="31.285057" lon="120.491287">
        <ele>73.0</ele>
      </trkpt>
      <trkpt lat="31.285055" lon="120.491283">
        <ele>73.0</ele>
      </trkpt>
      <trkpt lat="31.285053" lon="120.491278">
        <ele>73.0</ele>
      </trkpt>
      <trkpt lat="31.285051" lon="120.491273">
        <ele>73.0</ele>
      </trkpt>
      <trkpt lat="31.285049" lon="120.491269">
        <ele>73.0</ele>
      </trkpt>
      <trkpt lat="31.285046" lon="120.491263">
        <ele>73.0</ele>
      </trkpt>
      <trkpt lat="31.285043" lon="120.491257">
        <ele>73.0</ele>
      </trkpt>
      <trkpt lat="31.285038" lon="120.491253">
        <ele>73.0</ele>
      </trkpt>
      <trkpt lat="31.285033" lon="120.491249">
        <ele>73.0</ele>
      </trkpt>
      <trkpt lat="31.285028" lon="120.491246">
        <ele>73.0</ele>
      </trkpt>
      <trkpt lat="31.285023" lon="120.491242">
        <ele>72.0</ele>
      </trkpt>
      <trkpt lat="31.285017" lon="120.491243">
        <ele>72.0</ele>
      </trkpt>
      <trkpt lat="31.285011" lon="120.491243">
        <ele>72.0</ele>
      </trkpt>
      <trkpt lat="31.285005" lon="120.491246">
        <ele>72.0</ele>
      </trkpt>
      <trkpt lat="31.285" lon="120.491248">
        <ele>72.0</ele>
      </trkpt>
      <trkpt lat="31.284996" lon="120.491249">
        <ele>71.0</ele>
      </trkpt>
      <trkpt lat="31.284993" lon="120.491251">
        <ele>71.0</ele>
      </trkpt>
      <trkpt lat="31.284987" lon="120.491254">
        <ele>71.0</ele>
      </trkpt>
      <trkpt lat="31.284982" lon="120.491257">
        <ele>71.0</ele>
      </trkpt>
      <trkpt lat="31.284969" lon="120.491269">
        <ele>69.0</ele>
      </trkpt>
      <trkpt lat="31.284961" lon="120.491272">
        <ele>69.0</ele>
      </trkpt>
      <trkpt lat="31.284954" lon="120.491276">
        <ele>69.0</ele>
      </trkpt>
      <trkpt lat="31.284948" lon="120.491278">
        <ele>69.0</ele>
      </trkpt>
      <trkpt lat="31.284942" lon="120.49128">
        <ele>69.0</ele>
      </trkpt>
      <trkpt lat="31.284935" lon="120.491283">
        <ele>68.0</ele>
      </trkpt>
      <trkpt lat="31.284929" lon="120.491285">
        <ele>68.0</ele>
      </trkpt>
      <trkpt lat="31.284923" lon="120.491287">
        <ele>68.0</ele>
      </trkpt>
      <trkpt lat="31.284916" lon="120.49129">
        <ele>68.0</ele>
      </trkpt>
      <trkpt lat="31.284909" lon="120.491292">
        <ele>68.0</ele>
      </trkpt>
      <trkpt lat="31.284903" lon="120.491294">
        <ele>67.0</ele>
      </trkpt>
      <trkpt lat="31.284895" lon="120.491294">
        <ele>67.0</ele>
      </trkpt>
      <trkpt lat="31.284887" lon="120.491294">
        <ele>67.0</ele>
      </trkpt>
      <trkpt lat="31.284879" lon="120.491294">
        <ele>67.0</ele>
      </trkpt>
      <trkpt lat="31.284871" lon="120.491293">
        <ele>67.0</ele>
      </trkpt>
      <trkpt lat="31.284864" lon="120.491291">
        <ele>66.0</ele>
      </trkpt>
      <trkpt lat="31.284857" lon="120.49129">
        <ele>66.0</ele>
      </trkpt>
      <trkpt lat="31.28485" lon="120.491289">
        <ele>66.0</ele>
      </trkpt>
      <trkpt lat="31.284843" lon="120.491288">
        <ele>66.0</ele>
      </trkpt>
      <trkpt lat="31.284835" lon="120.491288">
        <ele>66.0</ele>
      </trkpt>
      <trkpt lat="31.284828" lon="120.491287">
        <ele>65.0</ele>
      </trkpt>
      <trkpt lat="31.284821" lon="120.491286">
        <ele>65.0</ele>
      </trkpt>
      <trkpt lat="31.284814" lon="120.491286">
        <ele>65.0</ele>
      </trkpt>
      <trkpt lat="31.284807" lon="120.491286">
        <ele>65.0</ele>
      </trkpt>
      <trkpt lat="31.2848" lon="120.491286">
        <ele>65.0</ele>
      </trkpt>
      <trkpt lat="31.284793" lon="120.491283">
        <ele>64.0</ele>
      </trkpt>
      <trkpt lat="31.284785" lon="120.49128">
        <ele>64.0</ele>
      </trkpt>
      <trkpt lat="31.284776" lon="120.491276">
        <ele>64.0</ele>
      </trkpt>
      <trkpt lat="31.284767" lon="120.491273">
        <ele>64.0</ele>
      </trkpt>
      <trkpt lat="31.284757" lon="120.49127">
        <ele>64.0</ele>
      </trkpt>
      <trkpt lat="31.284747" lon="120.491267">
        <ele>64.0</ele>
      </trkpt>
      <trkpt lat="31.284737" lon="120.491265">
        <ele>64.0</ele>
      </trkpt>
      <trkpt lat="31.284727" lon="120.491264">
        <ele>64.0</ele>
      </trkpt>
      <trkpt lat="31.284717" lon="120.491263">
        <ele>64.0</ele>
      </trkpt>
      <trkpt lat="31.284708" lon="120.491262">
        <ele>64.0</ele>
      </trkpt>
      <trkpt lat="31.2847" lon="120.491262">
        <ele>63.0</ele>
      </trkpt>
      <trkpt lat="31.284692" lon="120.491262">
        <ele>63.0</ele>
      </trkpt>
      <trkpt lat="31.284683" lon="120.491263">
        <ele>63.0</ele>
      </trkpt>
      <trkpt lat="31.284675" lon="120.491264">
        <ele>63.0</ele>
      </trkpt>
      <trkpt lat="31.284666" lon="120.491264">
        <ele>63.0</ele>
      </trkpt>
      <trkpt lat="31.284658" lon="120.491265">
        <ele>62.0</ele>
      </trkpt>
      <trkpt lat="31.28465" lon="120.491265">
        <ele>62.0</ele>
      </trkpt>
      <trkpt lat="31.284642" lon="120.491265">
        <ele>62.0</ele>
      </trkpt>
      <trkpt lat="31.284635" lon="120.491265">
        <ele>62.0</ele>
      </trkpt>
      <trkpt lat="31.284627" lon="120.491265">
        <ele>62.0</ele>
      </trkpt>
      <trkpt lat="31.28462" lon="120.491265">
        <ele>61.0</ele>
      </trkpt>
      <trkpt lat="31.284612" lon="120.491265">
        <ele>61.0</ele>
      </trkpt>
      <trkpt lat="31.284604" lon="120.491266">
        <ele>61.0</ele>
      </trkpt>
      <trkpt lat="31.284595" lon="120.491267">
        <ele>61.0</ele>
      </trkpt>
      <trkpt lat="31.284586" lon="120.491265">
        <ele>61.0</ele>
      </trkpt>
      <trkpt lat="31.284576" lon="120.491263">
        <ele>61.0</ele>
      </trkpt>
      <trkpt lat="31.284568" lon="120.49126">
        <ele>61.0</ele>
      </trkpt>
      <trkpt lat="31.284559" lon="120.491257">
        <ele>61.0</ele>
      </trkpt>
      <trkpt lat="31.284551" lon="120.491254">
        <ele>61.0</ele>
      </trkpt>
      <trkpt lat="31.284543" lon="120.491251">
        <ele>61.0</ele>
      </trkpt>
      <trkpt lat="31.284535" lon="120.491249">
        <ele>60.0</ele>
      </trkpt>
      <trkpt lat="31.284527" lon="120.491246">
        <ele>60.0</ele>
      </trkpt>
      <trkpt lat="31.284518" lon="120.491246">
        <ele>60.0</ele>
      </trkpt>
      <trkpt lat="31.28451" lon="120.491245">
        <ele>60.0</ele>
      </trkpt>
      <trkpt lat="31.284501" lon="120.491246">
        <ele>60.0</ele>
      </trkpt>
      <trkpt lat="31.284492" lon="120.491246">
        <ele>60.0</ele>
      </trkpt>
      <trkpt lat="31.284483" lon="120.491249">
        <ele>60.0</ele>
      </trkpt>
      <trkpt lat="31.284473" lon="120.491252">
        <ele>60.0</ele>
      </trkpt>
      <trkpt lat="31.284462" lon="120.491257">
        <ele>60.0</ele>
      </trkpt>
      <trkpt lat="31.284452" lon="120.491262">
        <ele>60.0</ele>
      </trkpt>
      <trkpt lat="31.28444" lon="120.491268">
        <ele>60.0</ele>
      </trkpt>
      <trkpt lat="31.284429" lon="120.491274">
        <ele>60.0</ele>
      </trkpt>
      <trkpt lat="31.284418" lon="120.491281">
        <ele>60.0</ele>
      </trkpt>
      <trkpt lat="31.284407" lon="120.491288">
        <ele>60.0</ele>
      </trkpt>
      <trkpt lat="31.284396" lon="120.491295">
        <ele>60.0</ele>
      </trkpt>
      <trkpt lat="31.284386" lon="120.491302">
        <ele>59.0</ele>
      </trkpt>
      <trkpt lat="31.284375" lon="120.491309">
        <ele>59.0</ele>
      </trkpt>
      <trkpt lat="31.284364" lon="120.491316">
        <ele>59.0</ele>
      </trkpt>
      <trkpt lat="31.284354" lon="120.491322">
        <ele>59.0</ele>
      </trkpt>
      <trkpt lat="31.284343" lon="120.491327">
        <ele>59.0</ele>
      </trkpt>
      <trkpt lat="31.284332" lon="120.491331">
        <ele>58.0</ele>
      </trkpt>
      <trkpt lat="31.284322" lon="120.491336">
        <ele>58.0</ele>
      </trkpt>
      <trkpt lat="31.284312" lon="120.491339">
        <ele>58.0</ele>
      </trkpt>
      <trkpt lat="31.284303" lon="120.491342">
        <ele>58.0</ele>
      </trkpt>
      <trkpt lat="31.284292" lon="120.491344">
        <ele>58.0</ele>
      </trkpt>
      <trkpt lat="31.284282" lon="120.491346">
        <ele>58.0</ele>
      </trkpt>
      <trkpt lat="31.284271" lon="120.491346">
        <ele>58.0</ele>
      </trkpt>
      <trkpt lat="31.28426" lon="120.491346">
        <ele>58.0</ele>
      </trkpt>
      <trkpt lat="31.284249" lon="120.491346">
        <ele>58.0</ele>
      </trkpt>
      <trkpt lat="31.284238" lon="120.491345">
        <ele>58.0</ele>
      </trkpt>
      <trkpt lat="31.284227" lon="120.491343">
        <ele>57.0</ele>
      </trkpt>
      <trkpt lat="31.284217" lon="120.491342">
        <ele>57.0</ele>
      </trkpt>
      <trkpt lat="31.284207" lon="120.491339">
        <ele>57.0</ele>
      </trkpt>
      <trkpt lat="31.284197" lon="120.491337">
        <ele>57.0</ele>
      </trkpt>
      <trkpt lat="31.284186" lon="120.491334">
        <ele>57.0</ele>
      </trkpt>
      <trkpt lat="31.284176" lon="120.491332">
        <ele>57.0</ele>
      </trkpt>
      <trkpt lat="31.284165" lon="120.49133">
        <ele>57.0</ele>
      </trkpt>
      <trkpt lat="31.284155" lon="120.491328">
        <ele>57.0</ele>
      </trkpt>
      <trkpt lat="31.284144" lon="120.491327">
        <ele>57.0</ele>
      </trkpt>
      <trkpt lat="31.284134" lon="120.491327">
        <ele>57.0</ele>
      </trkpt>
      <trkpt lat="31.284123" lon="120.491327">
        <ele>57.0</ele>
      </trkpt>
      <trkpt lat="31.284111" lon="120.491327">
        <ele>57.0</ele>
      </trkpt>
      <trkpt lat="31.2841" lon="120.491327">
        <ele>57.0</ele>
      </trkpt>
      <trkpt lat="31.284088" lon="120.491326">
        <ele>57.0</ele>
      </trkpt>
      <trkpt lat="31.284077" lon="120.491326">
        <ele>57.0</ele>
      </trkpt>
      <trkpt lat="31.284065" lon="120.491325">
        <ele>57.0</ele>
      </trkpt>
      <trkpt lat="31.284053" lon="120.491324">
        <ele>57.0</ele>
      </trkpt>
      <trkpt lat="31.284041" lon="120.491322">
        <ele>57.0</ele>
      </trkpt>
      <trkpt lat="31.28403" lon="120.491321">
        <ele>57.0</ele>
      </trkpt>
      <trkpt lat="31.284019" lon="120.49132">
        <ele>57.0</ele>
      </trkpt>
      <trkpt lat="31.284007" lon="120.491319">
        <ele>56.0</ele>
      </trkpt>
      <trkpt lat="31.283996" lon="120.491317">
        <ele>56.0</ele>
      </trkpt>
      <trkpt lat="31.283985" lon="120.491313">
        <ele>56.0</ele>
      </trkpt>
      <trkpt lat="31.283973" lon="120.491309">
        <ele>56.0</ele>
      </trkpt>
      <trkpt lat="31.283962" lon="120.491303">
        <ele>56.0</ele>
      </trkpt>
      <trkpt lat="31.28395" lon="120.491298">
        <ele>56.0</ele>
      </trkpt>
      <trkpt lat="31.283938" lon="120.491291">
        <ele>56.0</ele>
      </trkpt>
      <trkpt lat="31.283927" lon="120.491285">
        <ele>56.0</ele>
      </trkpt>
      <trkpt lat="31.283916" lon="120.491279">
        <ele>56.0</ele>
      </trkpt>
      <trkpt lat="31.283905" lon="120.491272">
        <ele>56.0</ele>
      </trkpt>
      <trkpt lat="31.283894" lon="120.491267">
        <ele>56.0</ele>
      </trkpt>
      <trkpt lat="31.283883" lon="120.491261">
        <ele>56.0</ele>
      </trkpt>
      <trkpt lat="31.283873" lon="120.491255">
        <ele>56.0</ele>
      </trkpt>
      <trkpt lat="31.283862" lon="120.49125">
        <ele>56.0</ele>
      </trkpt>
      <trkpt lat="31.283852" lon="120.491244">
        <ele>56.0</ele>
      </trkpt>
      <trkpt lat="31.283841" lon="120.491238">
        <ele>56.0</ele>
      </trkpt>
      <trkpt lat="31.283831" lon="120.491231">
        <ele>56.0</ele>
      </trkpt>
      <trkpt lat="31.28382" lon="120.491224">
        <ele>56.0</ele>
      </trkpt>
      <trkpt lat="31.283811" lon="120.491217">
        <ele>56.0</ele>
      </trkpt>
      <trkpt lat="31.283801" lon="120.49121">
        <ele>56.0</ele>
      </trkpt>
      <trkpt lat="31.283792" lon="120.491203">
        <ele>56.0</ele>
      </trkpt>
      <trkpt lat="31.283783" lon="120.491197">
        <ele>56.0</ele>
      </trkpt>
      <trkpt lat="31.283773" lon="120.49119">
        <ele>56.0</ele>
      </trkpt>
      <trkpt lat="31.283764" lon="120.491183">
        <ele>56.0</ele>
      </trkpt>
      <trkpt lat="31.283754" lon="120.491176">
        <ele>56.0</ele>
      </trkpt>
      <trkpt lat="31.283744" lon="120.491169">
        <ele>55.0</ele>
      </trkpt>
      <trkpt lat="31.283734" lon="120.491163">
        <ele>55.0</ele>
      </trkpt>
      <trkpt lat="31.283724" lon="120.491156">
        <ele>55.0</ele>
      </trkpt>
      <trkpt lat="31.283714" lon="120.491149">
        <ele>55.0</ele>
      </trkpt>
      <trkpt lat="31.283704" lon="120.491143">
        <ele>55.0</ele>
      </trkpt>
      <trkpt lat="31.283694" lon="120.491135">
        <ele>55.0</ele>
      </trkpt>
      <trkpt lat="31.283685" lon="120.491128">
        <ele>55.0</ele>
      </trkpt>
      <trkpt lat="31.283676" lon="120.49112">
        <ele>55.0</ele>
      </trkpt>
      <trkpt lat="31.283667" lon="120.491113">
        <ele>55.0</ele>
      </trkpt>
      <trkpt lat="31.283658" lon="120.491105">
        <ele>55.0</ele>
      </trkpt>
      <trkpt lat="31.283649" lon="120.491097">
        <ele>55.0</ele>
      </trkpt>
      <trkpt lat="31.28364" lon="120.49109">
        <ele>55.0</ele>
      </trkpt>
      <trkpt lat="31.28363" lon="120.491082">
        <ele>55.0</ele>
      </trkpt>
      <trkpt lat="31.283621" lon="120.491076">
        <ele>55.0</ele>
      </trkpt>
      <trkpt lat="31.283611" lon="120.491069">
        <ele>55.0</ele>
      </trkpt>
      <trkpt lat="31.283601" lon="120.491063">
        <ele>55.0</ele>
      </trkpt>
      <trkpt lat="31.283591" lon="120.491057">
        <ele>55.0</ele>
      </trkpt>
      <trkpt lat="31.283581" lon="120.491052">
        <ele>55.0</ele>
      </trkpt>
      <trkpt lat="31.283571" lon="120.491048">
        <ele>55.0</ele>
      </trkpt>
      <trkpt lat="31.283561" lon="120.491045">
        <ele>55.0</ele>
      </trkpt>
      <trkpt lat="31.28355" lon="120.491042">
        <ele>55.0</ele>
      </trkpt>
      <trkpt lat="31.283539" lon="120.491041">
        <ele>55.0</ele>
      </trkpt>
      <trkpt lat="31.283527" lon="120.49104">
        <ele>55.0</ele>
      </trkpt>
      <trkpt lat="31.283513" lon="120.491042">
        <ele>55.0</ele>
      </trkpt>
      <trkpt lat="31.283498" lon="120.491044">
        <ele>55.0</ele>
      </trkpt>
      <trkpt lat="31.283481" lon="120.491047">
        <ele>54.0</ele>
      </trkpt>
      <trkpt lat="31.283463" lon="120.49105">
        <ele>54.0</ele>
      </trkpt>
      <trkpt lat="31.283443" lon="120.491055">
        <ele>54.0</ele>
      </trkpt>
      <trkpt lat="31.283424" lon="120.491061">
        <ele>54.0</ele>
      </trkpt>
      <trkpt lat="31.283402" lon="120.491068">
        <ele>54.0</ele>
      </trkpt>
      <trkpt lat="31.283381" lon="120.491075">
        <ele>54.0</ele>
      </trkpt>
      <trkpt lat="31.283358" lon="120.491081">
        <ele>54.0</ele>
      </trkpt>
      <trkpt lat="31.283335" lon="120.491087">
        <ele>54.0</ele>
      </trkpt>
      <trkpt lat="31.283311" lon="120.491092">
        <ele>54.0</ele>
      </trkpt>
      <trkpt lat="31.283288" lon="120.491096">
        <ele>54.0</ele>
      </trkpt>
      <trkpt lat="31.283265" lon="120.491097">
        <ele>53.0</ele>
      </trkpt>
      <trkpt lat="31.283242" lon="120.491098">
        <ele>53.0</ele>
      </trkpt>
      <trkpt lat="31.28322" lon="120.491097">
        <ele>53.0</ele>
      </trkpt>
      <trkpt lat="31.283199" lon="120.491096">
        <ele>53.0</ele>
      </trkpt>
      <trkpt lat="31.283178" lon="120.491099">
        <ele>53.0</ele>
      </trkpt>
      <trkpt lat="31.283159" lon="120.491103">
        <ele>53.0</ele>
      </trkpt>
      <trkpt lat="31.283138" lon="120.49111">
        <ele>53.0</ele>
      </trkpt>
      <trkpt lat="31.283118" lon="120.491117">
        <ele>53.0</ele>
      </trkpt>
      <trkpt lat="31.283101" lon="120.491129">
        <ele>53.0</ele>
      </trkpt>
      <trkpt lat="31.283084" lon="120.491141">
        <ele>53.0</ele>
      </trkpt>
      <trkpt lat="31.283074" lon="120.491159">
        <ele>53.0</ele>
      </trkpt>
      <trkpt lat="31.283064" lon="120.491177">
        <ele>53.0</ele>
      </trkpt>
      <trkpt lat="31.283059" lon="120.4912">
        <ele>53.0</ele>
      </trkpt>
      <trkpt lat="31.283055" lon="120.491223">
        <ele>53.0</ele>
      </trkpt>
      <trkpt lat="31.283053" lon="120.491251">
        <ele>53.0</ele>
      </trkpt>
      <trkpt lat="31.283052" lon="120.49128">
        <ele>52.0</ele>
      </trkpt>
      <trkpt lat="31.283051" lon="120.491313">
        <ele>52.0</ele>
      </trkpt>
      <trkpt lat="31.283049" lon="120.491346">
        <ele>52.0</ele>
      </trkpt>
      <trkpt lat="31.283046" lon="120.49138">
        <ele>52.0</ele>
      </trkpt>
      <trkpt lat="31.283043" lon="120.491414">
        <ele>52.0</ele>
      </trkpt>
      <trkpt lat="31.283036" lon="120.491446">
        <ele>51.0</ele>
      </trkpt>
      <trkpt lat="31.283029" lon="120.491478">
        <ele>51.0</ele>
      </trkpt>
      <trkpt lat="31.283018" lon="120.491507">
        <ele>51.0</ele>
      </trkpt>
      <trkpt lat="31.283006" lon="120.491536">
        <ele>51.0</ele>
      </trkpt>
      <trkpt lat="31.282992" lon="120.491561">
        <ele>51.0</ele>
      </trkpt>
      <trkpt lat="31.282977" lon="120.491586">
        <ele>50.0</ele>
      </trkpt>
      <trkpt lat="31.282963" lon="120.491609">
        <ele>50.0</ele>
      </trkpt>
      <trkpt lat="31.282948" lon="120.491633">
        <ele>49.0</ele>
      </trkpt>
      <trkpt lat="31.282934" lon="120.491656">
        <ele>49.0</ele>
      </trkpt>
      <trkpt lat="31.28292" lon="120.491679">
        <ele>49.0</ele>
      </trkpt>
      <trkpt lat="31.282907" lon="120.491702">
        <ele>48.0</ele>
      </trkpt>
      <trkpt lat="31.282894" lon="120.491725">
        <ele>48.0</ele>
      </trkpt>
      <trkpt lat="31.282882" lon="120.491748">
        <ele>48.0</ele>
      </trkpt>
      <trkpt lat="31.28287" lon="120.491772">
        <ele>48.0</ele>
      </trkpt>
      <trkpt lat="31.282859" lon="120.491796">
        <ele>48.0</ele>
      </trkpt>
      <trkpt lat="31.282847" lon="120.49182">
        <ele>47.0</ele>
      </trkpt>
      <trkpt lat="31.282836" lon="120.491844">
        <ele>47.0</ele>
      </trkpt>
      <trkpt lat="31.282825" lon="120.491867">
        <ele>47.0</ele>
      </trkpt>
      <trkpt lat="31.282814" lon="120.49189">
        <ele>47.0</ele>
      </trkpt>
      <trkpt lat="31.282802" lon="120.491913">
        <ele>47.0</ele>
      </trkpt>
      <trkpt lat="31.28279" lon="120.491935">
        <ele>46.0</ele>
      </trkpt>
      <trkpt lat="31.282779" lon="120.491958">
        <ele>46.0</ele>
      </trkpt>
      <trkpt lat="31.282766" lon="120.491981">
        <ele>46.0</ele>
      </trkpt>
      <trkpt lat="31.282753" lon="120.492004">
        <ele>46.0</ele>
      </trkpt>
      <trkpt lat="31.282738" lon="120.492028">
        <ele>46.0</ele>
      </trkpt>
      <trkpt lat="31.282723" lon="120.492052">
        <ele>45.0</ele>
      </trkpt>
      <trkpt lat="31.282708" lon="120.492075">
        <ele>45.0</ele>
      </trkpt>
      <trkpt lat="31.282694" lon="120.492097">
        <ele>45.0</ele>
      </trkpt>
      <trkpt lat="31.282682" lon="120.492114">
        <ele>45.0</ele>
      </trkpt>
      <trkpt lat="31.282671" lon="120.492131">
        <ele>45.0</ele>
      </trkpt>
      <trkpt lat="31.282666" lon="120.492136">
        <ele>44.0</ele>
      </trkpt>
      <trkpt lat="31.282661" lon="120.492142">
        <ele>44.0</ele>
      </trkpt>
      <trkpt lat="31.282653" lon="120.492146">
        <ele>44.0</ele>
      </trkpt>
      <trkpt lat="31.282646" lon="120.492149">
        <ele>44.0</ele>
      </trkpt>
      <trkpt lat="31.28264" lon="120.492147">
        <ele>44.0</ele>
      </trkpt>
      <trkpt lat="31.282634" lon="120.492146">
        <ele>43.0</ele>
      </trkpt>
      <trkpt lat="31.282632" lon="120.492144">
        <ele>43.0</ele>
      </trkpt>
      <trkpt lat="31.28263" lon="120.492143">
        <ele>43.0</ele>
      </trkpt>
      <trkpt lat="31.282626" lon="120.492145">
        <ele>43.0</ele>
      </trkpt>
      <trkpt lat="31.282623" lon="120.492146">
        <ele>43.0</ele>
      </trkpt>
      <trkpt lat="31.282617" lon="120.492156">
        <ele>43.0</ele>
      </trkpt>
      <trkpt lat="31.282611" lon="120.492166">
        <ele>43.0</ele>
      </trkpt>
      <trkpt lat="31.282599" lon="120.492182">
        <ele>43.0</ele>
      </trkpt>
      <trkpt lat="31.282588" lon="120.492198">
        <ele>43.0</ele>
      </trkpt>
      <trkpt lat="31.282571" lon="120.492217">
        <ele>43.0</ele>
      </trkpt>
      <trkpt lat="31.282555" lon="120.492237">
        <ele>42.0</ele>
      </trkpt>
      <trkpt lat="31.282536" lon="120.492259">
        <ele>42.0</ele>
      </trkpt>
      <trkpt lat="31.282517" lon="120.492281">
        <ele>42.0</ele>
      </trkpt>
      <trkpt lat="31.282497" lon="120.492304">
        <ele>42.0</ele>
      </trkpt>
      <trkpt lat="31.282476" lon="120.492327">
        <ele>42.0</ele>
      </trkpt>
      <trkpt lat="31.282456" lon="120.492349">
        <ele>41.0</ele>
      </trkpt>
      <trkpt lat="31.282435" lon="120.492371">
        <ele>41.0</ele>
      </trkpt>
      <trkpt lat="31.282414" lon="120.492392">
        <ele>41.0</ele>
      </trkpt>
      <trkpt lat="31.282394" lon="120.492413">
        <ele>41.0</ele>
      </trkpt>
      <trkpt lat="31.282373" lon="120.492434">
        <ele>41.0</ele>
      </trkpt>
      <trkpt lat="31.282352" lon="120.492454">
        <ele>40.0</ele>
      </trkpt>
      <trkpt lat="31.282332" lon="120.492474">
        <ele>40.0</ele>
      </trkpt>
      <trkpt lat="31.282311" lon="120.492494">
        <ele>40.0</ele>
      </trkpt>
      <trkpt lat="31.282293" lon="120.492515">
        <ele>40.0</ele>
      </trkpt>
      <trkpt lat="31.282274" lon="120.492536">
        <ele>40.0</ele>
      </trkpt>
      <trkpt lat="31.282256" lon="120.49256">
        <ele>40.0</ele>
      </trkpt>
      <trkpt lat="31.282238" lon="120.492584">
        <ele>40.0</ele>
      </trkpt>
      <trkpt lat="31.282223" lon="120.492611">
        <ele>40.0</ele>
      </trkpt>
      <trkpt lat="31.282209" lon="120.492638">
        <ele>40.0</ele>
      </trkpt>
      <trkpt lat="31.282198" lon="120.492667">
        <ele>40.0</ele>
      </trkpt>
      <trkpt lat="31.282188" lon="120.492696">
        <ele>39.0</ele>
      </trkpt>
      <trkpt lat="31.282185" lon="120.492726">
        <ele>39.0</ele>
      </trkpt>
      <trkpt lat="31.282181" lon="120.492757">
        <ele>39.0</ele>
      </trkpt>
      <trkpt lat="31.282182" lon="120.492786">
        <ele>39.0</ele>
      </trkpt>
      <trkpt lat="31.282184" lon="120.492815">
        <ele>39.0</ele>
      </trkpt>
      <trkpt lat="31.282186" lon="120.492841">
        <ele>38.0</ele>
      </trkpt>
      <trkpt lat="31.282189" lon="120.492867">
        <ele>38.0</ele>
      </trkpt>
      <trkpt lat="31.282192" lon="120.492892">
        <ele>38.0</ele>
      </trkpt>
      <trkpt lat="31.282196" lon="120.492917">
        <ele>38.0</ele>
      </trkpt>
      <trkpt lat="31.282199" lon="120.492944">
        <ele>38.0</ele>
      </trkpt>
      <trkpt lat="31.282203" lon="120.49297">
        <ele>38.0</ele>
      </trkpt>
      <trkpt lat="31.282205" lon="120.492999">
        <ele>38.0</ele>
      </trkpt>
      <trkpt lat="31.282208" lon="120.493028">
        <ele>38.0</ele>
      </trkpt>
      <trkpt lat="31.282211" lon="120.493059">
        <ele>38.0</ele>
      </trkpt>
      <trkpt lat="31.282214" lon="120.49309">
        <ele>38.0</ele>
      </trkpt>
      <trkpt lat="31.282216" lon="120.493123">
        <ele>38.0</ele>
      </trkpt>
      <trkpt lat="31.282219" lon="120.493155">
        <ele>38.0</ele>
      </trkpt>
      <trkpt lat="31.28222" lon="120.493188">
        <ele>38.0</ele>
      </trkpt>
      <trkpt lat="31.282221" lon="120.493221">
        <ele>38.0</ele>
      </trkpt>
      <trkpt lat="31.282221" lon="120.493253">
        <ele>38.0</ele>
      </trkpt>
      <trkpt lat="31.28222" lon="120.493284">
        <ele>38.0</ele>
      </trkpt>
      <trkpt lat="31.28222" lon="120.493315">
        <ele>38.0</ele>
      </trkpt>
      <trkpt lat="31.282219" lon="120.493346">
        <ele>38.0</ele>
      </trkpt>
      <trkpt lat="31.282217" lon="120.493376">
        <ele>38.0</ele>
      </trkpt>
      <trkpt lat="31.282214" lon="120.493406">
        <ele>38.0</ele>
      </trkpt>
      <trkpt lat="31.282208" lon="120.493435">
        <ele>37.0</ele>
      </trkpt>
      <trkpt lat="31.282202" lon="120.493464">
        <ele>37.0</ele>
      </trkpt>
      <trkpt lat="31.282191" lon="120.493491">
        <ele>37.0</ele>
      </trkpt>
      <trkpt lat="31.282181" lon="120.493517">
        <ele>37.0</ele>
      </trkpt>
      <trkpt lat="31.282166" lon="120.493541">
        <ele>37.0</ele>
      </trkpt>
      <trkpt lat="31.282152" lon="120.493565">
        <ele>37.0</ele>
      </trkpt>
      <trkpt lat="31.282135" lon="120.493587">
        <ele>37.0</ele>
      </trkpt>
      <trkpt lat="31.282118" lon="120.493609">
        <ele>37.0</ele>
      </trkpt>
      <trkpt lat="31.2821" lon="120.49363">
        <ele>37.0</ele>
      </trkpt>
      <trkpt lat="31.282081" lon="120.493651">
        <ele>37.0</ele>
      </trkpt>
      <trkpt lat="31.282062" lon="120.493668">
        <ele>37.0</ele>
      </trkpt>
      <trkpt lat="31.282042" lon="120.493686">
        <ele>37.0</ele>
      </trkpt>
      <trkpt lat="31.282022" lon="120.493698">
        <ele>37.0</ele>
      </trkpt>
      <trkpt lat="31.282002" lon="120.493711">
        <ele>37.0</ele>
      </trkpt>
      <trkpt lat="31.281982" lon="120.493719">
        <ele>37.0</ele>
      </trkpt>
      <trkpt lat="31.281962" lon="120.493728">
        <ele>37.0</ele>
      </trkpt>
      <trkpt lat="31.281941" lon="120.493734">
        <ele>37.0</ele>
      </trkpt>
      <trkpt lat="31.28192" lon="120.49374">
        <ele>37.0</ele>
      </trkpt>
      <trkpt lat="31.281899" lon="120.493745">
        <ele>37.0</ele>
      </trkpt>
      <trkpt lat="31.281878" lon="120.49375">
        <ele>37.0</ele>
      </trkpt>
      <trkpt lat="31.281856" lon="120.493754">
        <ele>37.0</ele>
      </trkpt>
      <trkpt lat="31.281834" lon="120.493758">
        <ele>37.0</ele>
      </trkpt>
      <trkpt lat="31.281812" lon="120.49376">
        <ele>37.0</ele>
      </trkpt>
      <trkpt lat="31.281791" lon="120.493763">
        <ele>37.0</ele>
      </trkpt>
      <trkpt lat="31.281768" lon="120.493766">
        <ele>37.0</ele>
      </trkpt>
      <trkpt lat="31.281745" lon="120.493768">
        <ele>37.0</ele>
      </trkpt>
      <trkpt lat="31.281722" lon="120.49377">
        <ele>37.0</ele>
      </trkpt>
      <trkpt lat="31.281698" lon="120.493772">
        <ele>37.0</ele>
      </trkpt>
      <trkpt lat="31.281675" lon="120.493772">
        <ele>37.0</ele>
      </trkpt>
      <trkpt lat="31.281651" lon="120.493773">
        <ele>37.0</ele>
      </trkpt>
      <trkpt lat="31.281627" lon="120.493771">
        <ele>37.0</ele>
      </trkpt>
      <trkpt lat="31.281604" lon="120.493769">
        <ele>37.0</ele>
      </trkpt>
      <trkpt lat="31.281581" lon="120.493765">
        <ele>37.0</ele>
      </trkpt>
      <trkpt lat="31.281558" lon="120.493761">
        <ele>37.0</ele>
      </trkpt>
      <trkpt lat="31.281535" lon="120.493756">
        <ele>37.0</ele>
      </trkpt>
      <trkpt lat="31.281512" lon="120.493751">
        <ele>37.0</ele>
      </trkpt>
      <trkpt lat="31.281491" lon="120.493744">
        <ele>37.0</ele>
      </trkpt>
      <trkpt lat="31.28147" lon="120.493738">
        <ele>37.0</ele>
      </trkpt>
      <trkpt lat="31.281449" lon="120.493728">
        <ele>37.0</ele>
      </trkpt>
      <trkpt lat="31.281429" lon="120.493719">
        <ele>37.0</ele>
      </trkpt>
      <trkpt lat="31.281409" lon="120.493708">
        <ele>37.0</ele>
      </trkpt>
      <trkpt lat="31.281389" lon="120.493698">
        <ele>37.0</ele>
      </trkpt>
      <trkpt lat="31.281367" lon="120.493688">
        <ele>37.0</ele>
      </trkpt>
      <trkpt lat="31.281345" lon="120.493679">
        <ele>37.0</ele>
      </trkpt>
      <trkpt lat="31.281322" lon="120.493672">
        <ele>38.0</ele>
      </trkpt>
      <trkpt lat="31.2813" lon="120.493666">
        <ele>38.0</ele>
      </trkpt>
      <trkpt lat="31.281276" lon="120.493663">
        <ele>38.0</ele>
      </trkpt>
      <trkpt lat="31.281252" lon="120.49366">
        <ele>38.0</ele>
      </trkpt>
      <trkpt lat="31.281229" lon="120.49366">
        <ele>38.0</ele>
      </trkpt>
      <trkpt lat="31.281206" lon="120.49366">
        <ele>38.0</ele>
      </trkpt>
      <trkpt lat="31.281183" lon="120.493662">
        <ele>38.0</ele>
      </trkpt>
      <trkpt lat="31.281161" lon="120.493664">
        <ele>38.0</ele>
      </trkpt>
      <trkpt lat="31.281139" lon="120.493666">
        <ele>38.0</ele>
      </trkpt>
      <trkpt lat="31.281117" lon="120.493669">
        <ele>38.0</ele>
      </trkpt>
      <trkpt lat="31.281097" lon="120.493673">
        <ele>38.0</ele>
      </trkpt>
      <trkpt lat="31.281076" lon="120.493676">
        <ele>38.0</ele>
      </trkpt>
      <trkpt lat="31.281058" lon="120.49368">
        <ele>38.0</ele>
      </trkpt>
      <trkpt lat="31.281041" lon="120.493684">
        <ele>38.0</ele>
      </trkpt>
      <trkpt lat="31.281026" lon="120.493687">
        <ele>38.0</ele>
      </trkpt>
      <trkpt lat="31.281011" lon="120.493691">
        <ele>38.0</ele>
      </trkpt>
      <trkpt lat="31.280998" lon="120.493694">
        <ele>38.0</ele>
      </trkpt>
      <trkpt lat="31.280984" lon="120.493698">
        <ele>38.0</ele>
      </trkpt>
      <trkpt lat="31.280972" lon="120.493702">
        <ele>38.0</ele>
      </trkpt>
      <trkpt lat="31.280959" lon="120.493706">
        <ele>38.0</ele>
      </trkpt>
      <trkpt lat="31.280947" lon="120.49371">
        <ele>38.0</ele>
      </trkpt>
      <trkpt lat="31.280934" lon="120.493714">
        <ele>38.0</ele>
      </trkpt>
      <trkpt lat="31.280922" lon="120.49372">
        <ele>38.0</ele>
      </trkpt>
      <trkpt lat="31.28091" lon="120.493725">
        <ele>38.0</ele>
      </trkpt>
      <trkpt lat="31.280896" lon="120.493732">
        <ele>38.0</ele>
      </trkpt>
      <trkpt lat="31.280882" lon="120.493739">
        <ele>38.0</ele>
      </trkpt>
      <trkpt lat="31.280867" lon="120.493744">
        <ele>38.0</ele>
      </trkpt>
      <trkpt lat="31.280852" lon="120.49375">
        <ele>38.0</ele>
      </trkpt>
      <trkpt lat="31.280836" lon="120.493755">
        <ele>38.0</ele>
      </trkpt>
      <trkpt lat="31.280821" lon="120.493759">
        <ele>38.0</ele>
      </trkpt>
      <trkpt lat="31.280806" lon="120.493763">
        <ele>38.0</ele>
      </trkpt>
      <trkpt lat="31.280791" lon="120.493767">
        <ele>37.0</ele>
      </trkpt>
      <trkpt lat="31.280776" lon="120.493771">
        <ele>37.0</ele>
      </trkpt>
      <trkpt lat="31.280761" lon="120.493775">
        <ele>37.0</ele>
      </trkpt>
      <trkpt lat="31.280747" lon="120.49378">
        <ele>37.0</ele>
      </trkpt>
      <trkpt lat="31.280733" lon="120.493785">
        <ele>37.0</ele>
      </trkpt>
      <trkpt lat="31.280719" lon="120.49379">
        <ele>37.0</ele>
      </trkpt>
      <trkpt lat="31.280706" lon="120.493795">
        <ele>37.0</ele>
      </trkpt>
      <trkpt lat="31.280692" lon="120.4938">
        <ele>37.0</ele>
      </trkpt>
      <trkpt lat="31.280677" lon="120.493805">
        <ele>37.0</ele>
      </trkpt>
      <trkpt lat="31.280663" lon="120.493812">
        <ele>37.0</ele>
      </trkpt>
      <trkpt lat="31.280648" lon="120.493818">
        <ele>37.0</ele>
      </trkpt>
      <trkpt lat="31.280633" lon="120.493826">
        <ele>37.0</ele>
      </trkpt>
      <trkpt lat="31.280618" lon="120.493834">
        <ele>37.0</ele>
      </trkpt>
      <trkpt lat="31.280605" lon="120.493842">
        <ele>37.0</ele>
      </trkpt>
      <trkpt lat="31.280591" lon="120.493851">
        <ele>37.0</ele>
      </trkpt>
      <trkpt lat="31.280579" lon="120.493861">
        <ele>37.0</ele>
      </trkpt>
      <trkpt lat="31.280566" lon="120.493871">
        <ele>37.0</ele>
      </trkpt>
      <trkpt lat="31.280554" lon="120.493881">
        <ele>37.0</ele>
      </trkpt>
      <trkpt lat="31.280543" lon="120.493891">
        <ele>37.0</ele>
      </trkpt>
      <trkpt lat="31.280532" lon="120.493902">
        <ele>37.0</ele>
      </trkpt>
      <trkpt lat="31.280521" lon="120.493912">
        <ele>37.0</ele>
      </trkpt>
      <trkpt lat="31.280511" lon="120.493923">
        <ele>37.0</ele>
      </trkpt>
      <trkpt lat="31.280501" lon="120.493934">
        <ele>37.0</ele>
      </trkpt>
      <trkpt lat="31.280492" lon="120.493945">
        <ele>37.0</ele>
      </trkpt>
      <trkpt lat="31.280483" lon="120.493957">
        <ele>37.0</ele>
      </trkpt>
      <trkpt lat="31.280473" lon="120.493968">
        <ele>36.0</ele>
      </trkpt>
      <trkpt lat="31.280464" lon="120.493979">
        <ele>36.0</ele>
      </trkpt>
      <trkpt lat="31.280454" lon="120.49399">
        <ele>36.0</ele>
      </trkpt>
      <trkpt lat="31.280444" lon="120.494">
        <ele>36.0</ele>
      </trkpt>
      <trkpt lat="31.280433" lon="120.494011">
        <ele>36.0</ele>
      </trkpt>
      <trkpt lat="31.280422" lon="120.494022">
        <ele>36.0</ele>
      </trkpt>
      <trkpt lat="31.28041" lon="120.494033">
        <ele>36.0</ele>
      </trkpt>
      <trkpt lat="31.280398" lon="120.494044">
        <ele>36.0</ele>
      </trkpt>
      <trkpt lat="31.280384" lon="120.494054">
        <ele>36.0</ele>
      </trkpt>
      <trkpt lat="31.280371" lon="120.494065">
        <ele>36.0</ele>
      </trkpt>
      <trkpt lat="31.280357" lon="120.494074">
        <ele>36.0</ele>
      </trkpt>
      <trkpt lat="31.280343" lon="120.494082">
        <ele>36.0</ele>
      </trkpt>
      <trkpt lat="31.280329" lon="120.49409">
        <ele>36.0</ele>
      </trkpt>
      <trkpt lat="31.280315" lon="120.494098">
        <ele>36.0</ele>
      </trkpt>
      <trkpt lat="31.280302" lon="120.494105">
        <ele>36.0</ele>
      </trkpt>
      <trkpt lat="31.280289" lon="120.494113">
        <ele>36.0</ele>
      </trkpt>
      <trkpt lat="31.280276" lon="120.494121">
        <ele>36.0</ele>
      </trkpt>
      <trkpt lat="31.280263" lon="120.494128">
        <ele>36.0</ele>
      </trkpt>
      <trkpt lat="31.28025" lon="120.494135">
        <ele>36.0</ele>
      </trkpt>
      <trkpt lat="31.280237" lon="120.494142">
        <ele>36.0</ele>
      </trkpt>
      <trkpt lat="31.280224" lon="120.494149">
        <ele>36.0</ele>
      </trkpt>
      <trkpt lat="31.280211" lon="120.494156">
        <ele>36.0</ele>
      </trkpt>
      <trkpt lat="31.280198" lon="120.494164">
        <ele>36.0</ele>
      </trkpt>
      <trkpt lat="31.280184" lon="120.494171">
        <ele>36.0</ele>
      </trkpt>
      <trkpt lat="31.28017" lon="120.494179">
        <ele>36.0</ele>
      </trkpt>
      <trkpt lat="31.280157" lon="120.494186">
        <ele>36.0</ele>
      </trkpt>
      <trkpt lat="31.280142" lon="120.494194">
        <ele>36.0</ele>
      </trkpt>
      <trkpt lat="31.280128" lon="120.494202">
        <ele>36.0</ele>
      </trkpt>
      <trkpt lat="31.280114" lon="120.49421">
        <ele>36.0</ele>
      </trkpt>
      <trkpt lat="31.2801" lon="120.494218">
        <ele>36.0</ele>
      </trkpt>
      <trkpt lat="31.280087" lon="120.494225">
        <ele>36.0</ele>
      </trkpt>
      <trkpt lat="31.280073" lon="120.494233">
        <ele>36.0</ele>
      </trkpt>
      <trkpt lat="31.280059" lon="120.49424">
        <ele>36.0</ele>
      </trkpt>
      <trkpt lat="31.280046" lon="120.494247">
        <ele>36.0</ele>
      </trkpt>
      <trkpt lat="31.280033" lon="120.494254">
        <ele>37.0</ele>
      </trkpt>
      <trkpt lat="31.280021" lon="120.494261">
        <ele>37.0</ele>
      </trkpt>
      <trkpt lat="31.280008" lon="120.494267">
        <ele>37.0</ele>
      </trkpt>
      <trkpt lat="31.279996" lon="120.494274">
        <ele>37.0</ele>
      </trkpt>
      <trkpt lat="31.279983" lon="120.494281">
        <ele>37.0</ele>
      </trkpt>
      <trkpt lat="31.279971" lon="120.494287">
        <ele>37.0</ele>
      </trkpt>
      <trkpt lat="31.279958" lon="120.494295">
        <ele>37.0</ele>
      </trkpt>
      <trkpt lat="31.279946" lon="120.494302">
        <ele>37.0</ele>
      </trkpt>
      <trkpt lat="31.279934" lon="120.494311">
        <ele>37.0</ele>
      </trkpt>
      <trkpt lat="31.279921" lon="120.494319">
        <ele>37.0</ele>
      </trkpt>
      <trkpt lat="31.279909" lon="120.494328">
        <ele>37.0</ele>
      </trkpt>
      <trkpt lat="31.279896" lon="120.494336">
        <ele>37.0</ele>
      </trkpt>
      <trkpt lat="31.279883" lon="120.494345">
        <ele>37.0</ele>
      </trkpt>
      <trkpt lat="31.279871" lon="120.494353">
        <ele>37.0</ele>
      </trkpt>
      <trkpt lat="31.279858" lon="120.494362">
        <ele>37.0</ele>
      </trkpt>
      <trkpt lat="31.279845" lon="120.494371">
        <ele>37.0</ele>
      </trkpt>
      <trkpt lat="31.279831" lon="120.49438">
        <ele>37.0</ele>
      </trkpt>
      <trkpt lat="31.279818" lon="120.494389">
        <ele>37.0</ele>
      </trkpt>
      <trkpt lat="31.279804" lon="120.494398">
        <ele>37.0</ele>
      </trkpt>
      <trkpt lat="31.27979" lon="120.494407">
        <ele>37.0</ele>
      </trkpt>
      <trkpt lat="31.279776" lon="120.494414">
        <ele>37.0</ele>
      </trkpt>
      <trkpt lat="31.279763" lon="120.494422">
        <ele>37.0</ele>
      </trkpt>
      <trkpt lat="31.279748" lon="120.494427">
        <ele>37.0</ele>
      </trkpt>
      <trkpt lat="31.279734" lon="120.494432">
        <ele>37.0</ele>
      </trkpt>
      <trkpt lat="31.27972" lon="120.494436">
        <ele>37.0</ele>
      </trkpt>
      <trkpt lat="31.279706" lon="120.49444">
        <ele>37.0</ele>
      </trkpt>
      <trkpt lat="31.279693" lon="120.494445">
        <ele>37.0</ele>
      </trkpt>
      <trkpt lat="31.279679" lon="120.494449">
        <ele>37.0</ele>
      </trkpt>
      <trkpt lat="31.279666" lon="120.494453">
        <ele>37.0</ele>
      </trkpt>
      <trkpt lat="31.279652" lon="120.494457">
        <ele>37.0</ele>
      </trkpt>
      <trkpt lat="31.279639" lon="120.49446">
        <ele>37.0</ele>
      </trkpt>
      <trkpt lat="31.279625" lon="120.494463">
        <ele>37.0</ele>
      </trkpt>
      <trkpt lat="31.279612" lon="120.494465">
        <ele>37.0</ele>
      </trkpt>
      <trkpt lat="31.279598" lon="120.494468">
        <ele>37.0</ele>
      </trkpt>
      <trkpt lat="31.279584" lon="120.494469">
        <ele>37.0</ele>
      </trkpt>
      <trkpt lat="31.27957" lon="120.494471">
        <ele>37.0</ele>
      </trkpt>
      <trkpt lat="31.279555" lon="120.494473">
        <ele>37.0</ele>
      </trkpt>
      <trkpt lat="31.279539" lon="120.494476">
        <ele>37.0</ele>
      </trkpt>
      <trkpt lat="31.279524" lon="120.494479">
        <ele>37.0</ele>
      </trkpt>
      <trkpt lat="31.279508" lon="120.494483">
        <ele>37.0</ele>
      </trkpt>
      <trkpt lat="31.279494" lon="120.494486">
        <ele>37.0</ele>
      </trkpt>
      <trkpt lat="31.27948" lon="120.49449">
        <ele>37.0</ele>
      </trkpt>
      <trkpt lat="31.279469" lon="120.494492">
        <ele>37.0</ele>
      </trkpt>
      <trkpt lat="31.279457" lon="120.494494">
        <ele>37.0</ele>
      </trkpt>
      <trkpt lat="31.279444" lon="120.494496">
        <ele>37.0</ele>
      </trkpt>
      <trkpt lat="31.27943" lon="120.494498">
        <ele>37.0</ele>
      </trkpt>
      <trkpt lat="31.279416" lon="120.4945">
        <ele>37.0</ele>
      </trkpt>
      <trkpt lat="31.279402" lon="120.494503">
        <ele>37.0</ele>
      </trkpt>
      <trkpt lat="31.279387" lon="120.494505">
        <ele>37.0</ele>
      </trkpt>
      <trkpt lat="31.279373" lon="120.494507">
        <ele>37.0</ele>
      </trkpt>
      <trkpt lat="31.279358" lon="120.494509">
        <ele>37.0</ele>
      </trkpt>
      <trkpt lat="31.279343" lon="120.49451">
        <ele>36.0</ele>
      </trkpt>
      <trkpt lat="31.279327" lon="120.49451">
        <ele>36.0</ele>
      </trkpt>
      <trkpt lat="31.279312" lon="120.49451">
        <ele>36.0</ele>
      </trkpt>
      <trkpt lat="31.279297" lon="120.494509">
        <ele>36.0</ele>
      </trkpt>
      <trkpt lat="31.279281" lon="120.494509">
        <ele>36.0</ele>
      </trkpt>
      <trkpt lat="31.279267" lon="120.494509">
        <ele>36.0</ele>
      </trkpt>
      <trkpt lat="31.279253" lon="120.494508">
        <ele>36.0</ele>
      </trkpt>
      <trkpt lat="31.279239" lon="120.494508">
        <ele>36.0</ele>
      </trkpt>
      <trkpt lat="31.279225" lon="120.494508">
        <ele>36.0</ele>
      </trkpt>
      <trkpt lat="31.279212" lon="120.494507">
        <ele>36.0</ele>
      </trkpt>
      <trkpt lat="31.279199" lon="120.494506">
        <ele>36.0</ele>
      </trkpt>
      <trkpt lat="31.279186" lon="120.494505">
        <ele>36.0</ele>
      </trkpt>
      <trkpt lat="31.279173" lon="120.494504">
        <ele>36.0</ele>
      </trkpt>
      <trkpt lat="31.27916" lon="120.494503">
        <ele>36.0</ele>
      </trkpt>
      <trkpt lat="31.279148" lon="120.494502">
        <ele>36.0</ele>
      </trkpt>
      <trkpt lat="31.279135" lon="120.494501">
        <ele>36.0</ele>
      </trkpt>
      <trkpt lat="31.279122" lon="120.494501">
        <ele>36.0</ele>
      </trkpt>
      <trkpt lat="31.279106" lon="120.4945">
        <ele>36.0</ele>
      </trkpt>
      <trkpt lat="31.279091" lon="120.494499">
        <ele>36.0</ele>
      </trkpt>
      <trkpt lat="31.279072" lon="120.494497">
        <ele>36.0</ele>
      </trkpt>
      <trkpt lat="31.279054" lon="120.494495">
        <ele>35.0</ele>
      </trkpt>
      <trkpt lat="31.279033" lon="120.494492">
        <ele>35.0</ele>
      </trkpt>
      <trkpt lat="31.279012" lon="120.49449">
        <ele>35.0</ele>
      </trkpt>
      <trkpt lat="31.278989" lon="120.494487">
        <ele>35.0</ele>
      </trkpt>
      <trkpt lat="31.278966" lon="120.494485">
        <ele>35.0</ele>
      </trkpt>
      <trkpt lat="31.278943" lon="120.494483">
        <ele>35.0</ele>
      </trkpt>
      <trkpt lat="31.278919" lon="120.494482">
        <ele>35.0</ele>
      </trkpt>
      <trkpt lat="31.278895" lon="120.494481">
        <ele>35.0</ele>
      </trkpt>
      <trkpt lat="31.27887" lon="120.494481">
        <ele>35.0</ele>
      </trkpt>
      <trkpt lat="31.278846" lon="120.49448">
        <ele>35.0</ele>
      </trkpt>
      <trkpt lat="31.278821" lon="120.49448">
        <ele>35.0</ele>
      </trkpt>
      <trkpt lat="31.278796" lon="120.494481">
        <ele>35.0</ele>
      </trkpt>
      <trkpt lat="31.278771" lon="120.494481">
        <ele>35.0</ele>
      </trkpt>
      <trkpt lat="31.278746" lon="120.494481">
        <ele>35.0</ele>
      </trkpt>
      <trkpt lat="31.278721" lon="120.494482">
        <ele>35.0</ele>
      </trkpt>
      <trkpt lat="31.278695" lon="120.494484">
        <ele>34.0</ele>
      </trkpt>
      <trkpt lat="31.278669" lon="120.494486">
        <ele>34.0</ele>
      </trkpt>
      <trkpt lat="31.278642" lon="120.494488">
        <ele>34.0</ele>
      </trkpt>
      <trkpt lat="31.278615" lon="120.49449">
        <ele>34.0</ele>
      </trkpt>
      <trkpt lat="31.278589" lon="120.494491">
        <ele>34.0</ele>
      </trkpt>
      <trkpt lat="31.278562" lon="120.494492">
        <ele>34.0</ele>
      </trkpt>
      <trkpt lat="31.278537" lon="120.494492">
        <ele>34.0</ele>
      </trkpt>
      <trkpt lat="31.278512" lon="120.494491">
        <ele>34.0</ele>
      </trkpt>
      <trkpt lat="31.278487" lon="120.494491">
        <ele>34.0</ele>
      </trkpt>
      <trkpt lat="31.278462" lon="120.49449">
        <ele>34.0</ele>
      </trkpt>
      <trkpt lat="31.278438" lon="120.49449">
        <ele>34.0</ele>
      </trkpt>
      <trkpt lat="31.278414" lon="120.494489">
        <ele>34.0</ele>
      </trkpt>
      <trkpt lat="31.278389" lon="120.494489">
        <ele>34.0</ele>
      </trkpt>
      <trkpt lat="31.278364" lon="120.49449">
        <ele>34.0</ele>
      </trkpt>
      <trkpt lat="31.27834" lon="120.494491">
        <ele>34.0</ele>
      </trkpt>
      <trkpt lat="31.278315" lon="120.494491">
        <ele>34.0</ele>
      </trkpt>
      <trkpt lat="31.278291" lon="120.494494">
        <ele>34.0</ele>
      </trkpt>
      <trkpt lat="31.278267" lon="120.494496">
        <ele>34.0</ele>
      </trkpt>
      <trkpt lat="31.278243" lon="120.494499">
        <ele>34.0</ele>
      </trkpt>
      <trkpt lat="31.27822" lon="120.494501">
        <ele>34.0</ele>
      </trkpt>
      <trkpt lat="31.278197" lon="120.494505">
        <ele>34.0</ele>
      </trkpt>
      <trkpt lat="31.278174" lon="120.494508">
        <ele>34.0</ele>
      </trkpt>
      <trkpt lat="31.278151" lon="120.494512">
        <ele>34.0</ele>
      </trkpt>
      <trkpt lat="31.278128" lon="120.494516">
        <ele>34.0</ele>
      </trkpt>
      <trkpt lat="31.278105" lon="120.49452">
        <ele>34.0</ele>
      </trkpt>
      <trkpt lat="31.278082" lon="120.494524">
        <ele>34.0</ele>
      </trkpt>
      <trkpt lat="31.278059" lon="120.494527">
        <ele>34.0</ele>
      </trkpt>
      <trkpt lat="31.278037" lon="120.49453">
        <ele>34.0</ele>
      </trkpt>
      <trkpt lat="31.278014" lon="120.494534">
        <ele>34.0</ele>
      </trkpt>
      <trkpt lat="31.277991" lon="120.494538">
        <ele>35.0</ele>
      </trkpt>
      <trkpt lat="31.27797" lon="120.494541">
        <ele>35.0</ele>
      </trkpt>
      <trkpt lat="31.277948" lon="120.494544">
        <ele>35.0</ele>
      </trkpt>
      <trkpt lat="31.277927" lon="120.494547">
        <ele>35.0</ele>
      </trkpt>
      <trkpt lat="31.277906" lon="120.49455">
        <ele>35.0</ele>
      </trkpt>
      <trkpt lat="31.277886" lon="120.494553">
        <ele>36.0</ele>
      </trkpt>
      <trkpt lat="31.277865" lon="120.494556">
        <ele>36.0</ele>
      </trkpt>
      <trkpt lat="31.277843" lon="120.494558">
        <ele>36.0</ele>
      </trkpt>
      <trkpt lat="31.277821" lon="120.49456">
        <ele>36.0</ele>
      </trkpt>
      <trkpt lat="31.277798" lon="120.494563">
        <ele>36.0</ele>
      </trkpt>
      <trkpt lat="31.277776" lon="120.494566">
        <ele>36.0</ele>
      </trkpt>
      <trkpt lat="31.277753" lon="120.49457">
        <ele>36.0</ele>
      </trkpt>
      <trkpt lat="31.277731" lon="120.494574">
        <ele>36.0</ele>
      </trkpt>
      <trkpt lat="31.277708" lon="120.494579">
        <ele>36.0</ele>
      </trkpt>
      <trkpt lat="31.277686" lon="120.494584">
        <ele>36.0</ele>
      </trkpt>
      <trkpt lat="31.277664" lon="120.494589">
        <ele>37.0</ele>
      </trkpt>
      <trkpt lat="31.277641" lon="120.494593">
        <ele>37.0</ele>
      </trkpt>
      <trkpt lat="31.277619" lon="120.494598">
        <ele>37.0</ele>
      </trkpt>
      <trkpt lat="31.277597" lon="120.494604">
        <ele>37.0</ele>
      </trkpt>
      <trkpt lat="31.277575" lon="120.494609">
        <ele>37.0</ele>
      </trkpt>
      <trkpt lat="31.277552" lon="120.494616">
        <ele>37.0</ele>
      </trkpt>
      <trkpt lat="31.277531" lon="120.494623">
        <ele>37.0</ele>
      </trkpt>
      <trkpt lat="31.277509" lon="120.49463">
        <ele>37.0</ele>
      </trkpt>
      <trkpt lat="31.277488" lon="120.494638">
        <ele>37.0</ele>
      </trkpt>
      <trkpt lat="31.277467" lon="120.494646">
        <ele>37.0</ele>
      </trkpt>
      <trkpt lat="31.277447" lon="120.494654">
        <ele>37.0</ele>
      </trkpt>
      <trkpt lat="31.277427" lon="120.494663">
        <ele>37.0</ele>
      </trkpt>
      <trkpt lat="31.277408" lon="120.494672">
        <ele>37.0</ele>
      </trkpt>
      <trkpt lat="31.27739" lon="120.494681">
        <ele>37.0</ele>
      </trkpt>
      <trkpt lat="31.277375" lon="120.494689">
        <ele>37.0</ele>
      </trkpt>
      <trkpt lat="31.277359" lon="120.494697">
        <ele>37.0</ele>
      </trkpt>
      <trkpt lat="31.277346" lon="120.494705">
        <ele>37.0</ele>
      </trkpt>
      <trkpt lat="31.277333" lon="120.494713">
        <ele>37.0</ele>
      </trkpt>
      <trkpt lat="31.277322" lon="120.49472">
        <ele>37.0</ele>
      </trkpt>
      <trkpt lat="31.27731" lon="120.494728">
        <ele>37.0</ele>
      </trkpt>
      <trkpt lat="31.277299" lon="120.494735">
        <ele>37.0</ele>
      </trkpt>
      <trkpt lat="31.277288" lon="120.494743">
        <ele>37.0</ele>
      </trkpt>
      <trkpt lat="31.277278" lon="120.494752">
        <ele>37.0</ele>
      </trkpt>
      <trkpt lat="31.277268" lon="120.49476">
        <ele>37.0</ele>
      </trkpt>
      <trkpt lat="31.277258" lon="120.494769">
        <ele>37.0</ele>
      </trkpt>
      <trkpt lat="31.277249" lon="120.494778">
        <ele>38.0</ele>
      </trkpt>
      <trkpt lat="31.27724" lon="120.494788">
        <ele>38.0</ele>
      </trkpt>
      <trkpt lat="31.277231" lon="120.494798">
        <ele>38.0</ele>
      </trkpt>
      <trkpt lat="31.277223" lon="120.494809">
        <ele>38.0</ele>
      </trkpt>
      <trkpt lat="31.277215" lon="120.49482">
        <ele>38.0</ele>
      </trkpt>
      <trkpt lat="31.277206" lon="120.494832">
        <ele>38.0</ele>
      </trkpt>
      <trkpt lat="31.277197" lon="120.494843">
        <ele>37.0</ele>
      </trkpt>
      <trkpt lat="31.277188" lon="120.494854">
        <ele>37.0</ele>
      </trkpt>
      <trkpt lat="31.277179" lon="120.494865">
        <ele>37.0</ele>
      </trkpt>
      <trkpt lat="31.277169" lon="120.494876">
        <ele>37.0</ele>
      </trkpt>
      <trkpt lat="31.27716" lon="120.494887">
        <ele>37.0</ele>
      </trkpt>
      <trkpt lat="31.27715" lon="120.494899">
        <ele>37.0</ele>
      </trkpt>
      <trkpt lat="31.27714" lon="120.49491">
        <ele>37.0</ele>
      </trkpt>
      <trkpt lat="31.277128" lon="120.494922">
        <ele>37.0</ele>
      </trkpt>
      <trkpt lat="31.277117" lon="120.494934">
        <ele>37.0</ele>
      </trkpt>
      <trkpt lat="31.277105" lon="120.494945">
        <ele>38.0</ele>
      </trkpt>
      <trkpt lat="31.277093" lon="120.494956">
        <ele>38.0</ele>
      </trkpt>
      <trkpt lat="31.277081" lon="120.494966">
        <ele>38.0</ele>
      </trkpt>
      <trkpt lat="31.277069" lon="120.494976">
        <ele>38.0</ele>
      </trkpt>
      <trkpt lat="31.277057" lon="120.494985">
        <ele>38.0</ele>
      </trkpt>
      <trkpt lat="31.277045" lon="120.494995">
        <ele>38.0</ele>
      </trkpt>
      <trkpt lat="31.277032" lon="120.495003">
        <ele>37.0</ele>
      </trkpt>
      <trkpt lat="31.27702" lon="120.495012">
        <ele>37.0</ele>
      </trkpt>
      <trkpt lat="31.277007" lon="120.49502">
        <ele>37.0</ele>
      </trkpt>
      <trkpt lat="31.276994" lon="120.495028">
        <ele>37.0</ele>
      </trkpt>
      <trkpt lat="31.27698" lon="120.495035">
        <ele>37.0</ele>
      </trkpt>
      <trkpt lat="31.276967" lon="120.495042">
        <ele>37.0</ele>
      </trkpt>
      <trkpt lat="31.276952" lon="120.495047">
        <ele>37.0</ele>
      </trkpt>
      <trkpt lat="31.276937" lon="120.495053">
        <ele>37.0</ele>
      </trkpt>
      <trkpt lat="31.276922" lon="120.495058">
        <ele>37.0</ele>
      </trkpt>
      <trkpt lat="31.276907" lon="120.495062">
        <ele>37.0</ele>
      </trkpt>
      <trkpt lat="31.276892" lon="120.495066">
        <ele>37.0</ele>
      </trkpt>
      <trkpt lat="31.276877" lon="120.495069">
        <ele>37.0</ele>
      </trkpt>
      <trkpt lat="31.276862" lon="120.495072">
        <ele>37.0</ele>
      </trkpt>
      <trkpt lat="31.276846" lon="120.495074">
        <ele>37.0</ele>
      </trkpt>
      <trkpt lat="31.276831" lon="120.495076">
        <ele>37.0</ele>
      </trkpt>
      <trkpt lat="31.276816" lon="120.495078">
        <ele>37.0</ele>
      </trkpt>
      <trkpt lat="31.276801" lon="120.49508">
        <ele>37.0</ele>
      </trkpt>
      <trkpt lat="31.276786" lon="120.495081">
        <ele>37.0</ele>
      </trkpt>
      <trkpt lat="31.276771" lon="120.495082">
        <ele>37.0</ele>
      </trkpt>
      <trkpt lat="31.276755" lon="120.495082">
        <ele>37.0</ele>
      </trkpt>
      <trkpt lat="31.276739" lon="120.495083">
        <ele>37.0</ele>
      </trkpt>
      <trkpt lat="31.276723" lon="120.495084">
        <ele>37.0</ele>
      </trkpt>
      <trkpt lat="31.276707" lon="120.495085">
        <ele>37.0</ele>
      </trkpt>
      <trkpt lat="31.276692" lon="120.495087">
        <ele>37.0</ele>
      </trkpt>
      <trkpt lat="31.276678" lon="120.495088">
        <ele>37.0</ele>
      </trkpt>
      <trkpt lat="31.276663" lon="120.495088">
        <ele>37.0</ele>
      </trkpt>
      <trkpt lat="31.276649" lon="120.495087">
        <ele>37.0</ele>
      </trkpt>
      <trkpt lat="31.276636" lon="120.495087">
        <ele>37.0</ele>
      </trkpt>
      <trkpt lat="31.276622" lon="120.495085">
        <ele>37.0</ele>
      </trkpt>
      <trkpt lat="31.276607" lon="120.495084">
        <ele>37.0</ele>
      </trkpt>
      <trkpt lat="31.276592" lon="120.495082">
        <ele>37.0</ele>
      </trkpt>
      <trkpt lat="31.276577" lon="120.49508">
        <ele>37.0</ele>
      </trkpt>
      <trkpt lat="31.276562" lon="120.495076">
        <ele>37.0</ele>
      </trkpt>
      <trkpt lat="31.276546" lon="120.495073">
        <ele>37.0</ele>
      </trkpt>
      <trkpt lat="31.276531" lon="120.495069">
        <ele>37.0</ele>
      </trkpt>
      <trkpt lat="31.276515" lon="120.495065">
        <ele>37.0</ele>
      </trkpt>
      <trkpt lat="31.2765" lon="120.495061">
        <ele>37.0</ele>
      </trkpt>
      <trkpt lat="31.276485" lon="120.495058">
        <ele>37.0</ele>
      </trkpt>
      <trkpt lat="31.276469" lon="120.495055">
        <ele>37.0</ele>
      </trkpt>
      <trkpt lat="31.276454" lon="120.495052">
        <ele>37.0</ele>
      </trkpt>
      <trkpt lat="31.276439" lon="120.495049">
        <ele>37.0</ele>
      </trkpt>
      <trkpt lat="31.276424" lon="120.495047">
        <ele>37.0</ele>
      </trkpt>
      <trkpt lat="31.27641" lon="120.495043">
        <ele>37.0</ele>
      </trkpt>
      <trkpt lat="31.276395" lon="120.49504">
        <ele>37.0</ele>
      </trkpt>
      <trkpt lat="31.276382" lon="120.495035">
        <ele>38.0</ele>
      </trkpt>
      <trkpt lat="31.276368" lon="120.495031">
        <ele>38.0</ele>
      </trkpt>
      <trkpt lat="31.276355" lon="120.495025">
        <ele>38.0</ele>
      </trkpt>
      <trkpt lat="31.276342" lon="120.49502">
        <ele>38.0</ele>
      </trkpt>
      <trkpt lat="31.276329" lon="120.495014">
        <ele>38.0</ele>
      </trkpt>
      <trkpt lat="31.276316" lon="120.495007">
        <ele>38.0</ele>
      </trkpt>
      <trkpt lat="31.276303" lon="120.495001">
        <ele>38.0</ele>
      </trkpt>
      <trkpt lat="31.27629" lon="120.494994">
        <ele>38.0</ele>
      </trkpt>
      <trkpt lat="31.276276" lon="120.494988">
        <ele>38.0</ele>
      </trkpt>
      <trkpt lat="31.276262" lon="120.494982">
        <ele>38.0</ele>
      </trkpt>
      <trkpt lat="31.276247" lon="120.494976">
        <ele>39.0</ele>
      </trkpt>
      <trkpt lat="31.276233" lon="120.49497">
        <ele>39.0</ele>
      </trkpt>
      <trkpt lat="31.276218" lon="120.494963">
        <ele>39.0</ele>
      </trkpt>
      <trkpt lat="31.276204" lon="120.494957">
        <ele>39.0</ele>
      </trkpt>
      <trkpt lat="31.276189" lon="120.49495">
        <ele>39.0</ele>
      </trkpt>
      <trkpt lat="31.276175" lon="120.494943">
        <ele>39.0</ele>
      </trkpt>
      <trkpt lat="31.276161" lon="120.494937">
        <ele>39.0</ele>
      </trkpt>
      <trkpt lat="31.276147" lon="120.49493">
        <ele>39.0</ele>
      </trkpt>
      <trkpt lat="31.276132" lon="120.494923">
        <ele>39.0</ele>
      </trkpt>
      <trkpt lat="31.276117" lon="120.494917">
        <ele>39.0</ele>
      </trkpt>
      <trkpt lat="31.276102" lon="120.49491">
        <ele>39.0</ele>
      </trkpt>
      <trkpt lat="31.276087" lon="120.494903">
        <ele>39.0</ele>
      </trkpt>
      <trkpt lat="31.276072" lon="120.494895">
        <ele>39.0</ele>
      </trkpt>
      <trkpt lat="31.276058" lon="120.494888">
        <ele>39.0</ele>
      </trkpt>
      <trkpt lat="31.276044" lon="120.49488">
        <ele>39.0</ele>
      </trkpt>
      <trkpt lat="31.27603" lon="120.494871">
        <ele>40.0</ele>
      </trkpt>
      <trkpt lat="31.276016" lon="120.494863">
        <ele>40.0</ele>
      </trkpt>
      <trkpt lat="31.276002" lon="120.494855">
        <ele>40.0</ele>
      </trkpt>
      <trkpt lat="31.275988" lon="120.494849">
        <ele>40.0</ele>
      </trkpt>
      <trkpt lat="31.275975" lon="120.494842">
        <ele>40.0</ele>
      </trkpt>
      <trkpt lat="31.275962" lon="120.494835">
        <ele>40.0</ele>
      </trkpt>
      <trkpt lat="31.275949" lon="120.494829">
        <ele>40.0</ele>
      </trkpt>
      <trkpt lat="31.275938" lon="120.494821">
        <ele>40.0</ele>
      </trkpt>
      <trkpt lat="31.275927" lon="120.494812">
        <ele>40.0</ele>
      </trkpt>
      <trkpt lat="31.275916" lon="120.494803">
        <ele>40.0</ele>
      </trkpt>
      <trkpt lat="31.275907" lon="120.494793">
        <ele>40.0</ele>
      </trkpt>
      <trkpt lat="31.275897" lon="120.494782">
        <ele>40.0</ele>
      </trkpt>
      <trkpt lat="31.275888" lon="120.494771">
        <ele>40.0</ele>
      </trkpt>
      <trkpt lat="31.275878" lon="120.49476">
        <ele>40.0</ele>
      </trkpt>
      <trkpt lat="31.275868" lon="120.49475">
        <ele>40.0</ele>
      </trkpt>
      <trkpt lat="31.275858" lon="120.49474">
        <ele>41.0</ele>
      </trkpt>
      <trkpt lat="31.275848" lon="120.49473">
        <ele>41.0</ele>
      </trkpt>
      <trkpt lat="31.275837" lon="120.494722">
        <ele>41.0</ele>
      </trkpt>
      <trkpt lat="31.275827" lon="120.494713">
        <ele>41.0</ele>
      </trkpt>
      <trkpt lat="31.275816" lon="120.494705">
        <ele>41.0</ele>
      </trkpt>
      <trkpt lat="31.275805" lon="120.494696">
        <ele>42.0</ele>
      </trkpt>
      <trkpt lat="31.275793" lon="120.494687">
        <ele>42.0</ele>
      </trkpt>
      <trkpt lat="31.275781" lon="120.494678">
        <ele>42.0</ele>
      </trkpt>
      <trkpt lat="31.275769" lon="120.49467">
        <ele>42.0</ele>
      </trkpt>
      <trkpt lat="31.275756" lon="120.494662">
        <ele>42.0</ele>
      </trkpt>
      <trkpt lat="31.275743" lon="120.494655">
        <ele>43.0</ele>
      </trkpt>
      <trkpt lat="31.27573" lon="120.494648">
        <ele>43.0</ele>
      </trkpt>
      <trkpt lat="31.275716" lon="120.494643">
        <ele>43.0</ele>
      </trkpt>
      <trkpt lat="31.275702" lon="120.494638">
        <ele>43.0</ele>
      </trkpt>
      <trkpt lat="31.275688" lon="120.494634">
        <ele>43.0</ele>
      </trkpt>
      <trkpt lat="31.275675" lon="120.49463">
        <ele>43.0</ele>
      </trkpt>
      <trkpt lat="31.275661" lon="120.494628">
        <ele>43.0</ele>
      </trkpt>
      <trkpt lat="31.275647" lon="120.494625">
        <ele>43.0</ele>
      </trkpt>
      <trkpt lat="31.275633" lon="120.494624">
        <ele>43.0</ele>
      </trkpt>
      <trkpt lat="31.275618" lon="120.494623">
        <ele>43.0</ele>
      </trkpt>
      <trkpt lat="31.275603" lon="120.494623">
        <ele>44.0</ele>
      </trkpt>
      <trkpt lat="31.275588" lon="120.494623">
        <ele>44.0</ele>
      </trkpt>
      <trkpt lat="31.275572" lon="120.494624">
        <ele>44.0</ele>
      </trkpt>
      <trkpt lat="31.275557" lon="120.494626">
        <ele>44.0</ele>
      </trkpt>
      <trkpt lat="31.275541" lon="120.494629">
        <ele>44.0</ele>
      </trkpt>
      <trkpt lat="31.275525" lon="120.494632">
        <ele>45.0</ele>
      </trkpt>
      <trkpt lat="31.275508" lon="120.494637">
        <ele>44.0</ele>
      </trkpt>
      <trkpt lat="31.275492" lon="120.494641">
        <ele>44.0</ele>
      </trkpt>
      <trkpt lat="31.275476" lon="120.494647">
        <ele>44.0</ele>
      </trkpt>
      <trkpt lat="31.27546" lon="120.494653">
        <ele>44.0</ele>
      </trkpt>
      <trkpt lat="31.275444" lon="120.49466">
        <ele>44.0</ele>
      </trkpt>
      <trkpt lat="31.275428" lon="120.494666">
        <ele>44.0</ele>
      </trkpt>
      <trkpt lat="31.275413" lon="120.494673">
        <ele>44.0</ele>
      </trkpt>
      <trkpt lat="31.275398" lon="120.494679">
        <ele>44.0</ele>
      </trkpt>
      <trkpt lat="31.275384" lon="120.494687">
        <ele>44.0</ele>
      </trkpt>
      <trkpt lat="31.27537" lon="120.494695">
        <ele>44.0</ele>
      </trkpt>
      <trkpt lat="31.275357" lon="120.494702">
        <ele>44.0</ele>
      </trkpt>
      <trkpt lat="31.275343" lon="120.49471">
        <ele>44.0</ele>
      </trkpt>
      <trkpt lat="31.27533" lon="120.494718">
        <ele>44.0</ele>
      </trkpt>
      <trkpt lat="31.275316" lon="120.494725">
        <ele>44.0</ele>
      </trkpt>
      <trkpt lat="31.275304" lon="120.494733">
        <ele>44.0</ele>
      </trkpt>
      <trkpt lat="31.275291" lon="120.494741">
        <ele>44.0</ele>
      </trkpt>
      <trkpt lat="31.275278" lon="120.494751">
        <ele>44.0</ele>
      </trkpt>
      <trkpt lat="31.275265" lon="120.49476">
        <ele>44.0</ele>
      </trkpt>
      <trkpt lat="31.275252" lon="120.49477">
        <ele>44.0</ele>
      </trkpt>
      <trkpt lat="31.27524" lon="120.494779">
        <ele>44.0</ele>
      </trkpt>
      <trkpt lat="31.275228" lon="120.494788">
        <ele>44.0</ele>
      </trkpt>
      <trkpt lat="31.275215" lon="120.494798">
        <ele>44.0</ele>
      </trkpt>
      <trkpt lat="31.2752" lon="120.494807">
        <ele>44.0</ele>
      </trkpt>
      <trkpt lat="31.275185" lon="120.494817">
        <ele>44.0</ele>
      </trkpt>
      <trkpt lat="31.275165" lon="120.494828">
        <ele>44.0</ele>
      </trkpt>
      <trkpt lat="31.275145" lon="120.494838">
        <ele>43.0</ele>
      </trkpt>
      <trkpt lat="31.275122" lon="120.494849">
        <ele>43.0</ele>
      </trkpt>
      <trkpt lat="31.2751" lon="120.49486">
        <ele>43.0</ele>
      </trkpt>
      <trkpt lat="31.275076" lon="120.494869">
        <ele>43.0</ele>
      </trkpt>
      <trkpt lat="31.275052" lon="120.494877">
        <ele>43.0</ele>
      </trkpt>
      <trkpt lat="31.275029" lon="120.494882">
        <ele>43.0</ele>
      </trkpt>
      <trkpt lat="31.275005" lon="120.494886">
        <ele>43.0</ele>
      </trkpt>
      <trkpt lat="31.274982" lon="120.494888">
        <ele>43.0</ele>
      </trkpt>
      <trkpt lat="31.274958" lon="120.494889">
        <ele>43.0</ele>
      </trkpt>
      <trkpt lat="31.274935" lon="120.494891">
        <ele>43.0</ele>
      </trkpt>
      <trkpt lat="31.274912" lon="120.494892">
        <ele>42.0</ele>
      </trkpt>
      <trkpt lat="31.274891" lon="120.494894">
        <ele>42.0</ele>
      </trkpt>
      <trkpt lat="31.27487" lon="120.494896">
        <ele>42.0</ele>
      </trkpt>
      <trkpt lat="31.274853" lon="120.494899">
        <ele>42.0</ele>
      </trkpt>
      <trkpt lat="31.274835" lon="120.494902">
        <ele>42.0</ele>
      </trkpt>
      <trkpt lat="31.27482" lon="120.494905">
        <ele>41.0</ele>
      </trkpt>
      <trkpt lat="31.274805" lon="120.494909">
        <ele>41.0</ele>
      </trkpt>
      <trkpt lat="31.274792" lon="120.494913">
        <ele>41.0</ele>
      </trkpt>
      <trkpt lat="31.274778" lon="120.494918">
        <ele>41.0</ele>
      </trkpt>
      <trkpt lat="31.274767" lon="120.494923">
        <ele>41.0</ele>
      </trkpt>
      <trkpt lat="31.274756" lon="120.494928">
        <ele>41.0</ele>
      </trkpt>
      <trkpt lat="31.274746" lon="120.494934">
        <ele>41.0</ele>
      </trkpt>
      <trkpt lat="31.274737" lon="120.49494">
        <ele>41.0</ele>
      </trkpt>
      <trkpt lat="31.274728" lon="120.494947">
        <ele>41.0</ele>
      </trkpt>
      <trkpt lat="31.274718" lon="120.494955">
        <ele>41.0</ele>
      </trkpt>
      <trkpt lat="31.274708" lon="120.494963">
        <ele>41.0</ele>
      </trkpt>
      <trkpt lat="31.274698" lon="120.49497">
        <ele>41.0</ele>
      </trkpt>
      <trkpt lat="31.274676" lon="120.494978">
        <ele>41.0</ele>
      </trkpt>
      <trkpt lat="31.274669" lon="120.494982">
        <ele>40.0</ele>
      </trkpt>
      <trkpt lat="31.274663" lon="120.494987">
        <ele>40.0</ele>
      </trkpt>
      <trkpt lat="31.274659" lon="120.494995">
        <ele>40.0</ele>
      </trkpt>
      <trkpt lat="31.274654" lon="120.495004">
        <ele>40.0</ele>
      </trkpt>
      <trkpt lat="31.274649" lon="120.495016">
        <ele>40.0</ele>
      </trkpt>
      <trkpt lat="31.274645" lon="120.495028">
        <ele>40.0</ele>
      </trkpt>
      <trkpt lat="31.27464" lon="120.495043">
        <ele>40.0</ele>
      </trkpt>
      <trkpt lat="31.274636" lon="120.495058">
        <ele>40.0</ele>
      </trkpt>
      <trkpt lat="31.274626" lon="120.495089">
        <ele>39.0</ele>
      </trkpt>
      <trkpt lat="31.274623" lon="120.495101">
        <ele>39.0</ele>
      </trkpt>
      <trkpt lat="31.27462" lon="120.495113">
        <ele>39.0</ele>
      </trkpt>
      <trkpt lat="31.274618" lon="120.495126">
        <ele>39.0</ele>
      </trkpt>
      <trkpt lat="31.274615" lon="120.495139">
        <ele>38.0</ele>
      </trkpt>
      <trkpt lat="31.274613" lon="120.495155">
        <ele>38.0</ele>
      </trkpt>
      <trkpt lat="31.274612" lon="120.495172">
        <ele>38.0</ele>
      </trkpt>
      <trkpt lat="31.27461" lon="120.495189">
        <ele>38.0</ele>
      </trkpt>
      <trkpt lat="31.274609" lon="120.495207">
        <ele>38.0</ele>
      </trkpt>
      <trkpt lat="31.274608" lon="120.495225">
        <ele>38.0</ele>
      </trkpt>
      <trkpt lat="31.274607" lon="120.495243">
        <ele>38.0</ele>
      </trkpt>
      <trkpt lat="31.274607" lon="120.495261">
        <ele>38.0</ele>
      </trkpt>
      <trkpt lat="31.274607" lon="120.495279">
        <ele>38.0</ele>
      </trkpt>
      <trkpt lat="31.274608" lon="120.495296">
        <ele>38.0</ele>
      </trkpt>
      <trkpt lat="31.274608" lon="120.495314">
        <ele>37.0</ele>
      </trkpt>
      <trkpt lat="31.274609" lon="120.495331">
        <ele>37.0</ele>
      </trkpt>
      <trkpt lat="31.27461" lon="120.495348">
        <ele>37.0</ele>
      </trkpt>
      <trkpt lat="31.274611" lon="120.495363">
        <ele>37.0</ele>
      </trkpt>
      <trkpt lat="31.274612" lon="120.495379">
        <ele>37.0</ele>
      </trkpt>
      <trkpt lat="31.274612" lon="120.495395">
        <ele>37.0</ele>
      </trkpt>
      <trkpt lat="31.274613" lon="120.495411">
        <ele>37.0</ele>
      </trkpt>
      <trkpt lat="31.274614" lon="120.495426">
        <ele>37.0</ele>
      </trkpt>
      <trkpt lat="31.274615" lon="120.495442">
        <ele>37.0</ele>
      </trkpt>
      <trkpt lat="31.274616" lon="120.495457">
        <ele>37.0</ele>
      </trkpt>
      <trkpt lat="31.274617" lon="120.495473">
        <ele>36.0</ele>
      </trkpt>
      <trkpt lat="31.274619" lon="120.495488">
        <ele>36.0</ele>
      </trkpt>
      <trkpt lat="31.27462" lon="120.495504">
        <ele>36.0</ele>
      </trkpt>
      <trkpt lat="31.274622" lon="120.49552">
        <ele>36.0</ele>
      </trkpt>
      <trkpt lat="31.274624" lon="120.495537">
        <ele>36.0</ele>
      </trkpt>
      <trkpt lat="31.274626" lon="120.495553">
        <ele>36.0</ele>
      </trkpt>
      <trkpt lat="31.274628" lon="120.49557">
        <ele>36.0</ele>
      </trkpt>
      <trkpt lat="31.274629" lon="120.495585">
        <ele>36.0</ele>
      </trkpt>
      <trkpt lat="31.274629" lon="120.495601">
        <ele>36.0</ele>
      </trkpt>
      <trkpt lat="31.27463" lon="120.495616">
        <ele>36.0</ele>
      </trkpt>
      <trkpt lat="31.27463" lon="120.495631">
        <ele>36.0</ele>
      </trkpt>
      <trkpt lat="31.27463" lon="120.495644">
        <ele>36.0</ele>
      </trkpt>
      <trkpt lat="31.27463" lon="120.495658">
        <ele>36.0</ele>
      </trkpt>
      <trkpt lat="31.274628" lon="120.495676">
        <ele>36.0</ele>
      </trkpt>
      <trkpt lat="31.274628" lon="120.495682">
        <ele>36.0</ele>
      </trkpt>
      <trkpt lat="31.274628" lon="120.495688">
        <ele>36.0</ele>
      </trkpt>
      <trkpt lat="31.274629" lon="120.495697">
        <ele>36.0</ele>
      </trkpt>
      <trkpt lat="31.274629" lon="120.495707">
        <ele>36.0</ele>
      </trkpt>
      <trkpt lat="31.27463" lon="120.49572">
        <ele>36.0</ele>
      </trkpt>
      <trkpt lat="31.27463" lon="120.495734">
        <ele>36.0</ele>
      </trkpt>
      <trkpt lat="31.274631" lon="120.49575">
        <ele>36.0</ele>
      </trkpt>
      <trkpt lat="31.274632" lon="120.495766">
        <ele>36.0</ele>
      </trkpt>
      <trkpt lat="31.274633" lon="120.495783">
        <ele>36.0</ele>
      </trkpt>
      <trkpt lat="31.274634" lon="120.495799">
        <ele>36.0</ele>
      </trkpt>
      <trkpt lat="31.274635" lon="120.495816">
        <ele>36.0</ele>
      </trkpt>
      <trkpt lat="31.274637" lon="120.495832">
        <ele>36.0</ele>
      </trkpt>
      <trkpt lat="31.274637" lon="120.495847">
        <ele>36.0</ele>
      </trkpt>
      <trkpt lat="31.274637" lon="120.495861">
        <ele>36.0</ele>
      </trkpt>
      <trkpt lat="31.274635" lon="120.495872">
        <ele>36.0</ele>
      </trkpt>
      <trkpt lat="31.274632" lon="120.495883">
        <ele>36.0</ele>
      </trkpt>
      <trkpt lat="31.274622" lon="120.495904">
        <ele>37.0</ele>
      </trkpt>
      <trkpt lat="31.274617" lon="120.495913">
        <ele>37.0</ele>
      </trkpt>
      <trkpt lat="31.274613" lon="120.495921">
        <ele>37.0</ele>
      </trkpt>
      <trkpt lat="31.274607" lon="120.49593">
        <ele>37.0</ele>
      </trkpt>
      <trkpt lat="31.274602" lon="120.495938">
        <ele>37.0</ele>
      </trkpt>
      <trkpt lat="31.274595" lon="120.495949">
        <ele>37.0</ele>
      </trkpt>
      <trkpt lat="31.274593" lon="120.495953">
        <ele>37.0</ele>
      </trkpt>
      <trkpt lat="31.274591" lon="120.495956">
        <ele>37.0</ele>
      </trkpt>
      <trkpt lat="31.274596" lon="120.495954">
        <ele>37.0</ele>
      </trkpt>
      <trkpt lat="31.274601" lon="120.495952">
        <ele>37.0</ele>
      </trkpt>
      <trkpt lat="31.27461" lon="120.495945">
        <ele>37.0</ele>
      </trkpt>
      <trkpt lat="31.274619" lon="120.495939">
        <ele>37.0</ele>
      </trkpt>
      <trkpt lat="31.274628" lon="120.49593">
        <ele>37.0</ele>
      </trkpt>
      <trkpt lat="31.274637" lon="120.49592">
        <ele>37.0</ele>
      </trkpt>
      <trkpt lat="31.274646" lon="120.495908">
        <ele>37.0</ele>
      </trkpt>
      <trkpt lat="31.274649" lon="120.495905">
        <ele>37.0</ele>
      </trkpt>
      <trkpt lat="31.274651" lon="120.495901">
        <ele>37.0</ele>
      </trkpt>
      <trkpt lat="31.274649" lon="120.495906">
        <ele>37.0</ele>
      </trkpt>
      <trkpt lat="31.274647" lon="120.495911">
        <ele>37.0</ele>
      </trkpt>
      <trkpt lat="31.274639" lon="120.49592">
        <ele>37.0</ele>
      </trkpt>
      <trkpt lat="31.274632" lon="120.49593">
        <ele>37.0</ele>
      </trkpt>
      <trkpt lat="31.274622" lon="120.495942">
        <ele>37.0</ele>
      </trkpt>
      <trkpt lat="31.274612" lon="120.495953">
        <ele>37.0</ele>
      </trkpt>
      <trkpt lat="31.274601" lon="120.495965">
        <ele>37.0</ele>
      </trkpt>
      <trkpt lat="31.27459" lon="120.495977">
        <ele>37.0</ele>
      </trkpt>
      <trkpt lat="31.274579" lon="120.495988">
        <ele>37.0</ele>
      </trkpt>
      <trkpt lat="31.274568" lon="120.495999">
        <ele>37.0</ele>
      </trkpt>
      <trkpt lat="31.274556" lon="120.496009">
        <ele>37.0</ele>
      </trkpt>
      <trkpt lat="31.274544" lon="120.496019">
        <ele>37.0</ele>
      </trkpt>
      <trkpt lat="31.274531" lon="120.496028">
        <ele>37.0</ele>
      </trkpt>
      <trkpt lat="31.274518" lon="120.496036">
        <ele>37.0</ele>
      </trkpt>
      <trkpt lat="31.274505" lon="120.496043">
        <ele>37.0</ele>
      </trkpt>
      <trkpt lat="31.274492" lon="120.49605">
        <ele>37.0</ele>
      </trkpt>
      <trkpt lat="31.274479" lon="120.496055">
        <ele>37.0</ele>
      </trkpt>
      <trkpt lat="31.274465" lon="120.496061">
        <ele>37.0</ele>
      </trkpt>
      <trkpt lat="31.274452" lon="120.496067">
        <ele>37.0</ele>
      </trkpt>
      <trkpt lat="31.274439" lon="120.496073">
        <ele>37.0</ele>
      </trkpt>
      <trkpt lat="31.274426" lon="120.496078">
        <ele>37.0</ele>
      </trkpt>
      <trkpt lat="31.274413" lon="120.496083">
        <ele>37.0</ele>
      </trkpt>
      <trkpt lat="31.2744" lon="120.496087">
        <ele>37.0</ele>
      </trkpt>
      <trkpt lat="31.274387" lon="120.496091">
        <ele>37.0</ele>
      </trkpt>
      <trkpt lat="31.274373" lon="120.496094">
        <ele>37.0</ele>
      </trkpt>
      <trkpt lat="31.27436" lon="120.496097">
        <ele>37.0</ele>
      </trkpt>
      <trkpt lat="31.274346" lon="120.496099">
        <ele>37.0</ele>
      </trkpt>
      <trkpt lat="31.274332" lon="120.496101">
        <ele>37.0</ele>
      </trkpt>
      <trkpt lat="31.274319" lon="120.496101">
        <ele>37.0</ele>
      </trkpt>
      <trkpt lat="31.274306" lon="120.496102">
        <ele>37.0</ele>
      </trkpt>
      <trkpt lat="31.274293" lon="120.496102">
        <ele>37.0</ele>
      </trkpt>
      <trkpt lat="31.274281" lon="120.496102">
        <ele>37.0</ele>
      </trkpt>
      <trkpt lat="31.274268" lon="120.496101">
        <ele>37.0</ele>
      </trkpt>
      <trkpt lat="31.274256" lon="120.496099">
        <ele>37.0</ele>
      </trkpt>
      <trkpt lat="31.274245" lon="120.496097">
        <ele>38.0</ele>
      </trkpt>
      <trkpt lat="31.274233" lon="120.496094">
        <ele>38.0</ele>
      </trkpt>
      <trkpt lat="31.274222" lon="120.49609">
        <ele>38.0</ele>
      </trkpt>
      <trkpt lat="31.274212" lon="120.496087">
        <ele>38.0</ele>
      </trkpt>
      <trkpt lat="31.274202" lon="120.496083">
        <ele>38.0</ele>
      </trkpt>
      <trkpt lat="31.274193" lon="120.496079">
        <ele>38.0</ele>
      </trkpt>
      <trkpt lat="31.274183" lon="120.496077">
        <ele>38.0</ele>
      </trkpt>
      <trkpt lat="31.274173" lon="120.496074">
        <ele>38.0</ele>
      </trkpt>
      <trkpt lat="31.27416" lon="120.496074">
        <ele>38.0</ele>
      </trkpt>
      <trkpt lat="31.274147" lon="120.496073">
        <ele>38.0</ele>
      </trkpt>
      <trkpt lat="31.274132" lon="120.496072">
        <ele>38.0</ele>
      </trkpt>
      <trkpt lat="31.274118" lon="120.496071">
        <ele>38.0</ele>
      </trkpt>
      <trkpt lat="31.274103" lon="120.496068">
        <ele>38.0</ele>
      </trkpt>
      <trkpt lat="31.274089" lon="120.496066">
        <ele>38.0</ele>
      </trkpt>
      <trkpt lat="31.274076" lon="120.49606">
        <ele>38.0</ele>
      </trkpt>
      <trkpt lat="31.274062" lon="120.496055">
        <ele>38.0</ele>
      </trkpt>
      <trkpt lat="31.274051" lon="120.496047">
        <ele>38.0</ele>
      </trkpt>
      <trkpt lat="31.274039" lon="120.49604">
        <ele>38.0</ele>
      </trkpt>
      <trkpt lat="31.274027" lon="120.496031">
        <ele>38.0</ele>
      </trkpt>
      <trkpt lat="31.274016" lon="120.496023">
        <ele>38.0</ele>
      </trkpt>
      <trkpt lat="31.274004" lon="120.496014">
        <ele>39.0</ele>
      </trkpt>
      <trkpt lat="31.273993" lon="120.496004">
        <ele>39.0</ele>
      </trkpt>
      <trkpt lat="31.273983" lon="120.495995">
        <ele>39.0</ele>
      </trkpt>
      <trkpt lat="31.273972" lon="120.495985">
        <ele>39.0</ele>
      </trkpt>
      <trkpt lat="31.27396" lon="120.495975">
        <ele>39.0</ele>
      </trkpt>
      <trkpt lat="31.273949" lon="120.495966">
        <ele>39.0</ele>
      </trkpt>
      <trkpt lat="31.273936" lon="120.495955">
        <ele>39.0</ele>
      </trkpt>
      <trkpt lat="31.273924" lon="120.495945">
        <ele>39.0</ele>
      </trkpt>
      <trkpt lat="31.273911" lon="120.495934">
        <ele>39.0</ele>
      </trkpt>
      <trkpt lat="31.273899" lon="120.495923">
        <ele>39.0</ele>
      </trkpt>
      <trkpt lat="31.273887" lon="120.495913">
        <ele>39.0</ele>
      </trkpt>
      <trkpt lat="31.273876" lon="120.495902">
        <ele>39.0</ele>
      </trkpt>
      <trkpt lat="31.273864" lon="120.495893">
        <ele>39.0</ele>
      </trkpt>
      <trkpt lat="31.273853" lon="120.495883">
        <ele>39.0</ele>
      </trkpt>
      <trkpt lat="31.273841" lon="120.495873">
        <ele>39.0</ele>
      </trkpt>
      <trkpt lat="31.27383" lon="120.495862">
        <ele>39.0</ele>
      </trkpt>
      <trkpt lat="31.27382" lon="120.495851">
        <ele>39.0</ele>
      </trkpt>
      <trkpt lat="31.27381" lon="120.49584">
        <ele>39.0</ele>
      </trkpt>
      <trkpt lat="31.273802" lon="120.495827">
        <ele>39.0</ele>
      </trkpt>
      <trkpt lat="31.273795" lon="120.495815">
        <ele>39.0</ele>
      </trkpt>
      <trkpt lat="31.273788" lon="120.495802">
        <ele>39.0</ele>
      </trkpt>
      <trkpt lat="31.273782" lon="120.495788">
        <ele>39.0</ele>
      </trkpt>
      <trkpt lat="31.273776" lon="120.495774">
        <ele>39.0</ele>
      </trkpt>
      <trkpt lat="31.273771" lon="120.49576">
        <ele>39.0</ele>
      </trkpt>
      <trkpt lat="31.273765" lon="120.495745">
        <ele>39.0</ele>
      </trkpt>
      <trkpt lat="31.273759" lon="120.495729">
        <ele>39.0</ele>
      </trkpt>
      <trkpt lat="31.273752" lon="120.495714">
        <ele>39.0</ele>
      </trkpt>
      <trkpt lat="31.273745" lon="120.495698">
        <ele>39.0</ele>
      </trkpt>
      <trkpt lat="31.273738" lon="120.495684">
        <ele>39.0</ele>
      </trkpt>
      <trkpt lat="31.273729" lon="120.495669">
        <ele>39.0</ele>
      </trkpt>
      <trkpt lat="31.273721" lon="120.495655">
        <ele>39.0</ele>
      </trkpt>
      <trkpt lat="31.273713" lon="120.49564">
        <ele>38.0</ele>
      </trkpt>
      <trkpt lat="31.273704" lon="120.495625">
        <ele>38.0</ele>
      </trkpt>
      <trkpt lat="31.273696" lon="120.49561">
        <ele>38.0</ele>
      </trkpt>
      <trkpt lat="31.273686" lon="120.495595">
        <ele>38.0</ele>
      </trkpt>
      <trkpt lat="31.273677" lon="120.49558">
        <ele>38.0</ele>
      </trkpt>
      <trkpt lat="31.273667" lon="120.495564">
        <ele>38.0</ele>
      </trkpt>
      <trkpt lat="31.273657" lon="120.495549">
        <ele>38.0</ele>
      </trkpt>
      <trkpt lat="31.273647" lon="120.495534">
        <ele>38.0</ele>
      </trkpt>
      <trkpt lat="31.273636" lon="120.495519">
        <ele>38.0</ele>
      </trkpt>
      <trkpt lat="31.273626" lon="120.495505">
        <ele>38.0</ele>
      </trkpt>
      <trkpt lat="31.273615" lon="120.495491">
        <ele>38.0</ele>
      </trkpt>
      <trkpt lat="31.273605" lon="120.495477">
        <ele>38.0</ele>
      </trkpt>
      <trkpt lat="31.273594" lon="120.495464">
        <ele>38.0</ele>
      </trkpt>
      <trkpt lat="31.273583" lon="120.495452">
        <ele>38.0</ele>
      </trkpt>
      <trkpt lat="31.273572" lon="120.49544">
        <ele>38.0</ele>
      </trkpt>
      <trkpt lat="31.27356" lon="120.495427">
        <ele>37.0</ele>
      </trkpt>
      <trkpt lat="31.273549" lon="120.495415">
        <ele>37.0</ele>
      </trkpt>
      <trkpt lat="31.273536" lon="120.495403">
        <ele>37.0</ele>
      </trkpt>
      <trkpt lat="31.273524" lon="120.495392">
        <ele>37.0</ele>
      </trkpt>
      <trkpt lat="31.273511" lon="120.495382">
        <ele>37.0</ele>
      </trkpt>
      <trkpt lat="31.273498" lon="120.495371">
        <ele>37.0</ele>
      </trkpt>
      <trkpt lat="31.273485" lon="120.495363">
        <ele>37.0</ele>
      </trkpt>
      <trkpt lat="31.273472" lon="120.495354">
        <ele>37.0</ele>
      </trkpt>
      <trkpt lat="31.273459" lon="120.495345">
        <ele>37.0</ele>
      </trkpt>
      <trkpt lat="31.273446" lon="120.495336">
        <ele>37.0</ele>
      </trkpt>
      <trkpt lat="31.273434" lon="120.495327">
        <ele>37.0</ele>
      </trkpt>
      <trkpt lat="31.273421" lon="120.495317">
        <ele>37.0</ele>
      </trkpt>
      <trkpt lat="31.273409" lon="120.495308">
        <ele>37.0</ele>
      </trkpt>
      <trkpt lat="31.273397" lon="120.495299">
        <ele>37.0</ele>
      </trkpt>
      <trkpt lat="31.273385" lon="120.49529">
        <ele>37.0</ele>
      </trkpt>
      <trkpt lat="31.273373" lon="120.495282">
        <ele>37.0</ele>
      </trkpt>
      <trkpt lat="31.273361" lon="120.495272">
        <ele>37.0</ele>
      </trkpt>
      <trkpt lat="31.273349" lon="120.495263">
        <ele>37.0</ele>
      </trkpt>
      <trkpt lat="31.273336" lon="120.495254">
        <ele>37.0</ele>
      </trkpt>
      <trkpt lat="31.273324" lon="120.495245">
        <ele>37.0</ele>
      </trkpt>
      <trkpt lat="31.273312" lon="120.495236">
        <ele>37.0</ele>
      </trkpt>
      <trkpt lat="31.273301" lon="120.495227">
        <ele>37.0</ele>
      </trkpt>
      <trkpt lat="31.273289" lon="120.495218">
        <ele>37.0</ele>
      </trkpt>
      <trkpt lat="31.273278" lon="120.495209">
        <ele>37.0</ele>
      </trkpt>
      <trkpt lat="31.273266" lon="120.4952">
        <ele>37.0</ele>
      </trkpt>
      <trkpt lat="31.273254" lon="120.495191">
        <ele>37.0</ele>
      </trkpt>
      <trkpt lat="31.273241" lon="120.495182">
        <ele>37.0</ele>
      </trkpt>
      <trkpt lat="31.273229" lon="120.495174">
        <ele>37.0</ele>
      </trkpt>
      <trkpt lat="31.273217" lon="120.495167">
        <ele>37.0</ele>
      </trkpt>
      <trkpt lat="31.273205" lon="120.49516">
        <ele>38.0</ele>
      </trkpt>
      <trkpt lat="31.273195" lon="120.495154">
        <ele>38.0</ele>
      </trkpt>
      <trkpt lat="31.273186" lon="120.495148">
        <ele>38.0</ele>
      </trkpt>
      <trkpt lat="31.273176" lon="120.495142">
        <ele>38.0</ele>
      </trkpt>
      <trkpt lat="31.273166" lon="120.495136">
        <ele>38.0</ele>
      </trkpt>
      <trkpt lat="31.273155" lon="120.495129">
        <ele>38.0</ele>
      </trkpt>
      <trkpt lat="31.273144" lon="120.495123">
        <ele>38.0</ele>
      </trkpt>
      <trkpt lat="31.273131" lon="120.495116">
        <ele>38.0</ele>
      </trkpt>
      <trkpt lat="31.273119" lon="120.495109">
        <ele>38.0</ele>
      </trkpt>
      <trkpt lat="31.273106" lon="120.495102">
        <ele>38.0</ele>
      </trkpt>
      <trkpt lat="31.273093" lon="120.495095">
        <ele>38.0</ele>
      </trkpt>
      <trkpt lat="31.273081" lon="120.495089">
        <ele>38.0</ele>
      </trkpt>
      <trkpt lat="31.273068" lon="120.495083">
        <ele>38.0</ele>
      </trkpt>
      <trkpt lat="31.273056" lon="120.495076">
        <ele>38.0</ele>
      </trkpt>
      <trkpt lat="31.273044" lon="120.49507">
        <ele>38.0</ele>
      </trkpt>
      <trkpt lat="31.273031" lon="120.495063">
        <ele>38.0</ele>
      </trkpt>
      <trkpt lat="31.273019" lon="120.495056">
        <ele>38.0</ele>
      </trkpt>
      <trkpt lat="31.273006" lon="120.495047">
        <ele>38.0</ele>
      </trkpt>
      <trkpt lat="31.272994" lon="120.495038">
        <ele>38.0</ele>
      </trkpt>
      <trkpt lat="31.272981" lon="120.495026">
        <ele>38.0</ele>
      </trkpt>
      <trkpt lat="31.272968" lon="120.495014">
        <ele>38.0</ele>
      </trkpt>
      <trkpt lat="31.272956" lon="120.495">
        <ele>38.0</ele>
      </trkpt>
      <trkpt lat="31.272945" lon="120.494985">
        <ele>38.0</ele>
      </trkpt>
      <trkpt lat="31.272935" lon="120.49497">
        <ele>38.0</ele>
      </trkpt>
      <trkpt lat="31.272924" lon="120.494954">
        <ele>38.0</ele>
      </trkpt>
      <trkpt lat="31.272915" lon="120.494938">
        <ele>39.0</ele>
      </trkpt>
      <trkpt lat="31.272906" lon="120.494923">
        <ele>39.0</ele>
      </trkpt>
      <trkpt lat="31.272898" lon="120.494907">
        <ele>39.0</ele>
      </trkpt>
      <trkpt lat="31.27289" lon="120.494892">
        <ele>39.0</ele>
      </trkpt>
      <trkpt lat="31.272883" lon="120.494876">
        <ele>39.0</ele>
      </trkpt>
      <trkpt lat="31.272876" lon="120.494861">
        <ele>39.0</ele>
      </trkpt>
      <trkpt lat="31.27287" lon="120.494847">
        <ele>39.0</ele>
      </trkpt>
      <trkpt lat="31.272863" lon="120.494834">
        <ele>39.0</ele>
      </trkpt>
      <trkpt lat="31.272856" lon="120.494821">
        <ele>39.0</ele>
      </trkpt>
      <trkpt lat="31.272849" lon="120.494808">
        <ele>39.0</ele>
      </trkpt>
      <trkpt lat="31.272841" lon="120.494795">
        <ele>39.0</ele>
      </trkpt>
      <trkpt lat="31.272833" lon="120.494782">
        <ele>39.0</ele>
      </trkpt>
      <trkpt lat="31.272824" lon="120.494769">
        <ele>39.0</ele>
      </trkpt>
      <trkpt lat="31.272816" lon="120.494755">
        <ele>39.0</ele>
      </trkpt>
      <trkpt lat="31.272806" lon="120.49474">
        <ele>39.0</ele>
      </trkpt>
      <trkpt lat="31.272797" lon="120.494725">
        <ele>39.0</ele>
      </trkpt>
      <trkpt lat="31.272787" lon="120.49471">
        <ele>39.0</ele>
      </trkpt>
      <trkpt lat="31.272777" lon="120.494696">
        <ele>39.0</ele>
      </trkpt>
      <trkpt lat="31.272767" lon="120.494682">
        <ele>39.0</ele>
      </trkpt>
      <trkpt lat="31.272757" lon="120.494668">
        <ele>39.0</ele>
      </trkpt>
      <trkpt lat="31.272747" lon="120.494654">
        <ele>39.0</ele>
      </trkpt>
      <trkpt lat="31.272737" lon="120.49464">
        <ele>39.0</ele>
      </trkpt>
      <trkpt lat="31.272727" lon="120.494627">
        <ele>39.0</ele>
      </trkpt>
      <trkpt lat="31.272718" lon="120.494614">
        <ele>39.0</ele>
      </trkpt>
      <trkpt lat="31.272708" lon="120.494604">
        <ele>39.0</ele>
      </trkpt>
      <trkpt lat="31.272698" lon="120.494594">
        <ele>39.0</ele>
      </trkpt>
      <trkpt lat="31.272688" lon="120.494584">
        <ele>39.0</ele>
      </trkpt>
      <trkpt lat="31.272678" lon="120.494575">
        <ele>39.0</ele>
      </trkpt>
      <trkpt lat="31.272668" lon="120.494565">
        <ele>39.0</ele>
      </trkpt>
      <trkpt lat="31.272658" lon="120.494556">
        <ele>39.0</ele>
      </trkpt>
      <trkpt lat="31.272648" lon="120.494547">
        <ele>39.0</ele>
      </trkpt>
      <trkpt lat="31.272638" lon="120.494537">
        <ele>39.0</ele>
      </trkpt>
      <trkpt lat="31.272628" lon="120.494528">
        <ele>39.0</ele>
      </trkpt>
      <trkpt lat="31.272618" lon="120.494518">
        <ele>39.0</ele>
      </trkpt>
      <trkpt lat="31.272607" lon="120.494511">
        <ele>39.0</ele>
      </trkpt>
      <trkpt lat="31.272596" lon="120.494503">
        <ele>39.0</ele>
      </trkpt>
      <trkpt lat="31.272584" lon="120.494495">
        <ele>39.0</ele>
      </trkpt>
      <trkpt lat="31.272572" lon="120.494488">
        <ele>39.0</ele>
      </trkpt>
      <trkpt lat="31.272559" lon="120.494481">
        <ele>39.0</ele>
      </trkpt>
      <trkpt lat="31.272545" lon="120.494474">
        <ele>39.0</ele>
      </trkpt>
      <trkpt lat="31.272532" lon="120.494466">
        <ele>40.0</ele>
      </trkpt>
      <trkpt lat="31.272518" lon="120.494459">
        <ele>40.0</ele>
      </trkpt>
      <trkpt lat="31.272505" lon="120.494452">
        <ele>40.0</ele>
      </trkpt>
      <trkpt lat="31.272492" lon="120.494445">
        <ele>40.0</ele>
      </trkpt>
      <trkpt lat="31.27248" lon="120.494438">
        <ele>40.0</ele>
      </trkpt>
      <trkpt lat="31.272468" lon="120.494431">
        <ele>40.0</ele>
      </trkpt>
      <trkpt lat="31.272456" lon="120.494424">
        <ele>40.0</ele>
      </trkpt>
      <trkpt lat="31.272445" lon="120.494417">
        <ele>40.0</ele>
      </trkpt>
      <trkpt lat="31.272433" lon="120.494409">
        <ele>40.0</ele>
      </trkpt>
      <trkpt lat="31.272422" lon="120.494401">
        <ele>40.0</ele>
      </trkpt>
      <trkpt lat="31.27241" lon="120.494393">
        <ele>40.0</ele>
      </trkpt>
      <trkpt lat="31.272399" lon="120.494385">
        <ele>40.0</ele>
      </trkpt>
      <trkpt lat="31.272387" lon="120.494377">
        <ele>40.0</ele>
      </trkpt>
      <trkpt lat="31.272375" lon="120.494369">
        <ele>40.0</ele>
      </trkpt>
      <trkpt lat="31.272362" lon="120.49436">
        <ele>40.0</ele>
      </trkpt>
      <trkpt lat="31.27235" lon="120.494351">
        <ele>40.0</ele>
      </trkpt>
      <trkpt lat="31.272338" lon="120.494342">
        <ele>40.0</ele>
      </trkpt>
      <trkpt lat="31.272325" lon="120.494333">
        <ele>40.0</ele>
      </trkpt>
      <trkpt lat="31.272313" lon="120.494323">
        <ele>40.0</ele>
      </trkpt>
      <trkpt lat="31.2723" lon="120.494314">
        <ele>40.0</ele>
      </trkpt>
      <trkpt lat="31.272288" lon="120.494305">
        <ele>40.0</ele>
      </trkpt>
      <trkpt lat="31.272275" lon="120.494297">
        <ele>40.0</ele>
      </trkpt>
      <trkpt lat="31.272263" lon="120.494289">
        <ele>40.0</ele>
      </trkpt>
      <trkpt lat="31.27225" lon="120.49428">
        <ele>40.0</ele>
      </trkpt>
      <trkpt lat="31.272238" lon="120.494271">
        <ele>40.0</ele>
      </trkpt>
      <trkpt lat="31.272226" lon="120.494262">
        <ele>41.0</ele>
      </trkpt>
      <trkpt lat="31.272213" lon="120.494252">
        <ele>41.0</ele>
      </trkpt>
      <trkpt lat="31.2722" lon="120.494242">
        <ele>41.0</ele>
      </trkpt>
      <trkpt lat="31.272187" lon="120.494233">
        <ele>41.0</ele>
      </trkpt>
      <trkpt lat="31.272174" lon="120.494224">
        <ele>41.0</ele>
      </trkpt>
      <trkpt lat="31.272161" lon="120.494216">
        <ele>41.0</ele>
      </trkpt>
      <trkpt lat="31.272147" lon="120.494208">
        <ele>41.0</ele>
      </trkpt>
      <trkpt lat="31.272133" lon="120.494202">
        <ele>41.0</ele>
      </trkpt>
      <trkpt lat="31.27212" lon="120.494195">
        <ele>41.0</ele>
      </trkpt>
      <trkpt lat="31.272106" lon="120.494188">
        <ele>41.0</ele>
      </trkpt>
      <trkpt lat="31.272092" lon="120.494182">
        <ele>41.0</ele>
      </trkpt>
      <trkpt lat="31.27208" lon="120.494173">
        <ele>41.0</ele>
      </trkpt>
      <trkpt lat="31.272067" lon="120.494164">
        <ele>41.0</ele>
      </trkpt>
      <trkpt lat="31.272055" lon="120.494155">
        <ele>41.0</ele>
      </trkpt>
      <trkpt lat="31.272043" lon="120.494147">
        <ele>41.0</ele>
      </trkpt>
      <trkpt lat="31.272031" lon="120.49414">
        <ele>41.0</ele>
      </trkpt>
      <trkpt lat="31.272019" lon="120.494133">
        <ele>41.0</ele>
      </trkpt>
      <trkpt lat="31.272007" lon="120.494127">
        <ele>41.0</ele>
      </trkpt>
      <trkpt lat="31.271995" lon="120.494121">
        <ele>41.0</ele>
      </trkpt>
      <trkpt lat="31.271982" lon="120.494115">
        <ele>41.0</ele>
      </trkpt>
      <trkpt lat="31.271969" lon="120.494109">
        <ele>41.0</ele>
      </trkpt>
      <trkpt lat="31.271956" lon="120.494103">
        <ele>41.0</ele>
      </trkpt>
      <trkpt lat="31.271944" lon="120.494098">
        <ele>41.0</ele>
      </trkpt>
      <trkpt lat="31.271931" lon="120.494093">
        <ele>41.0</ele>
      </trkpt>
      <trkpt lat="31.271918" lon="120.494088">
        <ele>41.0</ele>
      </trkpt>
      <trkpt lat="31.271904" lon="120.494084">
        <ele>42.0</ele>
      </trkpt>
      <trkpt lat="31.271891" lon="120.494081">
        <ele>42.0</ele>
      </trkpt>
      <trkpt lat="31.271877" lon="120.494077">
        <ele>42.0</ele>
      </trkpt>
      <trkpt lat="31.271864" lon="120.494074">
        <ele>42.0</ele>
      </trkpt>
      <trkpt lat="31.27185" lon="120.494071">
        <ele>42.0</ele>
      </trkpt>
      <trkpt lat="31.271837" lon="120.494067">
        <ele>42.0</ele>
      </trkpt>
      <trkpt lat="31.271823" lon="120.494063">
        <ele>42.0</ele>
      </trkpt>
      <trkpt lat="31.271809" lon="120.494058">
        <ele>42.0</ele>
      </trkpt>
      <trkpt lat="31.271796" lon="120.494052">
        <ele>42.0</ele>
      </trkpt>
      <trkpt lat="31.271783" lon="120.494046">
        <ele>42.0</ele>
      </trkpt>
      <trkpt lat="31.271769" lon="120.494038">
        <ele>42.0</ele>
      </trkpt>
      <trkpt lat="31.271756" lon="120.494031">
        <ele>42.0</ele>
      </trkpt>
      <trkpt lat="31.271743" lon="120.494024">
        <ele>42.0</ele>
      </trkpt>
      <trkpt lat="31.271729" lon="120.494017">
        <ele>42.0</ele>
      </trkpt>
      <trkpt lat="31.271716" lon="120.494009">
        <ele>42.0</ele>
      </trkpt>
      <trkpt lat="31.271703" lon="120.494001">
        <ele>42.0</ele>
      </trkpt>
      <trkpt lat="31.27169" lon="120.493994">
        <ele>42.0</ele>
      </trkpt>
      <trkpt lat="31.271677" lon="120.493986">
        <ele>42.0</ele>
      </trkpt>
      <trkpt lat="31.271665" lon="120.493977">
        <ele>42.0</ele>
      </trkpt>
      <trkpt lat="31.271652" lon="120.493969">
        <ele>42.0</ele>
      </trkpt>
      <trkpt lat="31.271639" lon="120.49396">
        <ele>43.0</ele>
      </trkpt>
      <trkpt lat="31.271626" lon="120.493951">
        <ele>43.0</ele>
      </trkpt>
      <trkpt lat="31.271612" lon="120.493943">
        <ele>43.0</ele>
      </trkpt>
      <trkpt lat="31.271599" lon="120.493935">
        <ele>43.0</ele>
      </trkpt>
      <trkpt lat="31.271584" lon="120.493929">
        <ele>43.0</ele>
      </trkpt>
      <trkpt lat="31.271569" lon="120.493923">
        <ele>43.0</ele>
      </trkpt>
      <trkpt lat="31.271554" lon="120.493918">
        <ele>43.0</ele>
      </trkpt>
      <trkpt lat="31.271539" lon="120.493913">
        <ele>43.0</ele>
      </trkpt>
      <trkpt lat="31.271525" lon="120.493905">
        <ele>43.0</ele>
      </trkpt>
      <trkpt lat="31.27151" lon="120.493898">
        <ele>43.0</ele>
      </trkpt>
      <trkpt lat="31.271496" lon="120.493889">
        <ele>43.0</ele>
      </trkpt>
      <trkpt lat="31.271482" lon="120.493881">
        <ele>43.0</ele>
      </trkpt>
      <trkpt lat="31.271468" lon="120.493872">
        <ele>43.0</ele>
      </trkpt>
      <trkpt lat="31.271453" lon="120.493863">
        <ele>43.0</ele>
      </trkpt>
      <trkpt lat="31.271438" lon="120.493854">
        <ele>43.0</ele>
      </trkpt>
      <trkpt lat="31.271423" lon="120.493845">
        <ele>44.0</ele>
      </trkpt>
      <trkpt lat="31.271408" lon="120.493835">
        <ele>44.0</ele>
      </trkpt>
      <trkpt lat="31.271394" lon="120.493826">
        <ele>44.0</ele>
      </trkpt>
      <trkpt lat="31.271379" lon="120.493816">
        <ele>44.0</ele>
      </trkpt>
      <trkpt lat="31.271365" lon="120.493807">
        <ele>44.0</ele>
      </trkpt>
      <trkpt lat="31.27135" lon="120.493799">
        <ele>44.0</ele>
      </trkpt>
      <trkpt lat="31.271335" lon="120.493791">
        <ele>44.0</ele>
      </trkpt>
      <trkpt lat="31.271317" lon="120.493782">
        <ele>44.0</ele>
      </trkpt>
      <trkpt lat="31.271298" lon="120.493773">
        <ele>44.0</ele>
      </trkpt>
      <trkpt lat="31.271276" lon="120.493761">
        <ele>44.0</ele>
      </trkpt>
      <trkpt lat="31.271254" lon="120.493749">
        <ele>45.0</ele>
      </trkpt>
      <trkpt lat="31.271231" lon="120.493738">
        <ele>45.0</ele>
      </trkpt>
      <trkpt lat="31.271208" lon="120.493726">
        <ele>45.0</ele>
      </trkpt>
      <trkpt lat="31.271185" lon="120.493715">
        <ele>45.0</ele>
      </trkpt>
      <trkpt lat="31.271162" lon="120.493705">
        <ele>45.0</ele>
      </trkpt>
      <trkpt lat="31.27114" lon="120.493695">
        <ele>45.0</ele>
      </trkpt>
      <trkpt lat="31.271117" lon="120.493685">
        <ele>45.0</ele>
      </trkpt>
      <trkpt lat="31.271095" lon="120.493678">
        <ele>45.0</ele>
      </trkpt>
      <trkpt lat="31.271073" lon="120.493671">
        <ele>45.0</ele>
      </trkpt>
      <trkpt lat="31.271051" lon="120.493665">
        <ele>45.0</ele>
      </trkpt>
      <trkpt lat="31.271028" lon="120.49366">
        <ele>46.0</ele>
      </trkpt>
      <trkpt lat="31.271005" lon="120.493655">
        <ele>46.0</ele>
      </trkpt>
      <trkpt lat="31.270981" lon="120.493649">
        <ele>46.0</ele>
      </trkpt>
      <trkpt lat="31.270957" lon="120.493643">
        <ele>46.0</ele>
      </trkpt>
      <trkpt lat="31.270933" lon="120.493636">
        <ele>46.0</ele>
      </trkpt>
      <trkpt lat="31.270909" lon="120.493629">
        <ele>47.0</ele>
      </trkpt>
      <trkpt lat="31.270885" lon="120.493622">
        <ele>47.0</ele>
      </trkpt>
      <trkpt lat="31.270861" lon="120.493615">
        <ele>47.0</ele>
      </trkpt>
      <trkpt lat="31.270837" lon="120.493607">
        <ele>47.0</ele>
      </trkpt>
      <trkpt lat="31.270814" lon="120.4936">
        <ele>47.0</ele>
      </trkpt>
      <trkpt lat="31.27079" lon="120.493593">
        <ele>47.0</ele>
      </trkpt>
      <trkpt lat="31.270767" lon="120.493588">
        <ele>47.0</ele>
      </trkpt>
      <trkpt lat="31.270744" lon="120.493582">
        <ele>47.0</ele>
      </trkpt>
      <trkpt lat="31.270721" lon="120.493578">
        <ele>47.0</ele>
      </trkpt>
      <trkpt lat="31.270698" lon="120.493574">
        <ele>47.0</ele>
      </trkpt>
      <trkpt lat="31.270675" lon="120.493572">
        <ele>47.0</ele>
      </trkpt>
      <trkpt lat="31.270653" lon="120.493571">
        <ele>47.0</ele>
      </trkpt>
      <trkpt lat="31.270631" lon="120.493572">
        <ele>47.0</ele>
      </trkpt>
      <trkpt lat="31.27061" lon="120.493573">
        <ele>47.0</ele>
      </trkpt>
      <trkpt lat="31.270589" lon="120.493576">
        <ele>47.0</ele>
      </trkpt>
      <trkpt lat="31.270569" lon="120.493579">
        <ele>48.0</ele>
      </trkpt>
      <trkpt lat="31.270549" lon="120.493585">
        <ele>48.0</ele>
      </trkpt>
      <trkpt lat="31.27053" lon="120.493591">
        <ele>48.0</ele>
      </trkpt>
      <trkpt lat="31.270511" lon="120.4936">
        <ele>48.0</ele>
      </trkpt>
      <trkpt lat="31.270492" lon="120.493609">
        <ele>48.0</ele>
      </trkpt>
      <trkpt lat="31.270474" lon="120.493619">
        <ele>48.0</ele>
      </trkpt>
      <trkpt lat="31.270455" lon="120.493629">
        <ele>48.0</ele>
      </trkpt>
      <trkpt lat="31.270437" lon="120.49364">
        <ele>48.0</ele>
      </trkpt>
      <trkpt lat="31.270418" lon="120.493651">
        <ele>48.0</ele>
      </trkpt>
      <trkpt lat="31.270399" lon="120.49366">
        <ele>48.0</ele>
      </trkpt>
      <trkpt lat="31.270381" lon="120.49367">
        <ele>48.0</ele>
      </trkpt>
      <trkpt lat="31.270376" lon="120.493672">
        <ele>48.0</ele>
      </trkpt>
      <trkpt lat="31.270372" lon="120.493674">
        <ele>48.0</ele>
      </trkpt>
      <trkpt lat="31.270367" lon="120.493676">
        <ele>48.0</ele>
      </trkpt>
      <trkpt lat="31.270363" lon="120.493678">
        <ele>48.0</ele>
      </trkpt>
      <trkpt lat="31.270352" lon="120.493682">
        <ele>48.0</ele>
      </trkpt>
      <trkpt lat="31.270341" lon="120.493685">
        <ele>48.0</ele>
      </trkpt>
      <trkpt lat="31.27033" lon="120.493688">
        <ele>48.0</ele>
      </trkpt>
      <trkpt lat="31.270319" lon="120.493691">
        <ele>48.0</ele>
      </trkpt>
      <trkpt lat="31.270302" lon="120.493697">
        <ele>48.0</ele>
      </trkpt>
      <trkpt lat="31.270285" lon="120.493703">
        <ele>49.0</ele>
      </trkpt>
      <trkpt lat="31.270263" lon="120.493714">
        <ele>49.0</ele>
      </trkpt>
      <trkpt lat="31.270241" lon="120.493724">
        <ele>49.0</ele>
      </trkpt>
      <trkpt lat="31.270217" lon="120.493735">
        <ele>49.0</ele>
      </trkpt>
      <trkpt lat="31.270194" lon="120.493745">
        <ele>49.0</ele>
      </trkpt>
      <trkpt lat="31.270171" lon="120.493754">
        <ele>49.0</ele>
      </trkpt>
      <trkpt lat="31.270148" lon="120.493762">
        <ele>49.0</ele>
      </trkpt>
      <trkpt lat="31.270125" lon="120.493768">
        <ele>49.0</ele>
      </trkpt>
      <trkpt lat="31.270102" lon="120.493774">
        <ele>49.0</ele>
      </trkpt>
      <trkpt lat="31.270078" lon="120.493778">
        <ele>49.0</ele>
      </trkpt>
      <trkpt lat="31.270054" lon="120.493781">
        <ele>50.0</ele>
      </trkpt>
      <trkpt lat="31.270031" lon="120.493781">
        <ele>50.0</ele>
      </trkpt>
      <trkpt lat="31.270008" lon="120.49378">
        <ele>50.0</ele>
      </trkpt>
      <trkpt lat="31.269984" lon="120.493779">
        <ele>50.0</ele>
      </trkpt>
      <trkpt lat="31.269961" lon="120.493777">
        <ele>50.0</ele>
      </trkpt>
      <trkpt lat="31.269937" lon="120.493774">
        <ele>50.0</ele>
      </trkpt>
      <trkpt lat="31.269914" lon="120.493771">
        <ele>49.0</ele>
      </trkpt>
      <trkpt lat="31.269892" lon="120.493764">
        <ele>49.0</ele>
      </trkpt>
      <trkpt lat="31.26987" lon="120.493757">
        <ele>49.0</ele>
      </trkpt>
      <trkpt lat="31.269851" lon="120.493747">
        <ele>49.0</ele>
      </trkpt>
      <trkpt lat="31.269831" lon="120.493737">
        <ele>49.0</ele>
      </trkpt>
      <trkpt lat="31.269813" lon="120.493728">
        <ele>49.0</ele>
      </trkpt>
      <trkpt lat="31.269794" lon="120.493719">
        <ele>49.0</ele>
      </trkpt>
      <trkpt lat="31.269776" lon="120.493712">
        <ele>49.0</ele>
      </trkpt>
      <trkpt lat="31.269759" lon="120.493706">
        <ele>49.0</ele>
      </trkpt>
      <trkpt lat="31.269744" lon="120.493702">
        <ele>50.0</ele>
      </trkpt>
      <trkpt lat="31.269729" lon="120.493699">
        <ele>50.0</ele>
      </trkpt>
      <trkpt lat="31.269715" lon="120.493696">
        <ele>50.0</ele>
      </trkpt>
      <trkpt lat="31.269702" lon="120.493694">
        <ele>50.0</ele>
      </trkpt>
      <trkpt lat="31.269689" lon="120.493692">
        <ele>50.0</ele>
      </trkpt>
      <trkpt lat="31.269676" lon="120.49369">
        <ele>50.0</ele>
      </trkpt>
      <trkpt lat="31.269663" lon="120.493689">
        <ele>50.0</ele>
      </trkpt>
      <trkpt lat="31.26965" lon="120.493688">
        <ele>50.0</ele>
      </trkpt>
      <trkpt lat="31.269636" lon="120.493687">
        <ele>50.0</ele>
      </trkpt>
      <trkpt lat="31.269622" lon="120.493687">
        <ele>50.0</ele>
      </trkpt>
      <trkpt lat="31.269608" lon="120.493686">
        <ele>50.0</ele>
      </trkpt>
      <trkpt lat="31.269594" lon="120.493686">
        <ele>50.0</ele>
      </trkpt>
      <trkpt lat="31.269581" lon="120.493685">
        <ele>50.0</ele>
      </trkpt>
      <trkpt lat="31.269568" lon="120.493684">
        <ele>50.0</ele>
      </trkpt>
      <trkpt lat="31.269555" lon="120.493684">
        <ele>50.0</ele>
      </trkpt>
      <trkpt lat="31.269542" lon="120.493684">
        <ele>50.0</ele>
      </trkpt>
      <trkpt lat="31.269528" lon="120.493685">
        <ele>50.0</ele>
      </trkpt>
      <trkpt lat="31.269515" lon="120.493685">
        <ele>50.0</ele>
      </trkpt>
      <trkpt lat="31.269501" lon="120.493686">
        <ele>50.0</ele>
      </trkpt>
      <trkpt lat="31.269487" lon="120.493687">
        <ele>50.0</ele>
      </trkpt>
      <trkpt lat="31.269473" lon="120.493688">
        <ele>50.0</ele>
      </trkpt>
      <trkpt lat="31.269459" lon="120.493689">
        <ele>50.0</ele>
      </trkpt>
      <trkpt lat="31.269445" lon="120.493689">
        <ele>50.0</ele>
      </trkpt>
      <trkpt lat="31.269431" lon="120.49369">
        <ele>50.0</ele>
      </trkpt>
      <trkpt lat="31.269416" lon="120.49369">
        <ele>50.0</ele>
      </trkpt>
      <trkpt lat="31.269402" lon="120.493691">
        <ele>51.0</ele>
      </trkpt>
      <trkpt lat="31.269388" lon="120.49369">
        <ele>51.0</ele>
      </trkpt>
      <trkpt lat="31.269373" lon="120.49369">
        <ele>51.0</ele>
      </trkpt>
      <trkpt lat="31.26936" lon="120.493689">
        <ele>51.0</ele>
      </trkpt>
      <trkpt lat="31.269346" lon="120.493687">
        <ele>51.0</ele>
      </trkpt>
      <trkpt lat="31.269333" lon="120.493685">
        <ele>51.0</ele>
      </trkpt>
      <trkpt lat="31.26932" lon="120.493682">
        <ele>51.0</ele>
      </trkpt>
      <trkpt lat="31.269308" lon="120.493678">
        <ele>51.0</ele>
      </trkpt>
      <trkpt lat="31.269295" lon="120.493675">
        <ele>51.0</ele>
      </trkpt>
      <trkpt lat="31.269283" lon="120.493671">
        <ele>51.0</ele>
      </trkpt>
      <trkpt lat="31.26927" lon="120.493668">
        <ele>51.0</ele>
      </trkpt>
      <trkpt lat="31.269258" lon="120.493665">
        <ele>51.0</ele>
      </trkpt>
      <trkpt lat="31.269246" lon="120.493661">
        <ele>51.0</ele>
      </trkpt>
      <trkpt lat="31.269233" lon="120.493659">
        <ele>51.0</ele>
      </trkpt>
      <trkpt lat="31.26922" lon="120.493656">
        <ele>51.0</ele>
      </trkpt>
      <trkpt lat="31.269207" lon="120.493653">
        <ele>51.0</ele>
      </trkpt>
      <trkpt lat="31.269194" lon="120.493651">
        <ele>51.0</ele>
      </trkpt>
      <trkpt lat="31.26918" lon="120.493648">
        <ele>51.0</ele>
      </trkpt>
      <trkpt lat="31.269166" lon="120.493646">
        <ele>51.0</ele>
      </trkpt>
      <trkpt lat="31.269152" lon="120.493643">
        <ele>51.0</ele>
      </trkpt>
      <trkpt lat="31.269137" lon="120.493641">
        <ele>52.0</ele>
      </trkpt>
      <trkpt lat="31.269123" lon="120.493638">
        <ele>52.0</ele>
      </trkpt>
      <trkpt lat="31.26911" lon="120.493635">
        <ele>52.0</ele>
      </trkpt>
      <trkpt lat="31.269096" lon="120.493631">
        <ele>52.0</ele>
      </trkpt>
      <trkpt lat="31.269082" lon="120.493627">
        <ele>52.0</ele>
      </trkpt>
      <trkpt lat="31.269069" lon="120.493622">
        <ele>52.0</ele>
      </trkpt>
      <trkpt lat="31.269055" lon="120.493618">
        <ele>52.0</ele>
      </trkpt>
      <trkpt lat="31.269041" lon="120.493613">
        <ele>52.0</ele>
      </trkpt>
      <trkpt lat="31.269028" lon="120.493608">
        <ele>52.0</ele>
      </trkpt>
      <trkpt lat="31.269014" lon="120.493603">
        <ele>52.0</ele>
      </trkpt>
      <trkpt lat="31.269001" lon="120.493597">
        <ele>52.0</ele>
      </trkpt>
      <trkpt lat="31.268988" lon="120.493591">
        <ele>52.0</ele>
      </trkpt>
      <trkpt lat="31.268975" lon="120.493585">
        <ele>52.0</ele>
      </trkpt>
      <trkpt lat="31.268962" lon="120.493578">
        <ele>52.0</ele>
      </trkpt>
      <trkpt lat="31.268949" lon="120.493572">
        <ele>52.0</ele>
      </trkpt>
      <trkpt lat="31.268937" lon="120.493566">
        <ele>52.0</ele>
      </trkpt>
      <trkpt lat="31.268925" lon="120.493559">
        <ele>52.0</ele>
      </trkpt>
      <trkpt lat="31.268913" lon="120.493551">
        <ele>52.0</ele>
      </trkpt>
      <trkpt lat="31.268902" lon="120.493543">
        <ele>52.0</ele>
      </trkpt>
      <trkpt lat="31.268892" lon="120.493534">
        <ele>52.0</ele>
      </trkpt>
      <trkpt lat="31.268881" lon="120.493525">
        <ele>52.0</ele>
      </trkpt>
      <trkpt lat="31.268871" lon="120.493515">
        <ele>52.0</ele>
      </trkpt>
      <trkpt lat="31.268862" lon="120.493505">
        <ele>52.0</ele>
      </trkpt>
      <trkpt lat="31.268852" lon="120.493496">
        <ele>52.0</ele>
      </trkpt>
      <trkpt lat="31.268842" lon="120.493486">
        <ele>52.0</ele>
      </trkpt>
      <trkpt lat="31.268832" lon="120.493477">
        <ele>53.0</ele>
      </trkpt>
      <trkpt lat="31.268822" lon="120.493467">
        <ele>53.0</ele>
      </trkpt>
      <trkpt lat="31.268811" lon="120.493459">
        <ele>53.0</ele>
      </trkpt>
      <trkpt lat="31.268801" lon="120.493451">
        <ele>53.0</ele>
      </trkpt>
      <trkpt lat="31.26879" lon="120.493443">
        <ele>53.0</ele>
      </trkpt>
      <trkpt lat="31.268779" lon="120.493435">
        <ele>53.0</ele>
      </trkpt>
      <trkpt lat="31.268769" lon="120.493426">
        <ele>53.0</ele>
      </trkpt>
      <trkpt lat="31.268759" lon="120.493417">
        <ele>53.0</ele>
      </trkpt>
      <trkpt lat="31.268749" lon="120.493408">
        <ele>53.0</ele>
      </trkpt>
      <trkpt lat="31.268739" lon="120.493399">
        <ele>53.0</ele>
      </trkpt>
      <trkpt lat="31.268728" lon="120.493389">
        <ele>54.0</ele>
      </trkpt>
      <trkpt lat="31.268718" lon="120.493379">
        <ele>54.0</ele>
      </trkpt>
      <trkpt lat="31.268707" lon="120.493369">
        <ele>54.0</ele>
      </trkpt>
      <trkpt lat="31.268695" lon="120.49336">
        <ele>54.0</ele>
      </trkpt>
      <trkpt lat="31.268683" lon="120.493351">
        <ele>54.0</ele>
      </trkpt>
      <trkpt lat="31.268672" lon="120.493342">
        <ele>54.0</ele>
      </trkpt>
      <trkpt lat="31.268659" lon="120.493335">
        <ele>54.0</ele>
      </trkpt>
      <trkpt lat="31.268647" lon="120.493328">
        <ele>54.0</ele>
      </trkpt>
      <trkpt lat="31.268633" lon="120.493324">
        <ele>54.0</ele>
      </trkpt>
      <trkpt lat="31.268619" lon="120.49332">
        <ele>54.0</ele>
      </trkpt>
      <trkpt lat="31.268605" lon="120.493319">
        <ele>54.0</ele>
      </trkpt>
      <trkpt lat="31.26859" lon="120.493319">
        <ele>54.0</ele>
      </trkpt>
      <trkpt lat="31.268579" lon="120.49332">
        <ele>54.0</ele>
      </trkpt>
      <trkpt lat="31.268567" lon="120.493321">
        <ele>54.0</ele>
      </trkpt>
      <trkpt lat="31.26856" lon="120.493322">
        <ele>54.0</ele>
      </trkpt>
      <trkpt lat="31.268552" lon="120.493323">
        <ele>54.0</ele>
      </trkpt>
      <trkpt lat="31.268548" lon="120.493322">
        <ele>54.0</ele>
      </trkpt>
      <trkpt lat="31.268543" lon="120.493321">
        <ele>54.0</ele>
      </trkpt>
      <trkpt lat="31.268537" lon="120.493319">
        <ele>54.0</ele>
      </trkpt>
      <trkpt lat="31.268531" lon="120.493317">
        <ele>54.0</ele>
      </trkpt>
      <trkpt lat="31.268523" lon="120.493314">
        <ele>54.0</ele>
      </trkpt>
      <trkpt lat="31.268516" lon="120.493311">
        <ele>54.0</ele>
      </trkpt>
      <trkpt lat="31.268508" lon="120.493305">
        <ele>54.0</ele>
      </trkpt>
      <trkpt lat="31.268501" lon="120.493299">
        <ele>54.0</ele>
      </trkpt>
      <trkpt lat="31.268495" lon="120.49329">
        <ele>54.0</ele>
      </trkpt>
      <trkpt lat="31.268489" lon="120.493281">
        <ele>55.0</ele>
      </trkpt>
      <trkpt lat="31.268486" lon="120.493269">
        <ele>55.0</ele>
      </trkpt>
      <trkpt lat="31.268482" lon="120.493257">
        <ele>55.0</ele>
      </trkpt>
      <trkpt lat="31.26848" lon="120.493244">
        <ele>55.0</ele>
      </trkpt>
      <trkpt lat="31.268477" lon="120.493232">
        <ele>55.0</ele>
      </trkpt>
      <trkpt lat="31.268474" lon="120.493221">
        <ele>55.0</ele>
      </trkpt>
      <trkpt lat="31.268471" lon="120.49321">
        <ele>55.0</ele>
      </trkpt>
      <trkpt lat="31.268468" lon="120.493199">
        <ele>55.0</ele>
      </trkpt>
      <trkpt lat="31.268465" lon="120.493189">
        <ele>55.0</ele>
      </trkpt>
      <trkpt lat="31.268463" lon="120.493178">
        <ele>55.0</ele>
      </trkpt>
      <trkpt lat="31.26846" lon="120.493168">
        <ele>56.0</ele>
      </trkpt>
      <trkpt lat="31.268456" lon="120.493158">
        <ele>56.0</ele>
      </trkpt>
      <trkpt lat="31.268453" lon="120.493147">
        <ele>56.0</ele>
      </trkpt>
      <trkpt lat="31.268448" lon="120.493136">
        <ele>56.0</ele>
      </trkpt>
      <trkpt lat="31.268443" lon="120.493125">
        <ele>56.0</ele>
      </trkpt>
      <trkpt lat="31.268438" lon="120.493115">
        <ele>57.0</ele>
      </trkpt>
      <trkpt lat="31.268432" lon="120.493104">
        <ele>57.0</ele>
      </trkpt>
      <trkpt lat="31.268425" lon="120.493094">
        <ele>57.0</ele>
      </trkpt>
      <trkpt lat="31.268418" lon="120.493084">
        <ele>57.0</ele>
      </trkpt>
      <trkpt lat="31.26841" lon="120.493075">
        <ele>57.0</ele>
      </trkpt>
      <trkpt lat="31.268403" lon="120.493067">
        <ele>58.0</ele>
      </trkpt>
      <trkpt lat="31.268395" lon="120.493061">
        <ele>58.0</ele>
      </trkpt>
      <trkpt lat="31.268388" lon="120.493055">
        <ele>58.0</ele>
      </trkpt>
      <trkpt lat="31.26838" lon="120.49305">
        <ele>58.0</ele>
      </trkpt>
      <trkpt lat="31.268372" lon="120.493045">
        <ele>58.0</ele>
      </trkpt>
      <trkpt lat="31.268365" lon="120.49304">
        <ele>59.0</ele>
      </trkpt>
      <trkpt lat="31.268359" lon="120.493035">
        <ele>59.0</ele>
      </trkpt>
      <trkpt lat="31.268353" lon="120.49303">
        <ele>59.0</ele>
      </trkpt>
      <trkpt lat="31.268348" lon="120.493025">
        <ele>60.0</ele>
      </trkpt>
      <trkpt lat="31.268345" lon="120.493021">
        <ele>60.0</ele>
      </trkpt>
      <trkpt lat="31.268343" lon="120.493018">
        <ele>61.0</ele>
      </trkpt>
      <trkpt lat="31.268336" lon="120.493006">
        <ele>62.0</ele>
      </trkpt>
      <trkpt lat="31.268332" lon="120.492998">
        <ele>62.0</ele>
      </trkpt>
      <trkpt lat="31.268328" lon="120.49299">
        <ele>62.0</ele>
      </trkpt>
      <trkpt lat="31.268327" lon="120.492985">
        <ele>62.0</ele>
      </trkpt>
      <trkpt lat="31.268325" lon="120.492979">
        <ele>63.0</ele>
      </trkpt>
      <trkpt lat="31.268323" lon="120.492974">
        <ele>63.0</ele>
      </trkpt>
      <trkpt lat="31.268322" lon="120.492965">
        <ele>63.0</ele>
      </trkpt>
      <trkpt lat="31.268321" lon="120.492957">
        <ele>63.0</ele>
      </trkpt>
      <trkpt lat="31.26832" lon="120.492948">
        <ele>63.0</ele>
      </trkpt>
      <trkpt lat="31.26832" lon="120.492939">
        <ele>64.0</ele>
      </trkpt>
      <trkpt lat="31.26832" lon="120.49293">
        <ele>64.0</ele>
      </trkpt>
      <trkpt lat="31.26832" lon="120.492922">
        <ele>64.0</ele>
      </trkpt>
      <trkpt lat="31.268321" lon="120.492913">
        <ele>64.0</ele>
      </trkpt>
      <trkpt lat="31.268322" lon="120.492904">
        <ele>64.0</ele>
      </trkpt>
      <trkpt lat="31.268322" lon="120.492895">
        <ele>64.0</ele>
      </trkpt>
      <trkpt lat="31.268322" lon="120.492886">
        <ele>64.0</ele>
      </trkpt>
      <trkpt lat="31.26832" lon="120.492877">
        <ele>64.0</ele>
      </trkpt>
      <trkpt lat="31.268319" lon="120.492869">
        <ele>64.0</ele>
      </trkpt>
      <trkpt lat="31.268316" lon="120.492861">
        <ele>64.0</ele>
      </trkpt>
      <trkpt lat="31.268314" lon="120.492854">
        <ele>65.0</ele>
      </trkpt>
      <trkpt lat="31.26831" lon="120.492849">
        <ele>65.0</ele>
      </trkpt>
      <trkpt lat="31.268307" lon="120.492843">
        <ele>65.0</ele>
      </trkpt>
      <trkpt lat="31.268302" lon="120.492839">
        <ele>66.0</ele>
      </trkpt>
      <trkpt lat="31.268298" lon="120.492835">
        <ele>66.0</ele>
      </trkpt>
      <trkpt lat="31.268293" lon="120.49283">
        <ele>67.0</ele>
      </trkpt>
      <trkpt lat="31.268288" lon="120.492825">
        <ele>67.0</ele>
      </trkpt>
      <trkpt lat="31.268282" lon="120.492822">
        <ele>67.0</ele>
      </trkpt>
      <trkpt lat="31.268277" lon="120.492818">
        <ele>67.0</ele>
      </trkpt>
      <trkpt lat="31.26827" lon="120.492815">
        <ele>67.0</ele>
      </trkpt>
      <trkpt lat="31.268263" lon="120.492812">
        <ele>68.0</ele>
      </trkpt>
      <trkpt lat="31.268256" lon="120.49281">
        <ele>68.0</ele>
      </trkpt>
      <trkpt lat="31.268249" lon="120.492808">
        <ele>68.0</ele>
      </trkpt>
      <trkpt lat="31.268243" lon="120.492808">
        <ele>68.0</ele>
      </trkpt>
      <trkpt lat="31.268237" lon="120.492807">
        <ele>68.0</ele>
      </trkpt>
      <trkpt lat="31.268231" lon="120.492808">
        <ele>69.0</ele>
      </trkpt>
      <trkpt lat="31.268226" lon="120.492808">
        <ele>69.0</ele>
      </trkpt>
      <trkpt lat="31.268222" lon="120.492809">
        <ele>69.0</ele>
      </trkpt>
      <trkpt lat="31.268218" lon="120.49281">
        <ele>69.0</ele>
      </trkpt>
      <trkpt lat="31.268213" lon="120.492812">
        <ele>69.0</ele>
      </trkpt>
      <trkpt lat="31.268209" lon="120.492813">
        <ele>70.0</ele>
      </trkpt>
      <trkpt lat="31.268203" lon="120.492816">
        <ele>70.0</ele>
      </trkpt>
      <trkpt lat="31.268198" lon="120.492819">
        <ele>70.0</ele>
      </trkpt>
      <trkpt lat="31.268191" lon="120.492821">
        <ele>70.0</ele>
      </trkpt>
      <trkpt lat="31.268185" lon="120.492824">
        <ele>70.0</ele>
      </trkpt>
      <trkpt lat="31.268177" lon="120.492827">
        <ele>70.0</ele>
      </trkpt>
      <trkpt lat="31.26817" lon="120.492829">
        <ele>70.0</ele>
      </trkpt>
      <trkpt lat="31.268162" lon="120.492832">
        <ele>70.0</ele>
      </trkpt>
      <trkpt lat="31.268155" lon="120.492835">
        <ele>70.0</ele>
      </trkpt>
      <trkpt lat="31.268146" lon="120.49284">
        <ele>70.0</ele>
      </trkpt>
      <trkpt lat="31.268137" lon="120.492844">
        <ele>71.0</ele>
      </trkpt>
      <trkpt lat="31.268128" lon="120.49285">
        <ele>71.0</ele>
      </trkpt>
      <trkpt lat="31.268119" lon="120.492855">
        <ele>71.0</ele>
      </trkpt>
      <trkpt lat="31.268109" lon="120.492861">
        <ele>71.0</ele>
      </trkpt>
      <trkpt lat="31.2681" lon="120.492867">
        <ele>71.0</ele>
      </trkpt>
      <trkpt lat="31.268092" lon="120.492873">
        <ele>71.0</ele>
      </trkpt>
      <trkpt lat="31.268085" lon="120.49288">
        <ele>71.0</ele>
      </trkpt>
      <trkpt lat="31.268078" lon="120.492887">
        <ele>71.0</ele>
      </trkpt>
      <trkpt lat="31.268072" lon="120.492894">
        <ele>71.0</ele>
      </trkpt>
      <trkpt lat="31.268065" lon="120.492899">
        <ele>71.0</ele>
      </trkpt>
      <trkpt lat="31.268059" lon="120.492905">
        <ele>71.0</ele>
      </trkpt>
      <trkpt lat="31.268052" lon="120.49291">
        <ele>71.0</ele>
      </trkpt>
      <trkpt lat="31.268045" lon="120.492914">
        <ele>71.0</ele>
      </trkpt>
      <trkpt lat="31.268036" lon="120.492917">
        <ele>71.0</ele>
      </trkpt>
      <trkpt lat="31.268028" lon="120.492919">
        <ele>71.0</ele>
      </trkpt>
      <trkpt lat="31.268018" lon="120.492923">
        <ele>72.0</ele>
      </trkpt>
      <trkpt lat="31.26801" lon="120.492926">
        <ele>72.0</ele>
      </trkpt>
      <trkpt lat="31.268002" lon="120.492931">
        <ele>72.0</ele>
      </trkpt>
      <trkpt lat="31.267993" lon="120.492937">
        <ele>72.0</ele>
      </trkpt>
      <trkpt lat="31.267987" lon="120.492943">
        <ele>72.0</ele>
      </trkpt>
      <trkpt lat="31.26798" lon="120.492949">
        <ele>73.0</ele>
      </trkpt>
      <trkpt lat="31.267977" lon="120.492952">
        <ele>73.0</ele>
      </trkpt>
      <trkpt lat="31.267973" lon="120.492955">
        <ele>73.0</ele>
      </trkpt>
      <trkpt lat="31.26797" lon="120.492958">
        <ele>74.0</ele>
      </trkpt>
      <trkpt lat="31.267967" lon="120.492962">
        <ele>74.0</ele>
      </trkpt>
      <trkpt lat="31.267961" lon="120.492968">
        <ele>75.0</ele>
      </trkpt>
      <trkpt lat="31.267956" lon="120.492975">
        <ele>75.0</ele>
      </trkpt>
      <trkpt lat="31.267951" lon="120.492981">
        <ele>75.0</ele>
      </trkpt>
      <trkpt lat="31.267946" lon="120.492987">
        <ele>75.0</ele>
      </trkpt>
      <trkpt lat="31.267942" lon="120.492992">
        <ele>75.0</ele>
      </trkpt>
      <trkpt lat="31.267937" lon="120.492996">
        <ele>76.0</ele>
      </trkpt>
      <trkpt lat="31.267932" lon="120.493001">
        <ele>76.0</ele>
      </trkpt>
      <trkpt lat="31.267927" lon="120.493006">
        <ele>76.0</ele>
      </trkpt>
      <trkpt lat="31.267922" lon="120.493011">
        <ele>76.0</ele>
      </trkpt>
      <trkpt lat="31.267917" lon="120.493016">
        <ele>76.0</ele>
      </trkpt>
      <trkpt lat="31.267912" lon="120.493021">
        <ele>77.0</ele>
      </trkpt>
      <trkpt lat="31.267907" lon="120.493025">
        <ele>77.0</ele>
      </trkpt>
      <trkpt lat="31.267903" lon="120.493028">
        <ele>77.0</ele>
      </trkpt>
      <trkpt lat="31.267899" lon="120.49303">
        <ele>78.0</ele>
      </trkpt>
      <trkpt lat="31.267896" lon="120.493033">
        <ele>78.0</ele>
      </trkpt>
      <trkpt lat="31.267886" lon="120.493046">
        <ele>81.0</ele>
      </trkpt>
      <trkpt lat="31.267883" lon="120.493048">
        <ele>81.0</ele>
      </trkpt>
      <trkpt lat="31.267881" lon="120.493051">
        <ele>81.0</ele>
      </trkpt>
      <trkpt lat="31.267878" lon="120.493053">
        <ele>81.0</ele>
      </trkpt>
      <trkpt lat="31.267875" lon="120.493056">
        <ele>82.0</ele>
      </trkpt>
      <trkpt lat="31.267873" lon="120.493058">
        <ele>82.0</ele>
      </trkpt>
      <trkpt lat="31.267864" lon="120.493066">
        <ele>82.0</ele>
      </trkpt>
      <trkpt lat="31.267854" lon="120.493075">
        <ele>83.0</ele>
      </trkpt>
      <trkpt lat="31.267846" lon="120.49308">
        <ele>83.0</ele>
      </trkpt>
      <trkpt lat="31.267839" lon="120.493085">
        <ele>84.0</ele>
      </trkpt>
      <trkpt lat="31.267831" lon="120.493089">
        <ele>84.0</ele>
      </trkpt>
      <trkpt lat="31.267823" lon="120.493092">
        <ele>84.0</ele>
      </trkpt>
      <trkpt lat="31.267815" lon="120.493094">
        <ele>85.0</ele>
      </trkpt>
      <trkpt lat="31.267807" lon="120.493096">
        <ele>85.0</ele>
      </trkpt>
      <trkpt lat="31.267799" lon="120.493098">
        <ele>86.0</ele>
      </trkpt>
      <trkpt lat="31.26779" lon="120.493099">
        <ele>86.0</ele>
      </trkpt>
      <trkpt lat="31.267783" lon="120.493101">
        <ele>86.0</ele>
      </trkpt>
      <trkpt lat="31.267775" lon="120.493103">
        <ele>87.0</ele>
      </trkpt>
      <trkpt lat="31.267768" lon="120.493105">
        <ele>87.0</ele>
      </trkpt>
      <trkpt lat="31.26776" lon="120.493108">
        <ele>88.0</ele>
      </trkpt>
      <trkpt lat="31.267752" lon="120.493112">
        <ele>88.0</ele>
      </trkpt>
      <trkpt lat="31.267745" lon="120.493116">
        <ele>88.0</ele>
      </trkpt>
      <trkpt lat="31.267736" lon="120.493118">
        <ele>88.0</ele>
      </trkpt>
      <trkpt lat="31.267728" lon="120.493121">
        <ele>88.0</ele>
      </trkpt>
      <trkpt lat="31.267721" lon="120.493122">
        <ele>89.0</ele>
      </trkpt>
      <trkpt lat="31.267713" lon="120.493123">
        <ele>89.0</ele>
      </trkpt>
      <trkpt lat="31.267706" lon="120.493123">
        <ele>89.0</ele>
      </trkpt>
      <trkpt lat="31.267699" lon="120.493124">
        <ele>90.0</ele>
      </trkpt>
      <trkpt lat="31.267681" lon="120.493134">
        <ele>93.0</ele>
      </trkpt>
      <trkpt lat="31.267665" lon="120.493144">
        <ele>93.0</ele>
      </trkpt>
      <trkpt lat="31.267659" lon="120.493148">
        <ele>94.0</ele>
      </trkpt>
      <trkpt lat="31.267652" lon="120.493151">
        <ele>94.0</ele>
      </trkpt>
      <trkpt lat="31.267643" lon="120.493157">
        <ele>95.0</ele>
      </trkpt>
      <trkpt lat="31.267634" lon="120.493164">
        <ele>95.0</ele>
      </trkpt>
      <trkpt lat="31.267629" lon="120.493171">
        <ele>95.0</ele>
      </trkpt>
      <trkpt lat="31.267624" lon="120.493178">
        <ele>95.0</ele>
      </trkpt>
      <trkpt lat="31.267621" lon="120.493186">
        <ele>95.0</ele>
      </trkpt>
      <trkpt lat="31.267619" lon="120.493194">
        <ele>96.0</ele>
      </trkpt>
      <trkpt lat="31.267617" lon="120.493202">
        <ele>96.0</ele>
      </trkpt>
      <trkpt lat="31.267616" lon="120.493209">
        <ele>96.0</ele>
      </trkpt>
      <trkpt lat="31.267613" lon="120.493217">
        <ele>96.0</ele>
      </trkpt>
      <trkpt lat="31.267609" lon="120.493224">
        <ele>96.0</ele>
      </trkpt>
      <trkpt lat="31.267601" lon="120.493238">
        <ele>100.0</ele>
      </trkpt>
      <trkpt lat="31.267597" lon="120.493242">
        <ele>100.0</ele>
      </trkpt>
      <trkpt lat="31.267593" lon="120.493247">
        <ele>100.0</ele>
      </trkpt>
      <trkpt lat="31.267586" lon="120.493252">
        <ele>100.0</ele>
      </trkpt>
      <trkpt lat="31.267579" lon="120.493257">
        <ele>100.0</ele>
      </trkpt>
      <trkpt lat="31.267573" lon="120.49326">
        <ele>100.0</ele>
      </trkpt>
      <trkpt lat="31.267566" lon="120.493264">
        <ele>100.0</ele>
      </trkpt>
      <trkpt lat="31.267559" lon="120.493267">
        <ele>100.0</ele>
      </trkpt>
      <trkpt lat="31.267552" lon="120.493271">
        <ele>100.0</ele>
      </trkpt>
      <trkpt lat="31.267546" lon="120.493273">
        <ele>100.0</ele>
      </trkpt>
      <trkpt lat="31.267539" lon="120.493276">
        <ele>101.0</ele>
      </trkpt>
      <trkpt lat="31.267533" lon="120.493278">
        <ele>101.0</ele>
      </trkpt>
      <trkpt lat="31.267528" lon="120.49328">
        <ele>101.0</ele>
      </trkpt>
      <trkpt lat="31.267522" lon="120.493283">
        <ele>102.0</ele>
      </trkpt>
      <trkpt lat="31.267517" lon="120.493287">
        <ele>102.0</ele>
      </trkpt>
      <trkpt lat="31.267511" lon="120.493291">
        <ele>103.0</ele>
      </trkpt>
      <trkpt lat="31.267506" lon="120.493296">
        <ele>103.0</ele>
      </trkpt>
      <trkpt lat="31.267508" lon="120.493302">
        <ele>104.0</ele>
      </trkpt>
      <trkpt lat="31.267508" lon="120.493305">
        <ele>104.0</ele>
      </trkpt>
      <trkpt lat="31.267508" lon="120.493309">
        <ele>104.0</ele>
      </trkpt>
      <trkpt lat="31.267506" lon="120.493312">
        <ele>104.0</ele>
      </trkpt>
      <trkpt lat="31.267503" lon="120.493315">
        <ele>104.0</ele>
      </trkpt>
      <trkpt lat="31.267498" lon="120.493317">
        <ele>104.0</ele>
      </trkpt>
      <trkpt lat="31.267493" lon="120.493319">
        <ele>104.0</ele>
      </trkpt>
      <trkpt lat="31.267487" lon="120.493319">
        <ele>104.0</ele>
      </trkpt>
      <trkpt lat="31.267482" lon="120.493318">
        <ele>105.0</ele>
      </trkpt>
      <trkpt lat="31.267476" lon="120.493315">
        <ele>105.0</ele>
      </trkpt>
      <trkpt lat="31.267471" lon="120.493312">
        <ele>105.0</ele>
      </trkpt>
      <trkpt lat="31.267465" lon="120.493307">
        <ele>105.0</ele>
      </trkpt>
      <trkpt lat="31.267459" lon="120.493302">
        <ele>105.0</ele>
      </trkpt>
      <trkpt lat="31.267453" lon="120.493297">
        <ele>105.0</ele>
      </trkpt>
      <trkpt lat="31.267448" lon="120.493292">
        <ele>105.0</ele>
      </trkpt>
      <trkpt lat="31.267435" lon="120.493295">
        <ele>110.0</ele>
      </trkpt>
      <trkpt lat="31.267427" lon="120.493297">
        <ele>109.0</ele>
      </trkpt>
      <trkpt lat="31.267421" lon="120.493299">
        <ele>109.0</ele>
      </trkpt>
      <trkpt lat="31.267416" lon="120.493301">
        <ele>109.0</ele>
      </trkpt>
      <trkpt lat="31.267411" lon="120.493303">
        <ele>109.0</ele>
      </trkpt>
      <trkpt lat="31.267405" lon="120.493305">
        <ele>109.0</ele>
      </trkpt>
      <trkpt lat="31.267401" lon="120.493307">
        <ele>109.0</ele>
      </trkpt>
      <trkpt lat="31.267396" lon="120.493309">
        <ele>109.0</ele>
      </trkpt>
      <trkpt lat="31.267391" lon="120.493311">
        <ele>109.0</ele>
      </trkpt>
      <trkpt lat="31.267384" lon="120.493313">
        <ele>110.0</ele>
      </trkpt>
      <trkpt lat="31.267376" lon="120.493316">
        <ele>110.0</ele>
      </trkpt>
      <trkpt lat="31.267369" lon="120.493318">
        <ele>110.0</ele>
      </trkpt>
      <trkpt lat="31.267362" lon="120.49332">
        <ele>111.0</ele>
      </trkpt>
      <trkpt lat="31.267355" lon="120.493321">
        <ele>111.0</ele>
      </trkpt>
      <trkpt lat="31.267347" lon="120.493322">
        <ele>112.0</ele>
      </trkpt>
      <trkpt lat="31.26734" lon="120.493323">
        <ele>112.0</ele>
      </trkpt>
      <trkpt lat="31.267332" lon="120.493325">
        <ele>112.0</ele>
      </trkpt>
      <trkpt lat="31.267324" lon="120.493326">
        <ele>112.0</ele>
      </trkpt>
      <trkpt lat="31.267317" lon="120.493328">
        <ele>112.0</ele>
      </trkpt>
      <trkpt lat="31.267311" lon="120.493331">
        <ele>113.0</ele>
      </trkpt>
      <trkpt lat="31.267304" lon="120.493333">
        <ele>113.0</ele>
      </trkpt>
      <trkpt lat="31.267301" lon="120.493335">
        <ele>113.0</ele>
      </trkpt>
      <trkpt lat="31.267297" lon="120.493336">
        <ele>113.0</ele>
      </trkpt>
      <trkpt lat="31.267291" lon="120.493338">
        <ele>113.0</ele>
      </trkpt>
      <trkpt lat="31.267284" lon="120.49334">
        <ele>114.0</ele>
      </trkpt>
      <trkpt lat="31.267277" lon="120.493341">
        <ele>114.0</ele>
      </trkpt>
      <trkpt lat="31.26727" lon="120.493341">
        <ele>114.0</ele>
      </trkpt>
      <trkpt lat="31.267262" lon="120.49334">
        <ele>115.0</ele>
      </trkpt>
      <trkpt lat="31.267255" lon="120.49334">
        <ele>115.0</ele>
      </trkpt>
      <trkpt lat="31.267248" lon="120.493338">
        <ele>116.0</ele>
      </trkpt>
      <trkpt lat="31.267242" lon="120.493337">
        <ele>116.0</ele>
      </trkpt>
      <trkpt lat="31.267237" lon="120.493337">
        <ele>116.0</ele>
      </trkpt>
      <trkpt lat="31.267231" lon="120.493337">
        <ele>116.0</ele>
      </trkpt>
      <trkpt lat="31.267227" lon="120.49334">
        <ele>116.0</ele>
      </trkpt>
      <trkpt lat="31.267222" lon="120.493342">
        <ele>117.0</ele>
      </trkpt>
      <trkpt lat="31.267217" lon="120.493346">
        <ele>117.0</ele>
      </trkpt>
      <trkpt lat="31.267212" lon="120.493349">
        <ele>117.0</ele>
      </trkpt>
      <trkpt lat="31.267206" lon="120.493352">
        <ele>117.0</ele>
      </trkpt>
      <trkpt lat="31.267201" lon="120.493355">
        <ele>117.0</ele>
      </trkpt>
      <trkpt lat="31.267196" lon="120.493357">
        <ele>118.0</ele>
      </trkpt>
      <trkpt lat="31.26719" lon="120.493359">
        <ele>118.0</ele>
      </trkpt>
      <trkpt lat="31.267184" lon="120.493359">
        <ele>118.0</ele>
      </trkpt>
      <trkpt lat="31.267178" lon="120.493359">
        <ele>118.0</ele>
      </trkpt>
      <trkpt lat="31.267173" lon="120.493358">
        <ele>118.0</ele>
      </trkpt>
      <trkpt lat="31.267168" lon="120.493357">
        <ele>119.0</ele>
      </trkpt>
      <trkpt lat="31.267162" lon="120.493354">
        <ele>119.0</ele>
      </trkpt>
      <trkpt lat="31.267157" lon="120.493351">
        <ele>119.0</ele>
      </trkpt>
      <trkpt lat="31.267147" lon="120.493349">
        <ele>121.0</ele>
      </trkpt>
      <trkpt lat="31.267141" lon="120.493349">
        <ele>121.0</ele>
      </trkpt>
      <trkpt lat="31.267134" lon="120.493349">
        <ele>121.0</ele>
      </trkpt>
      <trkpt lat="31.267128" lon="120.49335">
        <ele>121.0</ele>
      </trkpt>
      <trkpt lat="31.267122" lon="120.493351">
        <ele>121.0</ele>
      </trkpt>
      <trkpt lat="31.267116" lon="120.493352">
        <ele>122.0</ele>
      </trkpt>
      <trkpt lat="31.26711" lon="120.493353">
        <ele>122.0</ele>
      </trkpt>
      <trkpt lat="31.267104" lon="120.493355">
        <ele>122.0</ele>
      </trkpt>
      <trkpt lat="31.267099" lon="120.493357">
        <ele>122.0</ele>
      </trkpt>
      <trkpt lat="31.267094" lon="120.49336">
        <ele>122.0</ele>
      </trkpt>
      <trkpt lat="31.267089" lon="120.493363">
        <ele>123.0</ele>
      </trkpt>
      <trkpt lat="31.267084" lon="120.493366">
        <ele>123.0</ele>
      </trkpt>
      <trkpt lat="31.267079" lon="120.493369">
        <ele>123.0</ele>
      </trkpt>
      <trkpt lat="31.267075" lon="120.493374">
        <ele>123.0</ele>
      </trkpt>
      <trkpt lat="31.267071" lon="120.493379">
        <ele>123.0</ele>
      </trkpt>
      <trkpt lat="31.267069" lon="120.493385">
        <ele>124.0</ele>
      </trkpt>
      <trkpt lat="31.267067" lon="120.493392">
        <ele>124.0</ele>
      </trkpt>
      <trkpt lat="31.267066" lon="120.493399">
        <ele>124.0</ele>
      </trkpt>
      <trkpt lat="31.267065" lon="120.493407">
        <ele>125.0</ele>
      </trkpt>
      <trkpt lat="31.267065" lon="120.493412">
        <ele>125.0</ele>
      </trkpt>
      <trkpt lat="31.267065" lon="120.493417">
        <ele>126.0</ele>
      </trkpt>
      <trkpt lat="31.267057" lon="120.493433">
        <ele>128.0</ele>
      </trkpt>
      <trkpt lat="31.267049" lon="120.493454">
        <ele>131.0</ele>
      </trkpt>
      <trkpt lat="31.267047" lon="120.493457">
        <ele>131.0</ele>
      </trkpt>
      <trkpt lat="31.267046" lon="120.493461">
        <ele>131.0</ele>
      </trkpt>
      <trkpt lat="31.267045" lon="120.493465">
        <ele>131.0</ele>
      </trkpt>
      <trkpt lat="31.267043" lon="120.493468">
        <ele>131.0</ele>
      </trkpt>
      <trkpt lat="31.267042" lon="120.493472">
        <ele>132.0</ele>
      </trkpt>
      <trkpt lat="31.267038" lon="120.493483">
        <ele>132.0</ele>
      </trkpt>
      <trkpt lat="31.267034" lon="120.493494">
        <ele>132.0</ele>
      </trkpt>
      <trkpt lat="31.26703" lon="120.493502">
        <ele>132.0</ele>
      </trkpt>
      <trkpt lat="31.267027" lon="120.49351">
        <ele>132.0</ele>
      </trkpt>
      <trkpt lat="31.267025" lon="120.493536">
        <ele>135.0</ele>
      </trkpt>
      <trkpt lat="31.267018" lon="120.493555">
        <ele>136.0</ele>
      </trkpt>
      <trkpt lat="31.267008" lon="120.49357">
        <ele>137.0</ele>
      </trkpt>
      <trkpt lat="31.267001" lon="120.493578">
        <ele>137.0</ele>
      </trkpt>
      <trkpt lat="31.266994" lon="120.493586">
        <ele>137.0</ele>
      </trkpt>
      <trkpt lat="31.26699" lon="120.493588">
        <ele>137.0</ele>
      </trkpt>
      <trkpt lat="31.266985" lon="120.493589">
        <ele>137.0</ele>
      </trkpt>
      <trkpt lat="31.266981" lon="120.49359">
        <ele>137.0</ele>
      </trkpt>
      <trkpt lat="31.266975" lon="120.493589">
        <ele>137.0</ele>
      </trkpt>
      <trkpt lat="31.266968" lon="120.493589">
        <ele>137.0</ele>
      </trkpt>
      <trkpt lat="31.266962" lon="120.493588">
        <ele>137.0</ele>
      </trkpt>
      <trkpt lat="31.266955" lon="120.493587">
        <ele>138.0</ele>
      </trkpt>
      <trkpt lat="31.266949" lon="120.493588">
        <ele>138.0</ele>
      </trkpt>
      <trkpt lat="31.266942" lon="120.493588">
        <ele>138.0</ele>
      </trkpt>
      <trkpt lat="31.266936" lon="120.493588">
        <ele>138.0</ele>
      </trkpt>
      <trkpt lat="31.266929" lon="120.493589">
        <ele>138.0</ele>
      </trkpt>
      <trkpt lat="31.266925" lon="120.493589">
        <ele>139.0</ele>
      </trkpt>
      <trkpt lat="31.266922" lon="120.493589">
        <ele>139.0</ele>
      </trkpt>
      <trkpt lat="31.266915" lon="120.493591">
        <ele>139.0</ele>
      </trkpt>
      <trkpt lat="31.266909" lon="120.493594">
        <ele>139.0</ele>
      </trkpt>
      <trkpt lat="31.266903" lon="120.493599">
        <ele>139.0</ele>
      </trkpt>
      <trkpt lat="31.266897" lon="120.493603">
        <ele>140.0</ele>
      </trkpt>
      <trkpt lat="31.266891" lon="120.493609">
        <ele>140.0</ele>
      </trkpt>
      <trkpt lat="31.266885" lon="120.493614">
        <ele>140.0</ele>
      </trkpt>
      <trkpt lat="31.266881" lon="120.493622">
        <ele>141.0</ele>
      </trkpt>
      <trkpt lat="31.266878" lon="120.493629">
        <ele>141.0</ele>
      </trkpt>
      <trkpt lat="31.266877" lon="120.493637">
        <ele>142.0</ele>
      </trkpt>
      <trkpt lat="31.266876" lon="120.493645">
        <ele>142.0</ele>
      </trkpt>
      <trkpt lat="31.266879" lon="120.493665">
        <ele>143.0</ele>
      </trkpt>
      <trkpt lat="31.266879" lon="120.493673">
        <ele>143.0</ele>
      </trkpt>
      <trkpt lat="31.266879" lon="120.493681">
        <ele>143.0</ele>
      </trkpt>
      <trkpt lat="31.266877" lon="120.493687">
        <ele>143.0</ele>
      </trkpt>
      <trkpt lat="31.266874" lon="120.493693">
        <ele>144.0</ele>
      </trkpt>
      <trkpt lat="31.266869" lon="120.493696">
        <ele>144.0</ele>
      </trkpt>
      <trkpt lat="31.266864" lon="120.4937">
        <ele>144.0</ele>
      </trkpt>
      <trkpt lat="31.26686" lon="120.4937">
        <ele>144.0</ele>
      </trkpt>
      <trkpt lat="31.266857" lon="120.4937">
        <ele>144.0</ele>
      </trkpt>
      <trkpt lat="31.266851" lon="120.4937">
        <ele>144.0</ele>
      </trkpt>
      <trkpt lat="31.266845" lon="120.493699">
        <ele>144.0</ele>
      </trkpt>
      <trkpt lat="31.26684" lon="120.493698">
        <ele>144.0</ele>
      </trkpt>
      <trkpt lat="31.266834" lon="120.493697">
        <ele>144.0</ele>
      </trkpt>
      <trkpt lat="31.26683" lon="120.493696">
        <ele>144.0</ele>
      </trkpt>
      <trkpt lat="31.266825" lon="120.493695">
        <ele>145.0</ele>
      </trkpt>
      <trkpt lat="31.266819" lon="120.493694">
        <ele>145.0</ele>
      </trkpt>
      <trkpt lat="31.266814" lon="120.493694">
        <ele>145.0</ele>
      </trkpt>
      <trkpt lat="31.266803" lon="120.493702">
        <ele>147.0</ele>
      </trkpt>
      <trkpt lat="31.266791" lon="120.493719">
        <ele>149.0</ele>
      </trkpt>
      <trkpt lat="31.266776" lon="120.493739">
        <ele>153.0</ele>
      </trkpt>
      <trkpt lat="31.26676" lon="120.493758">
        <ele>155.0</ele>
      </trkpt>
      <trkpt lat="31.266739" lon="120.493772">
        <ele>156.0</ele>
      </trkpt>
      <trkpt lat="31.266735" lon="120.493774">
        <ele>156.0</ele>
      </trkpt>
      <trkpt lat="31.26673" lon="120.493777">
        <ele>157.0</ele>
      </trkpt>
      <trkpt lat="31.266725" lon="120.493779">
        <ele>157.0</ele>
      </trkpt>
      <trkpt lat="31.266721" lon="120.493782">
        <ele>157.0</ele>
      </trkpt>
      <trkpt lat="31.266708" lon="120.493788">
        <ele>157.0</ele>
      </trkpt>
      <trkpt lat="31.266695" lon="120.493795">
        <ele>157.0</ele>
      </trkpt>
      <trkpt lat="31.266685" lon="120.493799">
        <ele>158.0</ele>
      </trkpt>
      <trkpt lat="31.266675" lon="120.493803">
        <ele>158.0</ele>
      </trkpt>
      <trkpt lat="31.266668" lon="120.493804">
        <ele>158.0</ele>
      </trkpt>
      <trkpt lat="31.26666" lon="120.493806">
        <ele>158.0</ele>
      </trkpt>
      <trkpt lat="31.266654" lon="120.493806">
        <ele>158.0</ele>
      </trkpt>
      <trkpt lat="31.266647" lon="120.493805">
        <ele>159.0</ele>
      </trkpt>
      <trkpt lat="31.266641" lon="120.493804">
        <ele>159.0</ele>
      </trkpt>
      <trkpt lat="31.266635" lon="120.493802">
        <ele>159.0</ele>
      </trkpt>
      <trkpt lat="31.266628" lon="120.493799">
        <ele>159.0</ele>
      </trkpt>
      <trkpt lat="31.266621" lon="120.493796">
        <ele>159.0</ele>
      </trkpt>
      <trkpt lat="31.266613" lon="120.493793">
        <ele>160.0</ele>
      </trkpt>
      <trkpt lat="31.266605" lon="120.49379">
        <ele>160.0</ele>
      </trkpt>
      <trkpt lat="31.266597" lon="120.493786">
        <ele>160.0</ele>
      </trkpt>
      <trkpt lat="31.266589" lon="120.493783">
        <ele>160.0</ele>
      </trkpt>
      <trkpt lat="31.266582" lon="120.49378">
        <ele>160.0</ele>
      </trkpt>
      <trkpt lat="31.266574" lon="120.493777">
        <ele>161.0</ele>
      </trkpt>
      <trkpt lat="31.266567" lon="120.493774">
        <ele>161.0</ele>
      </trkpt>
      <trkpt lat="31.26656" lon="120.493772">
        <ele>161.0</ele>
      </trkpt>
      <trkpt lat="31.266553" lon="120.493768">
        <ele>161.0</ele>
      </trkpt>
      <trkpt lat="31.266547" lon="120.493764">
        <ele>161.0</ele>
      </trkpt>
      <trkpt lat="31.26654" lon="120.49376">
        <ele>162.0</ele>
      </trkpt>
      <trkpt lat="31.266534" lon="120.493755">
        <ele>162.0</ele>
      </trkpt>
      <trkpt lat="31.266528" lon="120.493749">
        <ele>162.0</ele>
      </trkpt>
      <trkpt lat="31.266521" lon="120.493743">
        <ele>162.0</ele>
      </trkpt>
      <trkpt lat="31.266514" lon="120.493735">
        <ele>162.0</ele>
      </trkpt>
      <trkpt lat="31.266508" lon="120.493728">
        <ele>162.0</ele>
      </trkpt>
      <trkpt lat="31.266501" lon="120.49372">
        <ele>162.0</ele>
      </trkpt>
      <trkpt lat="31.266494" lon="120.493713">
        <ele>162.0</ele>
      </trkpt>
      <trkpt lat="31.266486" lon="120.493707">
        <ele>162.0</ele>
      </trkpt>
      <trkpt lat="31.266479" lon="120.493701">
        <ele>162.0</ele>
      </trkpt>
      <trkpt lat="31.266471" lon="120.493698">
        <ele>163.0</ele>
      </trkpt>
      <trkpt lat="31.266464" lon="120.493694">
        <ele>163.0</ele>
      </trkpt>
      <trkpt lat="31.266456" lon="120.493691">
        <ele>163.0</ele>
      </trkpt>
      <trkpt lat="31.266447" lon="120.493688">
        <ele>163.0</ele>
      </trkpt>
      <trkpt lat="31.266438" lon="120.493685">
        <ele>163.0</ele>
      </trkpt>
      <trkpt lat="31.266429" lon="120.493682">
        <ele>164.0</ele>
      </trkpt>
      <trkpt lat="31.26642" lon="120.493678">
        <ele>164.0</ele>
      </trkpt>
      <trkpt lat="31.266412" lon="120.493674">
        <ele>164.0</ele>
      </trkpt>
      <trkpt lat="31.266404" lon="120.49367">
        <ele>164.0</ele>
      </trkpt>
      <trkpt lat="31.266397" lon="120.493665">
        <ele>164.0</ele>
      </trkpt>
      <trkpt lat="31.266391" lon="120.493659">
        <ele>165.0</ele>
      </trkpt>
      <trkpt lat="31.266384" lon="120.493654">
        <ele>165.0</ele>
      </trkpt>
      <trkpt lat="31.266377" lon="120.493648">
        <ele>165.0</ele>
      </trkpt>
      <trkpt lat="31.26637" lon="120.493642">
        <ele>165.0</ele>
      </trkpt>
      <trkpt lat="31.266363" lon="120.493637">
        <ele>165.0</ele>
      </trkpt>
      <trkpt lat="31.266355" lon="120.493632">
        <ele>165.0</ele>
      </trkpt>
      <trkpt lat="31.266347" lon="120.493628">
        <ele>165.0</ele>
      </trkpt>
      <trkpt lat="31.266338" lon="120.493624">
        <ele>165.0</ele>
      </trkpt>
      <trkpt lat="31.26633" lon="120.49362">
        <ele>165.0</ele>
      </trkpt>
      <trkpt lat="31.266321" lon="120.493616">
        <ele>165.0</ele>
      </trkpt>
      <trkpt lat="31.266311" lon="120.493611">
        <ele>166.0</ele>
      </trkpt>
      <trkpt lat="31.266301" lon="120.493606">
        <ele>166.0</ele>
      </trkpt>
      <trkpt lat="31.266292" lon="120.493601">
        <ele>166.0</ele>
      </trkpt>
      <trkpt lat="31.266284" lon="120.493597">
        <ele>166.0</ele>
      </trkpt>
      <trkpt lat="31.266275" lon="120.493591">
        <ele>166.0</ele>
      </trkpt>
      <trkpt lat="31.266269" lon="120.493587">
        <ele>166.0</ele>
      </trkpt>
      <trkpt lat="31.266263" lon="120.493584">
        <ele>166.0</ele>
      </trkpt>
      <trkpt lat="31.266257" lon="120.49358">
        <ele>166.0</ele>
      </trkpt>
      <trkpt lat="31.266251" lon="120.493575">
        <ele>166.0</ele>
      </trkpt>
      <trkpt lat="31.266245" lon="120.493569">
        <ele>166.0</ele>
      </trkpt>
      <trkpt lat="31.266238" lon="120.493562">
        <ele>166.0</ele>
      </trkpt>
      <trkpt lat="31.26623" lon="120.493554">
        <ele>166.0</ele>
      </trkpt>
      <trkpt lat="31.266222" lon="120.493545">
        <ele>166.0</ele>
      </trkpt>
      <trkpt lat="31.266213" lon="120.493538">
        <ele>166.0</ele>
      </trkpt>
      <trkpt lat="31.266204" lon="120.493531">
        <ele>167.0</ele>
      </trkpt>
      <trkpt lat="31.266195" lon="120.493525">
        <ele>167.0</ele>
      </trkpt>
      <trkpt lat="31.266187" lon="120.49352">
        <ele>167.0</ele>
      </trkpt>
      <trkpt lat="31.266177" lon="120.493515">
        <ele>167.0</ele>
      </trkpt>
      <trkpt lat="31.266169" lon="120.49351">
        <ele>167.0</ele>
      </trkpt>
      <trkpt lat="31.266159" lon="120.493506">
        <ele>168.0</ele>
      </trkpt>
      <trkpt lat="31.266149" lon="120.493501">
        <ele>168.0</ele>
      </trkpt>
      <trkpt lat="31.266139" lon="120.493498">
        <ele>168.0</ele>
      </trkpt>
      <trkpt lat="31.26613" lon="120.493495">
        <ele>168.0</ele>
      </trkpt>
      <trkpt lat="31.26612" lon="120.493494">
        <ele>168.0</ele>
      </trkpt>
      <trkpt lat="31.26611" lon="120.493493">
        <ele>169.0</ele>
      </trkpt>
      <trkpt lat="31.266099" lon="120.493492">
        <ele>169.0</ele>
      </trkpt>
      <trkpt lat="31.266089" lon="120.493491">
        <ele>169.0</ele>
      </trkpt>
      <trkpt lat="31.266078" lon="120.493489">
        <ele>170.0</ele>
      </trkpt>
      <trkpt lat="31.266068" lon="120.493488">
        <ele>170.0</ele>
      </trkpt>
      <trkpt lat="31.266058" lon="120.493486">
        <ele>171.0</ele>
      </trkpt>
      <trkpt lat="31.266049" lon="120.493483">
        <ele>171.0</ele>
      </trkpt>
      <trkpt lat="31.266039" lon="120.493481">
        <ele>171.0</ele>
      </trkpt>
      <trkpt lat="31.26603" lon="120.493478">
        <ele>171.0</ele>
      </trkpt>
      <trkpt lat="31.26602" lon="120.493477">
        <ele>171.0</ele>
      </trkpt>
      <trkpt lat="31.26601" lon="120.493477">
        <ele>172.0</ele>
      </trkpt>
      <trkpt lat="31.266001" lon="120.493477">
        <ele>172.0</ele>
      </trkpt>
      <trkpt lat="31.265991" lon="120.493478">
        <ele>172.0</ele>
      </trkpt>
      <trkpt lat="31.265983" lon="120.49348">
        <ele>172.0</ele>
      </trkpt>
      <trkpt lat="31.265975" lon="120.493482">
        <ele>172.0</ele>
      </trkpt>
      <trkpt lat="31.265967" lon="120.493485">
        <ele>173.0</ele>
      </trkpt>
      <trkpt lat="31.265958" lon="120.493488">
        <ele>173.0</ele>
      </trkpt>
      <trkpt lat="31.265949" lon="120.493493">
        <ele>173.0</ele>
      </trkpt>
      <trkpt lat="31.26594" lon="120.493498">
        <ele>173.0</ele>
      </trkpt>
      <trkpt lat="31.265929" lon="120.493503">
        <ele>173.0</ele>
      </trkpt>
      <trkpt lat="31.265918" lon="120.493509">
        <ele>173.0</ele>
      </trkpt>
      <trkpt lat="31.265907" lon="120.493515">
        <ele>173.0</ele>
      </trkpt>
      <trkpt lat="31.265896" lon="120.49352">
        <ele>173.0</ele>
      </trkpt>
      <trkpt lat="31.265886" lon="120.493524">
        <ele>173.0</ele>
      </trkpt>
      <trkpt lat="31.265875" lon="120.493528">
        <ele>173.0</ele>
      </trkpt>
      <trkpt lat="31.265867" lon="120.493533">
        <ele>173.0</ele>
      </trkpt>
      <trkpt lat="31.265859" lon="120.493538">
        <ele>173.0</ele>
      </trkpt>
      <trkpt lat="31.265852" lon="120.493543">
        <ele>173.0</ele>
      </trkpt>
      <trkpt lat="31.265845" lon="120.493549">
        <ele>173.0</ele>
      </trkpt>
      <trkpt lat="31.265838" lon="120.493555">
        <ele>173.0</ele>
      </trkpt>
      <trkpt lat="31.265832" lon="120.493561">
        <ele>174.0</ele>
      </trkpt>
      <trkpt lat="31.265826" lon="120.493569">
        <ele>174.0</ele>
      </trkpt>
      <trkpt lat="31.265821" lon="120.493576">
        <ele>174.0</ele>
      </trkpt>
      <trkpt lat="31.265817" lon="120.493585">
        <ele>174.0</ele>
      </trkpt>
      <trkpt lat="31.265813" lon="120.493594">
        <ele>174.0</ele>
      </trkpt>
      <trkpt lat="31.26581" lon="120.493603">
        <ele>174.0</ele>
      </trkpt>
      <trkpt lat="31.265807" lon="120.493612">
        <ele>174.0</ele>
      </trkpt>
      <trkpt lat="31.265803" lon="120.493621">
        <ele>174.0</ele>
      </trkpt>
      <trkpt lat="31.2658" lon="120.49363">
        <ele>174.0</ele>
      </trkpt>
      <trkpt lat="31.265795" lon="120.493639">
        <ele>174.0</ele>
      </trkpt>
      <trkpt lat="31.26579" lon="120.493647">
        <ele>175.0</ele>
      </trkpt>
      <trkpt lat="31.265784" lon="120.493656">
        <ele>175.0</ele>
      </trkpt>
      <trkpt lat="31.265778" lon="120.493665">
        <ele>175.0</ele>
      </trkpt>
      <trkpt lat="31.265772" lon="120.493675">
        <ele>176.0</ele>
      </trkpt>
      <trkpt lat="31.265766" lon="120.493685">
        <ele>176.0</ele>
      </trkpt>
      <trkpt lat="31.26576" lon="120.493695">
        <ele>177.0</ele>
      </trkpt>
      <trkpt lat="31.265754" lon="120.493706">
        <ele>177.0</ele>
      </trkpt>
      <trkpt lat="31.265748" lon="120.493716">
        <ele>177.0</ele>
      </trkpt>
      <trkpt lat="31.265743" lon="120.493726">
        <ele>177.0</ele>
      </trkpt>
      <trkpt lat="31.265735" lon="120.493734">
        <ele>177.0</ele>
      </trkpt>
      <trkpt lat="31.265727" lon="120.493742">
        <ele>178.0</ele>
      </trkpt>
      <trkpt lat="31.265719" lon="120.493748">
        <ele>178.0</ele>
      </trkpt>
      <trkpt lat="31.26571" lon="120.493755">
        <ele>178.0</ele>
      </trkpt>
      <trkpt lat="31.265701" lon="120.49376">
        <ele>178.0</ele>
      </trkpt>
      <trkpt lat="31.265691" lon="120.493766">
        <ele>178.0</ele>
      </trkpt>
      <trkpt lat="31.265682" lon="120.49377">
        <ele>178.0</ele>
      </trkpt>
      <trkpt lat="31.265673" lon="120.493774">
        <ele>178.0</ele>
      </trkpt>
      <trkpt lat="31.265666" lon="120.493774">
        <ele>178.0</ele>
      </trkpt>
      <trkpt lat="31.265659" lon="120.493774">
        <ele>178.0</ele>
      </trkpt>
      <trkpt lat="31.265653" lon="120.493772">
        <ele>178.0</ele>
      </trkpt>
      <trkpt lat="31.265646" lon="120.493771">
        <ele>178.0</ele>
      </trkpt>
      <trkpt lat="31.265638" lon="120.493769">
        <ele>177.0</ele>
      </trkpt>
      <trkpt lat="31.265631" lon="120.493768">
        <ele>177.0</ele>
      </trkpt>
      <trkpt lat="31.265622" lon="120.493766">
        <ele>177.0</ele>
      </trkpt>
      <trkpt lat="31.265613" lon="120.493764">
        <ele>177.0</ele>
      </trkpt>
      <trkpt lat="31.265605" lon="120.493762">
        <ele>177.0</ele>
      </trkpt>
      <trkpt lat="31.265596" lon="120.49376">
        <ele>176.0</ele>
      </trkpt>
      <trkpt lat="31.265588" lon="120.493758">
        <ele>176.0</ele>
      </trkpt>
      <trkpt lat="31.26558" lon="120.493757">
        <ele>176.0</ele>
      </trkpt>
      <trkpt lat="31.265556" lon="120.493755">
        <ele>174.0</ele>
      </trkpt>
      <trkpt lat="31.265546" lon="120.493753">
        <ele>174.0</ele>
      </trkpt>
      <trkpt lat="31.265537" lon="120.493752">
        <ele>174.0</ele>
      </trkpt>
      <trkpt lat="31.265529" lon="120.493751">
        <ele>174.0</ele>
      </trkpt>
      <trkpt lat="31.265521" lon="120.493749">
        <ele>174.0</ele>
      </trkpt>
      <trkpt lat="31.265514" lon="120.493746">
        <ele>173.0</ele>
      </trkpt>
      <trkpt lat="31.265506" lon="120.493743">
        <ele>173.0</ele>
      </trkpt>
      <trkpt lat="31.2655" lon="120.49374">
        <ele>173.0</ele>
      </trkpt>
      <trkpt lat="31.265494" lon="120.493736">
        <ele>173.0</ele>
      </trkpt>
      <trkpt lat="31.265487" lon="120.493731">
        <ele>173.0</ele>
      </trkpt>
      <trkpt lat="31.265481" lon="120.493727">
        <ele>172.0</ele>
      </trkpt>
      <trkpt lat="31.265472" lon="120.493722">
        <ele>172.0</ele>
      </trkpt>
      <trkpt lat="31.265462" lon="120.493717">
        <ele>171.0</ele>
      </trkpt>
      <trkpt lat="31.265449" lon="120.493713">
        <ele>171.0</ele>
      </trkpt>
      <trkpt lat="31.265436" lon="120.493709">
        <ele>171.0</ele>
      </trkpt>
      <trkpt lat="31.26542" lon="120.493711">
        <ele>170.0</ele>
      </trkpt>
      <trkpt lat="31.265405" lon="120.493712">
        <ele>170.0</ele>
      </trkpt>
      <trkpt lat="31.265391" lon="120.49372">
        <ele>169.0</ele>
      </trkpt>
      <trkpt lat="31.265376" lon="120.493729">
        <ele>169.0</ele>
      </trkpt>
      <trkpt lat="31.265365" lon="120.493745">
        <ele>169.0</ele>
      </trkpt>
      <trkpt lat="31.265354" lon="120.49376">
        <ele>168.0</ele>
      </trkpt>
      <trkpt lat="31.265346" lon="120.493781">
        <ele>168.0</ele>
      </trkpt>
      <trkpt lat="31.265339" lon="120.493801">
        <ele>168.0</ele>
      </trkpt>
      <trkpt lat="31.265332" lon="120.493824">
        <ele>168.0</ele>
      </trkpt>
      <trkpt lat="31.265326" lon="120.493846">
        <ele>168.0</ele>
      </trkpt>
      <trkpt lat="31.26532" lon="120.49387">
        <ele>168.0</ele>
      </trkpt>
      <trkpt lat="31.265313" lon="120.493894">
        <ele>168.0</ele>
      </trkpt>
      <trkpt lat="31.265307" lon="120.493918">
        <ele>168.0</ele>
      </trkpt>
      <trkpt lat="31.265301" lon="120.493942">
        <ele>168.0</ele>
      </trkpt>
      <trkpt lat="31.265295" lon="120.493965">
        <ele>169.0</ele>
      </trkpt>
      <trkpt lat="31.265289" lon="120.493988">
        <ele>169.0</ele>
      </trkpt>
      <trkpt lat="31.265284" lon="120.494012">
        <ele>169.0</ele>
      </trkpt>
      <trkpt lat="31.265279" lon="120.494035">
        <ele>169.0</ele>
      </trkpt>
      <trkpt lat="31.265273" lon="120.494058">
        <ele>169.0</ele>
      </trkpt>
      <trkpt lat="31.265268" lon="120.494082">
        <ele>169.0</ele>
      </trkpt>
      <trkpt lat="31.265261" lon="120.494107">
        <ele>169.0</ele>
      </trkpt>
      <trkpt lat="31.265254" lon="120.494132">
        <ele>169.0</ele>
      </trkpt>
      <trkpt lat="31.265246" lon="120.494157">
        <ele>169.0</ele>
      </trkpt>
      <trkpt lat="31.265239" lon="120.494181">
        <ele>169.0</ele>
      </trkpt>
      <trkpt lat="31.265232" lon="120.494204">
        <ele>169.0</ele>
      </trkpt>
      <trkpt lat="31.265226" lon="120.494228">
        <ele>169.0</ele>
      </trkpt>
      <trkpt lat="31.265219" lon="120.49425">
        <ele>169.0</ele>
      </trkpt>
      <trkpt lat="31.265213" lon="120.494273">
        <ele>169.0</ele>
      </trkpt>
      <trkpt lat="31.265206" lon="120.494295">
        <ele>169.0</ele>
      </trkpt>
      <trkpt lat="31.265199" lon="120.494318">
        <ele>169.0</ele>
      </trkpt>
      <trkpt lat="31.265194" lon="120.494342">
        <ele>169.0</ele>
      </trkpt>
      <trkpt lat="31.265188" lon="120.494365">
        <ele>169.0</ele>
      </trkpt>
      <trkpt lat="31.265185" lon="120.49439">
        <ele>169.0</ele>
      </trkpt>
      <trkpt lat="31.265181" lon="120.494414">
        <ele>169.0</ele>
      </trkpt>
      <trkpt lat="31.265179" lon="120.494437">
        <ele>169.0</ele>
      </trkpt>
      <trkpt lat="31.265176" lon="120.49446">
        <ele>169.0</ele>
      </trkpt>
      <trkpt lat="31.265173" lon="120.494484">
        <ele>169.0</ele>
      </trkpt>
      <trkpt lat="31.26517" lon="120.494507">
        <ele>169.0</ele>
      </trkpt>
      <trkpt lat="31.265166" lon="120.494531">
        <ele>169.0</ele>
      </trkpt>
      <trkpt lat="31.265161" lon="120.494555">
        <ele>169.0</ele>
      </trkpt>
      <trkpt lat="31.265157" lon="120.494579">
        <ele>169.0</ele>
      </trkpt>
      <trkpt lat="31.265152" lon="120.494602">
        <ele>169.0</ele>
      </trkpt>
      <trkpt lat="31.265149" lon="120.494624">
        <ele>169.0</ele>
      </trkpt>
      <trkpt lat="31.265145" lon="120.494645">
        <ele>169.0</ele>
      </trkpt>
      <trkpt lat="31.265143" lon="120.494664">
        <ele>169.0</ele>
      </trkpt>
      <trkpt lat="31.265142" lon="120.494683">
        <ele>169.0</ele>
      </trkpt>
      <trkpt lat="31.265141" lon="120.494701">
        <ele>169.0</ele>
      </trkpt>
      <trkpt lat="31.265141" lon="120.494718">
        <ele>169.0</ele>
      </trkpt>
      <trkpt lat="31.265137" lon="120.494733">
        <ele>169.0</ele>
      </trkpt>
      <trkpt lat="31.265134" lon="120.494747">
        <ele>170.0</ele>
      </trkpt>
      <trkpt lat="31.265129" lon="120.49476">
        <ele>170.0</ele>
      </trkpt>
      <trkpt lat="31.265124" lon="120.494772">
        <ele>170.0</ele>
      </trkpt>
      <trkpt lat="31.265116" lon="120.494784">
        <ele>170.0</ele>
      </trkpt>
      <trkpt lat="31.265109" lon="120.494796">
        <ele>170.0</ele>
      </trkpt>
      <trkpt lat="31.265101" lon="120.494811">
        <ele>170.0</ele>
      </trkpt>
      <trkpt lat="31.265093" lon="120.494827">
        <ele>170.0</ele>
      </trkpt>
      <trkpt lat="31.265084" lon="120.494846">
        <ele>170.0</ele>
      </trkpt>
      <trkpt lat="31.265075" lon="120.494865">
        <ele>170.0</ele>
      </trkpt>
      <trkpt lat="31.265066" lon="120.494888">
        <ele>170.0</ele>
      </trkpt>
      <trkpt lat="31.265058" lon="120.494912">
        <ele>170.0</ele>
      </trkpt>
      <trkpt lat="31.265049" lon="120.494936">
        <ele>170.0</ele>
      </trkpt>
      <trkpt lat="31.265041" lon="120.494959">
        <ele>170.0</ele>
      </trkpt>
      <trkpt lat="31.265034" lon="120.494981">
        <ele>170.0</ele>
      </trkpt>
      <trkpt lat="31.265026" lon="120.495002">
        <ele>170.0</ele>
      </trkpt>
      <trkpt lat="31.265021" lon="120.495019">
        <ele>170.0</ele>
      </trkpt>
      <trkpt lat="31.265015" lon="120.495037">
        <ele>170.0</ele>
      </trkpt>
      <trkpt lat="31.265011" lon="120.49505">
        <ele>170.0</ele>
      </trkpt>
      <trkpt lat="31.265007" lon="120.495064">
        <ele>170.0</ele>
      </trkpt>
      <trkpt lat="31.265001" lon="120.495075">
        <ele>170.0</ele>
      </trkpt>
      <trkpt lat="31.264995" lon="120.495086">
        <ele>170.0</ele>
      </trkpt>
      <trkpt lat="31.264987" lon="120.495096">
        <ele>170.0</ele>
      </trkpt>
      <trkpt lat="31.26498" lon="120.495107">
        <ele>170.0</ele>
      </trkpt>
      <trkpt lat="31.264975" lon="120.495118">
        <ele>170.0</ele>
      </trkpt>
      <trkpt lat="31.264969" lon="120.495129">
        <ele>170.0</ele>
      </trkpt>
      <trkpt lat="31.264965" lon="120.495141">
        <ele>170.0</ele>
      </trkpt>
      <trkpt lat="31.264962" lon="120.495153">
        <ele>170.0</ele>
      </trkpt>
      <trkpt lat="31.264957" lon="120.495166">
        <ele>170.0</ele>
      </trkpt>
      <trkpt lat="31.264953" lon="120.495179">
        <ele>170.0</ele>
      </trkpt>
      <trkpt lat="31.264948" lon="120.49519">
        <ele>170.0</ele>
      </trkpt>
      <trkpt lat="31.264943" lon="120.495202">
        <ele>171.0</ele>
      </trkpt>
      <trkpt lat="31.264939" lon="120.495214">
        <ele>171.0</ele>
      </trkpt>
      <trkpt lat="31.264935" lon="120.495226">
        <ele>171.0</ele>
      </trkpt>
      <trkpt lat="31.26493" lon="120.49524">
        <ele>171.0</ele>
      </trkpt>
      <trkpt lat="31.264926" lon="120.495254">
        <ele>171.0</ele>
      </trkpt>
      <trkpt lat="31.264923" lon="120.495268">
        <ele>171.0</ele>
      </trkpt>
      <trkpt lat="31.264919" lon="120.495283">
        <ele>171.0</ele>
      </trkpt>
      <trkpt lat="31.264915" lon="120.495297">
        <ele>171.0</ele>
      </trkpt>
      <trkpt lat="31.264911" lon="120.495312">
        <ele>171.0</ele>
      </trkpt>
      <trkpt lat="31.264906" lon="120.495326">
        <ele>171.0</ele>
      </trkpt>
      <trkpt lat="31.2649" lon="120.495341">
        <ele>172.0</ele>
      </trkpt>
      <trkpt lat="31.264895" lon="120.495356">
        <ele>172.0</ele>
      </trkpt>
      <trkpt lat="31.26489" lon="120.495372">
        <ele>172.0</ele>
      </trkpt>
      <trkpt lat="31.264885" lon="120.495387">
        <ele>172.0</ele>
      </trkpt>
      <trkpt lat="31.264881" lon="120.495402">
        <ele>172.0</ele>
      </trkpt>
      <trkpt lat="31.264878" lon="120.495416">
        <ele>172.0</ele>
      </trkpt>
      <trkpt lat="31.264876" lon="120.49543">
        <ele>172.0</ele>
      </trkpt>
      <trkpt lat="31.264873" lon="120.495444">
        <ele>172.0</ele>
      </trkpt>
      <trkpt lat="31.264871" lon="120.495458">
        <ele>172.0</ele>
      </trkpt>
      <trkpt lat="31.264868" lon="120.495471">
        <ele>172.0</ele>
      </trkpt>
      <trkpt lat="31.264865" lon="120.495485">
        <ele>172.0</ele>
      </trkpt>
      <trkpt lat="31.264863" lon="120.495499">
        <ele>172.0</ele>
      </trkpt>
      <trkpt lat="31.26486" lon="120.495513">
        <ele>172.0</ele>
      </trkpt>
      <trkpt lat="31.264858" lon="120.495528">
        <ele>172.0</ele>
      </trkpt>
      <trkpt lat="31.264855" lon="120.495542">
        <ele>172.0</ele>
      </trkpt>
      <trkpt lat="31.26485" lon="120.495556">
        <ele>173.0</ele>
      </trkpt>
      <trkpt lat="31.264845" lon="120.49557">
        <ele>173.0</ele>
      </trkpt>
      <trkpt lat="31.264837" lon="120.495584">
        <ele>173.0</ele>
      </trkpt>
      <trkpt lat="31.264829" lon="120.495598">
        <ele>173.0</ele>
      </trkpt>
      <trkpt lat="31.264819" lon="120.495609">
        <ele>173.0</ele>
      </trkpt>
      <trkpt lat="31.26481" lon="120.49562">
        <ele>173.0</ele>
      </trkpt>
      <trkpt lat="31.264799" lon="120.495629">
        <ele>172.0</ele>
      </trkpt>
      <trkpt lat="31.264789" lon="120.495639">
        <ele>172.0</ele>
      </trkpt>
      <trkpt lat="31.264776" lon="120.495646">
        <ele>172.0</ele>
      </trkpt>
      <trkpt lat="31.264764" lon="120.495653">
        <ele>172.0</ele>
      </trkpt>
      <trkpt lat="31.264748" lon="120.49566">
        <ele>172.0</ele>
      </trkpt>
      <trkpt lat="31.264733" lon="120.495667">
        <ele>171.0</ele>
      </trkpt>
      <trkpt lat="31.264718" lon="120.495676">
        <ele>171.0</ele>
      </trkpt>
      <trkpt lat="31.264703" lon="120.495686">
        <ele>171.0</ele>
      </trkpt>
      <trkpt lat="31.264692" lon="120.495697">
        <ele>171.0</ele>
      </trkpt>
      <trkpt lat="31.264682" lon="120.495707">
        <ele>171.0</ele>
      </trkpt>
      <trkpt lat="31.264676" lon="120.495718">
        <ele>170.0</ele>
      </trkpt>
      <trkpt lat="31.264671" lon="120.495729">
        <ele>170.0</ele>
      </trkpt>
      <trkpt lat="31.264667" lon="120.49574">
        <ele>170.0</ele>
      </trkpt>
      <trkpt lat="31.264664" lon="120.495751">
        <ele>170.0</ele>
      </trkpt>
      <trkpt lat="31.264661" lon="120.495761">
        <ele>169.0</ele>
      </trkpt>
      <trkpt lat="31.264661" lon="120.495764">
        <ele>169.0</ele>
      </trkpt>
      <trkpt lat="31.26466" lon="120.495767">
        <ele>169.0</ele>
      </trkpt>
      <trkpt lat="31.26466" lon="120.495763">
        <ele>169.0</ele>
      </trkpt>
      <trkpt lat="31.264661" lon="120.495759">
        <ele>169.0</ele>
      </trkpt>
      <trkpt lat="31.264664" lon="120.49575">
        <ele>169.0</ele>
      </trkpt>
      <trkpt lat="31.264667" lon="120.495742">
        <ele>169.0</ele>
      </trkpt>
      <trkpt lat="31.264672" lon="120.495732">
        <ele>169.0</ele>
      </trkpt>
      <trkpt lat="31.264677" lon="120.495723">
        <ele>169.0</ele>
      </trkpt>
      <trkpt lat="31.264683" lon="120.495715">
        <ele>169.0</ele>
      </trkpt>
      <trkpt lat="31.264689" lon="120.495707">
        <ele>169.0</ele>
      </trkpt>
      <trkpt lat="31.264697" lon="120.495701">
        <ele>169.0</ele>
      </trkpt>
      <trkpt lat="31.264705" lon="120.495696">
        <ele>169.0</ele>
      </trkpt>
      <trkpt lat="31.264713" lon="120.495693">
        <ele>170.0</ele>
      </trkpt>
      <trkpt lat="31.264722" lon="120.49569">
        <ele>170.0</ele>
      </trkpt>
      <trkpt lat="31.264729" lon="120.49569">
        <ele>170.0</ele>
      </trkpt>
      <trkpt lat="31.264737" lon="120.49569">
        <ele>170.0</ele>
      </trkpt>
      <trkpt lat="31.264743" lon="120.495693">
        <ele>170.0</ele>
      </trkpt>
      <trkpt lat="31.264749" lon="120.495696">
        <ele>171.0</ele>
      </trkpt>
      <trkpt lat="31.264752" lon="120.495704">
        <ele>171.0</ele>
      </trkpt>
      <trkpt lat="31.264755" lon="120.495712">
        <ele>171.0</ele>
      </trkpt>
      <trkpt lat="31.264756" lon="120.495722">
        <ele>172.0</ele>
      </trkpt>
      <trkpt lat="31.264757" lon="120.495733">
        <ele>172.0</ele>
      </trkpt>
      <trkpt lat="31.264759" lon="120.495742">
        <ele>173.0</ele>
      </trkpt>
      <trkpt lat="31.26476" lon="120.495751">
        <ele>173.0</ele>
      </trkpt>
      <trkpt lat="31.26476" lon="120.49576">
        <ele>173.0</ele>
      </trkpt>
      <trkpt lat="31.264759" lon="120.495769">
        <ele>173.0</ele>
      </trkpt>
      <trkpt lat="31.264754" lon="120.495779">
        <ele>173.0</ele>
      </trkpt>
      <trkpt lat="31.264749" lon="120.49579">
        <ele>174.0</ele>
      </trkpt>
      <trkpt lat="31.264736" lon="120.495803">
        <ele>174.0</ele>
      </trkpt>
      <trkpt lat="31.264724" lon="120.495816">
        <ele>174.0</ele>
      </trkpt>
      <trkpt lat="31.264707" lon="120.495833">
        <ele>174.0</ele>
      </trkpt>
      <trkpt lat="31.26469" lon="120.495849">
        <ele>174.0</ele>
      </trkpt>
      <trkpt lat="31.264671" lon="120.495867">
        <ele>174.0</ele>
      </trkpt>
      <trkpt lat="31.264652" lon="120.495885">
        <ele>174.0</ele>
      </trkpt>
      <trkpt lat="31.264633" lon="120.495904">
        <ele>174.0</ele>
      </trkpt>
      <trkpt lat="31.264613" lon="120.495923">
        <ele>174.0</ele>
      </trkpt>
      <trkpt lat="31.264596" lon="120.495944">
        <ele>174.0</ele>
      </trkpt>
      <trkpt lat="31.264578" lon="120.495965">
        <ele>174.0</ele>
      </trkpt>
      <trkpt lat="31.264561" lon="120.495989">
        <ele>174.0</ele>
      </trkpt>
      <trkpt lat="31.264545" lon="120.496012">
        <ele>174.0</ele>
      </trkpt>
      <trkpt lat="31.26453" lon="120.496037">
        <ele>174.0</ele>
      </trkpt>
      <trkpt lat="31.264515" lon="120.496061">
        <ele>174.0</ele>
      </trkpt>
      <trkpt lat="31.264501" lon="120.496085">
        <ele>174.0</ele>
      </trkpt>
      <trkpt lat="31.264487" lon="120.496109">
        <ele>174.0</ele>
      </trkpt>
      <trkpt lat="31.264471" lon="120.496131">
        <ele>174.0</ele>
      </trkpt>
      <trkpt lat="31.264455" lon="120.496152">
        <ele>174.0</ele>
      </trkpt>
      <trkpt lat="31.264437" lon="120.49617">
        <ele>174.0</ele>
      </trkpt>
      <trkpt lat="31.264419" lon="120.496188">
        <ele>174.0</ele>
      </trkpt>
      <trkpt lat="31.264399" lon="120.496203">
        <ele>174.0</ele>
      </trkpt>
      <trkpt lat="31.264379" lon="120.496218">
        <ele>174.0</ele>
      </trkpt>
      <trkpt lat="31.264358" lon="120.496231">
        <ele>174.0</ele>
      </trkpt>
      <trkpt lat="31.264338" lon="120.496244">
        <ele>174.0</ele>
      </trkpt>
      <trkpt lat="31.264322" lon="120.496254">
        <ele>174.0</ele>
      </trkpt>
      <trkpt lat="31.264306" lon="120.496263">
        <ele>174.0</ele>
      </trkpt>
      <trkpt lat="31.264295" lon="120.49627">
        <ele>174.0</ele>
      </trkpt>
      <trkpt lat="31.264284" lon="120.496277">
        <ele>174.0</ele>
      </trkpt>
      <trkpt lat="31.264275" lon="120.496283">
        <ele>174.0</ele>
      </trkpt>
      <trkpt lat="31.264267" lon="120.496288">
        <ele>174.0</ele>
      </trkpt>
      <trkpt lat="31.264259" lon="120.496292">
        <ele>174.0</ele>
      </trkpt>
      <trkpt lat="31.264252" lon="120.496297">
        <ele>174.0</ele>
      </trkpt>
      <trkpt lat="31.264244" lon="120.496303">
        <ele>174.0</ele>
      </trkpt>
      <trkpt lat="31.264237" lon="120.496309">
        <ele>174.0</ele>
      </trkpt>
      <trkpt lat="31.264227" lon="120.496319">
        <ele>174.0</ele>
      </trkpt>
      <trkpt lat="31.264217" lon="120.496329">
        <ele>174.0</ele>
      </trkpt>
      <trkpt lat="31.264206" lon="120.496342">
        <ele>174.0</ele>
      </trkpt>
      <trkpt lat="31.264194" lon="120.496355">
        <ele>174.0</ele>
      </trkpt>
      <trkpt lat="31.264182" lon="120.496369">
        <ele>174.0</ele>
      </trkpt>
      <trkpt lat="31.264169" lon="120.496383">
        <ele>174.0</ele>
      </trkpt>
      <trkpt lat="31.264155" lon="120.496396">
        <ele>174.0</ele>
      </trkpt>
      <trkpt lat="31.264141" lon="120.496409">
        <ele>174.0</ele>
      </trkpt>
      <trkpt lat="31.264127" lon="120.496422">
        <ele>174.0</ele>
      </trkpt>
      <trkpt lat="31.264112" lon="120.496436">
        <ele>174.0</ele>
      </trkpt>
      <trkpt lat="31.264099" lon="120.496449">
        <ele>174.0</ele>
      </trkpt>
      <trkpt lat="31.264086" lon="120.496463">
        <ele>173.0</ele>
      </trkpt>
      <trkpt lat="31.264074" lon="120.496474">
        <ele>173.0</ele>
      </trkpt>
      <trkpt lat="31.264062" lon="120.496486">
        <ele>173.0</ele>
      </trkpt>
      <trkpt lat="31.264051" lon="120.496496">
        <ele>173.0</ele>
      </trkpt>
      <trkpt lat="31.26404" lon="120.496507">
        <ele>173.0</ele>
      </trkpt>
      <trkpt lat="31.264029" lon="120.496519">
        <ele>173.0</ele>
      </trkpt>
      <trkpt lat="31.264019" lon="120.496531">
        <ele>173.0</ele>
      </trkpt>
      <trkpt lat="31.26401" lon="120.496546">
        <ele>173.0</ele>
      </trkpt>
      <trkpt lat="31.264001" lon="120.49656">
        <ele>173.0</ele>
      </trkpt>
      <trkpt lat="31.263995" lon="120.496576">
        <ele>173.0</ele>
      </trkpt>
      <trkpt lat="31.263989" lon="120.496592">
        <ele>172.0</ele>
      </trkpt>
      <trkpt lat="31.263985" lon="120.49661">
        <ele>172.0</ele>
      </trkpt>
      <trkpt lat="31.263981" lon="120.496627">
        <ele>172.0</ele>
      </trkpt>
      <trkpt lat="31.263977" lon="120.496644">
        <ele>172.0</ele>
      </trkpt>
      <trkpt lat="31.263974" lon="120.496662">
        <ele>172.0</ele>
      </trkpt>
      <trkpt lat="31.26397" lon="120.496678">
        <ele>172.0</ele>
      </trkpt>
      <trkpt lat="31.263966" lon="120.496695">
        <ele>172.0</ele>
      </trkpt>
      <trkpt lat="31.26396" lon="120.496714">
        <ele>172.0</ele>
      </trkpt>
      <trkpt lat="31.263954" lon="120.496732">
        <ele>172.0</ele>
      </trkpt>
      <trkpt lat="31.263947" lon="120.496753">
        <ele>172.0</ele>
      </trkpt>
      <trkpt lat="31.263939" lon="120.496773">
        <ele>172.0</ele>
      </trkpt>
      <trkpt lat="31.263932" lon="120.496795">
        <ele>172.0</ele>
      </trkpt>
      <trkpt lat="31.263925" lon="120.496816">
        <ele>172.0</ele>
      </trkpt>
      <trkpt lat="31.26392" lon="120.496835">
        <ele>172.0</ele>
      </trkpt>
      <trkpt lat="31.263915" lon="120.496855">
        <ele>172.0</ele>
      </trkpt>
      <trkpt lat="31.263911" lon="120.496872">
        <ele>172.0</ele>
      </trkpt>
      <trkpt lat="31.263907" lon="120.496889">
        <ele>172.0</ele>
      </trkpt>
      <trkpt lat="31.263904" lon="120.496903">
        <ele>172.0</ele>
      </trkpt>
      <trkpt lat="31.2639" lon="120.496917">
        <ele>172.0</ele>
      </trkpt>
      <trkpt lat="31.263896" lon="120.496931">
        <ele>172.0</ele>
      </trkpt>
      <trkpt lat="31.263891" lon="120.496944">
        <ele>172.0</ele>
      </trkpt>
      <trkpt lat="31.263885" lon="120.496958">
        <ele>172.0</ele>
      </trkpt>
      <trkpt lat="31.263879" lon="120.496973">
        <ele>172.0</ele>
      </trkpt>
      <trkpt lat="31.263871" lon="120.496989">
        <ele>172.0</ele>
      </trkpt>
      <trkpt lat="31.263864" lon="120.497005">
        <ele>173.0</ele>
      </trkpt>
      <trkpt lat="31.263856" lon="120.497022">
        <ele>173.0</ele>
      </trkpt>
      <trkpt lat="31.263848" lon="120.497038">
        <ele>173.0</ele>
      </trkpt>
      <trkpt lat="31.263838" lon="120.497053">
        <ele>173.0</ele>
      </trkpt>
      <trkpt lat="31.263829" lon="120.497069">
        <ele>173.0</ele>
      </trkpt>
      <trkpt lat="31.263819" lon="120.497083">
        <ele>173.0</ele>
      </trkpt>
      <trkpt lat="31.26381" lon="120.497098">
        <ele>172.0</ele>
      </trkpt>
      <trkpt lat="31.263801" lon="120.497112">
        <ele>172.0</ele>
      </trkpt>
      <trkpt lat="31.263792" lon="120.497127">
        <ele>172.0</ele>
      </trkpt>
      <trkpt lat="31.263784" lon="120.497143">
        <ele>172.0</ele>
      </trkpt>
      <trkpt lat="31.263777" lon="120.497158">
        <ele>172.0</ele>
      </trkpt>
      <trkpt lat="31.26377" lon="120.497174">
        <ele>172.0</ele>
      </trkpt>
      <trkpt lat="31.263763" lon="120.49719">
        <ele>172.0</ele>
      </trkpt>
      <trkpt lat="31.263757" lon="120.497207">
        <ele>172.0</ele>
      </trkpt>
      <trkpt lat="31.263751" lon="120.497224">
        <ele>172.0</ele>
      </trkpt>
      <trkpt lat="31.263746" lon="120.497241">
        <ele>172.0</ele>
      </trkpt>
      <trkpt lat="31.263741" lon="120.497259">
        <ele>171.0</ele>
      </trkpt>
      <trkpt lat="31.263736" lon="120.497276">
        <ele>171.0</ele>
      </trkpt>
      <trkpt lat="31.263731" lon="120.497293">
        <ele>171.0</ele>
      </trkpt>
      <trkpt lat="31.263725" lon="120.49731">
        <ele>171.0</ele>
      </trkpt>
      <trkpt lat="31.26372" lon="120.497326">
        <ele>171.0</ele>
      </trkpt>
      <trkpt lat="31.263714" lon="120.497342">
        <ele>171.0</ele>
      </trkpt>
      <trkpt lat="31.263708" lon="120.497358">
        <ele>171.0</ele>
      </trkpt>
      <trkpt lat="31.263702" lon="120.497375">
        <ele>171.0</ele>
      </trkpt>
      <trkpt lat="31.263695" lon="120.497392">
        <ele>171.0</ele>
      </trkpt>
      <trkpt lat="31.263688" lon="120.497409">
        <ele>171.0</ele>
      </trkpt>
      <trkpt lat="31.263681" lon="120.497426">
        <ele>170.0</ele>
      </trkpt>
      <trkpt lat="31.263675" lon="120.497441">
        <ele>170.0</ele>
      </trkpt>
      <trkpt lat="31.263669" lon="120.497457">
        <ele>170.0</ele>
      </trkpt>
      <trkpt lat="31.263663" lon="120.497472">
        <ele>170.0</ele>
      </trkpt>
      <trkpt lat="31.263657" lon="120.497486">
        <ele>170.0</ele>
      </trkpt>
      <trkpt lat="31.263652" lon="120.4975">
        <ele>169.0</ele>
      </trkpt>
      <trkpt lat="31.263647" lon="120.497514">
        <ele>169.0</ele>
      </trkpt>
      <trkpt lat="31.263643" lon="120.497529">
        <ele>169.0</ele>
      </trkpt>
      <trkpt lat="31.263639" lon="120.497544">
        <ele>169.0</ele>
      </trkpt>
      <trkpt lat="31.263635" lon="120.49756">
        <ele>169.0</ele>
      </trkpt>
      <trkpt lat="31.263631" lon="120.497575">
        <ele>168.0</ele>
      </trkpt>
      <trkpt lat="31.263628" lon="120.497591">
        <ele>168.0</ele>
      </trkpt>
      <trkpt lat="31.263625" lon="120.497607">
        <ele>167.0</ele>
      </trkpt>
      <trkpt lat="31.263622" lon="120.497622">
        <ele>167.0</ele>
      </trkpt>
      <trkpt lat="31.263619" lon="120.497637">
        <ele>167.0</ele>
      </trkpt>
      <trkpt lat="31.263615" lon="120.49765">
        <ele>166.0</ele>
      </trkpt>
      <trkpt lat="31.26361" lon="120.497664">
        <ele>166.0</ele>
      </trkpt>
      <trkpt lat="31.263605" lon="120.497677">
        <ele>165.0</ele>
      </trkpt>
      <trkpt lat="31.2636" lon="120.497691">
        <ele>165.0</ele>
      </trkpt>
      <trkpt lat="31.263592" lon="120.497706">
        <ele>165.0</ele>
      </trkpt>
      <trkpt lat="31.263585" lon="120.497721">
        <ele>164.0</ele>
      </trkpt>
      <trkpt lat="31.263577" lon="120.497737">
        <ele>164.0</ele>
      </trkpt>
      <trkpt lat="31.263569" lon="120.497753">
        <ele>164.0</ele>
      </trkpt>
      <trkpt lat="31.26356" lon="120.497769">
        <ele>164.0</ele>
      </trkpt>
      <trkpt lat="31.263551" lon="120.497785">
        <ele>164.0</ele>
      </trkpt>
      <trkpt lat="31.263542" lon="120.497799">
        <ele>163.0</ele>
      </trkpt>
      <trkpt lat="31.263532" lon="120.497814">
        <ele>163.0</ele>
      </trkpt>
      <trkpt lat="31.263522" lon="120.497828">
        <ele>163.0</ele>
      </trkpt>
      <trkpt lat="31.263511" lon="120.497841">
        <ele>163.0</ele>
      </trkpt>
      <trkpt lat="31.263501" lon="120.497855">
        <ele>163.0</ele>
      </trkpt>
      <trkpt lat="31.26349" lon="120.497868">
        <ele>162.0</ele>
      </trkpt>
      <trkpt lat="31.26348" lon="120.497883">
        <ele>162.0</ele>
      </trkpt>
      <trkpt lat="31.263469" lon="120.497897">
        <ele>161.0</ele>
      </trkpt>
      <trkpt lat="31.263458" lon="120.497911">
        <ele>161.0</ele>
      </trkpt>
      <trkpt lat="31.263446" lon="120.497926">
        <ele>161.0</ele>
      </trkpt>
      <trkpt lat="31.263435" lon="120.49794">
        <ele>160.0</ele>
      </trkpt>
      <trkpt lat="31.263424" lon="120.497955">
        <ele>160.0</ele>
      </trkpt>
      <trkpt lat="31.263416" lon="120.497968">
        <ele>159.0</ele>
      </trkpt>
      <trkpt lat="31.263408" lon="120.497981">
        <ele>159.0</ele>
      </trkpt>
      <trkpt lat="31.263404" lon="120.497994">
        <ele>159.0</ele>
      </trkpt>
      <trkpt lat="31.2634" lon="120.498008">
        <ele>158.0</ele>
      </trkpt>
      <trkpt lat="31.263398" lon="120.498022">
        <ele>158.0</ele>
      </trkpt>
      <trkpt lat="31.263396" lon="120.498036">
        <ele>157.0</ele>
      </trkpt>
      <trkpt lat="31.263394" lon="120.49805">
        <ele>157.0</ele>
      </trkpt>
      <trkpt lat="31.263392" lon="120.498065">
        <ele>157.0</ele>
      </trkpt>
      <trkpt lat="31.26339" lon="120.49808">
        <ele>156.0</ele>
      </trkpt>
      <trkpt lat="31.263388" lon="120.498095">
        <ele>156.0</ele>
      </trkpt>
      <trkpt lat="31.263387" lon="120.498112">
        <ele>155.0</ele>
      </trkpt>
      <trkpt lat="31.263385" lon="120.498129">
        <ele>155.0</ele>
      </trkpt>
      <trkpt lat="31.263381" lon="120.498146">
        <ele>155.0</ele>
      </trkpt>
      <trkpt lat="31.263377" lon="120.498163">
        <ele>154.0</ele>
      </trkpt>
      <trkpt lat="31.263367" lon="120.498178">
        <ele>154.0</ele>
      </trkpt>
      <trkpt lat="31.263358" lon="120.498192">
        <ele>153.0</ele>
      </trkpt>
      <trkpt lat="31.263344" lon="120.498203">
        <ele>153.0</ele>
      </trkpt>
      <trkpt lat="31.263329" lon="120.498213">
        <ele>153.0</ele>
      </trkpt>
      <trkpt lat="31.263315" lon="120.498223">
        <ele>152.0</ele>
      </trkpt>
      <trkpt lat="31.263301" lon="120.498233">
        <ele>151.0</ele>
      </trkpt>
      <trkpt lat="31.26329" lon="120.498245">
        <ele>151.0</ele>
      </trkpt>
      <trkpt lat="31.26328" lon="120.498258">
        <ele>150.0</ele>
      </trkpt>
      <trkpt lat="31.263271" lon="120.498275">
        <ele>150.0</ele>
      </trkpt>
      <trkpt lat="31.263263" lon="120.498293">
        <ele>149.0</ele>
      </trkpt>
      <trkpt lat="31.263256" lon="120.498312">
        <ele>149.0</ele>
      </trkpt>
      <trkpt lat="31.263248" lon="120.498332">
        <ele>148.0</ele>
      </trkpt>
      <trkpt lat="31.263241" lon="120.498349">
        <ele>148.0</ele>
      </trkpt>
      <trkpt lat="31.263234" lon="120.498366">
        <ele>148.0</ele>
      </trkpt>
      <trkpt lat="31.263225" lon="120.498381">
        <ele>147.0</ele>
      </trkpt>
      <trkpt lat="31.263215" lon="120.498397">
        <ele>147.0</ele>
      </trkpt>
      <trkpt lat="31.263205" lon="120.498416">
        <ele>146.0</ele>
      </trkpt>
      <trkpt lat="31.263194" lon="120.498434">
        <ele>146.0</ele>
      </trkpt>
      <trkpt lat="31.263183" lon="120.498456">
        <ele>146.0</ele>
      </trkpt>
      <trkpt lat="31.263173" lon="120.498477">
        <ele>145.0</ele>
      </trkpt>
      <trkpt lat="31.263162" lon="120.4985">
        <ele>145.0</ele>
      </trkpt>
      <trkpt lat="31.263151" lon="120.498523">
        <ele>144.0</ele>
      </trkpt>
      <trkpt lat="31.263138" lon="120.498543">
        <ele>144.0</ele>
      </trkpt>
      <trkpt lat="31.263124" lon="120.498563">
        <ele>144.0</ele>
      </trkpt>
      <trkpt lat="31.263106" lon="120.498578">
        <ele>143.0</ele>
      </trkpt>
      <trkpt lat="31.263088" lon="120.498593">
        <ele>142.0</ele>
      </trkpt>
      <trkpt lat="31.263066" lon="120.498602">
        <ele>142.0</ele>
      </trkpt>
      <trkpt lat="31.263045" lon="120.498611">
        <ele>141.0</ele>
      </trkpt>
      <trkpt lat="31.263022" lon="120.498616">
        <ele>141.0</ele>
      </trkpt>
      <trkpt lat="31.262999" lon="120.498621">
        <ele>140.0</ele>
      </trkpt>
      <trkpt lat="31.262974" lon="120.498624">
        <ele>140.0</ele>
      </trkpt>
      <trkpt lat="31.262951" lon="120.498628">
        <ele>139.0</ele>
      </trkpt>
      <trkpt lat="31.262927" lon="120.498634">
        <ele>139.0</ele>
      </trkpt>
      <trkpt lat="31.262903" lon="120.498639">
        <ele>139.0</ele>
      </trkpt>
      <trkpt lat="31.262881" lon="120.498647">
        <ele>138.0</ele>
      </trkpt>
      <trkpt lat="31.262859" lon="120.498656">
        <ele>137.0</ele>
      </trkpt>
      <trkpt lat="31.26284" lon="120.498667">
        <ele>137.0</ele>
      </trkpt>
      <trkpt lat="31.262821" lon="120.498679">
        <ele>136.0</ele>
      </trkpt>
      <trkpt lat="31.262805" lon="120.498688">
        <ele>136.0</ele>
      </trkpt>
      <trkpt lat="31.26279" lon="120.498698">
        <ele>135.0</ele>
      </trkpt>
      <trkpt lat="31.262775" lon="120.498703">
        <ele>135.0</ele>
      </trkpt>
      <trkpt lat="31.262761" lon="120.498709">
        <ele>134.0</ele>
      </trkpt>
      <trkpt lat="31.262745" lon="120.498708">
        <ele>134.0</ele>
      </trkpt>
      <trkpt lat="31.26273" lon="120.498708">
        <ele>134.0</ele>
      </trkpt>
      <trkpt lat="31.262715" lon="120.498706">
        <ele>133.0</ele>
      </trkpt>
      <trkpt lat="31.262699" lon="120.498703">
        <ele>132.0</ele>
      </trkpt>
      <trkpt lat="31.262682" lon="120.498704">
        <ele>132.0</ele>
      </trkpt>
      <trkpt lat="31.262665" lon="120.498704">
        <ele>131.0</ele>
      </trkpt>
      <trkpt lat="31.262647" lon="120.498709">
        <ele>131.0</ele>
      </trkpt>
      <trkpt lat="31.262628" lon="120.498715">
        <ele>130.0</ele>
      </trkpt>
      <trkpt lat="31.262608" lon="120.498723">
        <ele>129.0</ele>
      </trkpt>
      <trkpt lat="31.262587" lon="120.498731">
        <ele>129.0</ele>
      </trkpt>
      <trkpt lat="31.262565" lon="120.49874">
        <ele>128.0</ele>
      </trkpt>
      <trkpt lat="31.262542" lon="120.498749">
        <ele>128.0</ele>
      </trkpt>
      <trkpt lat="31.262519" lon="120.498758">
        <ele>127.0</ele>
      </trkpt>
      <trkpt lat="31.262496" lon="120.498767">
        <ele>127.0</ele>
      </trkpt>
      <trkpt lat="31.262472" lon="120.498774">
        <ele>126.0</ele>
      </trkpt>
      <trkpt lat="31.262449" lon="120.498781">
        <ele>126.0</ele>
      </trkpt>
      <trkpt lat="31.262426" lon="120.498786">
        <ele>126.0</ele>
      </trkpt>
      <trkpt lat="31.262403" lon="120.49879">
        <ele>125.0</ele>
      </trkpt>
      <trkpt lat="31.262379" lon="120.498792">
        <ele>124.0</ele>
      </trkpt>
      <trkpt lat="31.262355" lon="120.498795">
        <ele>124.0</ele>
      </trkpt>
      <trkpt lat="31.26233" lon="120.498797">
        <ele>123.0</ele>
      </trkpt>
      <trkpt lat="31.262306" lon="120.498799">
        <ele>123.0</ele>
      </trkpt>
      <trkpt lat="31.262281" lon="120.498799">
        <ele>122.0</ele>
      </trkpt>
      <trkpt lat="31.262256" lon="120.4988">
        <ele>122.0</ele>
      </trkpt>
      <trkpt lat="31.262231" lon="120.4988">
        <ele>121.0</ele>
      </trkpt>
      <trkpt lat="31.262206" lon="120.4988">
        <ele>121.0</ele>
      </trkpt>
      <trkpt lat="31.262181" lon="120.498802">
        <ele>121.0</ele>
      </trkpt>
      <trkpt lat="31.262156" lon="120.498804">
        <ele>120.0</ele>
      </trkpt>
      <trkpt lat="31.262132" lon="120.498802">
        <ele>120.0</ele>
      </trkpt>
      <trkpt lat="31.262108" lon="120.498801">
        <ele>119.0</ele>
      </trkpt>
      <trkpt lat="31.262085" lon="120.498796">
        <ele>119.0</ele>
      </trkpt>
      <trkpt lat="31.262061" lon="120.49879">
        <ele>119.0</ele>
      </trkpt>
      <trkpt lat="31.262039" lon="120.498781">
        <ele>118.0</ele>
      </trkpt>
      <trkpt lat="31.262017" lon="120.498772">
        <ele>118.0</ele>
      </trkpt>
      <trkpt lat="31.262001" lon="120.49876">
        <ele>117.0</ele>
      </trkpt>
      <trkpt lat="31.261985" lon="120.498748">
        <ele>117.0</ele>
      </trkpt>
      <trkpt lat="31.261973" lon="120.498734">
        <ele>117.0</ele>
      </trkpt>
      <trkpt lat="31.261962" lon="120.49872">
        <ele>116.0</ele>
      </trkpt>
      <trkpt lat="31.26195" lon="120.498704">
        <ele>116.0</ele>
      </trkpt>
      <trkpt lat="31.261938" lon="120.49869">
        <ele>115.0</ele>
      </trkpt>
      <trkpt lat="31.261924" lon="120.498672">
        <ele>115.0</ele>
      </trkpt>
      <trkpt lat="31.261909" lon="120.498654">
        <ele>115.0</ele>
      </trkpt>
      <trkpt lat="31.261894" lon="120.498635">
        <ele>114.0</ele>
      </trkpt>
      <trkpt lat="31.261879" lon="120.498617">
        <ele>114.0</ele>
      </trkpt>
      <trkpt lat="31.261863" lon="120.498597">
        <ele>113.0</ele>
      </trkpt>
      <trkpt lat="31.261848" lon="120.498577">
        <ele>113.0</ele>
      </trkpt>
      <trkpt lat="31.261831" lon="120.498556">
        <ele>113.0</ele>
      </trkpt>
      <trkpt lat="31.261815" lon="120.498536">
        <ele>112.0</ele>
      </trkpt>
      <trkpt lat="31.261798" lon="120.498515">
        <ele>111.0</ele>
      </trkpt>
      <trkpt lat="31.261781" lon="120.498494">
        <ele>111.0</ele>
      </trkpt>
      <trkpt lat="31.261764" lon="120.498474">
        <ele>110.0</ele>
      </trkpt>
      <trkpt lat="31.261747" lon="120.498454">
        <ele>110.0</ele>
      </trkpt>
      <trkpt lat="31.26173" lon="120.498435">
        <ele>109.0</ele>
      </trkpt>
      <trkpt lat="31.261712" lon="120.498417">
        <ele>108.0</ele>
      </trkpt>
      <trkpt lat="31.261694" lon="120.498402">
        <ele>108.0</ele>
      </trkpt>
      <trkpt lat="31.261676" lon="120.498387">
        <ele>107.0</ele>
      </trkpt>
      <trkpt lat="31.261659" lon="120.498373">
        <ele>107.0</ele>
      </trkpt>
      <trkpt lat="31.261642" lon="120.498359">
        <ele>106.0</ele>
      </trkpt>
      <trkpt lat="31.261625" lon="120.498343">
        <ele>106.0</ele>
      </trkpt>
      <trkpt lat="31.261608" lon="120.498327">
        <ele>106.0</ele>
      </trkpt>
      <trkpt lat="31.261589" lon="120.498308">
        <ele>106.0</ele>
      </trkpt>
      <trkpt lat="31.261571" lon="120.498289">
        <ele>106.0</ele>
      </trkpt>
      <trkpt lat="31.26155" lon="120.49827">
        <ele>105.0</ele>
      </trkpt>
      <trkpt lat="31.261529" lon="120.49825">
        <ele>104.0</ele>
      </trkpt>
      <trkpt lat="31.261506" lon="120.498233">
        <ele>104.0</ele>
      </trkpt>
      <trkpt lat="31.261483" lon="120.498216">
        <ele>103.0</ele>
      </trkpt>
      <trkpt lat="31.26146" lon="120.498202">
        <ele>103.0</ele>
      </trkpt>
      <trkpt lat="31.261438" lon="120.498188">
        <ele>102.0</ele>
      </trkpt>
      <trkpt lat="31.261419" lon="120.498179">
        <ele>102.0</ele>
      </trkpt>
      <trkpt lat="31.2614" lon="120.49817">
        <ele>101.0</ele>
      </trkpt>
      <trkpt lat="31.261385" lon="120.498164">
        <ele>101.0</ele>
      </trkpt>
      <trkpt lat="31.261371" lon="120.498158">
        <ele>101.0</ele>
      </trkpt>
      <trkpt lat="31.261359" lon="120.498155">
        <ele>100.0</ele>
      </trkpt>
      <trkpt lat="31.261348" lon="120.498152">
        <ele>100.0</ele>
      </trkpt>
      <trkpt lat="31.261335" lon="120.498147">
        <ele>99.0</ele>
      </trkpt>
      <trkpt lat="31.261323" lon="120.498142">
        <ele>99.0</ele>
      </trkpt>
      <trkpt lat="31.261307" lon="120.498133">
        <ele>99.0</ele>
      </trkpt>
      <trkpt lat="31.261291" lon="120.498123">
        <ele>98.0</ele>
      </trkpt>
      <trkpt lat="31.261274" lon="120.498109">
        <ele>98.0</ele>
      </trkpt>
      <trkpt lat="31.261256" lon="120.498095">
        <ele>97.0</ele>
      </trkpt>
      <trkpt lat="31.261239" lon="120.498076">
        <ele>97.0</ele>
      </trkpt>
      <trkpt lat="31.261222" lon="120.498058">
        <ele>97.0</ele>
      </trkpt>
      <trkpt lat="31.261208" lon="120.498037">
        <ele>96.0</ele>
      </trkpt>
      <trkpt lat="31.261194" lon="120.498016">
        <ele>95.0</ele>
      </trkpt>
      <trkpt lat="31.261186" lon="120.497994">
        <ele>95.0</ele>
      </trkpt>
      <trkpt lat="31.261178" lon="120.497972">
        <ele>94.0</ele>
      </trkpt>
      <trkpt lat="31.261175" lon="120.49795">
        <ele>94.0</ele>
      </trkpt>
      <trkpt lat="31.261172" lon="120.497928">
        <ele>93.0</ele>
      </trkpt>
      <trkpt lat="31.261172" lon="120.497907">
        <ele>93.0</ele>
      </trkpt>
      <trkpt lat="31.261172" lon="120.497886">
        <ele>92.0</ele>
      </trkpt>
      <trkpt lat="31.261175" lon="120.497864">
        <ele>92.0</ele>
      </trkpt>
      <trkpt lat="31.261178" lon="120.497843">
        <ele>92.0</ele>
      </trkpt>
      <trkpt lat="31.261181" lon="120.497821">
        <ele>91.0</ele>
      </trkpt>
      <trkpt lat="31.261183" lon="120.497798">
        <ele>91.0</ele>
      </trkpt>
      <trkpt lat="31.261185" lon="120.497776">
        <ele>90.0</ele>
      </trkpt>
      <trkpt lat="31.261186" lon="120.497753">
        <ele>90.0</ele>
      </trkpt>
      <trkpt lat="31.261184" lon="120.49773">
        <ele>90.0</ele>
      </trkpt>
      <trkpt lat="31.261182" lon="120.497707">
        <ele>89.0</ele>
      </trkpt>
      <trkpt lat="31.261177" lon="120.497684">
        <ele>89.0</ele>
      </trkpt>
      <trkpt lat="31.261171" lon="120.497662">
        <ele>88.0</ele>
      </trkpt>
      <trkpt lat="31.261164" lon="120.497638">
        <ele>88.0</ele>
      </trkpt>
      <trkpt lat="31.261157" lon="120.497614">
        <ele>88.0</ele>
      </trkpt>
      <trkpt lat="31.26115" lon="120.497589">
        <ele>87.0</ele>
      </trkpt>
      <trkpt lat="31.261144" lon="120.497564">
        <ele>87.0</ele>
      </trkpt>
      <trkpt lat="31.261138" lon="120.497538">
        <ele>86.0</ele>
      </trkpt>
      <trkpt lat="31.261132" lon="120.497511">
        <ele>86.0</ele>
      </trkpt>
      <trkpt lat="31.261126" lon="120.497484">
        <ele>86.0</ele>
      </trkpt>
      <trkpt lat="31.261121" lon="120.497457">
        <ele>85.0</ele>
      </trkpt>
      <trkpt lat="31.261114" lon="120.49743">
        <ele>84.0</ele>
      </trkpt>
      <trkpt lat="31.261107" lon="120.497403">
        <ele>84.0</ele>
      </trkpt>
      <trkpt lat="31.261096" lon="120.497378">
        <ele>83.0</ele>
      </trkpt>
      <trkpt lat="31.261086" lon="120.497353">
        <ele>83.0</ele>
      </trkpt>
      <trkpt lat="31.261069" lon="120.497336">
        <ele>82.0</ele>
      </trkpt>
      <trkpt lat="31.261053" lon="120.497319">
        <ele>82.0</ele>
      </trkpt>
      <trkpt lat="31.26103" lon="120.497311">
        <ele>81.0</ele>
      </trkpt>
      <trkpt lat="31.261008" lon="120.497304">
        <ele>81.0</ele>
      </trkpt>
      <trkpt lat="31.26098" lon="120.497306">
        <ele>81.0</ele>
      </trkpt>
      <trkpt lat="31.260953" lon="120.497309">
        <ele>80.0</ele>
      </trkpt>
      <trkpt lat="31.260925" lon="120.497317">
        <ele>79.0</ele>
      </trkpt>
      <trkpt lat="31.260897" lon="120.497325">
        <ele>79.0</ele>
      </trkpt>
      <trkpt lat="31.260873" lon="120.497336">
        <ele>78.0</ele>
      </trkpt>
      <trkpt lat="31.260848" lon="120.497346">
        <ele>78.0</ele>
      </trkpt>
      <trkpt lat="31.260826" lon="120.497357">
        <ele>77.0</ele>
      </trkpt>
      <trkpt lat="31.260804" lon="120.497367">
        <ele>77.0</ele>
      </trkpt>
      <trkpt lat="31.260782" lon="120.497376">
        <ele>77.0</ele>
      </trkpt>
      <trkpt lat="31.260761" lon="120.497384">
        <ele>77.0</ele>
      </trkpt>
      <trkpt lat="31.260737" lon="120.497392">
        <ele>77.0</ele>
      </trkpt>
      <trkpt lat="31.260714" lon="120.4974">
        <ele>76.0</ele>
      </trkpt>
      <trkpt lat="31.26069" lon="120.497409">
        <ele>76.0</ele>
      </trkpt>
      <trkpt lat="31.260665" lon="120.497417">
        <ele>75.0</ele>
      </trkpt>
      <trkpt lat="31.260641" lon="120.49743">
        <ele>75.0</ele>
      </trkpt>
      <trkpt lat="31.260618" lon="120.497442">
        <ele>75.0</ele>
      </trkpt>
      <trkpt lat="31.260595" lon="120.49746">
        <ele>74.0</ele>
      </trkpt>
      <trkpt lat="31.260573" lon="120.497478">
        <ele>74.0</ele>
      </trkpt>
      <trkpt lat="31.260551" lon="120.497501">
        <ele>73.0</ele>
      </trkpt>
      <trkpt lat="31.260528" lon="120.497524">
        <ele>73.0</ele>
      </trkpt>
      <trkpt lat="31.260508" lon="120.497551">
        <ele>73.0</ele>
      </trkpt>
      <trkpt lat="31.260487" lon="120.497577">
        <ele>72.0</ele>
      </trkpt>
      <trkpt lat="31.260468" lon="120.497604">
        <ele>71.0</ele>
      </trkpt>
      <trkpt lat="31.26045" lon="120.497631">
        <ele>71.0</ele>
      </trkpt>
      <trkpt lat="31.260431" lon="120.497655">
        <ele>70.0</ele>
      </trkpt>
      <trkpt lat="31.260413" lon="120.497679">
        <ele>70.0</ele>
      </trkpt>
      <trkpt lat="31.260395" lon="120.4977">
        <ele>69.0</ele>
      </trkpt>
      <trkpt lat="31.260377" lon="120.497721">
        <ele>69.0</ele>
      </trkpt>
      <trkpt lat="31.260359" lon="120.497739">
        <ele>69.0</ele>
      </trkpt>
      <trkpt lat="31.260341" lon="120.497758">
        <ele>69.0</ele>
      </trkpt>
      <trkpt lat="31.260326" lon="120.497778">
        <ele>69.0</ele>
      </trkpt>
      <trkpt lat="31.26031" lon="120.497798">
        <ele>68.0</ele>
      </trkpt>
      <trkpt lat="31.260298" lon="120.497819">
        <ele>68.0</ele>
      </trkpt>
      <trkpt lat="31.260285" lon="120.49784">
        <ele>68.0</ele>
      </trkpt>
      <trkpt lat="31.260271" lon="120.497863">
        <ele>68.0</ele>
      </trkpt>
      <trkpt lat="31.260258" lon="120.497886">
        <ele>68.0</ele>
      </trkpt>
      <trkpt lat="31.260241" lon="120.49791">
        <ele>67.0</ele>
      </trkpt>
      <trkpt lat="31.260225" lon="120.497935">
        <ele>67.0</ele>
      </trkpt>
      <trkpt lat="31.260206" lon="120.497961">
        <ele>66.0</ele>
      </trkpt>
      <trkpt lat="31.260188" lon="120.497987">
        <ele>66.0</ele>
      </trkpt>
      <trkpt lat="31.260168" lon="120.498013">
        <ele>66.0</ele>
      </trkpt>
      <trkpt lat="31.260148" lon="120.498039">
        <ele>65.0</ele>
      </trkpt>
      <trkpt lat="31.260126" lon="120.498065">
        <ele>65.0</ele>
      </trkpt>
      <trkpt lat="31.260104" lon="120.498091">
        <ele>64.0</ele>
      </trkpt>
      <trkpt lat="31.260082" lon="120.498117">
        <ele>64.0</ele>
      </trkpt>
      <trkpt lat="31.26006" lon="120.498143">
        <ele>64.0</ele>
      </trkpt>
      <trkpt lat="31.260038" lon="120.498168">
        <ele>63.0</ele>
      </trkpt>
      <trkpt lat="31.260016" lon="120.498194">
        <ele>63.0</ele>
      </trkpt>
      <trkpt lat="31.259992" lon="120.498217">
        <ele>62.0</ele>
      </trkpt>
      <trkpt lat="31.259967" lon="120.49824">
        <ele>62.0</ele>
      </trkpt>
      <trkpt lat="31.259941" lon="120.498262">
        <ele>62.0</ele>
      </trkpt>
      <trkpt lat="31.259914" lon="120.498283">
        <ele>61.0</ele>
      </trkpt>
      <trkpt lat="31.259886" lon="120.498303">
        <ele>61.0</ele>
      </trkpt>
      <trkpt lat="31.259859" lon="120.498323">
        <ele>60.0</ele>
      </trkpt>
      <trkpt lat="31.259832" lon="120.498342">
        <ele>60.0</ele>
      </trkpt>
      <trkpt lat="31.259804" lon="120.498361">
        <ele>60.0</ele>
      </trkpt>
      <trkpt lat="31.259778" lon="120.49838">
        <ele>59.0</ele>
      </trkpt>
      <trkpt lat="31.259751" lon="120.498399">
        <ele>59.0</ele>
      </trkpt>
      <trkpt lat="31.259727" lon="120.49842">
        <ele>58.0</ele>
      </trkpt>
      <trkpt lat="31.259703" lon="120.498441">
        <ele>58.0</ele>
      </trkpt>
      <trkpt lat="31.259681" lon="120.498464">
        <ele>58.0</ele>
      </trkpt>
      <trkpt lat="31.25966" lon="120.498486">
        <ele>57.0</ele>
      </trkpt>
      <trkpt lat="31.259641" lon="120.498508">
        <ele>57.0</ele>
      </trkpt>
      <trkpt lat="31.259621" lon="120.49853">
        <ele>57.0</ele>
      </trkpt>
      <trkpt lat="31.259601" lon="120.498548">
        <ele>57.0</ele>
      </trkpt>
      <trkpt lat="31.259582" lon="120.498567">
        <ele>57.0</ele>
      </trkpt>
      <trkpt lat="31.259562" lon="120.498579">
        <ele>56.0</ele>
      </trkpt>
      <trkpt lat="31.259543" lon="120.49859">
        <ele>56.0</ele>
      </trkpt>
      <trkpt lat="31.259523" lon="120.498592">
        <ele>55.0</ele>
      </trkpt>
      <trkpt lat="31.259504" lon="120.498593">
        <ele>55.0</ele>
      </trkpt>
      <trkpt lat="31.259486" lon="120.498589">
        <ele>55.0</ele>
      </trkpt>
      <trkpt lat="31.259468" lon="120.498584">
        <ele>54.0</ele>
      </trkpt>
      <trkpt lat="31.259451" lon="120.498577">
        <ele>54.0</ele>
      </trkpt>
      <trkpt lat="31.259434" lon="120.49857">
        <ele>53.0</ele>
      </trkpt>
      <trkpt lat="31.259417" lon="120.498564">
        <ele>53.0</ele>
      </trkpt>
      <trkpt lat="31.259401" lon="120.498558">
        <ele>53.0</ele>
      </trkpt>
      <trkpt lat="31.259386" lon="120.498554">
        <ele>52.0</ele>
      </trkpt>
      <trkpt lat="31.259371" lon="120.498549">
        <ele>52.0</ele>
      </trkpt>
      <trkpt lat="31.259356" lon="120.498547">
        <ele>51.0</ele>
      </trkpt>
      <trkpt lat="31.259341" lon="120.498545">
        <ele>51.0</ele>
      </trkpt>
      <trkpt lat="31.259324" lon="120.498544">
        <ele>51.0</ele>
      </trkpt>
      <trkpt lat="31.259308" lon="120.498542">
        <ele>50.0</ele>
      </trkpt>
      <trkpt lat="31.259291" lon="120.498539">
        <ele>50.0</ele>
      </trkpt>
      <trkpt lat="31.259273" lon="120.498537">
        <ele>49.0</ele>
      </trkpt>
      <trkpt lat="31.259256" lon="120.498534">
        <ele>49.0</ele>
      </trkpt>
      <trkpt lat="31.259239" lon="120.498531">
        <ele>49.0</ele>
      </trkpt>
      <trkpt lat="31.259223" lon="120.498528">
        <ele>48.0</ele>
      </trkpt>
      <trkpt lat="31.259208" lon="120.498525">
        <ele>48.0</ele>
      </trkpt>
      <trkpt lat="31.259192" lon="120.498521">
        <ele>47.0</ele>
      </trkpt>
      <trkpt lat="31.259176" lon="120.498516">
        <ele>47.0</ele>
      </trkpt>
      <trkpt lat="31.259158" lon="120.498511">
        <ele>47.0</ele>
      </trkpt>
      <trkpt lat="31.25914" lon="120.498506">
        <ele>46.0</ele>
      </trkpt>
      <trkpt lat="31.259119" lon="120.4985">
        <ele>46.0</ele>
      </trkpt>
      <trkpt lat="31.259098" lon="120.498495">
        <ele>45.0</ele>
      </trkpt>
      <trkpt lat="31.259076" lon="120.49849">
        <ele>45.0</ele>
      </trkpt>
      <trkpt lat="31.259053" lon="120.498486">
        <ele>45.0</ele>
      </trkpt>
      <trkpt lat="31.259031" lon="120.498483">
        <ele>44.0</ele>
      </trkpt>
      <trkpt lat="31.259009" lon="120.49848">
        <ele>43.0</ele>
      </trkpt>
      <trkpt lat="31.258988" lon="120.498478">
        <ele>43.0</ele>
      </trkpt>
      <trkpt lat="31.258967" lon="120.498476">
        <ele>42.0</ele>
      </trkpt>
      <trkpt lat="31.258947" lon="120.498471">
        <ele>42.0</ele>
      </trkpt>
      <trkpt lat="31.258927" lon="120.498465">
        <ele>41.0</ele>
      </trkpt>
      <trkpt lat="31.258908" lon="120.498457">
        <ele>41.0</ele>
      </trkpt>
      <trkpt lat="31.258888" lon="120.498449">
        <ele>40.0</ele>
      </trkpt>
      <trkpt lat="31.258869" lon="120.498442">
        <ele>40.0</ele>
      </trkpt>
      <trkpt lat="31.25885" lon="120.498434">
        <ele>40.0</ele>
      </trkpt>
      <trkpt lat="31.25883" lon="120.498428">
        <ele>39.0</ele>
      </trkpt>
      <trkpt lat="31.25881" lon="120.498422">
        <ele>38.0</ele>
      </trkpt>
      <trkpt lat="31.258791" lon="120.498418">
        <ele>38.0</ele>
      </trkpt>
      <trkpt lat="31.258772" lon="120.498415">
        <ele>37.0</ele>
      </trkpt>
      <trkpt lat="31.258754" lon="120.498412">
        <ele>37.0</ele>
      </trkpt>
      <trkpt lat="31.258736" lon="120.49841">
        <ele>36.0</ele>
      </trkpt>
      <trkpt lat="31.258717" lon="120.498408">
        <ele>36.0</ele>
      </trkpt>
      <trkpt lat="31.2587" lon="120.498406">
        <ele>36.0</ele>
      </trkpt>
      <trkpt lat="31.258684" lon="120.498403">
        <ele>36.0</ele>
      </trkpt>
      <trkpt lat="31.258668" lon="120.498401">
        <ele>36.0</ele>
      </trkpt>
      <trkpt lat="31.258655" lon="120.498398">
        <ele>35.0</ele>
      </trkpt>
      <trkpt lat="31.258642" lon="120.498395">
        <ele>35.0</ele>
      </trkpt>
      <trkpt lat="31.258628" lon="120.498392">
        <ele>34.0</ele>
      </trkpt>
      <trkpt lat="31.258615" lon="120.498389">
        <ele>34.0</ele>
      </trkpt>
      <trkpt lat="31.258601" lon="120.498385">
        <ele>34.0</ele>
      </trkpt>
      <trkpt lat="31.258587" lon="120.498381">
        <ele>34.0</ele>
      </trkpt>
      <trkpt lat="31.258572" lon="120.49838">
        <ele>34.0</ele>
      </trkpt>
      <trkpt lat="31.258557" lon="120.498379">
        <ele>34.0</ele>
      </trkpt>
      <trkpt lat="31.25854" lon="120.498385">
        <ele>34.0</ele>
      </trkpt>
      <trkpt lat="31.258524" lon="120.498391">
        <ele>34.0</ele>
      </trkpt>
      <trkpt lat="31.258504" lon="120.498399">
        <ele>34.0</ele>
      </trkpt>
      <trkpt lat="31.258485" lon="120.498406">
        <ele>34.0</ele>
      </trkpt>
      <trkpt lat="31.258463" lon="120.498411">
        <ele>34.0</ele>
      </trkpt>
      <trkpt lat="31.258442" lon="120.498416">
        <ele>34.0</ele>
      </trkpt>
      <trkpt lat="31.25842" lon="120.498416">
        <ele>34.0</ele>
      </trkpt>
      <trkpt lat="31.258398" lon="120.498417">
        <ele>33.0</ele>
      </trkpt>
      <trkpt lat="31.258376" lon="120.498414">
        <ele>33.0</ele>
      </trkpt>
      <trkpt lat="31.258354" lon="120.498412">
        <ele>33.0</ele>
      </trkpt>
      <trkpt lat="31.258332" lon="120.498407">
        <ele>33.0</ele>
      </trkpt>
      <trkpt lat="31.25831" lon="120.498402">
        <ele>33.0</ele>
      </trkpt>
      <trkpt lat="31.258286" lon="120.498398">
        <ele>33.0</ele>
      </trkpt>
      <trkpt lat="31.258263" lon="120.498394">
        <ele>33.0</ele>
      </trkpt>
      <trkpt lat="31.258238" lon="120.498393">
        <ele>33.0</ele>
      </trkpt>
      <trkpt lat="31.258213" lon="120.498392">
        <ele>33.0</ele>
      </trkpt>
      <trkpt lat="31.258189" lon="120.498393">
        <ele>33.0</ele>
      </trkpt>
      <trkpt lat="31.258164" lon="120.498395">
        <ele>32.0</ele>
      </trkpt>
      <trkpt lat="31.25814" lon="120.498398">
        <ele>32.0</ele>
      </trkpt>
      <trkpt lat="31.258116" lon="120.498402">
        <ele>32.0</ele>
      </trkpt>
      <trkpt lat="31.258093" lon="120.498408">
        <ele>32.0</ele>
      </trkpt>
      <trkpt lat="31.25807" lon="120.498414">
        <ele>32.0</ele>
      </trkpt>
      <trkpt lat="31.258047" lon="120.498421">
        <ele>31.0</ele>
      </trkpt>
      <trkpt lat="31.258025" lon="120.498427">
        <ele>31.0</ele>
      </trkpt>
      <trkpt lat="31.258002" lon="120.498433">
        <ele>31.0</ele>
      </trkpt>
      <trkpt lat="31.257979" lon="120.498438">
        <ele>31.0</ele>
      </trkpt>
      <trkpt lat="31.257955" lon="120.498444">
        <ele>31.0</ele>
      </trkpt>
      <trkpt lat="31.257932" lon="120.49845">
        <ele>30.0</ele>
      </trkpt>
      <trkpt lat="31.257907" lon="120.498456">
        <ele>30.0</ele>
      </trkpt>
      <trkpt lat="31.257883" lon="120.498462">
        <ele>30.0</ele>
      </trkpt>
      <trkpt lat="31.257859" lon="120.498467">
        <ele>30.0</ele>
      </trkpt>
      <trkpt lat="31.257835" lon="120.498472">
        <ele>30.0</ele>
      </trkpt>
      <trkpt lat="31.257811" lon="120.498477">
        <ele>30.0</ele>
      </trkpt>
      <trkpt lat="31.257787" lon="120.498483">
        <ele>30.0</ele>
      </trkpt>
      <trkpt lat="31.257762" lon="120.498489">
        <ele>30.0</ele>
      </trkpt>
      <trkpt lat="31.257737" lon="120.498495">
        <ele>30.0</ele>
      </trkpt>
      <trkpt lat="31.257713" lon="120.4985">
        <ele>30.0</ele>
      </trkpt>
      <trkpt lat="31.257689" lon="120.498505">
        <ele>29.0</ele>
      </trkpt>
      <trkpt lat="31.257668" lon="120.498507">
        <ele>29.0</ele>
      </trkpt>
      <trkpt lat="31.257648" lon="120.49851">
        <ele>29.0</ele>
      </trkpt>
      <trkpt lat="31.257632" lon="120.498511">
        <ele>29.0</ele>
      </trkpt>
      <trkpt lat="31.257616" lon="120.498512">
        <ele>29.0</ele>
      </trkpt>
      <trkpt lat="31.257603" lon="120.498512">
        <ele>29.0</ele>
      </trkpt>
      <trkpt lat="31.257589" lon="120.498512">
        <ele>29.0</ele>
      </trkpt>
      <trkpt lat="31.257577" lon="120.498512">
        <ele>29.0</ele>
      </trkpt>
      <trkpt lat="31.257565" lon="120.498512">
        <ele>29.0</ele>
      </trkpt>
      <trkpt lat="31.257551" lon="120.498513">
        <ele>29.0</ele>
      </trkpt>
      <trkpt lat="31.257538" lon="120.498515">
        <ele>29.0</ele>
      </trkpt>
      <trkpt lat="31.257523" lon="120.498515">
        <ele>29.0</ele>
      </trkpt>
      <trkpt lat="31.257508" lon="120.498515">
        <ele>29.0</ele>
      </trkpt>
      <trkpt lat="31.257493" lon="120.498512">
        <ele>29.0</ele>
      </trkpt>
      <trkpt lat="31.257478" lon="120.49851">
        <ele>29.0</ele>
      </trkpt>
      <trkpt lat="31.257463" lon="120.498506">
        <ele>29.0</ele>
      </trkpt>
      <trkpt lat="31.257448" lon="120.498503">
        <ele>29.0</ele>
      </trkpt>
      <trkpt lat="31.257432" lon="120.4985">
        <ele>29.0</ele>
      </trkpt>
      <trkpt lat="31.257416" lon="120.498497">
        <ele>29.0</ele>
      </trkpt>
      <trkpt lat="31.2574" lon="120.498495">
        <ele>29.0</ele>
      </trkpt>
      <trkpt lat="31.257383" lon="120.498492">
        <ele>28.0</ele>
      </trkpt>
      <trkpt lat="31.257368" lon="120.498492">
        <ele>28.0</ele>
      </trkpt>
      <trkpt lat="31.257352" lon="120.498491">
        <ele>28.0</ele>
      </trkpt>
      <trkpt lat="31.257337" lon="120.498492">
        <ele>28.0</ele>
      </trkpt>
      <trkpt lat="31.257322" lon="120.498494">
        <ele>28.0</ele>
      </trkpt>
      <trkpt lat="31.257308" lon="120.498496">
        <ele>28.0</ele>
      </trkpt>
      <trkpt lat="31.257293" lon="120.498498">
        <ele>28.0</ele>
      </trkpt>
      <trkpt lat="31.257279" lon="120.498501">
        <ele>28.0</ele>
      </trkpt>
      <trkpt lat="31.257265" lon="120.498504">
        <ele>28.0</ele>
      </trkpt>
      <trkpt lat="31.257251" lon="120.498508">
        <ele>28.0</ele>
      </trkpt>
      <trkpt lat="31.257236" lon="120.498511">
        <ele>28.0</ele>
      </trkpt>
      <trkpt lat="31.257221" lon="120.498514">
        <ele>28.0</ele>
      </trkpt>
      <trkpt lat="31.257207" lon="120.498518">
        <ele>28.0</ele>
      </trkpt>
      <trkpt lat="31.257191" lon="120.498522">
        <ele>28.0</ele>
      </trkpt>
      <trkpt lat="31.257175" lon="120.498526">
        <ele>28.0</ele>
      </trkpt>
      <trkpt lat="31.257159" lon="120.49853">
        <ele>28.0</ele>
      </trkpt>
      <trkpt lat="31.257143" lon="120.498534">
        <ele>28.0</ele>
      </trkpt>
      <trkpt lat="31.257128" lon="120.498538">
        <ele>28.0</ele>
      </trkpt>
      <trkpt lat="31.257113" lon="120.498542">
        <ele>28.0</ele>
      </trkpt>
      <trkpt lat="31.257097" lon="120.498547">
        <ele>28.0</ele>
      </trkpt>
      <trkpt lat="31.257082" lon="120.498552">
        <ele>28.0</ele>
      </trkpt>
      <trkpt lat="31.257067" lon="120.498558">
        <ele>28.0</ele>
      </trkpt>
      <trkpt lat="31.257052" lon="120.498563">
        <ele>28.0</ele>
      </trkpt>
      <trkpt lat="31.257038" lon="120.49857">
        <ele>28.0</ele>
      </trkpt>
      <trkpt lat="31.257023" lon="120.498576">
        <ele>28.0</ele>
      </trkpt>
      <trkpt lat="31.257009" lon="120.498583">
        <ele>28.0</ele>
      </trkpt>
      <trkpt lat="31.256995" lon="120.498591">
        <ele>28.0</ele>
      </trkpt>
      <trkpt lat="31.256982" lon="120.498599">
        <ele>28.0</ele>
      </trkpt>
      <trkpt lat="31.256969" lon="120.498607">
        <ele>28.0</ele>
      </trkpt>
      <trkpt lat="31.256957" lon="120.498616">
        <ele>28.0</ele>
      </trkpt>
      <trkpt lat="31.256945" lon="120.498625">
        <ele>28.0</ele>
      </trkpt>
      <trkpt lat="31.256934" lon="120.498635">
        <ele>28.0</ele>
      </trkpt>
      <trkpt lat="31.256924" lon="120.498645">
        <ele>28.0</ele>
      </trkpt>
      <trkpt lat="31.256915" lon="120.498655">
        <ele>28.0</ele>
      </trkpt>
      <trkpt lat="31.256906" lon="120.498665">
        <ele>28.0</ele>
      </trkpt>
      <trkpt lat="31.256897" lon="120.498676">
        <ele>28.0</ele>
      </trkpt>
      <trkpt lat="31.256888" lon="120.498686">
        <ele>28.0</ele>
      </trkpt>
      <trkpt lat="31.256879" lon="120.498699">
        <ele>28.0</ele>
      </trkpt>
      <trkpt lat="31.25687" lon="120.498711">
        <ele>28.0</ele>
      </trkpt>
      <trkpt lat="31.256861" lon="120.498724">
        <ele>28.0</ele>
      </trkpt>
      <trkpt lat="31.256853" lon="120.498737">
        <ele>28.0</ele>
      </trkpt>
      <trkpt lat="31.256844" lon="120.49875">
        <ele>28.0</ele>
      </trkpt>
      <trkpt lat="31.256836" lon="120.498763">
        <ele>28.0</ele>
      </trkpt>
      <trkpt lat="31.256828" lon="120.498777">
        <ele>28.0</ele>
      </trkpt>
      <trkpt lat="31.256821" lon="120.498791">
        <ele>28.0</ele>
      </trkpt>
      <trkpt lat="31.256815" lon="120.498805">
        <ele>28.0</ele>
      </trkpt>
      <trkpt lat="31.25681" lon="120.49882">
        <ele>28.0</ele>
      </trkpt>
      <trkpt lat="31.256805" lon="120.498834">
        <ele>28.0</ele>
      </trkpt>
      <trkpt lat="31.256801" lon="120.498849">
        <ele>28.0</ele>
      </trkpt>
      <trkpt lat="31.256796" lon="120.498864">
        <ele>28.0</ele>
      </trkpt>
      <trkpt lat="31.256791" lon="120.498879">
        <ele>28.0</ele>
      </trkpt>
      <trkpt lat="31.256785" lon="120.498894">
        <ele>28.0</ele>
      </trkpt>
      <trkpt lat="31.256779" lon="120.498909">
        <ele>28.0</ele>
      </trkpt>
      <trkpt lat="31.25677" lon="120.498924">
        <ele>28.0</ele>
      </trkpt>
      <trkpt lat="31.256762" lon="120.498939">
        <ele>28.0</ele>
      </trkpt>
      <trkpt lat="31.256755" lon="120.498955">
        <ele>28.0</ele>
      </trkpt>
      <trkpt lat="31.256748" lon="120.498971">
        <ele>28.0</ele>
      </trkpt>
      <trkpt lat="31.256744" lon="120.498988">
        <ele>28.0</ele>
      </trkpt>
      <trkpt lat="31.25674" lon="120.499005">
        <ele>28.0</ele>
      </trkpt>
      <trkpt lat="31.25674" lon="120.499022">
        <ele>28.0</ele>
      </trkpt>
      <trkpt lat="31.25674" lon="120.499039">
        <ele>28.0</ele>
      </trkpt>
      <trkpt lat="31.256743" lon="120.499055">
        <ele>28.0</ele>
      </trkpt>
      <trkpt lat="31.256747" lon="120.499071">
        <ele>28.0</ele>
      </trkpt>
      <trkpt lat="31.256752" lon="120.499086">
        <ele>28.0</ele>
      </trkpt>
      <trkpt lat="31.256756" lon="120.499102">
        <ele>28.0</ele>
      </trkpt>
      <trkpt lat="31.256761" lon="120.499118">
        <ele>28.0</ele>
      </trkpt>
      <trkpt lat="31.256766" lon="120.499134">
        <ele>28.0</ele>
      </trkpt>
      <trkpt lat="31.256771" lon="120.499151">
        <ele>28.0</ele>
      </trkpt>
      <trkpt lat="31.256775" lon="120.499168">
        <ele>28.0</ele>
      </trkpt>
      <trkpt lat="31.256779" lon="120.499185">
        <ele>28.0</ele>
      </trkpt>
      <trkpt lat="31.256783" lon="120.499202">
        <ele>28.0</ele>
      </trkpt>
      <trkpt lat="31.256787" lon="120.499218">
        <ele>28.0</ele>
      </trkpt>
      <trkpt lat="31.256791" lon="120.499235">
        <ele>28.0</ele>
      </trkpt>
      <trkpt lat="31.256794" lon="120.499251">
        <ele>28.0</ele>
      </trkpt>
      <trkpt lat="31.256798" lon="120.499267">
        <ele>28.0</ele>
      </trkpt>
      <trkpt lat="31.256801" lon="120.499283">
        <ele>28.0</ele>
      </trkpt>
      <trkpt lat="31.256805" lon="120.499299">
        <ele>28.0</ele>
      </trkpt>
      <trkpt lat="31.256809" lon="120.499315">
        <ele>28.0</ele>
      </trkpt>
      <trkpt lat="31.256813" lon="120.499332">
        <ele>28.0</ele>
      </trkpt>
      <trkpt lat="31.256818" lon="120.499348">
        <ele>28.0</ele>
      </trkpt>
      <trkpt lat="31.256822" lon="120.499365">
        <ele>28.0</ele>
      </trkpt>
      <trkpt lat="31.256827" lon="120.499381">
        <ele>28.0</ele>
      </trkpt>
      <trkpt lat="31.256831" lon="120.499398">
        <ele>28.0</ele>
      </trkpt>
      <trkpt lat="31.256835" lon="120.499414">
        <ele>28.0</ele>
      </trkpt>
      <trkpt lat="31.256839" lon="120.49943">
        <ele>28.0</ele>
      </trkpt>
      <trkpt lat="31.256843" lon="120.499446">
        <ele>28.0</ele>
      </trkpt>
      <trkpt lat="31.256846" lon="120.499462">
        <ele>28.0</ele>
      </trkpt>
      <trkpt lat="31.256846" lon="120.499478">
        <ele>28.0</ele>
      </trkpt>
      <trkpt lat="31.256847" lon="120.499494">
        <ele>28.0</ele>
      </trkpt>
      <trkpt lat="31.256841" lon="120.499507">
        <ele>28.0</ele>
      </trkpt>
      <trkpt lat="31.256835" lon="120.49952">
        <ele>28.0</ele>
      </trkpt>
      <trkpt lat="31.256821" lon="120.499537">
        <ele>28.0</ele>
      </trkpt>
      <trkpt lat="31.256807" lon="120.499555">
        <ele>28.0</ele>
      </trkpt>
      <trkpt lat="31.256793" lon="120.499572">
        <ele>28.0</ele>
      </trkpt>
    </trkseg>
  </trk>
</gpx>