<?xml version="1.0" encoding="utf-8"?>
<gpx version="1.1" creator="Track4Trek sample library" xmlns="http://www.topografix.com/GPX/1/1">
  <metadata>
    <name>乌孙古道</name>
  </metadata>
  <trk>
    <name>乌孙古道</name>
    <trkseg>
      <trkpt lat="42.91528" lon="82.1987598">
        <ele>2023.0</ele>
      </trkpt>
      <trkpt lat="42.9151847" lon="82.1987637">
        <ele>2023.0</ele>
      </trkpt>
      <trkpt lat="42.9150951" lon="82.1987531">
        <ele>2025.0</ele>
      </trkpt>
      <trkpt lat="42.915002" lon="82.198687">
        <ele>2022.0</ele>
      </trkpt>
      <trkpt lat="42.9149762" lon="82.1986553">
        <ele>2022.0</ele>
      </trkpt>
      <trkpt lat="42.9150253" lon="82.1987403">
        <ele>2022.0</ele>
      </trkpt>
      <trkpt lat="42.9151167" lon="82.1988111">
        <ele>2025.0</ele>
      </trkpt>
      <trkpt lat="42.9150823" lon="82.1988626">
        <ele>2025.0</ele>
      </trkpt>
      <trkpt lat="42.9150095" lon="82.1988159">
        <ele>2025.0</ele>
      </trkpt>
      <trkpt lat="42.9149445" lon="82.1987058">
        <ele>2022.0</ele>
      </trkpt>
      <trkpt lat="42.9149076" lon="82.1985682">
        <ele>2022.0</ele>
      </trkpt>
      <trkpt lat="42.914887" lon="82.1984295">
        <ele>2021.0</ele>
      </trkpt>
      <trkpt lat="42.9148614" lon="82.198296">
        <ele>2021.0</ele>
      </trkpt>
      <trkpt lat="42.9148339" lon="82.1981649">
        <ele>2020.0</ele>
      </trkpt>
      <trkpt lat="42.9148009" lon="82.1980304">
        <ele>2020.0</ele>
      </trkpt>
      <trkpt lat="42.9147602" lon="82.1978981">
        <ele>2019.0</ele>
      </trkpt>
      <trkpt lat="42.9146861" lon="82.1977703">
        <ele>2019.0</ele>
      </trkpt>
      <trkpt lat="42.9146036" lon="82.1976581">
        <ele>2019.0</ele>
      </trkpt>
      <trkpt lat="42.9145227" lon="82.1975571">
        <ele>2014.0</ele>
      </trkpt>
      <trkpt lat="42.9144281" lon="82.1974819">
        <ele>2014.0</ele>
      </trkpt>
      <trkpt lat="42.914338" lon="82.1974213">
        <ele>2014.0</ele>
      </trkpt>
      <trkpt lat="42.9142406" lon="82.1974055">
        <ele>2013.0</ele>
      </trkpt>
      <trkpt lat="42.9141413" lon="82.1974275">
        <ele>2013.0</ele>
      </trkpt>
      <trkpt lat="42.9140395" lon="82.1974645">
        <ele>2013.0</ele>
      </trkpt>
      <trkpt lat="42.9139322" lon="82.1974984">
        <ele>2003.0</ele>
      </trkpt>
      <trkpt lat="42.9138162" lon="82.1974988">
        <ele>2003.0</ele>
      </trkpt>
      <trkpt lat="42.9137052" lon="82.1974884">
        <ele>1998.0</ele>
      </trkpt>
      <trkpt lat="42.9135996" lon="82.1974826">
        <ele>1998.0</ele>
      </trkpt>
      <trkpt lat="42.9135006" lon="82.1975083">
        <ele>1998.0</ele>
      </trkpt>
      <trkpt lat="42.9134001" lon="82.1975469">
        <ele>1998.0</ele>
      </trkpt>
      <trkpt lat="42.9133088" lon="82.1976096">
        <ele>1998.0</ele>
      </trkpt>
      <trkpt lat="42.91321" lon="82.1976742">
        <ele>2005.0</ele>
      </trkpt>
      <trkpt lat="42.9131183" lon="82.1977447">
        <ele>2003.0</ele>
      </trkpt>
      <trkpt lat="42.9130393" lon="82.1978162">
        <ele>2003.0</ele>
      </trkpt>
      <trkpt lat="42.9129569" lon="82.1978685">
        <ele>2003.0</ele>
      </trkpt>
      <trkpt lat="42.9128782" lon="82.1979562">
        <ele>2004.0</ele>
      </trkpt>
      <trkpt lat="42.9128107" lon="82.198063">
        <ele>2004.0</ele>
      </trkpt>
      <trkpt lat="42.912721" lon="82.1980477">
        <ele>2004.0</ele>
      </trkpt>
      <trkpt lat="42.9127057" lon="82.198195">
        <ele>2005.0</ele>
      </trkpt>
      <trkpt lat="42.9126419" lon="82.1982893">
        <ele>2005.0</ele>
      </trkpt>
      <trkpt lat="42.9125653" lon="82.1983651">
        <ele>2008.0</ele>
      </trkpt>
      <trkpt lat="42.9124852" lon="82.1984336">
        <ele>2008.0</ele>
      </trkpt>
      <trkpt lat="42.9124045" lon="82.1984983">
        <ele>2010.0</ele>
      </trkpt>
      <trkpt lat="42.9123257" lon="82.1985626">
        <ele>2011.0</ele>
      </trkpt>
      <trkpt lat="42.912237" lon="82.1986048">
        <ele>2011.0</ele>
      </trkpt>
      <trkpt lat="42.9121369" lon="82.1986516">
        <ele>2011.0</ele>
      </trkpt>
      <trkpt lat="42.9120483" lon="82.1987079">
        <ele>2010.0</ele>
      </trkpt>
      <trkpt lat="42.9119583" lon="82.1987667">
        <ele>2013.0</ele>
      </trkpt>
      <trkpt lat="42.9118843" lon="82.1988485">
        <ele>2013.0</ele>
      </trkpt>
      <trkpt lat="42.911817" lon="82.1989359">
        <ele>2013.0</ele>
      </trkpt>
      <trkpt lat="42.9117422" lon="82.199039">
        <ele>2008.0</ele>
      </trkpt>
      <trkpt lat="42.9116826" lon="82.1991447">
        <ele>2008.0</ele>
      </trkpt>
      <trkpt lat="42.9116248" lon="82.1992484">
        <ele>2008.0</ele>
      </trkpt>
      <trkpt lat="42.9115471" lon="82.1993366">
        <ele>2013.0</ele>
      </trkpt>
      <trkpt lat="42.9114477" lon="82.1993984">
        <ele>2000.0</ele>
      </trkpt>
      <trkpt lat="42.9113408" lon="82.1994406">
        <ele>2000.0</ele>
      </trkpt>
      <trkpt lat="42.9112437" lon="82.1994594">
        <ele>2003.0</ele>
      </trkpt>
      <trkpt lat="42.9111385" lon="82.19946">
        <ele>2003.0</ele>
      </trkpt>
      <trkpt lat="42.9110403" lon="82.1994476">
        <ele>2003.0</ele>
      </trkpt>
      <trkpt lat="42.9109376" lon="82.1994497">
        <ele>2007.0</ele>
      </trkpt>
      <trkpt lat="42.9108432" lon="82.1994128">
        <ele>2007.0</ele>
      </trkpt>
      <trkpt lat="42.9107402" lon="82.1993949">
        <ele>2007.0</ele>
      </trkpt>
      <trkpt lat="42.9106428" lon="82.1994097">
        <ele>2007.0</ele>
      </trkpt>
      <trkpt lat="42.9105461" lon="82.1994076">
        <ele>2007.0</ele>
      </trkpt>
      <trkpt lat="42.9104497" lon="82.1993667">
        <ele>2007.0</ele>
      </trkpt>
      <trkpt lat="42.9103433" lon="82.199336">
        <ele>2011.0</ele>
      </trkpt>
      <trkpt lat="42.9102558" lon="82.1992837">
        <ele>2013.0</ele>
      </trkpt>
      <trkpt lat="42.9101618" lon="82.1992472">
        <ele>2013.0</ele>
      </trkpt>
      <trkpt lat="42.9100658" lon="82.1992261">
        <ele>2014.0</ele>
      </trkpt>
      <trkpt lat="42.9099658" lon="82.1992495">
        <ele>2014.0</ele>
      </trkpt>
      <trkpt lat="42.9098731" lon="82.1992693">
        <ele>2014.0</ele>
      </trkpt>
      <trkpt lat="42.9097765" lon="82.1992792">
        <ele>2017.0</ele>
      </trkpt>
      <trkpt lat="42.9096835" lon="82.1993136">
        <ele>2013.0</ele>
      </trkpt>
      <trkpt lat="42.9095876" lon="82.1993475">
        <ele>2013.0</ele>
      </trkpt>
      <trkpt lat="42.9094852" lon="82.1993387">
        <ele>2019.0</ele>
      </trkpt>
      <trkpt lat="42.9093916" lon="82.1992853">
        <ele>2019.0</ele>
      </trkpt>
      <trkpt lat="42.9093181" lon="82.1991896">
        <ele>2019.0</ele>
      </trkpt>
      <trkpt lat="42.9092348" lon="82.1991603">
        <ele>2022.0</ele>
      </trkpt>
      <trkpt lat="42.9091332" lon="82.1991693">
        <ele>2022.0</ele>
      </trkpt>
      <trkpt lat="42.9090421" lon="82.1991243">
        <ele>2022.0</ele>
      </trkpt>
      <trkpt lat="42.9089586" lon="82.1990569">
        <ele>2018.0</ele>
      </trkpt>
      <trkpt lat="42.9088744" lon="82.1990065">
        <ele>2014.0</ele>
      </trkpt>
      <trkpt lat="42.9087854" lon="82.1989941">
        <ele>2014.0</ele>
      </trkpt>
      <trkpt lat="42.9086893" lon="82.1989802">
        <ele>2013.0</ele>
      </trkpt>
      <trkpt lat="42.9085884" lon="82.198963">
        <ele>2013.0</ele>
      </trkpt>
      <trkpt lat="42.9084907" lon="82.1989686">
        <ele>2013.0</ele>
      </trkpt>
      <trkpt lat="42.9083956" lon="82.1989597">
        <ele>2012.0</ele>
      </trkpt>
      <trkpt lat="42.9083" lon="82.1989819">
        <ele>2012.0</ele>
      </trkpt>
      <trkpt lat="42.9082262" lon="82.1990256">
        <ele>2012.0</ele>
      </trkpt>
      <trkpt lat="42.9081404" lon="82.1990796">
        <ele>2013.0</ele>
      </trkpt>
      <trkpt lat="42.9081012" lon="82.1991099">
        <ele>2013.0</ele>
      </trkpt>
      <trkpt lat="42.9080173" lon="82.199138">
        <ele>2013.0</ele>
      </trkpt>
      <trkpt lat="42.9079354" lon="82.199204">
        <ele>2013.0</ele>
      </trkpt>
      <trkpt lat="42.907835" lon="82.1992647">
        <ele>2011.0</ele>
      </trkpt>
      <trkpt lat="42.9077384" lon="82.1993341">
        <ele>2010.0</ele>
      </trkpt>
      <trkpt lat="42.9076411" lon="82.1993843">
        <ele>2010.0</ele>
      </trkpt>
      <trkpt lat="42.907551" lon="82.1994372">
        <ele>2012.0</ele>
      </trkpt>
      <trkpt lat="42.9074756" lon="82.1995185">
        <ele>2012.0</ele>
      </trkpt>
      <trkpt lat="42.9073869" lon="82.1995781">
        <ele>2012.0</ele>
      </trkpt>
      <trkpt lat="42.9072805" lon="82.199587">
        <ele>2012.0</ele>
      </trkpt>
      <trkpt lat="42.9071781" lon="82.1996165">
        <ele>2012.0</ele>
      </trkpt>
      <trkpt lat="42.9070749" lon="82.1996282">
        <ele>2016.0</ele>
      </trkpt>
      <trkpt lat="42.9069732" lon="82.1996606">
        <ele>2016.0</ele>
      </trkpt>
      <trkpt lat="42.9068642" lon="82.1996963">
        <ele>2016.0</ele>
      </trkpt>
      <trkpt lat="42.9067634" lon="82.1997166">
        <ele>2017.0</ele>
      </trkpt>
      <trkpt lat="42.9066586" lon="82.1997437">
        <ele>2017.0</ele>
      </trkpt>
      <trkpt lat="42.9065529" lon="82.1997548">
        <ele>2017.0</ele>
      </trkpt>
      <trkpt lat="42.9064584" lon="82.1997956">
        <ele>2019.0</ele>
      </trkpt>
      <trkpt lat="42.9063622" lon="82.1998414">
        <ele>2019.0</ele>
      </trkpt>
      <trkpt lat="42.9062591" lon="82.1998773">
        <ele>2016.0</ele>
      </trkpt>
      <trkpt lat="42.9061536" lon="82.1999021">
        <ele>2020.0</ele>
      </trkpt>
      <trkpt lat="42.9060443" lon="82.1999273">
        <ele>2020.0</ele>
      </trkpt>
      <trkpt lat="42.9059416" lon="82.1999446">
        <ele>2026.0</ele>
      </trkpt>
      <trkpt lat="42.9058352" lon="82.1999757">
        <ele>2026.0</ele>
      </trkpt>
      <trkpt lat="42.9057424" lon="82.2000069">
        <ele>2026.0</ele>
      </trkpt>
      <trkpt lat="42.9056459" lon="82.2000243">
        <ele>2025.0</ele>
      </trkpt>
      <trkpt lat="42.9055602" lon="82.1999749">
        <ele>2025.0</ele>
      </trkpt>
      <trkpt lat="42.9054803" lon="82.2000022">
        <ele>2025.0</ele>
      </trkpt>
      <trkpt lat="42.9055857" lon="82.1999987">
        <ele>2025.0</ele>
      </trkpt>
      <trkpt lat="42.9056006" lon="82.200102">
        <ele>2025.0</ele>
      </trkpt>
      <trkpt lat="42.9055345" lon="82.2001775">
        <ele>2025.0</ele>
      </trkpt>
      <trkpt lat="42.9054419" lon="82.2002243">
        <ele>2025.0</ele>
      </trkpt>
      <trkpt lat="42.9053361" lon="82.2002288">
        <ele>2027.0</ele>
      </trkpt>
      <trkpt lat="42.9052241" lon="82.2002214">
        <ele>2027.0</ele>
      </trkpt>
      <trkpt lat="42.9051122" lon="82.2002097">
        <ele>2024.0</ele>
      </trkpt>
      <trkpt lat="42.9050114" lon="82.2002161">
        <ele>2024.0</ele>
      </trkpt>
      <trkpt lat="42.9049089" lon="82.2002483">
        <ele>2024.0</ele>
      </trkpt>
      <trkpt lat="42.9048136" lon="82.20027">
        <ele>2032.0</ele>
      </trkpt>
      <trkpt lat="42.9047212" lon="82.2002833">
        <ele>2032.0</ele>
      </trkpt>
      <trkpt lat="42.9046215" lon="82.2003111">
        <ele>2032.0</ele>
      </trkpt>
      <trkpt lat="42.9045452" lon="82.2003898">
        <ele>2030.0</ele>
      </trkpt>
      <trkpt lat="42.9044616" lon="82.2004527">
        <ele>2029.0</ele>
      </trkpt>
      <trkpt lat="42.9043819" lon="82.200526">
        <ele>2029.0</ele>
      </trkpt>
      <trkpt lat="42.9042904" lon="82.2005936">
        <ele>2032.0</ele>
      </trkpt>
      <trkpt lat="42.9042106" lon="82.2006669">
        <ele>2032.0</ele>
      </trkpt>
      <trkpt lat="42.9041711" lon="82.200738">
        <ele>2030.0</ele>
      </trkpt>
      <trkpt lat="42.9040834" lon="82.2007955">
        <ele>2030.0</ele>
      </trkpt>
      <trkpt lat="42.9039928" lon="82.2008624">
        <ele>2030.0</ele>
      </trkpt>
      <trkpt lat="42.9038929" lon="82.2009291">
        <ele>2030.0</ele>
      </trkpt>
      <trkpt lat="42.9038005" lon="82.2010103">
        <ele>2029.0</ele>
      </trkpt>
      <trkpt lat="42.9037148" lon="82.2010745">
        <ele>2028.0</ele>
      </trkpt>
      <trkpt lat="42.9036156" lon="82.2011298">
        <ele>2028.0</ele>
      </trkpt>
      <trkpt lat="42.90352" lon="82.2011938">
        <ele>2028.0</ele>
      </trkpt>
      <trkpt lat="42.9034262" lon="82.2012629">
        <ele>2037.0</ele>
      </trkpt>
      <trkpt lat="42.9033227" lon="82.2013122">
        <ele>2037.0</ele>
      </trkpt>
      <trkpt lat="42.9032311" lon="82.2013583">
        <ele>2037.0</ele>
      </trkpt>
      <trkpt lat="42.9031659" lon="82.2014639">
        <ele>2039.0</ele>
      </trkpt>
      <trkpt lat="42.9031149" lon="82.2015847">
        <ele>2043.0</ele>
      </trkpt>
      <trkpt lat="42.9030408" lon="82.2016699">
        <ele>2043.0</ele>
      </trkpt>
      <trkpt lat="42.9029565" lon="82.2017418">
        <ele>2043.0</ele>
      </trkpt>
      <trkpt lat="42.9028856" lon="82.201835">
        <ele>2046.0</ele>
      </trkpt>
      <trkpt lat="42.9027993" lon="82.2019213">
        <ele>2046.0</ele>
      </trkpt>
      <trkpt lat="42.9027121" lon="82.2020056">
        <ele>2046.0</ele>
      </trkpt>
      <trkpt lat="42.9026321" lon="82.2021048">
        <ele>2046.0</ele>
      </trkpt>
      <trkpt lat="42.902554" lon="82.2021856">
        <ele>2046.0</ele>
      </trkpt>
      <trkpt lat="42.9025445" lon="82.2023036">
        <ele>2046.0</ele>
      </trkpt>
      <trkpt lat="42.9025395" lon="82.2024456">
        <ele>2051.0</ele>
      </trkpt>
      <trkpt lat="42.9025286" lon="82.2026">
        <ele>2051.0</ele>
      </trkpt>
      <trkpt lat="42.9025144" lon="82.2027354">
        <ele>2048.0</ele>
      </trkpt>
      <trkpt lat="42.9024747" lon="82.2028523">
        <ele>2048.0</ele>
      </trkpt>
      <trkpt lat="42.9023881" lon="82.2029231">
        <ele>2047.0</ele>
      </trkpt>
      <trkpt lat="42.9022872" lon="82.2029666">
        <ele>2053.0</ele>
      </trkpt>
      <trkpt lat="42.902196" lon="82.2030195">
        <ele>2053.0</ele>
      </trkpt>
      <trkpt lat="42.9021116" lon="82.2031135">
        <ele>2053.0</ele>
      </trkpt>
      <trkpt lat="42.9020486" lon="82.2032256">
        <ele>2054.0</ele>
      </trkpt>
      <trkpt lat="42.9019814" lon="82.2033165">
        <ele>2054.0</ele>
      </trkpt>
      <trkpt lat="42.9019489" lon="82.203429">
        <ele>2054.0</ele>
      </trkpt>
      <trkpt lat="42.9018772" lon="82.2035055">
        <ele>2060.0</ele>
      </trkpt>
      <trkpt lat="42.9017893" lon="82.2035376">
        <ele>2060.0</ele>
      </trkpt>
      <trkpt lat="42.9017016" lon="82.2035837">
        <ele>2060.0</ele>
      </trkpt>
      <trkpt lat="42.9016209" lon="82.2036521">
        <ele>2060.0</ele>
      </trkpt>
      <trkpt lat="42.9015863" lon="82.2037005">
        <ele>2060.0</ele>
      </trkpt>
      <trkpt lat="42.9016289" lon="82.2036218">
        <ele>2060.0</ele>
      </trkpt>
      <trkpt lat="42.9017158" lon="82.2035322">
        <ele>2060.0</ele>
      </trkpt>
      <trkpt lat="42.9018256" lon="82.2034806">
        <ele>2060.0</ele>
      </trkpt>
      <trkpt lat="42.9019555" lon="82.2034068">
        <ele>2054.0</ele>
      </trkpt>
      <trkpt lat="42.9020807" lon="82.2033627">
        <ele>2054.0</ele>
      </trkpt>
      <trkpt lat="42.9021897" lon="82.2033293">
        <ele>2050.0</ele>
      </trkpt>
      <trkpt lat="42.9022956" lon="82.2032836">
        <ele>2050.0</ele>
      </trkpt>
      <trkpt lat="42.9024017" lon="82.2032059">
        <ele>2050.0</ele>
      </trkpt>
      <trkpt lat="42.902503" lon="82.2030965">
        <ele>2047.0</ele>
      </trkpt>
      <trkpt lat="42.9026029" lon="82.203">
        <ele>2047.0</ele>
      </trkpt>
      <trkpt lat="42.902695" lon="82.2028926">
        <ele>2048.0</ele>
      </trkpt>
      <trkpt lat="42.9027958" lon="82.2027954">
        <ele>2048.0</ele>
      </trkpt>
      <trkpt lat="42.9029147" lon="82.2027471">
        <ele>2048.0</ele>
      </trkpt>
      <trkpt lat="42.9030356" lon="82.2027102">
        <ele>2045.0</ele>
      </trkpt>
      <trkpt lat="42.9031558" lon="82.2027027">
        <ele>2045.0</ele>
      </trkpt>
      <trkpt lat="42.9032697" lon="82.2026723">
        <ele>2050.0</ele>
      </trkpt>
      <trkpt lat="42.903394" lon="82.2026558">
        <ele>2050.0</ele>
      </trkpt>
      <trkpt lat="42.9035144" lon="82.2026075">
        <ele>2049.0</ele>
      </trkpt>
      <trkpt lat="42.9036266" lon="82.2025787">
        <ele>2049.0</ele>
      </trkpt>
      <trkpt lat="42.9037344" lon="82.2025571">
        <ele>2049.0</ele>
      </trkpt>
      <trkpt lat="42.9038426" lon="82.2025604">
        <ele>2041.0</ele>
      </trkpt>
      <trkpt lat="42.9039525" lon="82.2025736">
        <ele>2041.0</ele>
      </trkpt>
      <trkpt lat="42.90406" lon="82.2025697">
        <ele>2044.0</ele>
      </trkpt>
      <trkpt lat="42.9041575" lon="82.202593">
        <ele>2044.0</ele>
      </trkpt>
      <trkpt lat="42.904261" lon="82.2025804">
        <ele>2044.0</ele>
      </trkpt>
      <trkpt lat="42.9043457" lon="82.2025291">
        <ele>2036.0</ele>
      </trkpt>
      <trkpt lat="42.9044378" lon="82.2025121">
        <ele>2036.0</ele>
      </trkpt>
      <trkpt lat="42.9045266" lon="82.2025311">
        <ele>2036.0</ele>
      </trkpt>
      <trkpt lat="42.9045623" lon="82.2024355">
        <ele>2036.0</ele>
      </trkpt>
      <trkpt lat="42.9045523" lon="82.2024015">
        <ele>2036.0</ele>
      </trkpt>
      <trkpt lat="42.9045276" lon="82.2025383">
        <ele>2036.0</ele>
      </trkpt>
      <trkpt lat="42.9044373" lon="82.202632">
        <ele>2036.0</ele>
      </trkpt>
      <trkpt lat="42.9044126" lon="82.2026595">
        <ele>2046.0</ele>
      </trkpt>
      <trkpt lat="42.9043395" lon="82.2026981">
        <ele>2046.0</ele>
      </trkpt>
      <trkpt lat="42.9043216" lon="82.2027077">
        <ele>2046.0</ele>
      </trkpt>
      <trkpt lat="42.9042382" lon="82.2027011">
        <ele>2045.0</ele>
      </trkpt>
      <trkpt lat="42.9041441" lon="82.2026617">
        <ele>2045.0</ele>
      </trkpt>
      <trkpt lat="42.9040368" lon="82.2026459">
        <ele>2045.0</ele>
      </trkpt>
      <trkpt lat="42.9039278" lon="82.2026546">
        <ele>2044.0</ele>
      </trkpt>
      <trkpt lat="42.9038157" lon="82.2026587">
        <ele>2044.0</ele>
      </trkpt>
      <trkpt lat="42.9037022" lon="82.2026662">
        <ele>2046.0</ele>
      </trkpt>
      <trkpt lat="42.9036085" lon="82.2026991">
        <ele>2046.0</ele>
      </trkpt>
      <trkpt lat="42.9035174" lon="82.2027484">
        <ele>2046.0</ele>
      </trkpt>
      <trkpt lat="42.9034209" lon="82.2027621">
        <ele>2050.0</ele>
      </trkpt>
      <trkpt lat="42.9033217" lon="82.2027481">
        <ele>2050.0</ele>
      </trkpt>
      <trkpt lat="42.9032275" lon="82.2027459">
        <ele>2050.0</ele>
      </trkpt>
      <trkpt lat="42.9031292" lon="82.2027456">
        <ele>2045.0</ele>
      </trkpt>
      <trkpt lat="42.9030352" lon="82.2027436">
        <ele>2045.0</ele>
      </trkpt>
      <trkpt lat="42.9029402" lon="82.2027654">
        <ele>2045.0</ele>
      </trkpt>
      <trkpt lat="42.9028479" lon="82.202789">
        <ele>2048.0</ele>
      </trkpt>
      <trkpt lat="42.9027545" lon="82.2027899">
        <ele>2048.0</ele>
      </trkpt>
      <trkpt lat="42.9026758" lon="82.2028617">
        <ele>2048.0</ele>
      </trkpt>
      <trkpt lat="42.9026119" lon="82.2029568">
        <ele>2047.0</ele>
      </trkpt>
      <trkpt lat="42.9025343" lon="82.2030344">
        <ele>2047.0</ele>
      </trkpt>
      <trkpt lat="42.9024582" lon="82.2031087">
        <ele>2047.0</ele>
      </trkpt>
      <trkpt lat="42.9023779" lon="82.2031977">
        <ele>2050.0</ele>
      </trkpt>
      <trkpt lat="42.9022861" lon="82.2032761">
        <ele>2050.0</ele>
      </trkpt>
      <trkpt lat="42.9021984" lon="82.203332">
        <ele>2050.0</ele>
      </trkpt>
      <trkpt lat="42.9021076" lon="82.2033738">
        <ele>2050.0</ele>
      </trkpt>
      <trkpt lat="42.9020016" lon="82.203401">
        <ele>2054.0</ele>
      </trkpt>
      <trkpt lat="42.9019026" lon="82.2034394">
        <ele>2054.0</ele>
      </trkpt>
      <trkpt lat="42.9018372" lon="82.2034482">
        <ele>2054.0</ele>
      </trkpt>
      <trkpt lat="42.9017677" lon="82.2035029">
        <ele>2060.0</ele>
      </trkpt>
      <trkpt lat="42.901748" lon="82.203483">
        <ele>2060.0</ele>
      </trkpt>
      <trkpt lat="42.9017115" lon="82.2035493">
        <ele>2060.0</ele>
      </trkpt>
      <trkpt lat="42.9016458" lon="82.2036242">
        <ele>2060.0</ele>
      </trkpt>
      <trkpt lat="42.9015532" lon="82.2036732">
        <ele>2060.0</ele>
      </trkpt>
      <trkpt lat="42.9014902" lon="82.2037753">
        <ele>2064.0</ele>
      </trkpt>
      <trkpt lat="42.9014135" lon="82.2038654">
        <ele>2064.0</ele>
      </trkpt>
      <trkpt lat="42.9013089" lon="82.2039014">
        <ele>2064.0</ele>
      </trkpt>
      <trkpt lat="42.9012078" lon="82.2039548">
        <ele>2059.0</ele>
      </trkpt>
      <trkpt lat="42.90113" lon="82.2040285">
        <ele>2069.0</ele>
      </trkpt>
      <trkpt lat="42.9010531" lon="82.2040979">
        <ele>2069.0</ele>
      </trkpt>
      <trkpt lat="42.9009786" lon="82.2041858">
        <ele>2069.0</ele>
      </trkpt>
      <trkpt lat="42.9008951" lon="82.2042622">
        <ele>2061.0</ele>
      </trkpt>
      <trkpt lat="42.9008111" lon="82.2043322">
        <ele>2066.0</ele>
      </trkpt>
      <trkpt lat="42.9007387" lon="82.2044192">
        <ele>2066.0</ele>
      </trkpt>
      <trkpt lat="42.9006604" lon="82.2045044">
        <ele>2064.0</ele>
      </trkpt>
      <trkpt lat="42.9005674" lon="82.2045694">
        <ele>2064.0</ele>
      </trkpt>
      <trkpt lat="42.9004731" lon="82.2046258">
        <ele>2066.0</ele>
      </trkpt>
      <trkpt lat="42.9003728" lon="82.2046492">
        <ele>2065.0</ele>
      </trkpt>
      <trkpt lat="42.9002803" lon="82.2046707">
        <ele>2065.0</ele>
      </trkpt>
      <trkpt lat="42.9002034" lon="82.2047108">
        <ele>2065.0</ele>
      </trkpt>
      <trkpt lat="42.9001372" lon="82.2047887">
        <ele>2065.0</ele>
      </trkpt>
      <trkpt lat="42.9000453" lon="82.2048371">
        <ele>2065.0</ele>
      </trkpt>
      <trkpt lat="42.8999529" lon="82.2048516">
        <ele>2065.0</ele>
      </trkpt>
      <trkpt lat="42.8998467" lon="82.2048926">
        <ele>2072.0</ele>
      </trkpt>
      <trkpt lat="42.8997488" lon="82.2049701">
        <ele>2072.0</ele>
      </trkpt>
      <trkpt lat="42.8996559" lon="82.2050228">
        <ele>2072.0</ele>
      </trkpt>
      <trkpt lat="42.8995656" lon="82.2050642">
        <ele>2068.0</ele>
      </trkpt>
      <trkpt lat="42.89947" lon="82.2050761">
        <ele>2068.0</ele>
      </trkpt>
      <trkpt lat="42.8993743" lon="82.2050726">
        <ele>2068.0</ele>
      </trkpt>
      <trkpt lat="42.8992804" lon="82.2050422">
        <ele>2067.0</ele>
      </trkpt>
      <trkpt lat="42.8991838" lon="82.2050491">
        <ele>2067.0</ele>
      </trkpt>
      <trkpt lat="42.8990956" lon="82.2050911">
        <ele>2067.0</ele>
      </trkpt>
      <trkpt lat="42.8990173" lon="82.205162">
        <ele>2074.0</ele>
      </trkpt>
      <trkpt lat="42.8989315" lon="82.2051348">
        <ele>2067.0</ele>
      </trkpt>
      <trkpt lat="42.8988311" lon="82.2051104">
        <ele>2067.0</ele>
      </trkpt>
      <trkpt lat="42.8987335" lon="82.2050724">
        <ele>2070.0</ele>
      </trkpt>
      <trkpt lat="42.8986426" lon="82.2051163">
        <ele>2070.0</ele>
      </trkpt>
      <trkpt lat="42.8985673" lon="82.2052134">
        <ele>2074.0</ele>
      </trkpt>
      <trkpt lat="42.8984957" lon="82.205303">
        <ele>2074.0</ele>
      </trkpt>
      <trkpt lat="42.8984567" lon="82.2054378">
        <ele>2075.0</ele>
      </trkpt>
      <trkpt lat="42.898422" lon="82.2055694">
        <ele>2075.0</ele>
      </trkpt>
      <trkpt lat="42.8984066" lon="82.2056629">
        <ele>2075.0</ele>
      </trkpt>
      <trkpt lat="42.8983402" lon="82.205708">
        <ele>2081.0</ele>
      </trkpt>
      <trkpt lat="42.8982677" lon="82.2057899">
        <ele>2081.0</ele>
      </trkpt>
      <trkpt lat="42.8981865" lon="82.2058738">
        <ele>2080.0</ele>
      </trkpt>
      <trkpt lat="42.8981047" lon="82.2059407">
        <ele>2080.0</ele>
      </trkpt>
      <trkpt lat="42.8980348" lon="82.2060263">
        <ele>2082.0</ele>
      </trkpt>
      <trkpt lat="42.8979495" lon="82.2060912">
        <ele>2082.0</ele>
      </trkpt>
      <trkpt lat="42.897861" lon="82.206176">
        <ele>2076.0</ele>
      </trkpt>
      <trkpt lat="42.8977737" lon="82.2062694">
        <ele>2082.0</ele>
      </trkpt>
      <trkpt lat="42.8976693" lon="82.2062316">
        <ele>2076.0</ele>
      </trkpt>
      <trkpt lat="42.8975693" lon="82.206208">
        <ele>2076.0</ele>
      </trkpt>
      <trkpt lat="42.8974767" lon="82.2062318">
        <ele>2076.0</ele>
      </trkpt>
      <trkpt lat="42.8973849" lon="82.206308">
        <ele>2084.0</ele>
      </trkpt>
      <trkpt lat="42.8973121" lon="82.2064227">
        <ele>2085.0</ele>
      </trkpt>
      <trkpt lat="42.8972089" lon="82.2064629">
        <ele>2085.0</ele>
      </trkpt>
      <trkpt lat="42.8971354" lon="82.2065452">
        <ele>2097.0</ele>
      </trkpt>
      <trkpt lat="42.8970494" lon="82.2065886">
        <ele>2102.0</ele>
      </trkpt>
      <trkpt lat="42.8969602" lon="82.2066093">
        <ele>2102.0</ele>
      </trkpt>
      <trkpt lat="42.896866" lon="82.206605">
        <ele>2102.0</ele>
      </trkpt>
      <trkpt lat="42.8967671" lon="82.2066048">
        <ele>2102.0</ele>
      </trkpt>
      <trkpt lat="42.8966724" lon="82.2066452">
        <ele>2102.0</ele>
      </trkpt>
      <trkpt lat="42.896569" lon="82.2066889">
        <ele>2102.0</ele>
      </trkpt>
      <trkpt lat="42.896507" lon="82.206733">
        <ele>2101.0</ele>
      </trkpt>
      <trkpt lat="42.8964275" lon="82.2067565">
        <ele>2101.0</ele>
      </trkpt>
      <trkpt lat="42.896324" lon="82.2067427">
        <ele>2101.0</ele>
      </trkpt>
      <trkpt lat="42.8962296" lon="82.2066983">
        <ele>2096.0</ele>
      </trkpt>
      <trkpt lat="42.8961364" lon="82.2066341">
        <ele>2096.0</ele>
      </trkpt>
      <trkpt lat="42.8960398" lon="82.2066055">
        <ele>2096.0</ele>
      </trkpt>
      <trkpt lat="42.8959646" lon="82.2065969">
        <ele>2096.0</ele>
      </trkpt>
      <trkpt lat="42.8958803" lon="82.2066879">
        <ele>2096.0</ele>
      </trkpt>
      <trkpt lat="42.895787" lon="82.2067152">
        <ele>2096.0</ele>
      </trkpt>
      <trkpt lat="42.8956926" lon="82.2066519">
        <ele>2100.0</ele>
      </trkpt>
      <trkpt lat="42.8956207" lon="82.206548">
        <ele>2100.0</ele>
      </trkpt>
      <trkpt lat="42.8956407" lon="82.206433">
        <ele>2095.0</ele>
      </trkpt>
      <trkpt lat="42.8955922" lon="82.2064605">
        <ele>2095.0</ele>
      </trkpt>
      <trkpt lat="42.8955703" lon="82.2065035">
        <ele>2095.0</ele>
      </trkpt>
      <trkpt lat="42.8954981" lon="82.2066143">
        <ele>2100.0</ele>
      </trkpt>
      <trkpt lat="42.8954145" lon="82.2066715">
        <ele>2098.0</ele>
      </trkpt>
      <trkpt lat="42.8953236" lon="82.2066745">
        <ele>2098.0</ele>
      </trkpt>
      <trkpt lat="42.8952189" lon="82.2066963">
        <ele>2098.0</ele>
      </trkpt>
      <trkpt lat="42.8951166" lon="82.2067455">
        <ele>2100.0</ele>
      </trkpt>
      <trkpt lat="42.8950448" lon="82.2068536">
        <ele>2106.0</ele>
      </trkpt>
      <trkpt lat="42.8949951" lon="82.2069799">
        <ele>2106.0</ele>
      </trkpt>
      <trkpt lat="42.8949206" lon="82.2070775">
        <ele>2106.0</ele>
      </trkpt>
      <trkpt lat="42.8948368" lon="82.2071455">
        <ele>2104.0</ele>
      </trkpt>
      <trkpt lat="42.8947373" lon="82.2072021">
        <ele>2104.0</ele>
      </trkpt>
      <trkpt lat="42.8946505" lon="82.2072821">
        <ele>2104.0</ele>
      </trkpt>
      <trkpt lat="42.8945777" lon="82.2073672">
        <ele>2115.0</ele>
      </trkpt>
      <trkpt lat="42.8945059" lon="82.2074455">
        <ele>2115.0</ele>
      </trkpt>
      <trkpt lat="42.8944252" lon="82.2075306">
        <ele>2115.0</ele>
      </trkpt>
      <trkpt lat="42.8943469" lon="82.2076185">
        <ele>2115.0</ele>
      </trkpt>
      <trkpt lat="42.8942772" lon="82.2077199">
        <ele>2117.0</ele>
      </trkpt>
      <trkpt lat="42.8942092" lon="82.2078134">
        <ele>2117.0</ele>
      </trkpt>
      <trkpt lat="42.8941253" lon="82.2078713">
        <ele>2117.0</ele>
      </trkpt>
      <trkpt lat="42.8940449" lon="82.207933">
        <ele>2121.0</ele>
      </trkpt>
      <trkpt lat="42.8939745" lon="82.2080319">
        <ele>2118.0</ele>
      </trkpt>
      <trkpt lat="42.8939138" lon="82.2081501">
        <ele>2118.0</ele>
      </trkpt>
      <trkpt lat="42.893831" lon="82.2082163">
        <ele>2121.0</ele>
      </trkpt>
      <trkpt lat="42.8937233" lon="82.2081786">
        <ele>2115.0</ele>
      </trkpt>
      <trkpt lat="42.89372" lon="82.2082433">
        <ele>2118.0</ele>
      </trkpt>
      <trkpt lat="42.8936342" lon="82.2082863">
        <ele>2118.0</ele>
      </trkpt>
      <trkpt lat="42.8936113" lon="82.2083297">
        <ele>2118.0</ele>
      </trkpt>
      <trkpt lat="42.8935391" lon="82.2083959">
        <ele>2118.0</ele>
      </trkpt>
      <trkpt lat="42.8934548" lon="82.2084602">
        <ele>2116.0</ele>
      </trkpt>
      <trkpt lat="42.893401" lon="82.2085694">
        <ele>2119.0</ele>
      </trkpt>
      <trkpt lat="42.8933788" lon="82.2086989">
        <ele>2119.0</ele>
      </trkpt>
      <trkpt lat="42.8933272" lon="82.2088115">
        <ele>2125.0</ele>
      </trkpt>
      <trkpt lat="42.8932398" lon="82.2088778">
        <ele>2125.0</ele>
      </trkpt>
      <trkpt lat="42.8931588" lon="82.2089611">
        <ele>2120.0</ele>
      </trkpt>
      <trkpt lat="42.8930715" lon="82.2090088">
        <ele>2120.0</ele>
      </trkpt>
      <trkpt lat="42.8930137" lon="82.209096">
        <ele>2125.0</ele>
      </trkpt>
      <trkpt lat="42.8929509" lon="82.20921">
        <ele>2125.0</ele>
      </trkpt>
      <trkpt lat="42.8928739" lon="82.2092841">
        <ele>2127.0</ele>
      </trkpt>
      <trkpt lat="42.892797" lon="82.2093526">
        <ele>2126.0</ele>
      </trkpt>
      <trkpt lat="42.8927272" lon="82.2094556">
        <ele>2126.0</ele>
      </trkpt>
      <trkpt lat="42.892645" lon="82.2095375">
        <ele>2126.0</ele>
      </trkpt>
      <trkpt lat="42.8925542" lon="82.2096146">
        <ele>2130.0</ele>
      </trkpt>
      <trkpt lat="42.8924807" lon="82.2097041">
        <ele>2130.0</ele>
      </trkpt>
      <trkpt lat="42.8924256" lon="82.2098308">
        <ele>2130.0</ele>
      </trkpt>
      <trkpt lat="42.8923674" lon="82.2099541">
        <ele>2136.0</ele>
      </trkpt>
      <trkpt lat="42.8922922" lon="82.2100395">
        <ele>2139.0</ele>
      </trkpt>
      <trkpt lat="42.8921918" lon="82.2100822">
        <ele>2139.0</ele>
      </trkpt>
      <trkpt lat="42.8921025" lon="82.2101353">
        <ele>2139.0</ele>
      </trkpt>
      <trkpt lat="42.8920044" lon="82.2101444">
        <ele>2137.0</ele>
      </trkpt>
      <trkpt lat="42.8919218" lon="82.2101916">
        <ele>2137.0</ele>
      </trkpt>
      <trkpt lat="42.8918445" lon="82.2102548">
        <ele>2137.0</ele>
      </trkpt>
      <trkpt lat="42.8917571" lon="82.2102899">
        <ele>2141.0</ele>
      </trkpt>
      <trkpt lat="42.8916614" lon="82.210297">
        <ele>2141.0</ele>
      </trkpt>
      <trkpt lat="42.8915697" lon="82.2103172">
        <ele>2141.0</ele>
      </trkpt>
      <trkpt lat="42.891467" lon="82.2103429">
        <ele>2146.0</ele>
      </trkpt>
      <trkpt lat="42.8913659" lon="82.2103126">
        <ele>2146.0</ele>
      </trkpt>
      <trkpt lat="42.8912919" lon="82.2102312">
        <ele>2146.0</ele>
      </trkpt>
      <trkpt lat="42.891212" lon="82.2102319">
        <ele>2152.0</ele>
      </trkpt>
      <trkpt lat="42.8911144" lon="82.2102343">
        <ele>2152.0</ele>
      </trkpt>
      <trkpt lat="42.8910172" lon="82.2102735">
        <ele>2152.0</ele>
      </trkpt>
      <trkpt lat="42.890933" lon="82.2102435">
        <ele>2154.0</ele>
      </trkpt>
      <trkpt lat="42.8908466" lon="82.2102057">
        <ele>2154.0</ele>
      </trkpt>
      <trkpt lat="42.890773" lon="82.2102545">
        <ele>2154.0</ele>
      </trkpt>
      <trkpt lat="42.8906786" lon="82.2103112">
        <ele>2150.0</ele>
      </trkpt>
      <trkpt lat="42.8905751" lon="82.2103606">
        <ele>2150.0</ele>
      </trkpt>
      <trkpt lat="42.8905204" lon="82.2103751">
        <ele>2150.0</ele>
      </trkpt>
      <trkpt lat="42.8904836" lon="82.2104612">
        <ele>2156.0</ele>
      </trkpt>
      <trkpt lat="42.8904122" lon="82.2105076">
        <ele>2153.0</ele>
      </trkpt>
      <trkpt lat="42.8903223" lon="82.2104838">
        <ele>2153.0</ele>
      </trkpt>
      <trkpt lat="42.8902267" lon="82.2104756">
        <ele>2153.0</ele>
      </trkpt>
      <trkpt lat="42.8901255" lon="82.2104916">
        <ele>2155.0</ele>
      </trkpt>
      <trkpt lat="42.8900312" lon="82.2105349">
        <ele>2155.0</ele>
      </trkpt>
      <trkpt lat="42.8899263" lon="82.2105653">
        <ele>2155.0</ele>
      </trkpt>
      <trkpt lat="42.8898738" lon="82.2105671">
        <ele>2155.0</ele>
      </trkpt>
      <trkpt lat="42.8898177" lon="82.2104938">
        <ele>2158.0</ele>
      </trkpt>
      <trkpt lat="42.8898172" lon="82.2103613">
        <ele>2156.0</ele>
      </trkpt>
      <trkpt lat="42.8897472" lon="82.2102869">
        <ele>2156.0</ele>
      </trkpt>
      <trkpt lat="42.8896876" lon="82.2102469">
        <ele>2156.0</ele>
      </trkpt>
      <trkpt lat="42.8895949" lon="82.2102652">
        <ele>2156.0</ele>
      </trkpt>
      <trkpt lat="42.8895078" lon="82.2102115">
        <ele>2158.0</ele>
      </trkpt>
      <trkpt lat="42.8894104" lon="82.2102103">
        <ele>2158.0</ele>
      </trkpt>
      <trkpt lat="42.8893189" lon="82.2101788">
        <ele>2158.0</ele>
      </trkpt>
      <trkpt lat="42.8892267" lon="82.2101285">
        <ele>2150.0</ele>
      </trkpt>
      <trkpt lat="42.8891279" lon="82.2100946">
        <ele>2150.0</ele>
      </trkpt>
      <trkpt lat="42.8890301" lon="82.2100601">
        <ele>2150.0</ele>
      </trkpt>
      <trkpt lat="42.8889947" lon="82.2101843">
        <ele>2151.0</ele>
      </trkpt>
      <trkpt lat="42.8889185" lon="82.2102922">
        <ele>2151.0</ele>
      </trkpt>
      <trkpt lat="42.8888545" lon="82.2103845">
        <ele>2151.0</ele>
      </trkpt>
      <trkpt lat="42.888798" lon="82.2104928">
        <ele>2157.0</ele>
      </trkpt>
      <trkpt lat="42.8887394" lon="82.2105999">
        <ele>2154.0</ele>
      </trkpt>
      <trkpt lat="42.8887204" lon="82.2106642">
        <ele>2154.0</ele>
      </trkpt>
      <trkpt lat="42.8887044" lon="82.2107801">
        <ele>2156.0</ele>
      </trkpt>
      <trkpt lat="42.8886922" lon="82.2109168">
        <ele>2156.0</ele>
      </trkpt>
      <trkpt lat="42.8886639" lon="82.2110604">
        <ele>2157.0</ele>
      </trkpt>
      <trkpt lat="42.8886579" lon="82.2111562">
        <ele>2157.0</ele>
      </trkpt>
      <trkpt lat="42.8886968" lon="82.2112663">
        <ele>2157.0</ele>
      </trkpt>
      <trkpt lat="42.8887098" lon="82.2114084">
        <ele>2157.0</ele>
      </trkpt>
      <trkpt lat="42.8887066" lon="82.2115544">
        <ele>2157.0</ele>
      </trkpt>
      <trkpt lat="42.8886938" lon="82.2116852">
        <ele>2157.0</ele>
      </trkpt>
      <trkpt lat="42.8886629" lon="82.2118266">
        <ele>2161.0</ele>
      </trkpt>
      <trkpt lat="42.8886216" lon="82.2119536">
        <ele>2161.0</ele>
      </trkpt>
      <trkpt lat="42.8885657" lon="82.2120792">
        <ele>2161.0</ele>
      </trkpt>
      <trkpt lat="42.888518" lon="82.2122071">
        <ele>2165.0</ele>
      </trkpt>
      <trkpt lat="42.8884772" lon="82.2123289">
        <ele>2165.0</ele>
      </trkpt>
      <trkpt lat="42.8884262" lon="82.2124353">
        <ele>2170.0</ele>
      </trkpt>
      <trkpt lat="42.8883934" lon="82.2125539">
        <ele>2170.0</ele>
      </trkpt>
      <trkpt lat="42.8883572" lon="82.2126677">
        <ele>2178.0</ele>
      </trkpt>
      <trkpt lat="42.8883062" lon="82.2127879">
        <ele>2178.0</ele>
      </trkpt>
      <trkpt lat="42.888234" lon="82.2128983">
        <ele>2178.0</ele>
      </trkpt>
      <trkpt lat="42.8881636" lon="82.2129983">
        <ele>2177.0</ele>
      </trkpt>
      <trkpt lat="42.8881056" lon="82.2131097">
        <ele>2177.0</ele>
      </trkpt>
      <trkpt lat="42.8880511" lon="82.2132202">
        <ele>2182.0</ele>
      </trkpt>
      <trkpt lat="42.8879934" lon="82.2133358">
        <ele>2182.0</ele>
      </trkpt>
      <trkpt lat="42.88794" lon="82.2134424">
        <ele>2182.0</ele>
      </trkpt>
      <trkpt lat="42.8878851" lon="82.2135423">
        <ele>2170.0</ele>
      </trkpt>
      <trkpt lat="42.8878264" lon="82.2136475">
        <ele>2170.0</ele>
      </trkpt>
      <trkpt lat="42.8877959" lon="82.2137712">
        <ele>2171.0</ele>
      </trkpt>
      <trkpt lat="42.8877449" lon="82.213883">
        <ele>2171.0</ele>
      </trkpt>
      <trkpt lat="42.8876729" lon="82.2139643">
        <ele>2171.0</ele>
      </trkpt>
      <trkpt lat="42.8875754" lon="82.2140219">
        <ele>2164.0</ele>
      </trkpt>
      <trkpt lat="42.8874761" lon="82.2140674">
        <ele>2165.0</ele>
      </trkpt>
      <trkpt lat="42.8873733" lon="82.2141134">
        <ele>2165.0</ele>
      </trkpt>
      <trkpt lat="42.887289" lon="82.214177">
        <ele>2162.0</ele>
      </trkpt>
      <trkpt lat="42.8871929" lon="82.2142367">
        <ele>2162.0</ele>
      </trkpt>
      <trkpt lat="42.887101" lon="82.2142917">
        <ele>2162.0</ele>
      </trkpt>
      <trkpt lat="42.8870095" lon="82.2143503">
        <ele>2164.0</ele>
      </trkpt>
      <trkpt lat="42.8869148" lon="82.2144037">
        <ele>2164.0</ele>
      </trkpt>
      <trkpt lat="42.8868207" lon="82.2144185">
        <ele>2164.0</ele>
      </trkpt>
      <trkpt lat="42.8867304" lon="82.2144523">
        <ele>2164.0</ele>
      </trkpt>
      <trkpt lat="42.886649" lon="82.2145071">
        <ele>2164.0</ele>
      </trkpt>
      <trkpt lat="42.8865759" lon="82.214582">
        <ele>2164.0</ele>
      </trkpt>
      <trkpt lat="42.8865006" lon="82.2146635">
        <ele>2163.0</ele>
      </trkpt>
      <trkpt lat="42.8864327" lon="82.214757">
        <ele>2163.0</ele>
      </trkpt>
      <trkpt lat="42.8863478" lon="82.2148201">
        <ele>2163.0</ele>
      </trkpt>
      <trkpt lat="42.8862639" lon="82.2149073">
        <ele>2164.0</ele>
      </trkpt>
      <trkpt lat="42.8862446" lon="82.2149266">
        <ele>2161.0</ele>
      </trkpt>
      <trkpt lat="42.8861685" lon="82.214927">
        <ele>2161.0</ele>
      </trkpt>
      <trkpt lat="42.8860731" lon="82.2149556">
        <ele>2161.0</ele>
      </trkpt>
      <trkpt lat="42.8859657" lon="82.2149884">
        <ele>2156.0</ele>
      </trkpt>
      <trkpt lat="42.885855" lon="82.2150037">
        <ele>2156.0</ele>
      </trkpt>
      <trkpt lat="42.8857694" lon="82.2149812">
        <ele>2156.0</ele>
      </trkpt>
      <trkpt lat="42.885696" lon="82.2150772">
        <ele>2156.0</ele>
      </trkpt>
      <trkpt lat="42.8856178" lon="82.215162">
        <ele>2168.0</ele>
      </trkpt>
      <trkpt lat="42.8855181" lon="82.2152309">
        <ele>2168.0</ele>
      </trkpt>
      <trkpt lat="42.8854198" lon="82.2152725">
        <ele>2168.0</ele>
      </trkpt>
      <trkpt lat="42.8853293" lon="82.2153422">
        <ele>2169.0</ele>
      </trkpt>
      <trkpt lat="42.885235" lon="82.2153958">
        <ele>2169.0</ele>
      </trkpt>
      <trkpt lat="42.8851439" lon="82.2154131">
        <ele>2169.0</ele>
      </trkpt>
      <trkpt lat="42.8850682" lon="82.2154714">
        <ele>2173.0</ele>
      </trkpt>
      <trkpt lat="42.8849877" lon="82.2155445">
        <ele>2173.0</ele>
      </trkpt>
      <trkpt lat="42.8849038" lon="82.2155986">
        <ele>2173.0</ele>
      </trkpt>
      <trkpt lat="42.884852" lon="82.2156275">
        <ele>2175.0</ele>
      </trkpt>
      <trkpt lat="42.8847815" lon="82.21569">
        <ele>2175.0</ele>
      </trkpt>
      <trkpt lat="42.8846992" lon="82.2157618">
        <ele>2187.0</ele>
      </trkpt>
      <trkpt lat="42.8846028" lon="82.2158262">
        <ele>2187.0</ele>
      </trkpt>
      <trkpt lat="42.8845003" lon="82.2158182">
        <ele>2183.0</ele>
      </trkpt>
      <trkpt lat="42.8844091" lon="82.2158405">
        <ele>2183.0</ele>
      </trkpt>
      <trkpt lat="42.8843164" lon="82.21587">
        <ele>2183.0</ele>
      </trkpt>
      <trkpt lat="42.8842225" lon="82.2159015">
        <ele>2176.0</ele>
      </trkpt>
      <trkpt lat="42.884131" lon="82.2159402">
        <ele>2176.0</ele>
      </trkpt>
      <trkpt lat="42.8840274" lon="82.2159787">
        <ele>2180.0</ele>
      </trkpt>
      <trkpt lat="42.8839226" lon="82.2160198">
        <ele>2180.0</ele>
      </trkpt>
      <trkpt lat="42.8838254" lon="82.2160275">
        <ele>2180.0</ele>
      </trkpt>
      <trkpt lat="42.8837309" lon="82.2160297">
        <ele>2175.0</ele>
      </trkpt>
      <trkpt lat="42.8836403" lon="82.216043">
        <ele>2175.0</ele>
      </trkpt>
      <trkpt lat="42.8835517" lon="82.2160971">
        <ele>2175.0</ele>
      </trkpt>
      <trkpt lat="42.8834523" lon="82.216122">
        <ele>2180.0</ele>
      </trkpt>
      <trkpt lat="42.8833664" lon="82.2161903">
        <ele>2180.0</ele>
      </trkpt>
      <trkpt lat="42.8832807" lon="82.2162514">
        <ele>2182.0</ele>
      </trkpt>
      <trkpt lat="42.8832019" lon="82.216345">
        <ele>2182.0</ele>
      </trkpt>
      <trkpt lat="42.8831407" lon="82.2164449">
        <ele>2184.0</ele>
      </trkpt>
      <trkpt lat="42.8830618" lon="82.2165154">
        <ele>2184.0</ele>
      </trkpt>
      <trkpt lat="42.8829693" lon="82.2165814">
        <ele>2186.0</ele>
      </trkpt>
      <trkpt lat="42.8828759" lon="82.21664">
        <ele>2186.0</ele>
      </trkpt>
      <trkpt lat="42.8827939" lon="82.2167235">
        <ele>2186.0</ele>
      </trkpt>
      <trkpt lat="42.882701" lon="82.2167695">
        <ele>2186.0</ele>
      </trkpt>
      <trkpt lat="42.8826202" lon="82.2168378">
        <ele>2185.0</ele>
      </trkpt>
      <trkpt lat="42.8825336" lon="82.2168893">
        <ele>2185.0</ele>
      </trkpt>
      <trkpt lat="42.8824845" lon="82.2168978">
        <ele>2185.0</ele>
      </trkpt>
      <trkpt lat="42.8824081" lon="82.2169098">
        <ele>2185.0</ele>
      </trkpt>
      <trkpt lat="42.8823614" lon="82.217003">
        <ele>2185.0</ele>
      </trkpt>
      <trkpt lat="42.882303" lon="82.2170982">
        <ele>2183.0</ele>
      </trkpt>
      <trkpt lat="42.8822183" lon="82.2171521">
        <ele>2183.0</ele>
      </trkpt>
      <trkpt lat="42.882131" lon="82.2172065">
        <ele>2183.0</ele>
      </trkpt>
      <trkpt lat="42.8820516" lon="82.2172808">
        <ele>2188.0</ele>
      </trkpt>
      <trkpt lat="42.8819778" lon="82.2173599">
        <ele>2188.0</ele>
      </trkpt>
      <trkpt lat="42.8818992" lon="82.2174257">
        <ele>2194.0</ele>
      </trkpt>
      <trkpt lat="42.8818114" lon="82.2174537">
        <ele>2194.0</ele>
      </trkpt>
      <trkpt lat="42.8817228" lon="82.21749">
        <ele>2191.0</ele>
      </trkpt>
      <trkpt lat="42.8816436" lon="82.2175756">
        <ele>2191.0</ele>
      </trkpt>
      <trkpt lat="42.8815652" lon="82.2176602">
        <ele>2197.0</ele>
      </trkpt>
      <trkpt lat="42.8814805" lon="82.2177263">
        <ele>2195.0</ele>
      </trkpt>
      <trkpt lat="42.8813989" lon="82.2178102">
        <ele>2195.0</ele>
      </trkpt>
      <trkpt lat="42.8813309" lon="82.2179173">
        <ele>2199.0</ele>
      </trkpt>
      <trkpt lat="42.8812603" lon="82.2180065">
        <ele>2199.0</ele>
      </trkpt>
      <trkpt lat="42.8812072" lon="82.2180425">
        <ele>2200.0</ele>
      </trkpt>
      <trkpt lat="42.8811499" lon="82.2181271">
        <ele>2200.0</ele>
      </trkpt>
      <trkpt lat="42.8810986" lon="82.2182377">
        <ele>2203.0</ele>
      </trkpt>
      <trkpt lat="42.8810279" lon="82.2183358">
        <ele>2203.0</ele>
      </trkpt>
      <trkpt lat="42.8809564" lon="82.2184287">
        <ele>2203.0</ele>
      </trkpt>
      <trkpt lat="42.8808642" lon="82.2184824">
        <ele>2203.0</ele>
      </trkpt>
      <trkpt lat="42.8807654" lon="82.2185285">
        <ele>2203.0</ele>
      </trkpt>
      <trkpt lat="42.8806589" lon="82.2185457">
        <ele>2200.0</ele>
      </trkpt>
      <trkpt lat="42.8805668" lon="82.2185898">
        <ele>2200.0</ele>
      </trkpt>
      <trkpt lat="42.8804775" lon="82.2186402">
        <ele>2200.0</ele>
      </trkpt>
      <trkpt lat="42.8803928" lon="82.2187157">
        <ele>2199.0</ele>
      </trkpt>
      <trkpt lat="42.8803081" lon="82.2187961">
        <ele>2197.0</ele>
      </trkpt>
      <trkpt lat="42.8802254" lon="82.2188637">
        <ele>2197.0</ele>
      </trkpt>
      <trkpt lat="42.8801364" lon="82.2188982">
        <ele>2202.0</ele>
      </trkpt>
      <trkpt lat="42.8800456" lon="82.21892">
        <ele>2202.0</ele>
      </trkpt>
      <trkpt lat="42.879953" lon="82.2189558">
        <ele>2202.0</ele>
      </trkpt>
      <trkpt lat="42.8798598" lon="82.2189826">
        <ele>2209.0</ele>
      </trkpt>
      <trkpt lat="42.8797686" lon="82.219039">
        <ele>2208.0</ele>
      </trkpt>
      <trkpt lat="42.8796689" lon="82.219068">
        <ele>2208.0</ele>
      </trkpt>
      <trkpt lat="42.8795741" lon="82.219063">
        <ele>2212.0</ele>
      </trkpt>
      <trkpt lat="42.879477" lon="82.2190458">
        <ele>2212.0</ele>
      </trkpt>
      <trkpt lat="42.8793729" lon="82.2190428">
        <ele>2212.0</ele>
      </trkpt>
      <trkpt lat="42.8792849" lon="82.2190907">
        <ele>2219.0</ele>
      </trkpt>
      <trkpt lat="42.8792316" lon="82.2191941">
        <ele>2219.0</ele>
      </trkpt>
      <trkpt lat="42.8792084" lon="82.2193247">
        <ele>2222.0</ele>
      </trkpt>
      <trkpt lat="42.8792469" lon="82.2194431">
        <ele>2222.0</ele>
      </trkpt>
      <trkpt lat="42.8793205" lon="82.2195331">
        <ele>2220.0</ele>
      </trkpt>
      <trkpt lat="42.879368" lon="82.2196476">
        <ele>2231.0</ele>
      </trkpt>
      <trkpt lat="42.8794124" lon="82.2197604">
        <ele>2231.0</ele>
      </trkpt>
      <trkpt lat="42.8794678" lon="82.2198608">
        <ele>2231.0</ele>
      </trkpt>
      <trkpt lat="42.8794866" lon="82.2199797">
        <ele>2238.0</ele>
      </trkpt>
      <trkpt lat="42.8795107" lon="82.2201019">
        <ele>2238.0</ele>
      </trkpt>
      <trkpt lat="42.8795079" lon="82.2202252">
        <ele>2244.0</ele>
      </trkpt>
      <trkpt lat="42.879496" lon="82.2203576">
        <ele>2244.0</ele>
      </trkpt>
      <trkpt lat="42.8794945" lon="82.2204908">
        <ele>2250.0</ele>
      </trkpt>
      <trkpt lat="42.8794628" lon="82.2206189">
        <ele>2250.0</ele>
      </trkpt>
      <trkpt lat="42.8794081" lon="82.2207403">
        <ele>2256.0</ele>
      </trkpt>
      <trkpt lat="42.879334" lon="82.220845">
        <ele>2256.0</ele>
      </trkpt>
      <trkpt lat="42.8792663" lon="82.2209509">
        <ele>2250.0</ele>
      </trkpt>
      <trkpt lat="42.879174" lon="82.2210172">
        <ele>2260.0</ele>
      </trkpt>
      <trkpt lat="42.8790775" lon="82.2210437">
        <ele>2260.0</ele>
      </trkpt>
      <trkpt lat="42.8789866" lon="82.2210803">
        <ele>2259.0</ele>
      </trkpt>
      <trkpt lat="42.8788868" lon="82.2210913">
        <ele>2259.0</ele>
      </trkpt>
      <trkpt lat="42.8788093" lon="82.2211665">
        <ele>2259.0</ele>
      </trkpt>
      <trkpt lat="42.8787427" lon="82.2212584">
        <ele>2261.0</ele>
      </trkpt>
      <trkpt lat="42.8787195" lon="82.2212757">
        <ele>2261.0</ele>
      </trkpt>
      <trkpt lat="42.8786373" lon="82.2212427">
        <ele>2255.0</ele>
      </trkpt>
      <trkpt lat="42.8785641" lon="82.2213464">
        <ele>2261.0</ele>
      </trkpt>
      <trkpt lat="42.8784765" lon="82.2213989">
        <ele>2261.0</ele>
      </trkpt>
      <trkpt lat="42.8783762" lon="82.2214178">
        <ele>2255.0</ele>
      </trkpt>
      <trkpt lat="42.8782925" lon="82.2214892">
        <ele>2255.0</ele>
      </trkpt>
      <trkpt lat="42.8782094" lon="82.2215846">
        <ele>2259.0</ele>
      </trkpt>
      <trkpt lat="42.8781507" lon="82.2217026">
        <ele>2254.0</ele>
      </trkpt>
      <trkpt lat="42.8780876" lon="82.2218136">
        <ele>2259.0</ele>
      </trkpt>
      <trkpt lat="42.8780216" lon="82.2219203">
        <ele>2259.0</ele>
      </trkpt>
      <trkpt lat="42.8779284" lon="82.2219767">
        <ele>2259.0</ele>
      </trkpt>
      <trkpt lat="42.8778906" lon="82.2219915">
        <ele>2252.0</ele>
      </trkpt>
      <trkpt lat="42.877812" lon="82.2220328">
        <ele>2252.0</ele>
      </trkpt>
      <trkpt lat="42.8777236" lon="82.2220685">
        <ele>2252.0</ele>
      </trkpt>
      <trkpt lat="42.8776254" lon="82.2221156">
        <ele>2254.0</ele>
      </trkpt>
      <trkpt lat="42.8775362" lon="82.222193">
        <ele>2254.0</ele>
      </trkpt>
      <trkpt lat="42.8774426" lon="82.2222725">
        <ele>2254.0</ele>
      </trkpt>
      <trkpt lat="42.8773645" lon="82.2223691">
        <ele>2260.0</ele>
      </trkpt>
      <trkpt lat="42.8773051" lon="82.2224705">
        <ele>2257.0</ele>
      </trkpt>
      <trkpt lat="42.8772321" lon="82.222545">
        <ele>2257.0</ele>
      </trkpt>
      <trkpt lat="42.877147" lon="82.2226144">
        <ele>2257.0</ele>
      </trkpt>
      <trkpt lat="42.8770507" lon="82.2226556">
        <ele>2265.0</ele>
      </trkpt>
      <trkpt lat="42.8769586" lon="82.2226182">
        <ele>2256.0</ele>
      </trkpt>
      <trkpt lat="42.87686" lon="82.2226016">
        <ele>2256.0</ele>
      </trkpt>
      <trkpt lat="42.8767953" lon="82.2226885">
        <ele>2260.0</ele>
      </trkpt>
      <trkpt lat="42.8767492" lon="82.2227973">
        <ele>2260.0</ele>
      </trkpt>
      <trkpt lat="42.8766632" lon="82.2228243">
        <ele>2260.0</ele>
      </trkpt>
      <trkpt lat="42.8766814" lon="82.222947">
        <ele>2269.0</ele>
      </trkpt>
      <trkpt lat="42.8766563" lon="82.2230735">
        <ele>2269.0</ele>
      </trkpt>
      <trkpt lat="42.8766622" lon="82.2232124">
        <ele>2275.0</ele>
      </trkpt>
      <trkpt lat="42.8766697" lon="82.2233451">
        <ele>2275.0</ele>
      </trkpt>
      <trkpt lat="42.8766337" lon="82.2234643">
        <ele>2275.0</ele>
      </trkpt>
      <trkpt lat="42.8765495" lon="82.223535">
        <ele>2279.0</ele>
      </trkpt>
      <trkpt lat="42.8764663" lon="82.2236056">
        <ele>2273.0</ele>
      </trkpt>
      <trkpt lat="42.8763922" lon="82.2236916">
        <ele>2273.0</ele>
      </trkpt>
      <trkpt lat="42.876312" lon="82.223754">
        <ele>2279.0</ele>
      </trkpt>
      <trkpt lat="42.8762483" lon="82.2238459">
        <ele>2275.0</ele>
      </trkpt>
      <trkpt lat="42.876167" lon="82.2239285">
        <ele>2275.0</ele>
      </trkpt>
      <trkpt lat="42.8760907" lon="82.2240047">
        <ele>2275.0</ele>
      </trkpt>
      <trkpt lat="42.8760492" lon="82.2241202">
        <ele>2284.0</ele>
      </trkpt>
      <trkpt lat="42.8759734" lon="82.2241994">
        <ele>2284.0</ele>
      </trkpt>
      <trkpt lat="42.8759027" lon="82.2242904">
        <ele>2282.0</ele>
      </trkpt>
      <trkpt lat="42.8758431" lon="82.2244111">
        <ele>2287.0</ele>
      </trkpt>
      <trkpt lat="42.8757853" lon="82.224542">
        <ele>2287.0</ele>
      </trkpt>
      <trkpt lat="42.8757612" lon="82.2246739">
        <ele>2290.0</ele>
      </trkpt>
      <trkpt lat="42.8758064" lon="82.2247851">
        <ele>2290.0</ele>
      </trkpt>
      <trkpt lat="42.8758555" lon="82.2248547">
        <ele>2290.0</ele>
      </trkpt>
      <trkpt lat="42.8758847" lon="82.2249578">
        <ele>2291.0</ele>
      </trkpt>
      <trkpt lat="42.8758388" lon="82.225053">
        <ele>2291.0</ele>
      </trkpt>
      <trkpt lat="42.8757929" lon="82.2251714">
        <ele>2291.0</ele>
      </trkpt>
      <trkpt lat="42.8757537" lon="82.2253028">
        <ele>2291.0</ele>
      </trkpt>
      <trkpt lat="42.8756894" lon="82.2254082">
        <ele>2288.0</ele>
      </trkpt>
      <trkpt lat="42.8756244" lon="82.2255071">
        <ele>2290.0</ele>
      </trkpt>
      <trkpt lat="42.8755471" lon="82.2255811">
        <ele>2290.0</ele>
      </trkpt>
      <trkpt lat="42.875479" lon="82.2256448">
        <ele>2290.0</ele>
      </trkpt>
      <trkpt lat="42.8753982" lon="82.2257012">
        <ele>2287.0</ele>
      </trkpt>
      <trkpt lat="42.875299" lon="82.2257453">
        <ele>2287.0</ele>
      </trkpt>
      <trkpt lat="42.8752039" lon="82.2258004">
        <ele>2287.0</ele>
      </trkpt>
      <trkpt lat="42.8751004" lon="82.2258656">
        <ele>2284.0</ele>
      </trkpt>
      <trkpt lat="42.8750177" lon="82.2259406">
        <ele>2284.0</ele>
      </trkpt>
      <trkpt lat="42.8749342" lon="82.2260066">
        <ele>2292.0</ele>
      </trkpt>
      <trkpt lat="42.874847" lon="82.2260499">
        <ele>2285.0</ele>
      </trkpt>
      <trkpt lat="42.8747586" lon="82.2260997">
        <ele>2285.0</ele>
      </trkpt>
      <trkpt lat="42.8747271" lon="82.2261102">
        <ele>2285.0</ele>
      </trkpt>
      <trkpt lat="42.8746721" lon="82.2261865">
        <ele>2285.0</ele>
      </trkpt>
      <trkpt lat="42.8745926" lon="82.2262869">
        <ele>2291.0</ele>
      </trkpt>
      <trkpt lat="42.8745053" lon="82.2263579">
        <ele>2288.0</ele>
      </trkpt>
      <trkpt lat="42.8744217" lon="82.2264439">
        <ele>2288.0</ele>
      </trkpt>
      <trkpt lat="42.8743289" lon="82.2265053">
        <ele>2288.0</ele>
      </trkpt>
      <trkpt lat="42.8742305" lon="82.2265503">
        <ele>2288.0</ele>
      </trkpt>
      <trkpt lat="42.8741445" lon="82.2266012">
        <ele>2288.0</ele>
      </trkpt>
      <trkpt lat="42.8740862" lon="82.2266556">
        <ele>2288.0</ele>
      </trkpt>
      <trkpt lat="42.8740197" lon="82.2267404">
        <ele>2280.0</ele>
      </trkpt>
      <trkpt lat="42.8739563" lon="82.2268381">
        <ele>2287.0</ele>
      </trkpt>
      <trkpt lat="42.8739004" lon="82.2269449">
        <ele>2287.0</ele>
      </trkpt>
      <trkpt lat="42.8738303" lon="82.227029">
        <ele>2287.0</ele>
      </trkpt>
      <trkpt lat="42.8737717" lon="82.2271449">
        <ele>2294.0</ele>
      </trkpt>
      <trkpt lat="42.8737076" lon="82.2272484">
        <ele>2289.0</ele>
      </trkpt>
      <trkpt lat="42.8736483" lon="82.2273475">
        <ele>2289.0</ele>
      </trkpt>
      <trkpt lat="42.8735989" lon="82.2274687">
        <ele>2295.0</ele>
      </trkpt>
      <trkpt lat="42.8735986" lon="82.2276">
        <ele>2295.0</ele>
      </trkpt>
      <trkpt lat="42.8735619" lon="82.2277219">
        <ele>2301.0</ele>
      </trkpt>
      <trkpt lat="42.8735246" lon="82.2278463">
        <ele>2301.0</ele>
      </trkpt>
      <trkpt lat="42.8734757" lon="82.2279574">
        <ele>2305.0</ele>
      </trkpt>
      <trkpt lat="42.8734312" lon="82.2280816">
        <ele>2298.0</ele>
      </trkpt>
      <trkpt lat="42.8733924" lon="82.2282088">
        <ele>2303.0</ele>
      </trkpt>
      <trkpt lat="42.8733594" lon="82.2283416">
        <ele>2303.0</ele>
      </trkpt>
      <trkpt lat="42.8732993" lon="82.2284547">
        <ele>2303.0</ele>
      </trkpt>
      <trkpt lat="42.8732315" lon="82.2285542">
        <ele>2306.0</ele>
      </trkpt>
      <trkpt lat="42.8731453" lon="82.2286168">
        <ele>2299.0</ele>
      </trkpt>
      <trkpt lat="42.8730615" lon="82.2286748">
        <ele>2299.0</ele>
      </trkpt>
      <trkpt lat="42.872996" lon="82.228764">
        <ele>2304.0</ele>
      </trkpt>
      <trkpt lat="42.8729349" lon="82.2288808">
        <ele>2304.0</ele>
      </trkpt>
      <trkpt lat="42.8728689" lon="82.2289978">
        <ele>2298.0</ele>
      </trkpt>
      <trkpt lat="42.8727826" lon="82.2291033">
        <ele>2307.0</ele>
      </trkpt>
      <trkpt lat="42.8726947" lon="82.2291955">
        <ele>2307.0</ele>
      </trkpt>
      <trkpt lat="42.8726121" lon="82.2292611">
        <ele>2300.0</ele>
      </trkpt>
      <trkpt lat="42.8725398" lon="82.2293376">
        <ele>2312.0</ele>
      </trkpt>
      <trkpt lat="42.8725101" lon="82.2294541">
        <ele>2312.0</ele>
      </trkpt>
      <trkpt lat="42.8724426" lon="82.2295434">
        <ele>2312.0</ele>
      </trkpt>
      <trkpt lat="42.8723682" lon="82.229619">
        <ele>2315.0</ele>
      </trkpt>
      <trkpt lat="42.8722941" lon="82.2297">
        <ele>2312.0</ele>
      </trkpt>
      <trkpt lat="42.8722161" lon="82.2297865">
        <ele>2312.0</ele>
      </trkpt>
      <trkpt lat="42.8721336" lon="82.229867">
        <ele>2315.0</ele>
      </trkpt>
      <trkpt lat="42.8720456" lon="82.2299264">
        <ele>2318.0</ele>
      </trkpt>
      <trkpt lat="42.8719605" lon="82.2300105">
        <ele>2318.0</ele>
      </trkpt>
      <trkpt lat="42.8718733" lon="82.2300696">
        <ele>2318.0</ele>
      </trkpt>
      <trkpt lat="42.8717953" lon="82.2301514">
        <ele>2323.0</ele>
      </trkpt>
      <trkpt lat="42.8717113" lon="82.2302157">
        <ele>2323.0</ele>
      </trkpt>
      <trkpt lat="42.871632" lon="82.2302842">
        <ele>2323.0</ele>
      </trkpt>
      <trkpt lat="42.8715633" lon="82.2303735">
        <ele>2323.0</ele>
      </trkpt>
      <trkpt lat="42.8714876" lon="82.2304631">
        <ele>2328.0</ele>
      </trkpt>
      <trkpt lat="42.8714248" lon="82.2304833">
        <ele>2328.0</ele>
      </trkpt>
      <trkpt lat="42.8713697" lon="82.2305753">
        <ele>2328.0</ele>
      </trkpt>
      <trkpt lat="42.8713059" lon="82.2306811">
        <ele>2328.0</ele>
      </trkpt>
      <trkpt lat="42.8712195" lon="82.2307491">
        <ele>2328.0</ele>
      </trkpt>
      <trkpt lat="42.8711396" lon="82.2308248">
        <ele>2328.0</ele>
      </trkpt>
      <trkpt lat="42.8710674" lon="82.2309055">
        <ele>2328.0</ele>
      </trkpt>
      <trkpt lat="42.8709916" lon="82.230988">
        <ele>2332.0</ele>
      </trkpt>
      <trkpt lat="42.8709429" lon="82.23108">
        <ele>2325.0</ele>
      </trkpt>
      <trkpt lat="42.8708743" lon="82.2311581">
        <ele>2325.0</ele>
      </trkpt>
      <trkpt lat="42.8707943" lon="82.2312416">
        <ele>2325.0</ele>
      </trkpt>
      <trkpt lat="42.8707272" lon="82.2313309">
        <ele>2331.0</ele>
      </trkpt>
      <trkpt lat="42.8706687" lon="82.2314356">
        <ele>2329.0</ele>
      </trkpt>
      <trkpt lat="42.8706053" lon="82.2315329">
        <ele>2334.0</ele>
      </trkpt>
      <trkpt lat="42.8705304" lon="82.2316339">
        <ele>2334.0</ele>
      </trkpt>
      <trkpt lat="42.870456" lon="82.2317271">
        <ele>2334.0</ele>
      </trkpt>
      <trkpt lat="42.8703867" lon="82.2318267">
        <ele>2340.0</ele>
      </trkpt>
      <trkpt lat="42.8702985" lon="82.2318461">
        <ele>2340.0</ele>
      </trkpt>
      <trkpt lat="42.8702679" lon="82.23197">
        <ele>2340.0</ele>
      </trkpt>
      <trkpt lat="42.8702286" lon="82.2321035">
        <ele>2345.0</ele>
      </trkpt>
      <trkpt lat="42.87018" lon="82.2322337">
        <ele>2345.0</ele>
      </trkpt>
      <trkpt lat="42.8701258" lon="82.2323464">
        <ele>2342.0</ele>
      </trkpt>
      <trkpt lat="42.8700548" lon="82.2324527">
        <ele>2347.0</ele>
      </trkpt>
      <trkpt lat="42.8700034" lon="82.2325753">
        <ele>2347.0</ele>
      </trkpt>
      <trkpt lat="42.8699716" lon="82.2326965">
        <ele>2350.0</ele>
      </trkpt>
      <trkpt lat="42.8699363" lon="82.2328137">
        <ele>2350.0</ele>
      </trkpt>
      <trkpt lat="42.8698949" lon="82.2329389">
        <ele>2353.0</ele>
      </trkpt>
      <trkpt lat="42.8698601" lon="82.2330605">
        <ele>2349.0</ele>
      </trkpt>
      <trkpt lat="42.8698408" lon="82.2332028">
        <ele>2352.0</ele>
      </trkpt>
      <trkpt lat="42.8698471" lon="82.2333432">
        <ele>2352.0</ele>
      </trkpt>
      <trkpt lat="42.869844" lon="82.2334747">
        <ele>2358.0</ele>
      </trkpt>
      <trkpt lat="42.8698011" lon="82.2335851">
        <ele>2358.0</ele>
      </trkpt>
      <trkpt lat="42.8697634" lon="82.2337097">
        <ele>2358.0</ele>
      </trkpt>
      <trkpt lat="42.8697749" lon="82.2338281">
        <ele>2364.0</ele>
      </trkpt>
      <trkpt lat="42.8698167" lon="82.2339504">
        <ele>2364.0</ele>
      </trkpt>
      <trkpt lat="42.8698047" lon="82.2340776">
        <ele>2368.0</ele>
      </trkpt>
      <trkpt lat="42.8698006" lon="82.2341125">
        <ele>2368.0</ele>
      </trkpt>
      <trkpt lat="42.8697329" lon="82.2341443">
        <ele>2368.0</ele>
      </trkpt>
      <trkpt lat="42.8696288" lon="82.2341064">
        <ele>2368.0</ele>
      </trkpt>
      <trkpt lat="42.869531" lon="82.234052">
        <ele>2358.0</ele>
      </trkpt>
      <trkpt lat="42.8694443" lon="82.2340797">
        <ele>2358.0</ele>
      </trkpt>
      <trkpt lat="42.8693932" lon="82.2341873">
        <ele>2358.0</ele>
      </trkpt>
      <trkpt lat="42.869358" lon="82.2343331">
        <ele>2367.0</ele>
      </trkpt>
      <trkpt lat="42.8693358" lon="82.2344817">
        <ele>2367.0</ele>
      </trkpt>
      <trkpt lat="42.8693211" lon="82.2346184">
        <ele>2375.0</ele>
      </trkpt>
      <trkpt lat="42.8693118" lon="82.2347535">
        <ele>2375.0</ele>
      </trkpt>
      <trkpt lat="42.8692762" lon="82.2348837">
        <ele>2367.0</ele>
      </trkpt>
      <trkpt lat="42.8692251" lon="82.2350135">
        <ele>2367.0</ele>
      </trkpt>
      <trkpt lat="42.8691641" lon="82.2351415">
        <ele>2373.0</ele>
      </trkpt>
      <trkpt lat="42.8691267" lon="82.2352796">
        <ele>2373.0</ele>
      </trkpt>
      <trkpt lat="42.8690849" lon="82.2354001">
        <ele>2373.0</ele>
      </trkpt>
      <trkpt lat="42.8690283" lon="82.235511">
        <ele>2379.0</ele>
      </trkpt>
      <trkpt lat="42.8689703" lon="82.2356257">
        <ele>2372.0</ele>
      </trkpt>
      <trkpt lat="42.8689241" lon="82.2357391">
        <ele>2381.0</ele>
      </trkpt>
      <trkpt lat="42.8688806" lon="82.2358612">
        <ele>2381.0</ele>
      </trkpt>
      <trkpt lat="42.8688298" lon="82.235981">
        <ele>2386.0</ele>
      </trkpt>
      <trkpt lat="42.868783" lon="82.236104">
        <ele>2386.0</ele>
      </trkpt>
      <trkpt lat="42.8687356" lon="82.2361779">
        <ele>2378.0</ele>
      </trkpt>
      <trkpt lat="42.8686667" lon="82.236255">
        <ele>2386.0</ele>
      </trkpt>
      <trkpt lat="42.8685822" lon="82.2363256">
        <ele>2386.0</ele>
      </trkpt>
      <trkpt lat="42.8686144" lon="82.2364401">
        <ele>2386.0</ele>
      </trkpt>
      <trkpt lat="42.8685668" lon="82.2365508">
        <ele>2393.0</ele>
      </trkpt>
      <trkpt lat="42.8685252" lon="82.2366631">
        <ele>2393.0</ele>
      </trkpt>
      <trkpt lat="42.8684758" lon="82.2367677">
        <ele>2393.0</ele>
      </trkpt>
      <trkpt lat="42.8684428" lon="82.2368925">
        <ele>2385.0</ele>
      </trkpt>
      <trkpt lat="42.8684067" lon="82.2370223">
        <ele>2385.0</ele>
      </trkpt>
      <trkpt lat="42.8683763" lon="82.2371485">
        <ele>2392.0</ele>
      </trkpt>
      <trkpt lat="42.868359" lon="82.237276">
        <ele>2392.0</ele>
      </trkpt>
      <trkpt lat="42.8683482" lon="82.237405">
        <ele>2398.0</ele>
      </trkpt>
      <trkpt lat="42.8683228" lon="82.2375394">
        <ele>2398.0</ele>
      </trkpt>
      <trkpt lat="42.8682907" lon="82.2376805">
        <ele>2405.0</ele>
      </trkpt>
      <trkpt lat="42.8682617" lon="82.2378102">
        <ele>2405.0</ele>
      </trkpt>
      <trkpt lat="42.8682254" lon="82.2378801">
        <ele>2405.0</ele>
      </trkpt>
      <trkpt lat="42.8682251" lon="82.23799">
        <ele>2410.0</ele>
      </trkpt>
      <trkpt lat="42.8682362" lon="82.2381267">
        <ele>2410.0</ele>
      </trkpt>
      <trkpt lat="42.8682435" lon="82.2382517">
        <ele>2414.0</ele>
      </trkpt>
      <trkpt lat="42.8682518" lon="82.2383883">
        <ele>2414.0</ele>
      </trkpt>
      <trkpt lat="42.8682714" lon="82.2385225">
        <ele>2416.0</ele>
      </trkpt>
      <trkpt lat="42.8682785" lon="82.2386619">
        <ele>2416.0</ele>
      </trkpt>
      <trkpt lat="42.8682423" lon="82.2387843">
        <ele>2418.0</ele>
      </trkpt>
      <trkpt lat="42.8681938" lon="82.2388928">
        <ele>2405.0</ele>
      </trkpt>
      <trkpt lat="42.8681403" lon="82.2390022">
        <ele>2405.0</ele>
      </trkpt>
      <trkpt lat="42.8680958" lon="82.2391293">
        <ele>2408.0</ele>
      </trkpt>
      <trkpt lat="42.8680576" lon="82.2392655">
        <ele>2408.0</ele>
      </trkpt>
      <trkpt lat="42.8680557" lon="82.2394122">
        <ele>2412.0</ele>
      </trkpt>
      <trkpt lat="42.8680663" lon="82.2395356">
        <ele>2412.0</ele>
      </trkpt>
      <trkpt lat="42.8680346" lon="82.2396489">
        <ele>2417.0</ele>
      </trkpt>
      <trkpt lat="42.868013" lon="82.2397743">
        <ele>2417.0</ele>
      </trkpt>
      <trkpt lat="42.8679748" lon="82.2398967">
        <ele>2422.0</ele>
      </trkpt>
      <trkpt lat="42.8679484" lon="82.2400266">
        <ele>2422.0</ele>
      </trkpt>
      <trkpt lat="42.8679195" lon="82.2401533">
        <ele>2426.0</ele>
      </trkpt>
      <trkpt lat="42.8678777" lon="82.240266">
        <ele>2414.0</ele>
      </trkpt>
      <trkpt lat="42.867853" lon="82.2403972">
        <ele>2414.0</ele>
      </trkpt>
      <trkpt lat="42.8677983" lon="82.2405088">
        <ele>2419.0</ele>
      </trkpt>
      <trkpt lat="42.8677587" lon="82.2406251">
        <ele>2419.0</ele>
      </trkpt>
      <trkpt lat="42.8677254" lon="82.24074">
        <ele>2426.0</ele>
      </trkpt>
      <trkpt lat="42.8677026" lon="82.2408631">
        <ele>2426.0</ele>
      </trkpt>
      <trkpt lat="42.8676799" lon="82.2409988">
        <ele>2431.0</ele>
      </trkpt>
      <trkpt lat="42.8676467" lon="82.2411356">
        <ele>2431.0</ele>
      </trkpt>
      <trkpt lat="42.8675794" lon="82.2412555">
        <ele>2425.0</ele>
      </trkpt>
      <trkpt lat="42.8675252" lon="82.2413663">
        <ele>2425.0</ele>
      </trkpt>
      <trkpt lat="42.8675046" lon="82.2415033">
        <ele>2425.0</ele>
      </trkpt>
      <trkpt lat="42.8675044" lon="82.2416433">
        <ele>2428.0</ele>
      </trkpt>
      <trkpt lat="42.8674968" lon="82.2417834">
        <ele>2428.0</ele>
      </trkpt>
      <trkpt lat="42.867478" lon="82.2419187">
        <ele>2431.0</ele>
      </trkpt>
      <trkpt lat="42.8674584" lon="82.2420449">
        <ele>2431.0</ele>
      </trkpt>
      <trkpt lat="42.8674167" lon="82.2421647">
        <ele>2432.0</ele>
      </trkpt>
      <trkpt lat="42.8673765" lon="82.2422895">
        <ele>2432.0</ele>
      </trkpt>
      <trkpt lat="42.8673512" lon="82.2424214">
        <ele>2425.0</ele>
      </trkpt>
      <trkpt lat="42.8673451" lon="82.2425415">
        <ele>2425.0</ele>
      </trkpt>
      <trkpt lat="42.8673243" lon="82.2426743">
        <ele>2427.0</ele>
      </trkpt>
      <trkpt lat="42.8672999" lon="82.2428082">
        <ele>2427.0</ele>
      </trkpt>
      <trkpt lat="42.8672849" lon="82.2429461">
        <ele>2429.0</ele>
      </trkpt>
      <trkpt lat="42.8672645" lon="82.2430929">
        <ele>2429.0</ele>
      </trkpt>
      <trkpt lat="42.8672558" lon="82.2432365">
        <ele>2429.0</ele>
      </trkpt>
      <trkpt lat="42.867243" lon="82.2433812">
        <ele>2429.0</ele>
      </trkpt>
      <trkpt lat="42.8672134" lon="82.2435238">
        <ele>2434.0</ele>
      </trkpt>
      <trkpt lat="42.8671776" lon="82.2436644">
        <ele>2434.0</ele>
      </trkpt>
      <trkpt lat="42.8671108" lon="82.2437847">
        <ele>2434.0</ele>
      </trkpt>
      <trkpt lat="42.8670551" lon="82.2439041">
        <ele>2431.0</ele>
      </trkpt>
      <trkpt lat="42.8669982" lon="82.2440162">
        <ele>2431.0</ele>
      </trkpt>
      <trkpt lat="42.8669439" lon="82.2441093">
        <ele>2438.0</ele>
      </trkpt>
      <trkpt lat="42.8669342" lon="82.2442313">
        <ele>2438.0</ele>
      </trkpt>
      <trkpt lat="42.8668876" lon="82.2442515">
        <ele>2438.0</ele>
      </trkpt>
      <trkpt lat="42.8668775" lon="82.2443583">
        <ele>2443.0</ele>
      </trkpt>
      <trkpt lat="42.8669295" lon="82.2444617">
        <ele>2443.0</ele>
      </trkpt>
      <trkpt lat="42.8669325" lon="82.2445885">
        <ele>2449.0</ele>
      </trkpt>
      <trkpt lat="42.8669264" lon="82.2447173">
        <ele>2449.0</ele>
      </trkpt>
      <trkpt lat="42.8668708" lon="82.2448177">
        <ele>2449.0</ele>
      </trkpt>
      <trkpt lat="42.8668087" lon="82.2449139">
        <ele>2451.0</ele>
      </trkpt>
      <trkpt lat="42.8668197" lon="82.2450205">
        <ele>2451.0</ele>
      </trkpt>
      <trkpt lat="42.8668014" lon="82.2451322">
        <ele>2448.0</ele>
      </trkpt>
      <trkpt lat="42.8667315" lon="82.2452017">
        <ele>2447.0</ele>
      </trkpt>
      <trkpt lat="42.8666384" lon="82.245235">
        <ele>2447.0</ele>
      </trkpt>
      <trkpt lat="42.8665417" lon="82.2452633">
        <ele>2447.0</ele>
      </trkpt>
      <trkpt lat="42.8664773" lon="82.2453727">
        <ele>2446.0</ele>
      </trkpt>
      <trkpt lat="42.8664351" lon="82.2454877">
        <ele>2445.0</ele>
      </trkpt>
      <trkpt lat="42.8663639" lon="82.2455812">
        <ele>2445.0</ele>
      </trkpt>
      <trkpt lat="42.8662825" lon="82.245659">
        <ele>2445.0</ele>
      </trkpt>
      <trkpt lat="42.8662059" lon="82.2457408">
        <ele>2451.0</ele>
      </trkpt>
      <trkpt lat="42.8661155" lon="82.2457941">
        <ele>2451.0</ele>
      </trkpt>
      <trkpt lat="42.8660294" lon="82.2458433">
        <ele>2451.0</ele>
      </trkpt>
      <trkpt lat="42.865947" lon="82.2459012">
        <ele>2454.0</ele>
      </trkpt>
      <trkpt lat="42.8658749" lon="82.2459874">
        <ele>2456.0</ele>
      </trkpt>
      <trkpt lat="42.8657896" lon="82.2460647">
        <ele>2456.0</ele>
      </trkpt>
      <trkpt lat="42.8657017" lon="82.2461162">
        <ele>2456.0</ele>
      </trkpt>
      <trkpt lat="42.8656002" lon="82.2461249">
        <ele>2460.0</ele>
      </trkpt>
      <trkpt lat="42.8655674" lon="82.2461165">
        <ele>2460.0</ele>
      </trkpt>
      <trkpt lat="42.8655176" lon="82.2461865">
        <ele>2460.0</ele>
      </trkpt>
      <trkpt lat="42.86547" lon="82.2463026">
        <ele>2462.0</ele>
      </trkpt>
      <trkpt lat="42.8654084" lon="82.2464217">
        <ele>2464.0</ele>
      </trkpt>
      <trkpt lat="42.865326" lon="82.2465281">
        <ele>2464.0</ele>
      </trkpt>
      <trkpt lat="42.8652337" lon="82.2466212">
        <ele>2464.0</ele>
      </trkpt>
      <trkpt lat="42.8651805" lon="82.2466769">
        <ele>2464.0</ele>
      </trkpt>
      <trkpt lat="42.8651134" lon="82.2467645">
        <ele>2460.0</ele>
      </trkpt>
      <trkpt lat="42.8650297" lon="82.2468357">
        <ele>2462.0</ele>
      </trkpt>
      <trkpt lat="42.864938" lon="82.2468999">
        <ele>2462.0</ele>
      </trkpt>
      <trkpt lat="42.864849" lon="82.2469538">
        <ele>2466.0</ele>
      </trkpt>
      <trkpt lat="42.8647603" lon="82.2470089">
        <ele>2466.0</ele>
      </trkpt>
      <trkpt lat="42.8646678" lon="82.2470394">
        <ele>2466.0</ele>
      </trkpt>
      <trkpt lat="42.8645844" lon="82.2471079">
        <ele>2465.0</ele>
      </trkpt>
      <trkpt lat="42.8645139" lon="82.2471989">
        <ele>2471.0</ele>
      </trkpt>
      <trkpt lat="42.8644421" lon="82.2472927">
        <ele>2471.0</ele>
      </trkpt>
      <trkpt lat="42.8643649" lon="82.2473851">
        <ele>2469.0</ele>
      </trkpt>
      <trkpt lat="42.8642762" lon="82.2474518">
        <ele>2471.0</ele>
      </trkpt>
      <trkpt lat="42.8641794" lon="82.247508">
        <ele>2471.0</ele>
      </trkpt>
      <trkpt lat="42.8640819" lon="82.2475752">
        <ele>2471.0</ele>
      </trkpt>
      <trkpt lat="42.8640039" lon="82.2476637">
        <ele>2473.0</ele>
      </trkpt>
      <trkpt lat="42.8639267" lon="82.2477376">
        <ele>2473.0</ele>
      </trkpt>
      <trkpt lat="42.8638436" lon="82.2478138">
        <ele>2473.0</ele>
      </trkpt>
      <trkpt lat="42.8637528" lon="82.2478351">
        <ele>2473.0</ele>
      </trkpt>
      <trkpt lat="42.8636565" lon="82.2478722">
        <ele>2475.0</ele>
      </trkpt>
      <trkpt lat="42.8635679" lon="82.2479409">
        <ele>2477.0</ele>
      </trkpt>
      <trkpt lat="42.8634937" lon="82.2480326">
        <ele>2477.0</ele>
      </trkpt>
      <trkpt lat="42.8634103" lon="82.2480997">
        <ele>2478.0</ele>
      </trkpt>
      <trkpt lat="42.8633191" lon="82.2481518">
        <ele>2478.0</ele>
      </trkpt>
      <trkpt lat="42.863225" lon="82.2481879">
        <ele>2478.0</ele>
      </trkpt>
      <trkpt lat="42.8631352" lon="82.2482413">
        <ele>2478.0</ele>
      </trkpt>
      <trkpt lat="42.8630574" lon="82.2483265">
        <ele>2478.0</ele>
      </trkpt>
      <trkpt lat="42.8629853" lon="82.2484194">
        <ele>2478.0</ele>
      </trkpt>
      <trkpt lat="42.8629239" lon="82.2485144">
        <ele>2479.0</ele>
      </trkpt>
      <trkpt lat="42.8628502" lon="82.2486126">
        <ele>2472.0</ele>
      </trkpt>
      <trkpt lat="42.8627773" lon="82.248717">
        <ele>2472.0</ele>
      </trkpt>
      <trkpt lat="42.8627134" lon="82.2488187">
        <ele>2474.0</ele>
      </trkpt>
      <trkpt lat="42.8626571" lon="82.2489233">
        <ele>2474.0</ele>
      </trkpt>
      <trkpt lat="42.8625925" lon="82.2490334">
        <ele>2482.0</ele>
      </trkpt>
      <trkpt lat="42.8625214" lon="82.2491523">
        <ele>2482.0</ele>
      </trkpt>
      <trkpt lat="42.8624527" lon="82.2492608">
        <ele>2482.0</ele>
      </trkpt>
      <trkpt lat="42.8623853" lon="82.2493532">
        <ele>2480.0</ele>
      </trkpt>
      <trkpt lat="42.8623216" lon="82.2494455">
        <ele>2482.0</ele>
      </trkpt>
      <trkpt lat="42.8622534" lon="82.2495441">
        <ele>2482.0</ele>
      </trkpt>
      <trkpt lat="42.8621952" lon="82.2496617">
        <ele>2480.0</ele>
      </trkpt>
      <trkpt lat="42.8621406" lon="82.2497719">
        <ele>2480.0</ele>
      </trkpt>
      <trkpt lat="42.8620773" lon="82.2498759">
        <ele>2482.0</ele>
      </trkpt>
      <trkpt lat="42.8620097" lon="82.2499727">
        <ele>2482.0</ele>
      </trkpt>
      <trkpt lat="42.8619668" lon="82.2500632">
        <ele>2482.0</ele>
      </trkpt>
      <trkpt lat="42.8619893" lon="82.2501836">
        <ele>2484.0</ele>
      </trkpt>
      <trkpt lat="42.8619124" lon="82.2501187">
        <ele>2482.0</ele>
      </trkpt>
      <trkpt lat="42.8618511" lon="82.2502154">
        <ele>2484.0</ele>
      </trkpt>
      <trkpt lat="42.8617816" lon="82.2503135">
        <ele>2483.0</ele>
      </trkpt>
      <trkpt lat="42.8617232" lon="82.2504183">
        <ele>2488.0</ele>
      </trkpt>
      <trkpt lat="42.8616603" lon="82.2505149">
        <ele>2488.0</ele>
      </trkpt>
      <trkpt lat="42.8615882" lon="82.2505982">
        <ele>2488.0</ele>
      </trkpt>
      <trkpt lat="42.861532" lon="82.2506573">
        <ele>2488.0</ele>
      </trkpt>
      <trkpt lat="42.8614667" lon="82.2507317">
        <ele>2490.0</ele>
      </trkpt>
      <trkpt lat="42.8613932" lon="82.2508048">
        <ele>2490.0</ele>
      </trkpt>
      <trkpt lat="42.8613094" lon="82.250853">
        <ele>2490.0</ele>
      </trkpt>
      <trkpt lat="42.8612268" lon="82.2509332">
        <ele>2489.0</ele>
      </trkpt>
      <trkpt lat="42.8611498" lon="82.2510195">
        <ele>2491.0</ele>
      </trkpt>
      <trkpt lat="42.8610801" lon="82.2511153">
        <ele>2491.0</ele>
      </trkpt>
      <trkpt lat="42.8610249" lon="82.2512179">
        <ele>2491.0</ele>
      </trkpt>
      <trkpt lat="42.8609622" lon="82.2513164">
        <ele>2497.0</ele>
      </trkpt>
      <trkpt lat="42.860884" lon="82.2513968">
        <ele>2497.0</ele>
      </trkpt>
      <trkpt lat="42.8608039" lon="82.2514689">
        <ele>2497.0</ele>
      </trkpt>
      <trkpt lat="42.8607308" lon="82.251554">
        <ele>2502.0</ele>
      </trkpt>
      <trkpt lat="42.8606488" lon="82.2516422">
        <ele>2503.0</ele>
      </trkpt>
      <trkpt lat="42.8605616" lon="82.2517042">
        <ele>2503.0</ele>
      </trkpt>
      <trkpt lat="42.8604869" lon="82.25178">
        <ele>2503.0</ele>
      </trkpt>
      <trkpt lat="42.8604098" lon="82.2518603">
        <ele>2500.0</ele>
      </trkpt>
      <trkpt lat="42.8603481" lon="82.2519578">
        <ele>2500.0</ele>
      </trkpt>
      <trkpt lat="42.8602736" lon="82.2520529">
        <ele>2500.0</ele>
      </trkpt>
      <trkpt lat="42.86023" lon="82.2520878">
        <ele>2501.0</ele>
      </trkpt>
      <trkpt lat="42.8601564" lon="82.2521385">
        <ele>2501.0</ele>
      </trkpt>
      <trkpt lat="42.860073" lon="82.2522107">
        <ele>2498.0</ele>
      </trkpt>
      <trkpt lat="42.8600309" lon="82.25224">
        <ele>2498.0</ele>
      </trkpt>
      <trkpt lat="42.8599658" lon="82.2522912">
        <ele>2498.0</ele>
      </trkpt>
      <trkpt lat="42.8598815" lon="82.2523483">
        <ele>2498.0</ele>
      </trkpt>
      <trkpt lat="42.859794" lon="82.2524041">
        <ele>2497.0</ele>
      </trkpt>
      <trkpt lat="42.859696" lon="82.2524426">
        <ele>2497.0</ele>
      </trkpt>
      <trkpt lat="42.8595971" lon="82.2524856">
        <ele>2497.0</ele>
      </trkpt>
      <trkpt lat="42.8594969" lon="82.2525356">
        <ele>2500.0</ele>
      </trkpt>
      <trkpt lat="42.8594066" lon="82.2525792">
        <ele>2500.0</ele>
      </trkpt>
      <trkpt lat="42.8593136" lon="82.2526086">
        <ele>2500.0</ele>
      </trkpt>
      <trkpt lat="42.8592187" lon="82.2526365">
        <ele>2498.0</ele>
      </trkpt>
      <trkpt lat="42.859119" lon="82.2526442">
        <ele>2501.0</ele>
      </trkpt>
      <trkpt lat="42.8590213" lon="82.252649">
        <ele>2498.0</ele>
      </trkpt>
      <trkpt lat="42.858922" lon="82.2526541">
        <ele>2498.0</ele>
      </trkpt>
      <trkpt lat="42.8588187" lon="82.2526681">
        <ele>2498.0</ele>
      </trkpt>
      <trkpt lat="42.8587254" lon="82.2526927">
        <ele>2494.0</ele>
      </trkpt>
      <trkpt lat="42.8586334" lon="82.2527297">
        <ele>2494.0</ele>
      </trkpt>
      <trkpt lat="42.8585444" lon="82.2527718">
        <ele>2494.0</ele>
      </trkpt>
      <trkpt lat="42.8584505" lon="82.2528178">
        <ele>2492.0</ele>
      </trkpt>
      <trkpt lat="42.8583466" lon="82.25287">
        <ele>2492.0</ele>
      </trkpt>
      <trkpt lat="42.8582592" lon="82.2529267">
        <ele>2493.0</ele>
      </trkpt>
      <trkpt lat="42.8581757" lon="82.2529951">
        <ele>2490.0</ele>
      </trkpt>
      <trkpt lat="42.8580901" lon="82.2530501">
        <ele>2490.0</ele>
      </trkpt>
      <trkpt lat="42.8579933" lon="82.2530575">
        <ele>2490.0</ele>
      </trkpt>
      <trkpt lat="42.8578851" lon="82.2530364">
        <ele>2490.0</ele>
      </trkpt>
      <trkpt lat="42.8578418" lon="82.2530361">
        <ele>2490.0</ele>
      </trkpt>
      <trkpt lat="42.8577602" lon="82.2530263">
        <ele>2490.0</ele>
      </trkpt>
      <trkpt lat="42.8576663" lon="82.2529872">
        <ele>2490.0</ele>
      </trkpt>
      <trkpt lat="42.8575725" lon="82.2529885">
        <ele>2486.0</ele>
      </trkpt>
      <trkpt lat="42.857469" lon="82.2530033">
        <ele>2486.0</ele>
      </trkpt>
      <trkpt lat="42.8573693" lon="82.2530406">
        <ele>2486.0</ele>
      </trkpt>
      <trkpt lat="42.8572738" lon="82.2530666">
        <ele>2483.0</ele>
      </trkpt>
      <trkpt lat="42.8571949" lon="82.2530085">
        <ele>2483.0</ele>
      </trkpt>
      <trkpt lat="42.8571069" lon="82.2529705">
        <ele>2483.0</ele>
      </trkpt>
      <trkpt lat="42.857077" lon="82.2529651">
        <ele>2478.0</ele>
      </trkpt>
      <trkpt lat="42.8570585" lon="82.2530887">
        <ele>2478.0</ele>
      </trkpt>
      <trkpt lat="42.8569922" lon="82.2532023">
        <ele>2482.0</ele>
      </trkpt>
      <trkpt lat="42.8569165" lon="82.2532819">
        <ele>2482.0</ele>
      </trkpt>
      <trkpt lat="42.8568611" lon="82.2533934">
        <ele>2482.0</ele>
      </trkpt>
      <trkpt lat="42.8567771" lon="82.2534517">
        <ele>2478.0</ele>
      </trkpt>
      <trkpt lat="42.8566532" lon="82.2534925">
        <ele>2481.0</ele>
      </trkpt>
      <trkpt lat="42.8565422" lon="82.2535038">
        <ele>2481.0</ele>
      </trkpt>
      <trkpt lat="42.8564362" lon="82.2534982">
        <ele>2480.0</ele>
      </trkpt>
      <trkpt lat="42.8563419" lon="82.2535206">
        <ele>2480.0</ele>
      </trkpt>
      <trkpt lat="42.856247" lon="82.2535366">
        <ele>2478.0</ele>
      </trkpt>
      <trkpt lat="42.856151" lon="82.253544">
        <ele>2478.0</ele>
      </trkpt>
      <trkpt lat="42.8560615" lon="82.2535682">
        <ele>2478.0</ele>
      </trkpt>
      <trkpt lat="42.8559708" lon="82.2535917">
        <ele>2479.0</ele>
      </trkpt>
      <trkpt lat="42.855873" lon="82.2536125">
        <ele>2479.0</ele>
      </trkpt>
      <trkpt lat="42.8557746" lon="82.2536464">
        <ele>2479.0</ele>
      </trkpt>
      <trkpt lat="42.8556764" lon="82.253678">
        <ele>2480.0</ele>
      </trkpt>
      <trkpt lat="42.8555835" lon="82.2536991">
        <ele>2480.0</ele>
      </trkpt>
      <trkpt lat="42.8554986" lon="82.2537437">
        <ele>2480.0</ele>
      </trkpt>
      <trkpt lat="42.8554055" lon="82.2537647">
        <ele>2480.0</ele>
      </trkpt>
      <trkpt lat="42.8553166" lon="82.2537919">
        <ele>2480.0</ele>
      </trkpt>
      <trkpt lat="42.8552234" lon="82.2538304">
        <ele>2480.0</ele>
      </trkpt>
      <trkpt lat="42.8551323" lon="82.2538807">
        <ele>2480.0</ele>
      </trkpt>
      <trkpt lat="42.8550302" lon="82.2539124">
        <ele>2480.0</ele>
      </trkpt>
      <trkpt lat="42.8549269" lon="82.2539471">
        <ele>2480.0</ele>
      </trkpt>
      <trkpt lat="42.8548306" lon="82.2539886">
        <ele>2479.0</ele>
      </trkpt>
      <trkpt lat="42.8547468" lon="82.2540495">
        <ele>2484.0</ele>
      </trkpt>
      <trkpt lat="42.8546667" lon="82.2541078">
        <ele>2484.0</ele>
      </trkpt>
      <trkpt lat="42.854579" lon="82.2541263">
        <ele>2480.0</ele>
      </trkpt>
      <trkpt lat="42.8544793" lon="82.2541419">
        <ele>2480.0</ele>
      </trkpt>
      <trkpt lat="42.8543768" lon="82.2541453">
        <ele>2480.0</ele>
      </trkpt>
      <trkpt lat="42.8542676" lon="82.2541502">
        <ele>2475.0</ele>
      </trkpt>
      <trkpt lat="42.8541754" lon="82.2541315">
        <ele>2475.0</ele>
      </trkpt>
      <trkpt lat="42.8540858" lon="82.2541747">
        <ele>2475.0</ele>
      </trkpt>
      <trkpt lat="42.854003" lon="82.2542257">
        <ele>2480.0</ele>
      </trkpt>
      <trkpt lat="42.8539047" lon="82.2542616">
        <ele>2480.0</ele>
      </trkpt>
      <trkpt lat="42.8538121" lon="82.2542837">
        <ele>2480.0</ele>
      </trkpt>
      <trkpt lat="42.8537099" lon="82.2543328">
        <ele>2482.0</ele>
      </trkpt>
      <trkpt lat="42.8536357" lon="82.2543627">
        <ele>2482.0</ele>
      </trkpt>
      <trkpt lat="42.8535648" lon="82.2544288">
        <ele>2482.0</ele>
      </trkpt>
      <trkpt lat="42.8534804" lon="82.2544824">
        <ele>2482.0</ele>
      </trkpt>
      <trkpt lat="42.8534015" lon="82.2545524">
        <ele>2476.0</ele>
      </trkpt>
      <trkpt lat="42.8533086" lon="82.2546305">
        <ele>2482.0</ele>
      </trkpt>
      <trkpt lat="42.8532197" lon="82.2546934">
        <ele>2482.0</ele>
      </trkpt>
      <trkpt lat="42.8531178" lon="82.2547315">
        <ele>2476.0</ele>
      </trkpt>
      <trkpt lat="42.8530136" lon="82.2547824">
        <ele>2476.0</ele>
      </trkpt>
      <trkpt lat="42.8529104" lon="82.2548325">
        <ele>2473.0</ele>
      </trkpt>
      <trkpt lat="42.8528218" lon="82.2548954">
        <ele>2479.0</ele>
      </trkpt>
      <trkpt lat="42.8527944" lon="82.2549155">
        <ele>2479.0</ele>
      </trkpt>
      <trkpt lat="42.8527284" lon="82.2549782">
        <ele>2479.0</ele>
      </trkpt>
      <trkpt lat="42.8526384" lon="82.2550448">
        <ele>2479.0</ele>
      </trkpt>
      <trkpt lat="42.8525481" lon="82.2551027">
        <ele>2479.0</ele>
      </trkpt>
      <trkpt lat="42.8524534" lon="82.2551637">
        <ele>2483.0</ele>
      </trkpt>
      <trkpt lat="42.8523559" lon="82.2552232">
        <ele>2484.0</ele>
      </trkpt>
      <trkpt lat="42.8522618" lon="82.2552628">
        <ele>2484.0</ele>
      </trkpt>
      <trkpt lat="42.8521723" lon="82.2553307">
        <ele>2484.0</ele>
      </trkpt>
      <trkpt lat="42.8520855" lon="82.2553938">
        <ele>2484.0</ele>
      </trkpt>
      <trkpt lat="42.8520005" lon="82.2554619">
        <ele>2484.0</ele>
      </trkpt>
      <trkpt lat="42.8519088" lon="82.2555243">
        <ele>2484.0</ele>
      </trkpt>
      <trkpt lat="42.851825" lon="82.2555922">
        <ele>2484.0</ele>
      </trkpt>
      <trkpt lat="42.8517353" lon="82.2556678">
        <ele>2481.0</ele>
      </trkpt>
      <trkpt lat="42.8516341" lon="82.2557099">
        <ele>2484.0</ele>
      </trkpt>
      <trkpt lat="42.85153" lon="82.2557541">
        <ele>2484.0</ele>
      </trkpt>
      <trkpt lat="42.8514333" lon="82.25581">
        <ele>2479.0</ele>
      </trkpt>
      <trkpt lat="42.8513474" lon="82.2558634">
        <ele>2479.0</ele>
      </trkpt>
      <trkpt lat="42.8513094" lon="82.2558566">
        <ele>2479.0</ele>
      </trkpt>
      <trkpt lat="42.8512342" lon="82.2558469">
        <ele>2475.0</ele>
      </trkpt>
      <trkpt lat="42.8511463" lon="82.2558541">
        <ele>2475.0</ele>
      </trkpt>
      <trkpt lat="42.8510474" lon="82.2558503">
        <ele>2475.0</ele>
      </trkpt>
      <trkpt lat="42.8509508" lon="82.2558952">
        <ele>2469.0</ele>
      </trkpt>
      <trkpt lat="42.8508645" lon="82.2559645">
        <ele>2469.0</ele>
      </trkpt>
      <trkpt lat="42.8507953" lon="82.2560548">
        <ele>2470.0</ele>
      </trkpt>
      <trkpt lat="42.8507156" lon="82.2561289">
        <ele>2470.0</ele>
      </trkpt>
      <trkpt lat="42.8506253" lon="82.2561766">
        <ele>2470.0</ele>
      </trkpt>
      <trkpt lat="42.8505309" lon="82.2562182">
        <ele>2470.0</ele>
      </trkpt>
      <trkpt lat="42.8504347" lon="82.2562378">
        <ele>2470.0</ele>
      </trkpt>
      <trkpt lat="42.8503362" lon="82.2562779">
        <ele>2475.0</ele>
      </trkpt>
      <trkpt lat="42.8502282" lon="82.2562971">
        <ele>2475.0</ele>
      </trkpt>
      <trkpt lat="42.8501328" lon="82.2563299">
        <ele>2475.0</ele>
      </trkpt>
      <trkpt lat="42.8500367" lon="82.2563609">
        <ele>2475.0</ele>
      </trkpt>
      <trkpt lat="42.850002" lon="82.2563722">
        <ele>2475.0</ele>
      </trkpt>
      <trkpt lat="42.8499271" lon="82.2564126">
        <ele>2475.0</ele>
      </trkpt>
      <trkpt lat="42.8498249" lon="82.2564233">
        <ele>2479.0</ele>
      </trkpt>
      <trkpt lat="42.8497192" lon="82.2564592">
        <ele>2479.0</ele>
      </trkpt>
      <trkpt lat="42.8496171" lon="82.2564981">
        <ele>2479.0</ele>
      </trkpt>
      <trkpt lat="42.8495135" lon="82.2565478">
        <ele>2483.0</ele>
      </trkpt>
      <trkpt lat="42.849417" lon="82.2565913">
        <ele>2483.0</ele>
      </trkpt>
      <trkpt lat="42.8493138" lon="82.2566457">
        <ele>2483.0</ele>
      </trkpt>
      <trkpt lat="42.8492218" lon="82.2566215">
        <ele>2490.0</ele>
      </trkpt>
      <trkpt lat="42.8491183" lon="82.2565987">
        <ele>2490.0</ele>
      </trkpt>
      <trkpt lat="42.8490126" lon="82.2565889">
        <ele>2496.0</ele>
      </trkpt>
      <trkpt lat="42.8489149" lon="82.2565765">
        <ele>2496.0</ele>
      </trkpt>
      <trkpt lat="42.8488124" lon="82.2566018">
        <ele>2496.0</ele>
      </trkpt>
      <trkpt lat="42.8487001" lon="82.2566168">
        <ele>2498.0</ele>
      </trkpt>
      <trkpt lat="42.8486027" lon="82.25664">
        <ele>2498.0</ele>
      </trkpt>
      <trkpt lat="42.8485018" lon="82.2566587">
        <ele>2498.0</ele>
      </trkpt>
      <trkpt lat="42.8484029" lon="82.2566805">
        <ele>2495.0</ele>
      </trkpt>
      <trkpt lat="42.8483107" lon="82.2567059">
        <ele>2495.0</ele>
      </trkpt>
      <trkpt lat="42.8482112" lon="82.2567208">
        <ele>2495.0</ele>
      </trkpt>
      <trkpt lat="42.848118" lon="82.2567282">
        <ele>2489.0</ele>
      </trkpt>
      <trkpt lat="42.8480222" lon="82.2567366">
        <ele>2489.0</ele>
      </trkpt>
      <trkpt lat="42.8479295" lon="82.2567643">
        <ele>2489.0</ele>
      </trkpt>
      <trkpt lat="42.8478311" lon="82.2567877">
        <ele>2490.0</ele>
      </trkpt>
      <trkpt lat="42.8477333" lon="82.2567995">
        <ele>2490.0</ele>
      </trkpt>
      <trkpt lat="42.8476401" lon="82.2568072">
        <ele>2495.0</ele>
      </trkpt>
      <trkpt lat="42.8475451" lon="82.2568374">
        <ele>2497.0</ele>
      </trkpt>
      <trkpt lat="42.8474403" lon="82.2568487">
        <ele>2497.0</ele>
      </trkpt>
      <trkpt lat="42.8473273" lon="82.2568523">
        <ele>2498.0</ele>
      </trkpt>
      <trkpt lat="42.8472226" lon="82.2568587">
        <ele>2498.0</ele>
      </trkpt>
      <trkpt lat="42.8471289" lon="82.2568804">
        <ele>2498.0</ele>
      </trkpt>
      <trkpt lat="42.8470285" lon="82.2569247">
        <ele>2507.0</ele>
      </trkpt>
      <trkpt lat="42.8469237" lon="82.2569651">
        <ele>2507.0</ele>
      </trkpt>
      <trkpt lat="42.8468166" lon="82.2569811">
        <ele>2507.0</ele>
      </trkpt>
      <trkpt lat="42.8467155" lon="82.2570203">
        <ele>2518.0</ele>
      </trkpt>
      <trkpt lat="42.8466276" lon="82.2570664">
        <ele>2518.0</ele>
      </trkpt>
      <trkpt lat="42.8465381" lon="82.2571195">
        <ele>2519.0</ele>
      </trkpt>
      <trkpt lat="42.8464381" lon="82.2571666">
        <ele>2521.0</ele>
      </trkpt>
      <trkpt lat="42.8463484" lon="82.2572122">
        <ele>2521.0</ele>
      </trkpt>
      <trkpt lat="42.8462531" lon="82.2572662">
        <ele>2521.0</ele>
      </trkpt>
      <trkpt lat="42.8461586" lon="82.2572941">
        <ele>2528.0</ele>
      </trkpt>
      <trkpt lat="42.8460758" lon="82.2573644">
        <ele>2535.0</ele>
      </trkpt>
      <trkpt lat="42.8459979" lon="82.2574371">
        <ele>2535.0</ele>
      </trkpt>
      <trkpt lat="42.8459139" lon="82.2574987">
        <ele>2535.0</ele>
      </trkpt>
      <trkpt lat="42.8458229" lon="82.2575473">
        <ele>2535.0</ele>
      </trkpt>
      <trkpt lat="42.8457328" lon="82.2575762">
        <ele>2535.0</ele>
      </trkpt>
      <trkpt lat="42.845641" lon="82.2575704">
        <ele>2533.0</ele>
      </trkpt>
      <trkpt lat="42.8455559" lon="82.2576005">
        <ele>2533.0</ele>
      </trkpt>
      <trkpt lat="42.8454656" lon="82.2576173">
        <ele>2533.0</ele>
      </trkpt>
      <trkpt lat="42.8453792" lon="82.2576861">
        <ele>2539.0</ele>
      </trkpt>
      <trkpt lat="42.8453034" lon="82.2577918">
        <ele>2539.0</ele>
      </trkpt>
      <trkpt lat="42.8452329" lon="82.2578999">
        <ele>2539.0</ele>
      </trkpt>
      <trkpt lat="42.8451685" lon="82.2579995">
        <ele>2541.0</ele>
      </trkpt>
      <trkpt lat="42.8451018" lon="82.2580863">
        <ele>2538.0</ele>
      </trkpt>
      <trkpt lat="42.8450302" lon="82.2581722">
        <ele>2538.0</ele>
      </trkpt>
      <trkpt lat="42.8449525" lon="82.2582602">
        <ele>2542.0</ele>
      </trkpt>
      <trkpt lat="42.8448717" lon="82.258347">
        <ele>2542.0</ele>
      </trkpt>
      <trkpt lat="42.8447821" lon="82.2584298">
        <ele>2537.0</ele>
      </trkpt>
      <trkpt lat="42.8446943" lon="82.2584963">
        <ele>2541.0</ele>
      </trkpt>
      <trkpt lat="42.8446078" lon="82.2585683">
        <ele>2541.0</ele>
      </trkpt>
      <trkpt lat="42.8445338" lon="82.2586684">
        <ele>2538.0</ele>
      </trkpt>
      <trkpt lat="42.8444834" lon="82.2587959">
        <ele>2541.0</ele>
      </trkpt>
      <trkpt lat="42.844435" lon="82.2589245">
        <ele>2541.0</ele>
      </trkpt>
      <trkpt lat="42.8443889" lon="82.2590545">
        <ele>2544.0</ele>
      </trkpt>
      <trkpt lat="42.8443417" lon="82.2591905">
        <ele>2544.0</ele>
      </trkpt>
      <trkpt lat="42.8443148" lon="82.2593163">
        <ele>2546.0</ele>
      </trkpt>
      <trkpt lat="42.8442886" lon="82.2594381">
        <ele>2536.0</ele>
      </trkpt>
      <trkpt lat="42.8442741" lon="82.2595772">
        <ele>2536.0</ele>
      </trkpt>
      <trkpt lat="42.8442757" lon="82.2597206">
        <ele>2538.0</ele>
      </trkpt>
      <trkpt lat="42.8442652" lon="82.2598653">
        <ele>2539.0</ele>
      </trkpt>
      <trkpt lat="42.8442191" lon="82.2599744">
        <ele>2539.0</ele>
      </trkpt>
      <trkpt lat="42.8441718" lon="82.2600828">
        <ele>2539.0</ele>
      </trkpt>
      <trkpt lat="42.8441444" lon="82.2602162">
        <ele>2542.0</ele>
      </trkpt>
      <trkpt lat="42.8440777" lon="82.2603103">
        <ele>2542.0</ele>
      </trkpt>
      <trkpt lat="42.843968" lon="82.2603072">
        <ele>2537.0</ele>
      </trkpt>
      <trkpt lat="42.8438688" lon="82.2602891">
        <ele>2537.0</ele>
      </trkpt>
      <trkpt lat="42.8437706" lon="82.2603101">
        <ele>2537.0</ele>
      </trkpt>
      <trkpt lat="42.8436976" lon="82.2603872">
        <ele>2533.0</ele>
      </trkpt>
      <trkpt lat="42.8436194" lon="82.260457">
        <ele>2540.0</ele>
      </trkpt>
      <trkpt lat="42.8435428" lon="82.2605322">
        <ele>2540.0</ele>
      </trkpt>
      <trkpt lat="42.8434585" lon="82.2606179">
        <ele>2539.0</ele>
      </trkpt>
      <trkpt lat="42.843375" lon="82.2606927">
        <ele>2539.0</ele>
      </trkpt>
      <trkpt lat="42.8433009" lon="82.2607731">
        <ele>2544.0</ele>
      </trkpt>
      <trkpt lat="42.843228" lon="82.2608602">
        <ele>2544.0</ele>
      </trkpt>
      <trkpt lat="42.8431354" lon="82.2609279">
        <ele>2538.0</ele>
      </trkpt>
      <trkpt lat="42.8430451" lon="82.2609908">
        <ele>2541.0</ele>
      </trkpt>
      <trkpt lat="42.8429627" lon="82.2610755">
        <ele>2541.0</ele>
      </trkpt>
      <trkpt lat="42.842877" lon="82.261167">
        <ele>2532.0</ele>
      </trkpt>
      <trkpt lat="42.8427814" lon="82.261237">
        <ele>2532.0</ele>
      </trkpt>
      <trkpt lat="42.8426882" lon="82.2612958">
        <ele>2537.0</ele>
      </trkpt>
      <trkpt lat="42.8426046" lon="82.2613514">
        <ele>2526.0</ele>
      </trkpt>
      <trkpt lat="42.842518" lon="82.2614115">
        <ele>2526.0</ele>
      </trkpt>
      <trkpt lat="42.8424275" lon="82.261469">
        <ele>2526.0</ele>
      </trkpt>
      <trkpt lat="42.842329" lon="82.2614997">
        <ele>2526.0</ele>
      </trkpt>
      <trkpt lat="42.8422237" lon="82.2615266">
        <ele>2526.0</ele>
      </trkpt>
      <trkpt lat="42.8421239" lon="82.2615431">
        <ele>2533.0</ele>
      </trkpt>
      <trkpt lat="42.8420149" lon="82.2615503">
        <ele>2539.0</ele>
      </trkpt>
      <trkpt lat="42.8419181" lon="82.2615788">
        <ele>2539.0</ele>
      </trkpt>
      <trkpt lat="42.8418189" lon="82.2615991">
        <ele>2539.0</ele>
      </trkpt>
      <trkpt lat="42.8417252" lon="82.2616345">
        <ele>2531.0</ele>
      </trkpt>
      <trkpt lat="42.8416268" lon="82.2616642">
        <ele>2531.0</ele>
      </trkpt>
      <trkpt lat="42.8415358" lon="82.2616956">
        <ele>2531.0</ele>
      </trkpt>
      <trkpt lat="42.8414441" lon="82.2617376">
        <ele>2533.0</ele>
      </trkpt>
      <trkpt lat="42.8413499" lon="82.2617745">
        <ele>2533.0</ele>
      </trkpt>
      <trkpt lat="42.8412574" lon="82.2618053">
        <ele>2533.0</ele>
      </trkpt>
      <trkpt lat="42.8411616" lon="82.261836">
        <ele>2548.0</ele>
      </trkpt>
      <trkpt lat="42.8410711" lon="82.2618686">
        <ele>2548.0</ele>
      </trkpt>
      <trkpt lat="42.8409717" lon="82.2618799">
        <ele>2548.0</ele>
      </trkpt>
      <trkpt lat="42.8408772" lon="82.2618884">
        <ele>2548.0</ele>
      </trkpt>
      <trkpt lat="42.8407754" lon="82.2619033">
        <ele>2548.0</ele>
      </trkpt>
      <trkpt lat="42.8406778" lon="82.261914">
        <ele>2557.0</ele>
      </trkpt>
      <trkpt lat="42.8405713" lon="82.2619263">
        <ele>2557.0</ele>
      </trkpt>
      <trkpt lat="42.8404687" lon="82.2619437">
        <ele>2557.0</ele>
      </trkpt>
      <trkpt lat="42.8403682" lon="82.2619493">
        <ele>2558.0</ele>
      </trkpt>
      <trkpt lat="42.8402749" lon="82.2619634">
        <ele>2558.0</ele>
      </trkpt>
      <trkpt lat="42.8401721" lon="82.2619733">
        <ele>2558.0</ele>
      </trkpt>
      <trkpt lat="42.8401003" lon="82.2619688">
        <ele>2555.0</ele>
      </trkpt>
      <trkpt lat="42.840007" lon="82.2619888">
        <ele>2555.0</ele>
      </trkpt>
      <trkpt lat="42.8399026" lon="82.261996">
        <ele>2555.0</ele>
      </trkpt>
      <trkpt lat="42.8398028" lon="82.261992">
        <ele>2555.0</ele>
      </trkpt>
      <trkpt lat="42.8397036" lon="82.2619883">
        <ele>2555.0</ele>
      </trkpt>
      <trkpt lat="42.8396072" lon="82.2619708">
        <ele>2555.0</ele>
      </trkpt>
      <trkpt lat="42.8395104" lon="82.2619694">
        <ele>2558.0</ele>
      </trkpt>
      <trkpt lat="42.8394106" lon="82.2619935">
        <ele>2558.0</ele>
      </trkpt>
      <trkpt lat="42.839309" lon="82.2620009">
        <ele>2558.0</ele>
      </trkpt>
      <trkpt lat="42.8392097" lon="82.2620115">
        <ele>2560.0</ele>
      </trkpt>
      <trkpt lat="42.8391141" lon="82.2620172">
        <ele>2560.0</ele>
      </trkpt>
      <trkpt lat="42.8390443" lon="82.262015">
        <ele>2560.0</ele>
      </trkpt>
      <trkpt lat="42.838952" lon="82.2620257">
        <ele>2561.0</ele>
      </trkpt>
      <trkpt lat="42.838853" lon="82.2620406">
        <ele>2561.0</ele>
      </trkpt>
      <trkpt lat="42.8387551" lon="82.2620741">
        <ele>2561.0</ele>
      </trkpt>
      <trkpt lat="42.8386647" lon="82.2621092">
        <ele>2567.0</ele>
      </trkpt>
      <trkpt lat="42.8385688" lon="82.2621358">
        <ele>2567.0</ele>
      </trkpt>
      <trkpt lat="42.8384774" lon="82.2621581">
        <ele>2567.0</ele>
      </trkpt>
      <trkpt lat="42.8383772" lon="82.2621937">
        <ele>2571.0</ele>
      </trkpt>
      <trkpt lat="42.8382632" lon="82.2622116">
        <ele>2571.0</ele>
      </trkpt>
      <trkpt lat="42.8381513" lon="82.2622161">
        <ele>2567.0</ele>
      </trkpt>
      <trkpt lat="42.838039" lon="82.262229">
        <ele>2567.0</ele>
      </trkpt>
      <trkpt lat="42.8379418" lon="82.2622462">
        <ele>2567.0</ele>
      </trkpt>
      <trkpt lat="42.8378388" lon="82.2622867">
        <ele>2567.0</ele>
      </trkpt>
      <trkpt lat="42.8377468" lon="82.2623277">
        <ele>2567.0</ele>
      </trkpt>
      <trkpt lat="42.8377191" lon="82.2623159">
        <ele>2567.0</ele>
      </trkpt>
      <trkpt lat="42.8376663" lon="82.2623795">
        <ele>2576.0</ele>
      </trkpt>
      <trkpt lat="42.8375899" lon="82.2624309">
        <ele>2575.0</ele>
      </trkpt>
      <trkpt lat="42.8374947" lon="82.2624694">
        <ele>2575.0</ele>
      </trkpt>
      <trkpt lat="42.8374045" lon="82.2624989">
        <ele>2575.0</ele>
      </trkpt>
      <trkpt lat="42.8373013" lon="82.262529">
        <ele>2574.0</ele>
      </trkpt>
      <trkpt lat="42.8372195" lon="82.262544">
        <ele>2574.0</ele>
      </trkpt>
      <trkpt lat="42.8371308" lon="82.2625661">
        <ele>2574.0</ele>
      </trkpt>
      <trkpt lat="42.8370521" lon="82.2626227">
        <ele>2568.0</ele>
      </trkpt>
      <trkpt lat="42.8369607" lon="82.2626739">
        <ele>2579.0</ele>
      </trkpt>
      <trkpt lat="42.8369417" lon="82.262679">
        <ele>2579.0</ele>
      </trkpt>
      <trkpt lat="42.8368593" lon="82.2626738">
        <ele>2579.0</ele>
      </trkpt>
      <trkpt lat="42.8367596" lon="82.2627066">
        <ele>2580.0</ele>
      </trkpt>
      <trkpt lat="42.8366588" lon="82.2627491">
        <ele>2580.0</ele>
      </trkpt>
      <trkpt lat="42.8365618" lon="82.2627724">
        <ele>2580.0</ele>
      </trkpt>
      <trkpt lat="42.8364695" lon="82.2628073">
        <ele>2583.0</ele>
      </trkpt>
      <trkpt lat="42.8363729" lon="82.2628402">
        <ele>2583.0</ele>
      </trkpt>
      <trkpt lat="42.836281" lon="82.2628744">
        <ele>2583.0</ele>
      </trkpt>
      <trkpt lat="42.8361845" lon="82.262926">
        <ele>2585.0</ele>
      </trkpt>
      <trkpt lat="42.8360931" lon="82.2629518">
        <ele>2585.0</ele>
      </trkpt>
      <trkpt lat="42.8360128" lon="82.2630128">
        <ele>2585.0</ele>
      </trkpt>
      <trkpt lat="42.8359127" lon="82.2630576">
        <ele>2581.0</ele>
      </trkpt>
      <trkpt lat="42.8358149" lon="82.263104">
        <ele>2581.0</ele>
      </trkpt>
      <trkpt lat="42.8357418" lon="82.2631812">
        <ele>2581.0</ele>
      </trkpt>
      <trkpt lat="42.8356649" lon="82.2632505">
        <ele>2584.0</ele>
      </trkpt>
      <trkpt lat="42.8355992" lon="82.2633408">
        <ele>2584.0</ele>
      </trkpt>
      <trkpt lat="42.8355213" lon="82.2634317">
        <ele>2584.0</ele>
      </trkpt>
      <trkpt lat="42.8354355" lon="82.2634897">
        <ele>2593.0</ele>
      </trkpt>
      <trkpt lat="42.835343" lon="82.2635205">
        <ele>2593.0</ele>
      </trkpt>
      <trkpt lat="42.8352403" lon="82.263543">
        <ele>2593.0</ele>
      </trkpt>
      <trkpt lat="42.8351333" lon="82.2635621">
        <ele>2593.0</ele>
      </trkpt>
      <trkpt lat="42.8350454" lon="82.2636478">
        <ele>2593.0</ele>
      </trkpt>
      <trkpt lat="42.8349739" lon="82.2637225">
        <ele>2593.0</ele>
      </trkpt>
      <trkpt lat="42.8349008" lon="82.263813">
        <ele>2599.0</ele>
      </trkpt>
      <trkpt lat="42.8348159" lon="82.2638869">
        <ele>2600.0</ele>
      </trkpt>
      <trkpt lat="42.8347201" lon="82.2639324">
        <ele>2600.0</ele>
      </trkpt>
      <trkpt lat="42.8346232" lon="82.2640033">
        <ele>2600.0</ele>
      </trkpt>
      <trkpt lat="42.8345363" lon="82.2640978">
        <ele>2609.0</ele>
      </trkpt>
      <trkpt lat="42.8344524" lon="82.2641911">
        <ele>2609.0</ele>
      </trkpt>
      <trkpt lat="42.8343644" lon="82.26425">
        <ele>2609.0</ele>
      </trkpt>
      <trkpt lat="42.8342759" lon="82.2642818">
        <ele>2610.0</ele>
      </trkpt>
      <trkpt lat="42.8341836" lon="82.2642818">
        <ele>2610.0</ele>
      </trkpt>
      <trkpt lat="42.8341465" lon="82.2642688">
        <ele>2610.0</ele>
      </trkpt>
      <trkpt lat="42.8340721" lon="82.264295">
        <ele>2610.0</ele>
      </trkpt>
      <trkpt lat="42.8339815" lon="82.2643165">
        <ele>2620.0</ele>
      </trkpt>
      <trkpt lat="42.8338894" lon="82.2643488">
        <ele>2620.0</ele>
      </trkpt>
      <trkpt lat="42.8338005" lon="82.2644166">
        <ele>2620.0</ele>
      </trkpt>
      <trkpt lat="42.8337138" lon="82.2644705">
        <ele>2624.0</ele>
      </trkpt>
      <trkpt lat="42.8336282" lon="82.2645279">
        <ele>2624.0</ele>
      </trkpt>
      <trkpt lat="42.8335598" lon="82.2646134">
        <ele>2625.0</ele>
      </trkpt>
      <trkpt lat="42.8334628" lon="82.264652">
        <ele>2629.0</ele>
      </trkpt>
      <trkpt lat="42.8333657" lon="82.2646634">
        <ele>2629.0</ele>
      </trkpt>
      <trkpt lat="42.8332711" lon="82.2646474">
        <ele>2629.0</ele>
      </trkpt>
      <trkpt lat="42.8331934" lon="82.2647012">
        <ele>2636.0</ele>
      </trkpt>
      <trkpt lat="42.8331202" lon="82.2647959">
        <ele>2636.0</ele>
      </trkpt>
      <trkpt lat="42.8330395" lon="82.2647903">
        <ele>2636.0</ele>
      </trkpt>
      <trkpt lat="42.8329535" lon="82.2648271">
        <ele>2636.0</ele>
      </trkpt>
      <trkpt lat="42.8328714" lon="82.2649018">
        <ele>2644.0</ele>
      </trkpt>
      <trkpt lat="42.8327838" lon="82.2649616">
        <ele>2644.0</ele>
      </trkpt>
      <trkpt lat="42.8326866" lon="82.2650255">
        <ele>2644.0</ele>
      </trkpt>
      <trkpt lat="42.8326046" lon="82.2651059">
        <ele>2643.0</ele>
      </trkpt>
      <trkpt lat="42.8325279" lon="82.2651929">
        <ele>2651.0</ele>
      </trkpt>
      <trkpt lat="42.8324409" lon="82.2652064">
        <ele>2651.0</ele>
      </trkpt>
      <trkpt lat="42.8323486" lon="82.2652118">
        <ele>2651.0</ele>
      </trkpt>
      <trkpt lat="42.8322551" lon="82.2652416">
        <ele>2651.0</ele>
      </trkpt>
      <trkpt lat="42.8321693" lon="82.2652899">
        <ele>2651.0</ele>
      </trkpt>
      <trkpt lat="42.832077" lon="82.2653013">
        <ele>2649.0</ele>
      </trkpt>
      <trkpt lat="42.8319846" lon="82.2653319">
        <ele>2649.0</ele>
      </trkpt>
      <trkpt lat="42.8318892" lon="82.2653938">
        <ele>2649.0</ele>
      </trkpt>
      <trkpt lat="42.8318072" lon="82.2654693">
        <ele>2663.0</ele>
      </trkpt>
      <trkpt lat="42.8317154" lon="82.2655454">
        <ele>2660.0</ele>
      </trkpt>
      <trkpt lat="42.8316884" lon="82.2656617">
        <ele>2660.0</ele>
      </trkpt>
      <trkpt lat="42.8316163" lon="82.2657215">
        <ele>2671.0</ele>
      </trkpt>
      <trkpt lat="42.8315228" lon="82.2657354">
        <ele>2663.0</ele>
      </trkpt>
      <trkpt lat="42.8314248" lon="82.2656777">
        <ele>2656.0</ele>
      </trkpt>
      <trkpt lat="42.8313309" lon="82.2656842">
        <ele>2656.0</ele>
      </trkpt>
      <trkpt lat="42.8312439" lon="82.2657332">
        <ele>2653.0</ele>
      </trkpt>
      <trkpt lat="42.8311628" lon="82.265807">
        <ele>2653.0</ele>
      </trkpt>
      <trkpt lat="42.8310867" lon="82.265896">
        <ele>2653.0</ele>
      </trkpt>
      <trkpt lat="42.8310079" lon="82.265974">
        <ele>2662.0</ele>
      </trkpt>
      <trkpt lat="42.8309288" lon="82.2660593">
        <ele>2655.0</ele>
      </trkpt>
      <trkpt lat="42.8308426" lon="82.2661364">
        <ele>2655.0</ele>
      </trkpt>
      <trkpt lat="42.8307489" lon="82.2661934">
        <ele>2655.0</ele>
      </trkpt>
      <trkpt lat="42.8306571" lon="82.2662396">
        <ele>2648.0</ele>
      </trkpt>
      <trkpt lat="42.830567" lon="82.266307">
        <ele>2662.0</ele>
      </trkpt>
      <trkpt lat="42.8304732" lon="82.2663673">
        <ele>2662.0</ele>
      </trkpt>
      <trkpt lat="42.8303927" lon="82.2664447">
        <ele>2656.0</ele>
      </trkpt>
      <trkpt lat="42.8303111" lon="82.2665036">
        <ele>2656.0</ele>
      </trkpt>
      <trkpt lat="42.8302195" lon="82.2665747">
        <ele>2668.0</ele>
      </trkpt>
      <trkpt lat="42.8301294" lon="82.2666395">
        <ele>2663.0</ele>
      </trkpt>
      <trkpt lat="42.8300443" lon="82.2667162">
        <ele>2663.0</ele>
      </trkpt>
      <trkpt lat="42.8299698" lon="82.2668138">
        <ele>2671.0</ele>
      </trkpt>
      <trkpt lat="42.8299003" lon="82.2669044">
        <ele>2671.0</ele>
      </trkpt>
      <trkpt lat="42.8298172" lon="82.2669729">
        <ele>2661.0</ele>
      </trkpt>
      <trkpt lat="42.8297482" lon="82.2670547">
        <ele>2661.0</ele>
      </trkpt>
      <trkpt lat="42.8296827" lon="82.2671515">
        <ele>2671.0</ele>
      </trkpt>
      <trkpt lat="42.8296089" lon="82.2672525">
        <ele>2671.0</ele>
      </trkpt>
      <trkpt lat="42.8295316" lon="82.2673436">
        <ele>2660.0</ele>
      </trkpt>
      <trkpt lat="42.8294455" lon="82.2674226">
        <ele>2667.0</ele>
      </trkpt>
      <trkpt lat="42.8293541" lon="82.2674977">
        <ele>2667.0</ele>
      </trkpt>
      <trkpt lat="42.8292703" lon="82.2675832">
        <ele>2655.0</ele>
      </trkpt>
      <trkpt lat="42.8292025" lon="82.2676886">
        <ele>2666.0</ele>
      </trkpt>
      <trkpt lat="42.8291208" lon="82.2677695">
        <ele>2666.0</ele>
      </trkpt>
      <trkpt lat="42.8290335" lon="82.2678281">
        <ele>2666.0</ele>
      </trkpt>
      <trkpt lat="42.8289576" lon="82.2679228">
        <ele>2658.0</ele>
      </trkpt>
      <trkpt lat="42.8288775" lon="82.2680057">
        <ele>2658.0</ele>
      </trkpt>
      <trkpt lat="42.828785" lon="82.2680816">
        <ele>2658.0</ele>
      </trkpt>
      <trkpt lat="42.8287008" lon="82.2681429">
        <ele>2651.0</ele>
      </trkpt>
      <trkpt lat="42.828614" lon="82.2682168">
        <ele>2659.0</ele>
      </trkpt>
      <trkpt lat="42.828527" lon="82.2682948">
        <ele>2659.0</ele>
      </trkpt>
      <trkpt lat="42.8284366" lon="82.2683581">
        <ele>2650.0</ele>
      </trkpt>
      <trkpt lat="42.8283416" lon="82.268419">
        <ele>2650.0</ele>
      </trkpt>
      <trkpt lat="42.8282495" lon="82.2684608">
        <ele>2650.0</ele>
      </trkpt>
      <trkpt lat="42.8281733" lon="82.2685336">
        <ele>2655.0</ele>
      </trkpt>
      <trkpt lat="42.8280964" lon="82.268627">
        <ele>2655.0</ele>
      </trkpt>
      <trkpt lat="42.8280089" lon="82.2687118">
        <ele>2655.0</ele>
      </trkpt>
      <trkpt lat="42.8279324" lon="82.2687903">
        <ele>2665.0</ele>
      </trkpt>
      <trkpt lat="42.8278437" lon="82.2688512">
        <ele>2658.0</ele>
      </trkpt>
      <trkpt lat="42.8277496" lon="82.2689078">
        <ele>2658.0</ele>
      </trkpt>
      <trkpt lat="42.8276581" lon="82.2689418">
        <ele>2658.0</ele>
      </trkpt>
      <trkpt lat="42.8275683" lon="82.2689912">
        <ele>2652.0</ele>
      </trkpt>
      <trkpt lat="42.8274882" lon="82.2690545">
        <ele>2663.0</ele>
      </trkpt>
      <trkpt lat="42.8273914" lon="82.2690877">
        <ele>2663.0</ele>
      </trkpt>
      <trkpt lat="42.8272925" lon="82.2691141">
        <ele>2663.0</ele>
      </trkpt>
      <trkpt lat="42.8271998" lon="82.2691505">
        <ele>2663.0</ele>
      </trkpt>
      <trkpt lat="42.8270983" lon="82.2691877">
        <ele>2663.0</ele>
      </trkpt>
      <trkpt lat="42.8270099" lon="82.2692394">
        <ele>2666.0</ele>
      </trkpt>
      <trkpt lat="42.8269334" lon="82.2693108">
        <ele>2676.0</ele>
      </trkpt>
      <trkpt lat="42.8268478" lon="82.2693053">
        <ele>2666.0</ele>
      </trkpt>
      <trkpt lat="42.8267493" lon="82.2692861">
        <ele>2674.0</ele>
      </trkpt>
      <trkpt lat="42.8266503" lon="82.2692477">
        <ele>2674.0</ele>
      </trkpt>
      <trkpt lat="42.8265593" lon="82.2692094">
        <ele>2674.0</ele>
      </trkpt>
      <trkpt lat="42.8264634" lon="82.2691782">
        <ele>2679.0</ele>
      </trkpt>
      <trkpt lat="42.8264246" lon="82.2691569">
        <ele>2679.0</ele>
      </trkpt>
      <trkpt lat="42.8263814" lon="82.2690683">
        <ele>2679.0</ele>
      </trkpt>
      <trkpt lat="42.8262907" lon="82.2690321">
        <ele>2679.0</ele>
      </trkpt>
      <trkpt lat="42.8261941" lon="82.2690492">
        <ele>2680.0</ele>
      </trkpt>
      <trkpt lat="42.8261011" lon="82.2690802">
        <ele>2680.0</ele>
      </trkpt>
      <trkpt lat="42.8260068" lon="82.269109">
        <ele>2680.0</ele>
      </trkpt>
      <trkpt lat="42.8259231" lon="82.2691687">
        <ele>2679.0</ele>
      </trkpt>
      <trkpt lat="42.825856" lon="82.2692611">
        <ele>2679.0</ele>
      </trkpt>
      <trkpt lat="42.8257959" lon="82.2693654">
        <ele>2684.0</ele>
      </trkpt>
      <trkpt lat="42.8257263" lon="82.2694543">
        <ele>2684.0</ele>
      </trkpt>
      <trkpt lat="42.8256628" lon="82.2695619">
        <ele>2680.0</ele>
      </trkpt>
      <trkpt lat="42.8256084" lon="82.2696723">
        <ele>2687.0</ele>
      </trkpt>
      <trkpt lat="42.8255513" lon="82.2697739">
        <ele>2687.0</ele>
      </trkpt>
      <trkpt lat="42.8254809" lon="82.269875">
        <ele>2694.0</ele>
      </trkpt>
      <trkpt lat="42.8254026" lon="82.2699453">
        <ele>2694.0</ele>
      </trkpt>
      <trkpt lat="42.8253264" lon="82.2700125">
        <ele>2694.0</ele>
      </trkpt>
      <trkpt lat="42.8252584" lon="82.2700917">
        <ele>2694.0</ele>
      </trkpt>
      <trkpt lat="42.8251996" lon="82.2701842">
        <ele>2700.0</ele>
      </trkpt>
      <trkpt lat="42.8251403" lon="82.2702835">
        <ele>2700.0</ele>
      </trkpt>
      <trkpt lat="42.8250722" lon="82.270368">
        <ele>2696.0</ele>
      </trkpt>
      <trkpt lat="42.8249833" lon="82.2704365">
        <ele>2698.0</ele>
      </trkpt>
      <trkpt lat="42.8248852" lon="82.2704801">
        <ele>2698.0</ele>
      </trkpt>
      <trkpt lat="42.8247887" lon="82.2705079">
        <ele>2696.0</ele>
      </trkpt>
      <trkpt lat="42.8246935" lon="82.2705307">
        <ele>2696.0</ele>
      </trkpt>
      <trkpt lat="42.8246109" lon="82.2705871">
        <ele>2696.0</ele>
      </trkpt>
      <trkpt lat="42.8245352" lon="82.2706643">
        <ele>2700.0</ele>
      </trkpt>
      <trkpt lat="42.8244442" lon="82.2707167">
        <ele>2704.0</ele>
      </trkpt>
      <trkpt lat="42.8243494" lon="82.2707467">
        <ele>2704.0</ele>
      </trkpt>
      <trkpt lat="42.8242506" lon="82.2707549">
        <ele>2706.0</ele>
      </trkpt>
      <trkpt lat="42.824154" lon="82.2707301">
        <ele>2706.0</ele>
      </trkpt>
      <trkpt lat="42.8240587" lon="82.2706994">
        <ele>2706.0</ele>
      </trkpt>
      <trkpt lat="42.8239624" lon="82.2707445">
        <ele>2708.0</ele>
      </trkpt>
      <trkpt lat="42.8238734" lon="82.2708126">
        <ele>2708.0</ele>
      </trkpt>
      <trkpt lat="42.8238097" lon="82.2709045">
        <ele>2708.0</ele>
      </trkpt>
      <trkpt lat="42.8237364" lon="82.2709969">
        <ele>2714.0</ele>
      </trkpt>
      <trkpt lat="42.8236486" lon="82.2710746">
        <ele>2714.0</ele>
      </trkpt>
      <trkpt lat="42.8235609" lon="82.2711321">
        <ele>2714.0</ele>
      </trkpt>
      <trkpt lat="42.8234893" lon="82.2712206">
        <ele>2714.0</ele>
      </trkpt>
      <trkpt lat="42.8234203" lon="82.2713365">
        <ele>2710.0</ele>
      </trkpt>
      <trkpt lat="42.8233528" lon="82.2714594">
        <ele>2710.0</ele>
      </trkpt>
      <trkpt lat="42.8232731" lon="82.2715305">
        <ele>2710.0</ele>
      </trkpt>
      <trkpt lat="42.8232212" lon="82.2716301">
        <ele>2710.0</ele>
      </trkpt>
      <trkpt lat="42.8231547" lon="82.2717428">
        <ele>2707.0</ele>
      </trkpt>
      <trkpt lat="42.8230616" lon="82.2718179">
        <ele>2710.0</ele>
      </trkpt>
      <trkpt lat="42.8229533" lon="82.271855">
        <ele>2710.0</ele>
      </trkpt>
      <trkpt lat="42.8228409" lon="82.2718743">
        <ele>2713.0</ele>
      </trkpt>
      <trkpt lat="42.8227407" lon="82.2718919">
        <ele>2713.0</ele>
      </trkpt>
      <trkpt lat="42.8226415" lon="82.2719325">
        <ele>2713.0</ele>
      </trkpt>
      <trkpt lat="42.8225534" lon="82.2719839">
        <ele>2715.0</ele>
      </trkpt>
      <trkpt lat="42.8224567" lon="82.2720076">
        <ele>2715.0</ele>
      </trkpt>
      <trkpt lat="42.8223635" lon="82.2720152">
        <ele>2715.0</ele>
      </trkpt>
      <trkpt lat="42.8222611" lon="82.2719935">
        <ele>2716.0</ele>
      </trkpt>
      <trkpt lat="42.8221714" lon="82.2719308">
        <ele>2716.0</ele>
      </trkpt>
      <trkpt lat="42.8220804" lon="82.2718812">
        <ele>2718.0</ele>
      </trkpt>
      <trkpt lat="42.8219813" lon="82.2718596">
        <ele>2718.0</ele>
      </trkpt>
      <trkpt lat="42.8218815" lon="82.2718641">
        <ele>2718.0</ele>
      </trkpt>
      <trkpt lat="42.8217844" lon="82.2718818">
        <ele>2716.0</ele>
      </trkpt>
      <trkpt lat="42.8216849" lon="82.271909">
        <ele>2716.0</ele>
      </trkpt>
      <trkpt lat="42.8215768" lon="82.2719521">
        <ele>2716.0</ele>
      </trkpt>
      <trkpt lat="42.8214856" lon="82.2720146">
        <ele>2709.0</ele>
      </trkpt>
      <trkpt lat="42.8214074" lon="82.2720966">
        <ele>2711.0</ele>
      </trkpt>
      <trkpt lat="42.8213279" lon="82.2721672">
        <ele>2711.0</ele>
      </trkpt>
      <trkpt lat="42.8212439" lon="82.2722229">
        <ele>2703.0</ele>
      </trkpt>
      <trkpt lat="42.8211517" lon="82.2722567">
        <ele>2703.0</ele>
      </trkpt>
      <trkpt lat="42.821063" lon="82.2722994">
        <ele>2703.0</ele>
      </trkpt>
      <trkpt lat="42.8209834" lon="82.2723815">
        <ele>2710.0</ele>
      </trkpt>
      <trkpt lat="42.8208946" lon="82.2724399">
        <ele>2705.0</ele>
      </trkpt>
      <trkpt lat="42.8208018" lon="82.2724947">
        <ele>2705.0</ele>
      </trkpt>
      <trkpt lat="42.8207159" lon="82.2725723">
        <ele>2705.0</ele>
      </trkpt>
      <trkpt lat="42.8206228" lon="82.2726006">
        <ele>2703.0</ele>
      </trkpt>
      <trkpt lat="42.8205346" lon="82.2726336">
        <ele>2703.0</ele>
      </trkpt>
      <trkpt lat="42.8204388" lon="82.2726634">
        <ele>2712.0</ele>
      </trkpt>
      <trkpt lat="42.8203329" lon="82.2727106">
        <ele>2710.0</ele>
      </trkpt>
      <trkpt lat="42.8202323" lon="82.2727554">
        <ele>2710.0</ele>
      </trkpt>
      <trkpt lat="42.820145" lon="82.2728123">
        <ele>2710.0</ele>
      </trkpt>
      <trkpt lat="42.8200482" lon="82.2728755">
        <ele>2709.0</ele>
      </trkpt>
      <trkpt lat="42.8199607" lon="82.2729475">
        <ele>2712.0</ele>
      </trkpt>
      <trkpt lat="42.8198739" lon="82.2729991">
        <ele>2712.0</ele>
      </trkpt>
      <trkpt lat="42.8197896" lon="82.2730523">
        <ele>2712.0</ele>
      </trkpt>
      <trkpt lat="42.8196971" lon="82.2731136">
        <ele>2712.0</ele>
      </trkpt>
      <trkpt lat="42.8196143" lon="82.2731984">
        <ele>2718.0</ele>
      </trkpt>
      <trkpt lat="42.8195438" lon="82.2732856">
        <ele>2713.0</ele>
      </trkpt>
      <trkpt lat="42.8194709" lon="82.2733598">
        <ele>2713.0</ele>
      </trkpt>
      <trkpt lat="42.8193821" lon="82.2734273">
        <ele>2713.0</ele>
      </trkpt>
      <trkpt lat="42.8192835" lon="82.2735038">
        <ele>2714.0</ele>
      </trkpt>
      <trkpt lat="42.8192056" lon="82.2736105">
        <ele>2714.0</ele>
      </trkpt>
      <trkpt lat="42.8191409" lon="82.2737192">
        <ele>2714.0</ele>
      </trkpt>
      <trkpt lat="42.8191059" lon="82.273767">
        <ele>2721.0</ele>
      </trkpt>
      <trkpt lat="42.8190686" lon="82.2738628">
        <ele>2721.0</ele>
      </trkpt>
      <trkpt lat="42.819002" lon="82.2739609">
        <ele>2715.0</ele>
      </trkpt>
      <trkpt lat="42.8189234" lon="82.2740491">
        <ele>2722.0</ele>
      </trkpt>
      <trkpt lat="42.8189062" lon="82.2741102">
        <ele>2722.0</ele>
      </trkpt>
      <trkpt lat="42.818873" lon="82.2742132">
        <ele>2722.0</ele>
      </trkpt>
      <trkpt lat="42.8188268" lon="82.2743198">
        <ele>2728.0</ele>
      </trkpt>
      <trkpt lat="42.8187571" lon="82.2744017">
        <ele>2728.0</ele>
      </trkpt>
      <trkpt lat="42.8186648" lon="82.2744539">
        <ele>2721.0</ele>
      </trkpt>
      <trkpt lat="42.8185713" lon="82.2744987">
        <ele>2721.0</ele>
      </trkpt>
      <trkpt lat="42.8184765" lon="82.2745651">
        <ele>2721.0</ele>
      </trkpt>
      <trkpt lat="42.8184007" lon="82.2746605">
        <ele>2722.0</ele>
      </trkpt>
      <trkpt lat="42.8183457" lon="82.2747669">
        <ele>2722.0</ele>
      </trkpt>
      <trkpt lat="42.8183218" lon="82.2749021">
        <ele>2725.0</ele>
      </trkpt>
      <trkpt lat="42.8182746" lon="82.2750104">
        <ele>2725.0</ele>
      </trkpt>
      <trkpt lat="42.8182113" lon="82.2750968">
        <ele>2725.0</ele>
      </trkpt>
      <trkpt lat="42.8181153" lon="82.2751432">
        <ele>2727.0</ele>
      </trkpt>
      <trkpt lat="42.8180215" lon="82.2752054">
        <ele>2727.0</ele>
      </trkpt>
      <trkpt lat="42.8179257" lon="82.2752549">
        <ele>2727.0</ele>
      </trkpt>
      <trkpt lat="42.8178313" lon="82.275271">
        <ele>2726.0</ele>
      </trkpt>
      <trkpt lat="42.8177429" lon="82.2753045">
        <ele>2726.0</ele>
      </trkpt>
      <trkpt lat="42.8176579" lon="82.2753766">
        <ele>2726.0</ele>
      </trkpt>
      <trkpt lat="42.8175975" lon="82.275482">
        <ele>2734.0</ele>
      </trkpt>
      <trkpt lat="42.8175261" lon="82.2755806">
        <ele>2734.0</ele>
      </trkpt>
      <trkpt lat="42.8174471" lon="82.275648">
        <ele>2734.0</ele>
      </trkpt>
      <trkpt lat="42.8173521" lon="82.2756764">
        <ele>2730.0</ele>
      </trkpt>
      <trkpt lat="42.8172798" lon="82.2757594">
        <ele>2741.0</ele>
      </trkpt>
      <trkpt lat="42.8171937" lon="82.2758402">
        <ele>2741.0</ele>
      </trkpt>
      <trkpt lat="42.8171137" lon="82.2759102">
        <ele>2741.0</ele>
      </trkpt>
      <trkpt lat="42.8170279" lon="82.2759491">
        <ele>2735.0</ele>
      </trkpt>
      <trkpt lat="42.8169394" lon="82.2759688">
        <ele>2735.0</ele>
      </trkpt>
      <trkpt lat="42.8168508" lon="82.2760165">
        <ele>2744.0</ele>
      </trkpt>
      <trkpt lat="42.8167911" lon="82.2760356">
        <ele>2738.0</ele>
      </trkpt>
      <trkpt lat="42.8167108" lon="82.2760523">
        <ele>2738.0</ele>
      </trkpt>
      <trkpt lat="42.816618" lon="82.2760649">
        <ele>2738.0</ele>
      </trkpt>
      <trkpt lat="42.8165209" lon="82.2760898">
        <ele>2739.0</ele>
      </trkpt>
      <trkpt lat="42.8164284" lon="82.2761149">
        <ele>2739.0</ele>
      </trkpt>
      <trkpt lat="42.8163353" lon="82.2761346">
        <ele>2739.0</ele>
      </trkpt>
      <trkpt lat="42.8162555" lon="82.2761905">
        <ele>2739.0</ele>
      </trkpt>
      <trkpt lat="42.8161745" lon="82.2762615">
        <ele>2749.0</ele>
      </trkpt>
      <trkpt lat="42.8160949" lon="82.2763453">
        <ele>2749.0</ele>
      </trkpt>
      <trkpt lat="42.8160038" lon="82.2763986">
        <ele>2749.0</ele>
      </trkpt>
      <trkpt lat="42.815908" lon="82.2764088">
        <ele>2747.0</ele>
      </trkpt>
      <trkpt lat="42.8158161" lon="82.2764188">
        <ele>2747.0</ele>
      </trkpt>
      <trkpt lat="42.8157138" lon="82.2764238">
        <ele>2747.0</ele>
      </trkpt>
      <trkpt lat="42.8156077" lon="82.2764568">
        <ele>2742.0</ele>
      </trkpt>
      <trkpt lat="42.8155093" lon="82.2765062">
        <ele>2742.0</ele>
      </trkpt>
      <trkpt lat="42.8154126" lon="82.2765583">
        <ele>2746.0</ele>
      </trkpt>
      <trkpt lat="42.8153267" lon="82.2766132">
        <ele>2746.0</ele>
      </trkpt>
      <trkpt lat="42.8152508" lon="82.2766923">
        <ele>2746.0</ele>
      </trkpt>
      <trkpt lat="42.8151586" lon="82.2767462">
        <ele>2746.0</ele>
      </trkpt>
      <trkpt lat="42.8150545" lon="82.2767683">
        <ele>2746.0</ele>
      </trkpt>
      <trkpt lat="42.8149646" lon="82.2768071">
        <ele>2757.0</ele>
      </trkpt>
      <trkpt lat="42.8148812" lon="82.2768633">
        <ele>2757.0</ele>
      </trkpt>
      <trkpt lat="42.8147802" lon="82.2769103">
        <ele>2750.0</ele>
      </trkpt>
      <trkpt lat="42.8146773" lon="82.276946">
        <ele>2750.0</ele>
      </trkpt>
      <trkpt lat="42.8145787" lon="82.2769572">
        <ele>2749.0</ele>
      </trkpt>
      <trkpt lat="42.814483" lon="82.2769958">
        <ele>2749.0</ele>
      </trkpt>
      <trkpt lat="42.8143823" lon="82.2770529">
        <ele>2749.0</ele>
      </trkpt>
      <trkpt lat="42.8142886" lon="82.2771136">
        <ele>2754.0</ele>
      </trkpt>
      <trkpt lat="42.8141996" lon="82.2771632">
        <ele>2754.0</ele>
      </trkpt>
      <trkpt lat="42.8141085" lon="82.277199">
        <ele>2754.0</ele>
      </trkpt>
      <trkpt lat="42.8140418" lon="82.2772256">
        <ele>2754.0</ele>
      </trkpt>
      <trkpt lat="42.813957" lon="82.2772297">
        <ele>2750.0</ele>
      </trkpt>
      <trkpt lat="42.8138844" lon="82.2772901">
        <ele>2750.0</ele>
      </trkpt>
      <trkpt lat="42.8138207" lon="82.2773895">
        <ele>2757.0</ele>
      </trkpt>
      <trkpt lat="42.8137389" lon="82.2774627">
        <ele>2756.0</ele>
      </trkpt>
      <trkpt lat="42.8136515" lon="82.2775047">
        <ele>2756.0</ele>
      </trkpt>
      <trkpt lat="42.8135615" lon="82.2775513">
        <ele>2756.0</ele>
      </trkpt>
      <trkpt lat="42.8134664" lon="82.2775891">
        <ele>2754.0</ele>
      </trkpt>
      <trkpt lat="42.8133707" lon="82.277593">
        <ele>2754.0</ele>
      </trkpt>
      <trkpt lat="42.8132646" lon="82.2776028">
        <ele>2754.0</ele>
      </trkpt>
      <trkpt lat="42.8131704" lon="82.2775769">
        <ele>2754.0</ele>
      </trkpt>
      <trkpt lat="42.8130664" lon="82.2775568">
        <ele>2754.0</ele>
      </trkpt>
      <trkpt lat="42.8129621" lon="82.2775669">
        <ele>2754.0</ele>
      </trkpt>
      <trkpt lat="42.8128653" lon="82.2775685">
        <ele>2754.0</ele>
      </trkpt>
      <trkpt lat="42.8127748" lon="82.2775986">
        <ele>2754.0</ele>
      </trkpt>
      <trkpt lat="42.8127041" lon="82.2776071">
        <ele>2754.0</ele>
      </trkpt>
      <trkpt lat="42.8126243" lon="82.2776568">
        <ele>2759.0</ele>
      </trkpt>
      <trkpt lat="42.8125318" lon="82.2776548">
        <ele>2759.0</ele>
      </trkpt>
      <trkpt lat="42.8124404" lon="82.2776878">
        <ele>2759.0</ele>
      </trkpt>
      <trkpt lat="42.8123444" lon="82.2777331">
        <ele>2762.0</ele>
      </trkpt>
      <trkpt lat="42.8122403" lon="82.2777773">
        <ele>2762.0</ele>
      </trkpt>
      <trkpt lat="42.8121476" lon="82.2778125">
        <ele>2762.0</ele>
      </trkpt>
      <trkpt lat="42.8120539" lon="82.2778297">
        <ele>2766.0</ele>
      </trkpt>
      <trkpt lat="42.8119864" lon="82.2778433">
        <ele>2766.0</ele>
      </trkpt>
      <trkpt lat="42.8119027" lon="82.277837">
        <ele>2766.0</ele>
      </trkpt>
      <trkpt lat="42.8118112" lon="82.2778224">
        <ele>2766.0</ele>
      </trkpt>
      <trkpt lat="42.8117049" lon="82.2778413">
        <ele>2768.0</ele>
      </trkpt>
      <trkpt lat="42.8116057" lon="82.2778672">
        <ele>2768.0</ele>
      </trkpt>
      <trkpt lat="42.811503" lon="82.277861">
        <ele>2772.0</ele>
      </trkpt>
      <trkpt lat="42.8113968" lon="82.2778727">
        <ele>2772.0</ele>
      </trkpt>
      <trkpt lat="42.8112967" lon="82.2778605">
        <ele>2772.0</ele>
      </trkpt>
      <trkpt lat="42.8111911" lon="82.2778565">
        <ele>2776.0</ele>
      </trkpt>
      <trkpt lat="42.8110841" lon="82.2778882">
        <ele>2776.0</ele>
      </trkpt>
      <trkpt lat="42.8109913" lon="82.2778772">
        <ele>2776.0</ele>
      </trkpt>
      <trkpt lat="42.8109017" lon="82.2778626">
        <ele>2781.0</ele>
      </trkpt>
      <trkpt lat="42.8108102" lon="82.277844">
        <ele>2781.0</ele>
      </trkpt>
      <trkpt lat="42.8107202" lon="82.2778658">
        <ele>2781.0</ele>
      </trkpt>
      <trkpt lat="42.8106937" lon="82.2778844">
        <ele>2774.0</ele>
      </trkpt>
      <trkpt lat="42.810618" lon="82.277907">
        <ele>2774.0</ele>
      </trkpt>
      <trkpt lat="42.8105298" lon="82.2779439">
        <ele>2779.0</ele>
      </trkpt>
      <trkpt lat="42.81043" lon="82.2779944">
        <ele>2779.0</ele>
      </trkpt>
      <trkpt lat="42.8103184" lon="82.2780363">
        <ele>2775.0</ele>
      </trkpt>
      <trkpt lat="42.8102153" lon="82.2780681">
        <ele>2775.0</ele>
      </trkpt>
      <trkpt lat="42.810117" lon="82.2781031">
        <ele>2778.0</ele>
      </trkpt>
      <trkpt lat="42.8100241" lon="82.2781537">
        <ele>2778.0</ele>
      </trkpt>
      <trkpt lat="42.8099353" lon="82.2781871">
        <ele>2778.0</ele>
      </trkpt>
      <trkpt lat="42.8098471" lon="82.2782368">
        <ele>2784.0</ele>
      </trkpt>
      <trkpt lat="42.8097451" lon="82.2782884">
        <ele>2784.0</ele>
      </trkpt>
      <trkpt lat="42.8096546" lon="82.2783657">
        <ele>2784.0</ele>
      </trkpt>
      <trkpt lat="42.8095606" lon="82.2784041">
        <ele>2786.0</ele>
      </trkpt>
      <trkpt lat="42.8094596" lon="82.2784008">
        <ele>2786.0</ele>
      </trkpt>
      <trkpt lat="42.8093544" lon="82.2784099">
        <ele>2786.0</ele>
      </trkpt>
      <trkpt lat="42.8092598" lon="82.2784318">
        <ele>2790.0</ele>
      </trkpt>
      <trkpt lat="42.8091719" lon="82.2784662">
        <ele>2790.0</ele>
      </trkpt>
      <trkpt lat="42.8090783" lon="82.2784973">
        <ele>2792.0</ele>
      </trkpt>
      <trkpt lat="42.8089991" lon="82.2785596">
        <ele>2792.0</ele>
      </trkpt>
      <trkpt lat="42.8089228" lon="82.2786274">
        <ele>2792.0</ele>
      </trkpt>
      <trkpt lat="42.8088349" lon="82.2786617">
        <ele>2792.0</ele>
      </trkpt>
      <trkpt lat="42.8087465" lon="82.2787058">
        <ele>2790.0</ele>
      </trkpt>
      <trkpt lat="42.8086571" lon="82.2787728">
        <ele>2792.0</ele>
      </trkpt>
      <trkpt lat="42.8085787" lon="82.278845">
        <ele>2792.0</ele>
      </trkpt>
      <trkpt lat="42.8085126" lon="82.2789399">
        <ele>2792.0</ele>
      </trkpt>
      <trkpt lat="42.8084579" lon="82.2790481">
        <ele>2801.0</ele>
      </trkpt>
      <trkpt lat="42.8083876" lon="82.279129">
        <ele>2801.0</ele>
      </trkpt>
      <trkpt lat="42.8083048" lon="82.2790801">
        <ele>2801.0</ele>
      </trkpt>
      <trkpt lat="42.8082051" lon="82.2790301">
        <ele>2801.0</ele>
      </trkpt>
      <trkpt lat="42.808101" lon="82.278973">
        <ele>2802.0</ele>
      </trkpt>
      <trkpt lat="42.8080058" lon="82.2789242">
        <ele>2802.0</ele>
      </trkpt>
      <trkpt lat="42.8079866" lon="82.278812">
        <ele>2802.0</ele>
      </trkpt>
      <trkpt lat="42.8080498" lon="82.2787146">
        <ele>2804.0</ele>
      </trkpt>
      <trkpt lat="42.8081164" lon="82.2785804">
        <ele>2804.0</ele>
      </trkpt>
      <trkpt lat="42.8081628" lon="82.2784365">
        <ele>2806.0</ele>
      </trkpt>
      <trkpt lat="42.8082266" lon="82.2783035">
        <ele>2798.0</ele>
      </trkpt>
      <trkpt lat="42.8083042" lon="82.2782054">
        <ele>2798.0</ele>
      </trkpt>
      <trkpt lat="42.8083746" lon="82.2781091">
        <ele>2803.0</ele>
      </trkpt>
      <trkpt lat="42.8084279" lon="82.2779938">
        <ele>2803.0</ele>
      </trkpt>
      <trkpt lat="42.8085245" lon="82.2779193">
        <ele>2796.0</ele>
      </trkpt>
      <trkpt lat="42.8085664" lon="82.2778888">
        <ele>2799.0</ele>
      </trkpt>
      <trkpt lat="42.8086383" lon="82.2779441">
        <ele>2796.0</ele>
      </trkpt>
      <trkpt lat="42.8086637" lon="82.2779576">
        <ele>2796.0</ele>
      </trkpt>
      <trkpt lat="42.8085955" lon="82.2779469">
        <ele>2796.0</ele>
      </trkpt>
      <trkpt lat="42.8085955" lon="82.2779469">
        <ele>2796.0</ele>
      </trkpt>
      <trkpt lat="42.8082143" lon="82.278236">
        <ele>2798.0</ele>
      </trkpt>
      <trkpt lat="42.8082143" lon="82.278236">
        <ele>2798.0</ele>
      </trkpt>
      <trkpt lat="42.8081202" lon="82.2782852">
        <ele>2806.0</ele>
      </trkpt>
      <trkpt lat="42.8080443" lon="82.2783717">
        <ele>2806.0</ele>
      </trkpt>
      <trkpt lat="42.8080057" lon="82.2785033">
        <ele>2804.0</ele>
      </trkpt>
      <trkpt lat="42.8079684" lon="82.2786415">
        <ele>2804.0</ele>
      </trkpt>
      <trkpt lat="42.8079172" lon="82.2787522">
        <ele>2802.0</ele>
      </trkpt>
      <trkpt lat="42.8078718" lon="82.2788774">
        <ele>2807.0</ele>
      </trkpt>
      <trkpt lat="42.8078393" lon="82.2789378">
        <ele>2807.0</ele>
      </trkpt>
      <trkpt lat="42.8077951" lon="82.2790297">
        <ele>2812.0</ele>
      </trkpt>
      <trkpt lat="42.8077569" lon="82.2791383">
        <ele>2812.0</ele>
      </trkpt>
      <trkpt lat="42.8077177" lon="82.2792499">
        <ele>2812.0</ele>
      </trkpt>
      <trkpt lat="42.8076635" lon="82.2793592">
        <ele>2812.0</ele>
      </trkpt>
      <trkpt lat="42.807594" lon="82.2794504">
        <ele>2816.0</ele>
      </trkpt>
      <trkpt lat="42.8075259" lon="82.2795527">
        <ele>2816.0</ele>
      </trkpt>
      <trkpt lat="42.8074474" lon="82.2796348">
        <ele>2816.0</ele>
      </trkpt>
      <trkpt lat="42.8073531" lon="82.2796822">
        <ele>2823.0</ele>
      </trkpt>
      <trkpt lat="42.8072588" lon="82.2797244">
        <ele>2823.0</ele>
      </trkpt>
      <trkpt lat="42.8071721" lon="82.2797863">
        <ele>2823.0</ele>
      </trkpt>
      <trkpt lat="42.807108" lon="82.2798739">
        <ele>2821.0</ele>
      </trkpt>
      <trkpt lat="42.8070413" lon="82.2799661">
        <ele>2829.0</ele>
      </trkpt>
      <trkpt lat="42.8070115" lon="82.2800384">
        <ele>2829.0</ele>
      </trkpt>
      <trkpt lat="42.8069382" lon="82.280075">
        <ele>2829.0</ele>
      </trkpt>
      <trkpt lat="42.806855" lon="82.2799876">
        <ele>2829.0</ele>
      </trkpt>
      <trkpt lat="42.8067492" lon="82.2799773">
        <ele>2840.0</ele>
      </trkpt>
      <trkpt lat="42.8066692" lon="82.280038">
        <ele>2840.0</ele>
      </trkpt>
      <trkpt lat="42.8065791" lon="82.2800646">
        <ele>2840.0</ele>
      </trkpt>
      <trkpt lat="42.8064895" lon="82.2800589">
        <ele>2847.0</ele>
      </trkpt>
      <trkpt lat="42.8063949" lon="82.2800679">
        <ele>2847.0</ele>
      </trkpt>
      <trkpt lat="42.8062948" lon="82.2800994">
        <ele>2847.0</ele>
      </trkpt>
      <trkpt lat="42.8062025" lon="82.2801309">
        <ele>2862.0</ele>
      </trkpt>
      <trkpt lat="42.8061081" lon="82.2801656">
        <ele>2856.0</ele>
      </trkpt>
      <trkpt lat="42.8060194" lon="82.2802318">
        <ele>2856.0</ele>
      </trkpt>
      <trkpt lat="42.805945" lon="82.2803161">
        <ele>2868.0</ele>
      </trkpt>
      <trkpt lat="42.8058638" lon="82.2803737">
        <ele>2868.0</ele>
      </trkpt>
      <trkpt lat="42.8057741" lon="82.2803504">
        <ele>2868.0</ele>
      </trkpt>
      <trkpt lat="42.8057459" lon="82.2802374">
        <ele>2868.0</ele>
      </trkpt>
      <trkpt lat="42.8056885" lon="82.2801332">
        <ele>2883.0</ele>
      </trkpt>
      <trkpt lat="42.8056284" lon="82.2800294">
        <ele>2883.0</ele>
      </trkpt>
      <trkpt lat="42.8055554" lon="82.2799436">
        <ele>2883.0</ele>
      </trkpt>
      <trkpt lat="42.8054829" lon="82.2798498">
        <ele>2885.0</ele>
      </trkpt>
      <trkpt lat="42.8054213" lon="82.2797291">
        <ele>2885.0</ele>
      </trkpt>
      <trkpt lat="42.8053834" lon="82.279602">
        <ele>2889.0</ele>
      </trkpt>
      <trkpt lat="42.8053655" lon="82.2794679">
        <ele>2889.0</ele>
      </trkpt>
      <trkpt lat="42.8053325" lon="82.2793517">
        <ele>2889.0</ele>
      </trkpt>
      <trkpt lat="42.8053189" lon="82.2792205">
        <ele>2893.0</ele>
      </trkpt>
      <trkpt lat="42.805313" lon="82.2790873">
        <ele>2893.0</ele>
      </trkpt>
      <trkpt lat="42.8052827" lon="82.2789599">
        <ele>2896.0</ele>
      </trkpt>
      <trkpt lat="42.8052101" lon="82.2788715">
        <ele>2896.0</ele>
      </trkpt>
      <trkpt lat="42.8051338" lon="82.2787959">
        <ele>2899.0</ele>
      </trkpt>
      <trkpt lat="42.8050717" lon="82.278695">
        <ele>2905.0</ele>
      </trkpt>
      <trkpt lat="42.8050114" lon="82.2785806">
        <ele>2905.0</ele>
      </trkpt>
      <trkpt lat="42.8049821" lon="82.2784542">
        <ele>2911.0</ele>
      </trkpt>
      <trkpt lat="42.8049469" lon="82.2783366">
        <ele>2911.0</ele>
      </trkpt>
      <trkpt lat="42.8049084" lon="82.278223">
        <ele>2911.0</ele>
      </trkpt>
      <trkpt lat="42.8048734" lon="82.278105">
        <ele>2918.0</ele>
      </trkpt>
      <trkpt lat="42.8048226" lon="82.2780018">
        <ele>2918.0</ele>
      </trkpt>
      <trkpt lat="42.8047793" lon="82.2778923">
        <ele>2923.0</ele>
      </trkpt>
      <trkpt lat="42.8047321" lon="82.2777716">
        <ele>2923.0</ele>
      </trkpt>
      <trkpt lat="42.8046924" lon="82.2776546">
        <ele>2923.0</ele>
      </trkpt>
      <trkpt lat="42.804663" lon="82.2775314">
        <ele>2926.0</ele>
      </trkpt>
      <trkpt lat="42.8046428" lon="82.2774001">
        <ele>2926.0</ele>
      </trkpt>
      <trkpt lat="42.804611" lon="82.2772689">
        <ele>2932.0</ele>
      </trkpt>
      <trkpt lat="42.8045715" lon="82.2771411">
        <ele>2931.0</ele>
      </trkpt>
      <trkpt lat="42.8045371" lon="82.2770229">
        <ele>2934.0</ele>
      </trkpt>
      <trkpt lat="42.8045077" lon="82.2769014">
        <ele>2934.0</ele>
      </trkpt>
      <trkpt lat="42.8044858" lon="82.2767774">
        <ele>2936.0</ele>
      </trkpt>
      <trkpt lat="42.8044739" lon="82.2766411">
        <ele>2936.0</ele>
      </trkpt>
      <trkpt lat="42.8044349" lon="82.276517">
        <ele>2941.0</ele>
      </trkpt>
      <trkpt lat="42.8044041" lon="82.276399">
        <ele>2941.0</ele>
      </trkpt>
      <trkpt lat="42.8044005" lon="82.2762722">
        <ele>2941.0</ele>
      </trkpt>
      <trkpt lat="42.8043699" lon="82.2761481">
        <ele>2944.0</ele>
      </trkpt>
      <trkpt lat="42.8043291" lon="82.2760184">
        <ele>2944.0</ele>
      </trkpt>
      <trkpt lat="42.8042888" lon="82.2758897">
        <ele>2944.0</ele>
      </trkpt>
      <trkpt lat="42.8042126" lon="82.275813">
        <ele>2944.0</ele>
      </trkpt>
      <trkpt lat="42.8041756" lon="82.2756973">
        <ele>2944.0</ele>
      </trkpt>
      <trkpt lat="42.804145" lon="82.2755746">
        <ele>2947.0</ele>
      </trkpt>
      <trkpt lat="42.804166" lon="82.2754549">
        <ele>2947.0</ele>
      </trkpt>
      <trkpt lat="42.8041594" lon="82.2753339">
        <ele>2950.0</ele>
      </trkpt>
      <trkpt lat="42.8041187" lon="82.2752237">
        <ele>2950.0</ele>
      </trkpt>
      <trkpt lat="42.8040544" lon="82.2751205">
        <ele>2959.0</ele>
      </trkpt>
      <trkpt lat="42.8039766" lon="82.2750235">
        <ele>2956.0</ele>
      </trkpt>
      <trkpt lat="42.8039135" lon="82.2749126">
        <ele>2956.0</ele>
      </trkpt>
      <trkpt lat="42.8038625" lon="82.2747887">
        <ele>2960.0</ele>
      </trkpt>
      <trkpt lat="42.8038028" lon="82.2746825">
        <ele>2960.0</ele>
      </trkpt>
      <trkpt lat="42.8037343" lon="82.2745908">
        <ele>2961.0</ele>
      </trkpt>
      <trkpt lat="42.8036611" lon="82.2745078">
        <ele>2971.0</ele>
      </trkpt>
      <trkpt lat="42.8035897" lon="82.2744211">
        <ele>2971.0</ele>
      </trkpt>
      <trkpt lat="42.8035131" lon="82.274343">
        <ele>2971.0</ele>
      </trkpt>
      <trkpt lat="42.8034304" lon="82.2742646">
        <ele>2973.0</ele>
      </trkpt>
      <trkpt lat="42.8033525" lon="82.2741898">
        <ele>2973.0</ele>
      </trkpt>
      <trkpt lat="42.8033033" lon="82.2740869">
        <ele>2973.0</ele>
      </trkpt>
      <trkpt lat="42.8032263" lon="82.2740313">
        <ele>2973.0</ele>
      </trkpt>
      <trkpt lat="42.8031566" lon="82.2739517">
        <ele>2980.0</ele>
      </trkpt>
      <trkpt lat="42.8031042" lon="82.2738411">
        <ele>2980.0</ele>
      </trkpt>
      <trkpt lat="42.8030259" lon="82.273759">
        <ele>2980.0</ele>
      </trkpt>
      <trkpt lat="42.8029626" lon="82.2736592">
        <ele>2975.0</ele>
      </trkpt>
      <trkpt lat="42.8029005" lon="82.2735535">
        <ele>2970.0</ele>
      </trkpt>
      <trkpt lat="42.8028298" lon="82.2734685">
        <ele>2974.0</ele>
      </trkpt>
      <trkpt lat="42.8027584" lon="82.2733874">
        <ele>2974.0</ele>
      </trkpt>
      <trkpt lat="42.8026919" lon="82.2732989">
        <ele>2974.0</ele>
      </trkpt>
      <trkpt lat="42.8026061" lon="82.2732438">
        <ele>2976.0</ele>
      </trkpt>
      <trkpt lat="42.8025109" lon="82.2732165">
        <ele>2976.0</ele>
      </trkpt>
      <trkpt lat="42.8024175" lon="82.273209">
        <ele>2976.0</ele>
      </trkpt>
      <trkpt lat="42.8023658" lon="82.2731173">
        <ele>2978.0</ele>
      </trkpt>
      <trkpt lat="42.8023128" lon="82.2730128">
        <ele>2980.0</ele>
      </trkpt>
      <trkpt lat="42.8022331" lon="82.2729599">
        <ele>2980.0</ele>
      </trkpt>
      <trkpt lat="42.8021349" lon="82.2729232">
        <ele>2980.0</ele>
      </trkpt>
      <trkpt lat="42.802068" lon="82.2728327">
        <ele>2985.0</ele>
      </trkpt>
      <trkpt lat="42.8020328" lon="82.2727075">
        <ele>2985.0</ele>
      </trkpt>
      <trkpt lat="42.8019785" lon="82.2726032">
        <ele>2990.0</ele>
      </trkpt>
      <trkpt lat="42.8019157" lon="82.2725021">
        <ele>2990.0</ele>
      </trkpt>
      <trkpt lat="42.801819" lon="82.272473">
        <ele>2990.0</ele>
      </trkpt>
      <trkpt lat="42.8017211" lon="82.2724372">
        <ele>2995.0</ele>
      </trkpt>
      <trkpt lat="42.8016304" lon="82.2723877">
        <ele>2995.0</ele>
      </trkpt>
      <trkpt lat="42.8015434" lon="82.272323">
        <ele>3009.0</ele>
      </trkpt>
      <trkpt lat="42.8014677" lon="82.2723026">
        <ele>3009.0</ele>
      </trkpt>
      <trkpt lat="42.8013757" lon="82.2722635">
        <ele>3009.0</ele>
      </trkpt>
      <trkpt lat="42.8012785" lon="82.2722445">
        <ele>3009.0</ele>
      </trkpt>
      <trkpt lat="42.801188" lon="82.2722071">
        <ele>3003.0</ele>
      </trkpt>
      <trkpt lat="42.8010923" lon="82.2721492">
        <ele>3003.0</ele>
      </trkpt>
      <trkpt lat="42.8009983" lon="82.2721054">
        <ele>3003.0</ele>
      </trkpt>
      <trkpt lat="42.8009001" lon="82.2720891">
        <ele>3003.0</ele>
      </trkpt>
      <trkpt lat="42.8007827" lon="82.2720751">
        <ele>3009.0</ele>
      </trkpt>
      <trkpt lat="42.8007408" lon="82.2720801">
        <ele>3009.0</ele>
      </trkpt>
      <trkpt lat="42.8006646" lon="82.2720646">
        <ele>3003.0</ele>
      </trkpt>
      <trkpt lat="42.8005693" lon="82.2720305">
        <ele>3003.0</ele>
      </trkpt>
      <trkpt lat="42.800475" lon="82.2720172">
        <ele>3003.0</ele>
      </trkpt>
      <trkpt lat="42.8003694" lon="82.2720128">
        <ele>2999.0</ele>
      </trkpt>
      <trkpt lat="42.8002676" lon="82.2720073">
        <ele>2999.0</ele>
      </trkpt>
      <trkpt lat="42.8001603" lon="82.271982">
        <ele>2999.0</ele>
      </trkpt>
      <trkpt lat="42.8000628" lon="82.2719461">
        <ele>2998.0</ele>
      </trkpt>
      <trkpt lat="42.7999683" lon="82.2719333">
        <ele>2998.0</ele>
      </trkpt>
      <trkpt lat="42.7998773" lon="82.2719174">
        <ele>2998.0</ele>
      </trkpt>
      <trkpt lat="42.7997851" lon="82.2718801">
        <ele>3006.0</ele>
      </trkpt>
      <trkpt lat="42.7996932" lon="82.271803">
        <ele>3003.0</ele>
      </trkpt>
      <trkpt lat="42.7996047" lon="82.2717113">
        <ele>3003.0</ele>
      </trkpt>
      <trkpt lat="42.7995098" lon="82.2716373">
        <ele>3003.0</ele>
      </trkpt>
      <trkpt lat="42.7994231" lon="82.2715821">
        <ele>3003.0</ele>
      </trkpt>
      <trkpt lat="42.7993794" lon="82.271458">
        <ele>3004.0</ele>
      </trkpt>
      <trkpt lat="42.799318" lon="82.2713672">
        <ele>3004.0</ele>
      </trkpt>
      <trkpt lat="42.7992265" lon="82.2713082">
        <ele>3004.0</ele>
      </trkpt>
      <trkpt lat="42.7991368" lon="82.2712292">
        <ele>3005.0</ele>
      </trkpt>
      <trkpt lat="42.7990741" lon="82.2711267">
        <ele>3005.0</ele>
      </trkpt>
      <trkpt lat="42.7989926" lon="82.2710464">
        <ele>3009.0</ele>
      </trkpt>
      <trkpt lat="42.7989131" lon="82.2709654">
        <ele>3010.0</ele>
      </trkpt>
      <trkpt lat="42.7988196" lon="82.2709112">
        <ele>3010.0</ele>
      </trkpt>
      <trkpt lat="42.7987239" lon="82.270868">
        <ele>3016.0</ele>
      </trkpt>
      <trkpt lat="42.7986245" lon="82.2708337">
        <ele>3016.0</ele>
      </trkpt>
      <trkpt lat="42.7985318" lon="82.2708034">
        <ele>3016.0</ele>
      </trkpt>
      <trkpt lat="42.7984524" lon="82.2707449">
        <ele>3016.0</ele>
      </trkpt>
      <trkpt lat="42.7983814" lon="82.2706521">
        <ele>3018.0</ele>
      </trkpt>
      <trkpt lat="42.7983187" lon="82.270543">
        <ele>3018.0</ele>
      </trkpt>
      <trkpt lat="42.7982395" lon="82.2704565">
        <ele>3018.0</ele>
      </trkpt>
      <trkpt lat="42.7981643" lon="82.2703767">
        <ele>3018.0</ele>
      </trkpt>
      <trkpt lat="42.7980828" lon="82.270309">
        <ele>3018.0</ele>
      </trkpt>
      <trkpt lat="42.7979908" lon="82.2702767">
        <ele>3018.0</ele>
      </trkpt>
      <trkpt lat="42.7978891" lon="82.2702747">
        <ele>3017.0</ele>
      </trkpt>
      <trkpt lat="42.7977877" lon="82.2702814">
        <ele>3017.0</ele>
      </trkpt>
      <trkpt lat="42.7976892" lon="82.2702901">
        <ele>3017.0</ele>
      </trkpt>
      <trkpt lat="42.7975871" lon="82.2702796">
        <ele>3016.0</ele>
      </trkpt>
      <trkpt lat="42.7974889" lon="82.270259">
        <ele>3016.0</ele>
      </trkpt>
      <trkpt lat="42.7973969" lon="82.2702254">
        <ele>3016.0</ele>
      </trkpt>
      <trkpt lat="42.7973051" lon="82.2701444">
        <ele>3020.0</ele>
      </trkpt>
      <trkpt lat="42.7972115" lon="82.2701216">
        <ele>3030.0</ele>
      </trkpt>
      <trkpt lat="42.7971193" lon="82.2701093">
        <ele>3030.0</ele>
      </trkpt>
      <trkpt lat="42.7970143" lon="82.2700928">
        <ele>3026.0</ele>
      </trkpt>
      <trkpt lat="42.7969172" lon="82.270079">
        <ele>3026.0</ele>
      </trkpt>
      <trkpt lat="42.7968194" lon="82.270066">
        <ele>3026.0</ele>
      </trkpt>
      <trkpt lat="42.7967104" lon="82.2700647">
        <ele>3032.0</ele>
      </trkpt>
      <trkpt lat="42.796612" lon="82.2700472">
        <ele>3032.0</ele>
      </trkpt>
      <trkpt lat="42.7965117" lon="82.2700246">
        <ele>3033.0</ele>
      </trkpt>
      <trkpt lat="42.7964172" lon="82.2699799">
        <ele>3033.0</ele>
      </trkpt>
      <trkpt lat="42.7963269" lon="82.2699463">
        <ele>3033.0</ele>
      </trkpt>
      <trkpt lat="42.7962288" lon="82.2699043">
        <ele>3031.0</ele>
      </trkpt>
      <trkpt lat="42.7961293" lon="82.269868">
        <ele>3031.0</ele>
      </trkpt>
      <trkpt lat="42.7960312" lon="82.2698277">
        <ele>3039.0</ele>
      </trkpt>
      <trkpt lat="42.7959339" lon="82.2698083">
        <ele>3038.0</ele>
      </trkpt>
      <trkpt lat="42.7958631" lon="82.269787">
        <ele>3038.0</ele>
      </trkpt>
      <trkpt lat="42.795781" lon="82.2697384">
        <ele>3038.0</ele>
      </trkpt>
      <trkpt lat="42.7956867" lon="82.2697189">
        <ele>3039.0</ele>
      </trkpt>
      <trkpt lat="42.7955944" lon="82.2696915">
        <ele>3039.0</ele>
      </trkpt>
      <trkpt lat="42.7954978" lon="82.2696384">
        <ele>3039.0</ele>
      </trkpt>
      <trkpt lat="42.7953959" lon="82.2695965">
        <ele>3039.0</ele>
      </trkpt>
      <trkpt lat="42.7952995" lon="82.2695519">
        <ele>3043.0</ele>
      </trkpt>
      <trkpt lat="42.795199" lon="82.2695027">
        <ele>3043.0</ele>
      </trkpt>
      <trkpt lat="42.7950974" lon="82.2694699">
        <ele>3051.0</ele>
      </trkpt>
      <trkpt lat="42.795006" lon="82.2694135">
        <ele>3051.0</ele>
      </trkpt>
      <trkpt lat="42.7949087" lon="82.2693975">
        <ele>3051.0</ele>
      </trkpt>
      <trkpt lat="42.7948086" lon="82.2693856">
        <ele>3050.0</ele>
      </trkpt>
      <trkpt lat="42.7947324" lon="82.2693186">
        <ele>3050.0</ele>
      </trkpt>
      <trkpt lat="42.7946796" lon="82.2692165">
        <ele>3052.0</ele>
      </trkpt>
      <trkpt lat="42.7946033" lon="82.2692027">
        <ele>3052.0</ele>
      </trkpt>
      <trkpt lat="42.7945102" lon="82.2691856">
        <ele>3056.0</ele>
      </trkpt>
      <trkpt lat="42.7944202" lon="82.2691322">
        <ele>3056.0</ele>
      </trkpt>
      <trkpt lat="42.7943305" lon="82.269073">
        <ele>3056.0</ele>
      </trkpt>
      <trkpt lat="42.7942346" lon="82.2690346">
        <ele>3060.0</ele>
      </trkpt>
      <trkpt lat="42.7941346" lon="82.2690411">
        <ele>3060.0</ele>
      </trkpt>
      <trkpt lat="42.7940357" lon="82.2690254">
        <ele>3064.0</ele>
      </trkpt>
      <trkpt lat="42.7939445" lon="82.2689759">
        <ele>3065.0</ele>
      </trkpt>
      <trkpt lat="42.7938591" lon="82.2688935">
        <ele>3065.0</ele>
      </trkpt>
      <trkpt lat="42.7937755" lon="82.2688232">
        <ele>3065.0</ele>
      </trkpt>
      <trkpt lat="42.793692" lon="82.2687563">
        <ele>3064.0</ele>
      </trkpt>
      <trkpt lat="42.7936241" lon="82.2686666">
        <ele>3064.0</ele>
      </trkpt>
      <trkpt lat="42.7935653" lon="82.2685649">
        <ele>3064.0</ele>
      </trkpt>
      <trkpt lat="42.7935019" lon="82.2684633">
        <ele>3065.0</ele>
      </trkpt>
      <trkpt lat="42.7934302" lon="82.2683568">
        <ele>3067.0</ele>
      </trkpt>
      <trkpt lat="42.7933517" lon="82.2682822">
        <ele>3067.0</ele>
      </trkpt>
      <trkpt lat="42.7932603" lon="82.2682242">
        <ele>3067.0</ele>
      </trkpt>
      <trkpt lat="42.7931767" lon="82.2681583">
        <ele>3072.0</ele>
      </trkpt>
      <trkpt lat="42.7930909" lon="82.2680954">
        <ele>3072.0</ele>
      </trkpt>
      <trkpt lat="42.7930158" lon="82.2680076">
        <ele>3072.0</ele>
      </trkpt>
      <trkpt lat="42.7929516" lon="82.2679132">
        <ele>3076.0</ele>
      </trkpt>
      <trkpt lat="42.7928681" lon="82.2678347">
        <ele>3080.0</ele>
      </trkpt>
      <trkpt lat="42.7927978" lon="82.2677505">
        <ele>3080.0</ele>
      </trkpt>
      <trkpt lat="42.7927311" lon="82.267662">
        <ele>3080.0</ele>
      </trkpt>
      <trkpt lat="42.7926527" lon="82.2675848">
        <ele>3080.0</ele>
      </trkpt>
      <trkpt lat="42.7925597" lon="82.2675434">
        <ele>3087.0</ele>
      </trkpt>
      <trkpt lat="42.7924948" lon="82.2674432">
        <ele>3087.0</ele>
      </trkpt>
      <trkpt lat="42.7924069" lon="82.2673984">
        <ele>3087.0</ele>
      </trkpt>
      <trkpt lat="42.7923142" lon="82.2673511">
        <ele>3092.0</ele>
      </trkpt>
      <trkpt lat="42.7922271" lon="82.2672951">
        <ele>3092.0</ele>
      </trkpt>
      <trkpt lat="42.7921323" lon="82.2672416">
        <ele>3092.0</ele>
      </trkpt>
      <trkpt lat="42.7920305" lon="82.2672116">
        <ele>3093.0</ele>
      </trkpt>
      <trkpt lat="42.7919653" lon="82.2671311">
        <ele>3093.0</ele>
      </trkpt>
      <trkpt lat="42.7918991" lon="82.2670477">
        <ele>3090.0</ele>
      </trkpt>
      <trkpt lat="42.7918542" lon="82.2669419">
        <ele>3090.0</ele>
      </trkpt>
      <trkpt lat="42.7918056" lon="82.2668206">
        <ele>3090.0</ele>
      </trkpt>
      <trkpt lat="42.7917437" lon="82.2667092">
        <ele>3095.0</ele>
      </trkpt>
      <trkpt lat="42.7916666" lon="82.2666154">
        <ele>3095.0</ele>
      </trkpt>
      <trkpt lat="42.7915878" lon="82.2665245">
        <ele>3094.0</ele>
      </trkpt>
      <trkpt lat="42.7915221" lon="82.2664216">
        <ele>3099.0</ele>
      </trkpt>
      <trkpt lat="42.7914764" lon="82.2663056">
        <ele>3099.0</ele>
      </trkpt>
      <trkpt lat="42.7914058" lon="82.2662206">
        <ele>3095.0</ele>
      </trkpt>
      <trkpt lat="42.7913501" lon="82.2661055">
        <ele>3095.0</ele>
      </trkpt>
      <trkpt lat="42.7913184" lon="82.266047">
        <ele>3095.0</ele>
      </trkpt>
      <trkpt lat="42.7912874" lon="82.2659528">
        <ele>3096.0</ele>
      </trkpt>
      <trkpt lat="42.7912328" lon="82.2658489">
        <ele>3104.0</ele>
      </trkpt>
      <trkpt lat="42.7911567" lon="82.2657843">
        <ele>3104.0</ele>
      </trkpt>
      <trkpt lat="42.7910951" lon="82.2658504">
        <ele>3104.0</ele>
      </trkpt>
      <trkpt lat="42.7910259" lon="82.2659525">
        <ele>3104.0</ele>
      </trkpt>
      <trkpt lat="42.7910067" lon="82.2660869">
        <ele>3101.0</ele>
      </trkpt>
      <trkpt lat="42.7909113" lon="82.2661611">
        <ele>3107.0</ele>
      </trkpt>
      <trkpt lat="42.7908338" lon="82.2662347">
        <ele>3107.0</ele>
      </trkpt>
      <trkpt lat="42.7907416" lon="82.2662506">
        <ele>3104.0</ele>
      </trkpt>
      <trkpt lat="42.7906359" lon="82.2662343">
        <ele>3108.0</ele>
      </trkpt>
      <trkpt lat="42.7905282" lon="82.2662277">
        <ele>3108.0</ele>
      </trkpt>
      <trkpt lat="42.7904266" lon="82.2662011">
        <ele>3108.0</ele>
      </trkpt>
      <trkpt lat="42.7903417" lon="82.266251">
        <ele>3111.0</ele>
      </trkpt>
      <trkpt lat="42.7902563" lon="82.2662061">
        <ele>3112.0</ele>
      </trkpt>
      <trkpt lat="42.7901764" lon="82.2661331">
        <ele>3112.0</ele>
      </trkpt>
      <trkpt lat="42.7900917" lon="82.2660715">
        <ele>3115.0</ele>
      </trkpt>
      <trkpt lat="42.7900151" lon="82.2659873">
        <ele>3115.0</ele>
      </trkpt>
      <trkpt lat="42.7899349" lon="82.2659102">
        <ele>3112.0</ele>
      </trkpt>
      <trkpt lat="42.789866" lon="82.2658192">
        <ele>3112.0</ele>
      </trkpt>
      <trkpt lat="42.7897872" lon="82.2657444">
        <ele>3117.0</ele>
      </trkpt>
      <trkpt lat="42.7896993" lon="82.2656677">
        <ele>3118.0</ele>
      </trkpt>
      <trkpt lat="42.7896106" lon="82.2656252">
        <ele>3118.0</ele>
      </trkpt>
      <trkpt lat="42.7895351" lon="82.2655552">
        <ele>3125.0</ele>
      </trkpt>
      <trkpt lat="42.789462" lon="82.2654655">
        <ele>3125.0</ele>
      </trkpt>
      <trkpt lat="42.7893826" lon="82.2653793">
        <ele>3131.0</ele>
      </trkpt>
      <trkpt lat="42.7892906" lon="82.265327">
        <ele>3131.0</ele>
      </trkpt>
      <trkpt lat="42.7892035" lon="82.2652743">
        <ele>3131.0</ele>
      </trkpt>
      <trkpt lat="42.7891379" lon="82.2651869">
        <ele>3131.0</ele>
      </trkpt>
      <trkpt lat="42.7890526" lon="82.2651583">
        <ele>3131.0</ele>
      </trkpt>
      <trkpt lat="42.7889598" lon="82.2651579">
        <ele>3133.0</ele>
      </trkpt>
      <trkpt lat="42.7888637" lon="82.2651623">
        <ele>3133.0</ele>
      </trkpt>
      <trkpt lat="42.788815" lon="82.2650758">
        <ele>3133.0</ele>
      </trkpt>
      <trkpt lat="42.788744" lon="82.2650075">
        <ele>3139.0</ele>
      </trkpt>
      <trkpt lat="42.7886542" lon="82.2649897">
        <ele>3139.0</ele>
      </trkpt>
      <trkpt lat="42.7885828" lon="82.264921">
        <ele>3139.0</ele>
      </trkpt>
      <trkpt lat="42.788503" lon="82.2648341">
        <ele>3143.0</ele>
      </trkpt>
      <trkpt lat="42.7884248" lon="82.2647648">
        <ele>3151.0</ele>
      </trkpt>
      <trkpt lat="42.7883288" lon="82.2647581">
        <ele>3151.0</ele>
      </trkpt>
      <trkpt lat="42.7882369" lon="82.26473">
        <ele>3151.0</ele>
      </trkpt>
      <trkpt lat="42.7881435" lon="82.2647121">
        <ele>3144.0</ele>
      </trkpt>
      <trkpt lat="42.7880894" lon="82.2646226">
        <ele>3144.0</ele>
      </trkpt>
      <trkpt lat="42.7880616" lon="82.2645023">
        <ele>3149.0</ele>
      </trkpt>
      <trkpt lat="42.7879929" lon="82.2644158">
        <ele>3149.0</ele>
      </trkpt>
      <trkpt lat="42.787906" lon="82.2643605">
        <ele>3148.0</ele>
      </trkpt>
      <trkpt lat="42.7878318" lon="82.2642763">
        <ele>3152.0</ele>
      </trkpt>
      <trkpt lat="42.7877475" lon="82.2643243">
        <ele>3148.0</ele>
      </trkpt>
      <trkpt lat="42.7876618" lon="82.2643795">
        <ele>3148.0</ele>
      </trkpt>
      <trkpt lat="42.7875673" lon="82.2644081">
        <ele>3154.0</ele>
      </trkpt>
      <trkpt lat="42.7874736" lon="82.2644525">
        <ele>3154.0</ele>
      </trkpt>
      <trkpt lat="42.7873815" lon="82.2645117">
        <ele>3154.0</ele>
      </trkpt>
      <trkpt lat="42.7872961" lon="82.264564">
        <ele>3158.0</ele>
      </trkpt>
      <trkpt lat="42.787209" lon="82.2646174">
        <ele>3159.0</ele>
      </trkpt>
      <trkpt lat="42.7871127" lon="82.2646233">
        <ele>3159.0</ele>
      </trkpt>
      <trkpt lat="42.7870212" lon="82.2645945">
        <ele>3163.0</ele>
      </trkpt>
      <trkpt lat="42.7869331" lon="82.2645464">
        <ele>3159.0</ele>
      </trkpt>
      <trkpt lat="42.7868401" lon="82.2645384">
        <ele>3159.0</ele>
      </trkpt>
      <trkpt lat="42.786744" lon="82.2645684">
        <ele>3168.0</ele>
      </trkpt>
      <trkpt lat="42.7866498" lon="82.264599">
        <ele>3167.0</ele>
      </trkpt>
      <trkpt lat="42.7865555" lon="82.2646284">
        <ele>3167.0</ele>
      </trkpt>
      <trkpt lat="42.7864544" lon="82.2646563">
        <ele>3169.0</ele>
      </trkpt>
      <trkpt lat="42.7863619" lon="82.2646914">
        <ele>3169.0</ele>
      </trkpt>
      <trkpt lat="42.7862636" lon="82.2647066">
        <ele>3169.0</ele>
      </trkpt>
      <trkpt lat="42.7861963" lon="82.2647902">
        <ele>3174.0</ele>
      </trkpt>
      <trkpt lat="42.7861126" lon="82.2648582">
        <ele>3174.0</ele>
      </trkpt>
      <trkpt lat="42.7860145" lon="82.2648738">
        <ele>3189.0</ele>
      </trkpt>
      <trkpt lat="42.7859147" lon="82.2648626">
        <ele>3191.0</ele>
      </trkpt>
      <trkpt lat="42.785825" lon="82.2648994">
        <ele>3191.0</ele>
      </trkpt>
      <trkpt lat="42.7857478" lon="82.2649707">
        <ele>3191.0</ele>
      </trkpt>
      <trkpt lat="42.78566" lon="82.264993">
        <ele>3189.0</ele>
      </trkpt>
      <trkpt lat="42.7855667" lon="82.265052">
        <ele>3189.0</ele>
      </trkpt>
      <trkpt lat="42.7855438" lon="82.2650644">
        <ele>3189.0</ele>
      </trkpt>
      <trkpt lat="42.7854687" lon="82.2650661">
        <ele>3189.0</ele>
      </trkpt>
      <trkpt lat="42.7853796" lon="82.2650767">
        <ele>3193.0</ele>
      </trkpt>
      <trkpt lat="42.7852848" lon="82.2650895">
        <ele>3193.0</ele>
      </trkpt>
      <trkpt lat="42.7851851" lon="82.2650757">
        <ele>3193.0</ele>
      </trkpt>
      <trkpt lat="42.785089" lon="82.26508">
        <ele>3197.0</ele>
      </trkpt>
      <trkpt lat="42.784998" lon="82.2650621">
        <ele>3197.0</ele>
      </trkpt>
      <trkpt lat="42.7849429" lon="82.2649555">
        <ele>3197.0</ele>
      </trkpt>
      <trkpt lat="42.784848" lon="82.2649615">
        <ele>3198.0</ele>
      </trkpt>
      <trkpt lat="42.7847557" lon="82.2649703">
        <ele>3198.0</ele>
      </trkpt>
      <trkpt lat="42.7846656" lon="82.2649805">
        <ele>3198.0</ele>
      </trkpt>
      <trkpt lat="42.7845775" lon="82.2650182">
        <ele>3209.0</ele>
      </trkpt>
      <trkpt lat="42.7844884" lon="82.265052">
        <ele>3209.0</ele>
      </trkpt>
      <trkpt lat="42.7844007" lon="82.2651122">
        <ele>3209.0</ele>
      </trkpt>
      <trkpt lat="42.7843078" lon="82.2651542">
        <ele>3213.0</ele>
      </trkpt>
      <trkpt lat="42.7842096" lon="82.2651585">
        <ele>3220.0</ele>
      </trkpt>
      <trkpt lat="42.7841148" lon="82.2651655">
        <ele>3220.0</ele>
      </trkpt>
      <trkpt lat="42.7840243" lon="82.2651802">
        <ele>3222.0</ele>
      </trkpt>
      <trkpt lat="42.7839285" lon="82.2651903">
        <ele>3222.0</ele>
      </trkpt>
      <trkpt lat="42.7838365" lon="82.2651805">
        <ele>3222.0</ele>
      </trkpt>
      <trkpt lat="42.7837465" lon="82.2651597">
        <ele>3227.0</ele>
      </trkpt>
      <trkpt lat="42.7836564" lon="82.2651535">
        <ele>3227.0</ele>
      </trkpt>
      <trkpt lat="42.7835667" lon="82.2651688">
        <ele>3227.0</ele>
      </trkpt>
      <trkpt lat="42.7834751" lon="82.2651372">
        <ele>3220.0</ele>
      </trkpt>
      <trkpt lat="42.783383" lon="82.2651088">
        <ele>3228.0</ele>
      </trkpt>
      <trkpt lat="42.7833031" lon="82.2650457">
        <ele>3228.0</ele>
      </trkpt>
      <trkpt lat="42.7832139" lon="82.2649938">
        <ele>3228.0</ele>
      </trkpt>
      <trkpt lat="42.7831286" lon="82.2649454">
        <ele>3229.0</ele>
      </trkpt>
      <trkpt lat="42.7830402" lon="82.2649226">
        <ele>3229.0</ele>
      </trkpt>
      <trkpt lat="42.7829463" lon="82.2649057">
        <ele>3229.0</ele>
      </trkpt>
      <trkpt lat="42.7828545" lon="82.2648657">
        <ele>3240.0</ele>
      </trkpt>
      <trkpt lat="42.7827623" lon="82.2648208">
        <ele>3237.0</ele>
      </trkpt>
      <trkpt lat="42.7826701" lon="82.2647776">
        <ele>3237.0</ele>
      </trkpt>
      <trkpt lat="42.7825791" lon="82.2647746">
        <ele>3246.0</ele>
      </trkpt>
      <trkpt lat="42.7824932" lon="82.2648138">
        <ele>3246.0</ele>
      </trkpt>
      <trkpt lat="42.7823994" lon="82.2648091">
        <ele>3246.0</ele>
      </trkpt>
      <trkpt lat="42.7823016" lon="82.2647819">
        <ele>3244.0</ele>
      </trkpt>
      <trkpt lat="42.7822223" lon="82.2647026">
        <ele>3244.0</ele>
      </trkpt>
      <trkpt lat="42.7821363" lon="82.2646478">
        <ele>3244.0</ele>
      </trkpt>
      <trkpt lat="42.782044" lon="82.2646179">
        <ele>3249.0</ele>
      </trkpt>
      <trkpt lat="42.7819514" lon="82.2646133">
        <ele>3249.0</ele>
      </trkpt>
      <trkpt lat="42.7818572" lon="82.2645909">
        <ele>3249.0</ele>
      </trkpt>
      <trkpt lat="42.7817705" lon="82.2645366">
        <ele>3252.0</ele>
      </trkpt>
      <trkpt lat="42.7816789" lon="82.2644646">
        <ele>3252.0</ele>
      </trkpt>
      <trkpt lat="42.7815782" lon="82.2644256">
        <ele>3252.0</ele>
      </trkpt>
      <trkpt lat="42.7815" lon="82.264351">
        <ele>3259.0</ele>
      </trkpt>
      <trkpt lat="42.7814141" lon="82.2642943">
        <ele>3258.0</ele>
      </trkpt>
      <trkpt lat="42.7813219" lon="82.2642661">
        <ele>3258.0</ele>
      </trkpt>
      <trkpt lat="42.7812402" lon="82.2642067">
        <ele>3256.0</ele>
      </trkpt>
      <trkpt lat="42.7811565" lon="82.2641556">
        <ele>3256.0</ele>
      </trkpt>
      <trkpt lat="42.7810617" lon="82.264127">
        <ele>3256.0</ele>
      </trkpt>
      <trkpt lat="42.7809684" lon="82.2641232">
        <ele>3268.0</ele>
      </trkpt>
      <trkpt lat="42.7808736" lon="82.2641188">
        <ele>3268.0</ele>
      </trkpt>
      <trkpt lat="42.7807724" lon="82.2641111">
        <ele>3268.0</ele>
      </trkpt>
      <trkpt lat="42.7806724" lon="82.2640837">
        <ele>3274.0</ele>
      </trkpt>
      <trkpt lat="42.7805692" lon="82.2640716">
        <ele>3274.0</ele>
      </trkpt>
      <trkpt lat="42.7804702" lon="82.2640746">
        <ele>3274.0</ele>
      </trkpt>
      <trkpt lat="42.780371" lon="82.2640637">
        <ele>3274.0</ele>
      </trkpt>
      <trkpt lat="42.7802799" lon="82.2640836">
        <ele>3274.0</ele>
      </trkpt>
      <trkpt lat="42.7801932" lon="82.2640427">
        <ele>3274.0</ele>
      </trkpt>
      <trkpt lat="42.7801259" lon="82.2639538">
        <ele>3270.0</ele>
      </trkpt>
      <trkpt lat="42.7800465" lon="82.263887">
        <ele>3270.0</ele>
      </trkpt>
      <trkpt lat="42.7799574" lon="82.2638668">
        <ele>3270.0</ele>
      </trkpt>
      <trkpt lat="42.7798614" lon="82.2638853">
        <ele>3270.0</ele>
      </trkpt>
      <trkpt lat="42.7797723" lon="82.2639418">
        <ele>3276.0</ele>
      </trkpt>
      <trkpt lat="42.779682" lon="82.2639981">
        <ele>3276.0</ele>
      </trkpt>
      <trkpt lat="42.7795926" lon="82.2640496">
        <ele>3281.0</ele>
      </trkpt>
      <trkpt lat="42.7795036" lon="82.2640928">
        <ele>3282.0</ele>
      </trkpt>
      <trkpt lat="42.7794108" lon="82.2641215">
        <ele>3282.0</ele>
      </trkpt>
      <trkpt lat="42.7793228" lon="82.2641898">
        <ele>3282.0</ele>
      </trkpt>
      <trkpt lat="42.7792317" lon="82.2642611">
        <ele>3283.0</ele>
      </trkpt>
      <trkpt lat="42.779148" lon="82.264322">
        <ele>3286.0</ele>
      </trkpt>
      <trkpt lat="42.7790511" lon="82.2643252">
        <ele>3286.0</ele>
      </trkpt>
      <trkpt lat="42.7789628" lon="82.2643564">
        <ele>3291.0</ele>
      </trkpt>
      <trkpt lat="42.7788958" lon="82.264434">
        <ele>3291.0</ele>
      </trkpt>
      <trkpt lat="42.778821" lon="82.2645053">
        <ele>3291.0</ele>
      </trkpt>
      <trkpt lat="42.7787345" lon="82.2645702">
        <ele>3294.0</ele>
      </trkpt>
      <trkpt lat="42.7786416" lon="82.2646129">
        <ele>3302.0</ele>
      </trkpt>
      <trkpt lat="42.7785451" lon="82.2646445">
        <ele>3302.0</ele>
      </trkpt>
      <trkpt lat="42.7784504" lon="82.2646569">
        <ele>3299.0</ele>
      </trkpt>
      <trkpt lat="42.7783568" lon="82.2646438">
        <ele>3299.0</ele>
      </trkpt>
      <trkpt lat="42.7782603" lon="82.2646272">
        <ele>3299.0</ele>
      </trkpt>
      <trkpt lat="42.7781546" lon="82.2646201">
        <ele>3300.0</ele>
      </trkpt>
      <trkpt lat="42.7780528" lon="82.264624">
        <ele>3300.0</ele>
      </trkpt>
      <trkpt lat="42.7779545" lon="82.2646426">
        <ele>3300.0</ele>
      </trkpt>
      <trkpt lat="42.7778528" lon="82.2646596">
        <ele>3302.0</ele>
      </trkpt>
      <trkpt lat="42.7777481" lon="82.264673">
        <ele>3302.0</ele>
      </trkpt>
      <trkpt lat="42.7776435" lon="82.2647009">
        <ele>3302.0</ele>
      </trkpt>
      <trkpt lat="42.7775584" lon="82.2647546">
        <ele>3298.0</ele>
      </trkpt>
      <trkpt lat="42.7774764" lon="82.2648254">
        <ele>3298.0</ele>
      </trkpt>
      <trkpt lat="42.7773933" lon="82.2648954">
        <ele>3299.0</ele>
      </trkpt>
      <trkpt lat="42.7773152" lon="82.2649698">
        <ele>3299.0</ele>
      </trkpt>
      <trkpt lat="42.7772325" lon="82.2650206">
        <ele>3299.0</ele>
      </trkpt>
      <trkpt lat="42.7771599" lon="82.2649638">
        <ele>3299.0</ele>
      </trkpt>
      <trkpt lat="42.7770705" lon="82.2649068">
        <ele>3301.0</ele>
      </trkpt>
      <trkpt lat="42.7769724" lon="82.2649034">
        <ele>3301.0</ele>
      </trkpt>
      <trkpt lat="42.7768763" lon="82.2649276">
        <ele>3301.0</ele>
      </trkpt>
      <trkpt lat="42.776777" lon="82.2649418">
        <ele>3306.0</ele>
      </trkpt>
      <trkpt lat="42.7766878" lon="82.2649827">
        <ele>3306.0</ele>
      </trkpt>
      <trkpt lat="42.7766029" lon="82.2650329">
        <ele>3306.0</ele>
      </trkpt>
      <trkpt lat="42.7765113" lon="82.265081">
        <ele>3308.0</ele>
      </trkpt>
      <trkpt lat="42.7764187" lon="82.2651298">
        <ele>3308.0</ele>
      </trkpt>
      <trkpt lat="42.7763341" lon="82.2651846">
        <ele>3312.0</ele>
      </trkpt>
      <trkpt lat="42.776249" lon="82.2652334">
        <ele>3318.0</ele>
      </trkpt>
      <trkpt lat="42.7761592" lon="82.2652824">
        <ele>3318.0</ele>
      </trkpt>
      <trkpt lat="42.7760589" lon="82.2653124">
        <ele>3318.0</ele>
      </trkpt>
      <trkpt lat="42.7759688" lon="82.2653512">
        <ele>3326.0</ele>
      </trkpt>
      <trkpt lat="42.7758996" lon="82.265439">
        <ele>3322.0</ele>
      </trkpt>
      <trkpt lat="42.7758349" lon="82.2655309">
        <ele>3322.0</ele>
      </trkpt>
      <trkpt lat="42.7757538" lon="82.2656068">
        <ele>3322.0</ele>
      </trkpt>
      <trkpt lat="42.775663" lon="82.2656466">
        <ele>3327.0</ele>
      </trkpt>
      <trkpt lat="42.7755734" lon="82.2656881">
        <ele>3327.0</ele>
      </trkpt>
      <trkpt lat="42.7754833" lon="82.265735">
        <ele>3326.0</ele>
      </trkpt>
      <trkpt lat="42.7753989" lon="82.2658028">
        <ele>3327.0</ele>
      </trkpt>
      <trkpt lat="42.7753217" lon="82.2658752">
        <ele>3327.0</ele>
      </trkpt>
      <trkpt lat="42.7752332" lon="82.2659454">
        <ele>3327.0</ele>
      </trkpt>
      <trkpt lat="42.7751391" lon="82.2659748">
        <ele>3325.0</ele>
      </trkpt>
      <trkpt lat="42.77504" lon="82.2660057">
        <ele>3325.0</ele>
      </trkpt>
      <trkpt lat="42.7749507" lon="82.2660441">
        <ele>3325.0</ele>
      </trkpt>
      <trkpt lat="42.7748536" lon="82.2660767">
        <ele>3331.0</ele>
      </trkpt>
      <trkpt lat="42.7747605" lon="82.266128">
        <ele>3331.0</ele>
      </trkpt>
      <trkpt lat="42.7746686" lon="82.2661759">
        <ele>3331.0</ele>
      </trkpt>
      <trkpt lat="42.7745822" lon="82.266232">
        <ele>3340.0</ele>
      </trkpt>
      <trkpt lat="42.7744994" lon="82.2662845">
        <ele>3334.0</ele>
      </trkpt>
      <trkpt lat="42.774407" lon="82.2663217">
        <ele>3334.0</ele>
      </trkpt>
      <trkpt lat="42.7743089" lon="82.2663404">
        <ele>3334.0</ele>
      </trkpt>
      <trkpt lat="42.7742065" lon="82.2663613">
        <ele>3338.0</ele>
      </trkpt>
      <trkpt lat="42.7741061" lon="82.2663955">
        <ele>3338.0</ele>
      </trkpt>
      <trkpt lat="42.7740021" lon="82.2663966">
        <ele>3340.0</ele>
      </trkpt>
      <trkpt lat="42.7738998" lon="82.2663998">
        <ele>3340.0</ele>
      </trkpt>
      <trkpt lat="42.7738035" lon="82.2664032">
        <ele>3340.0</ele>
      </trkpt>
      <trkpt lat="42.773703" lon="82.2664056">
        <ele>3347.0</ele>
      </trkpt>
      <trkpt lat="42.7736" lon="82.2663924">
        <ele>3347.0</ele>
      </trkpt>
      <trkpt lat="42.7734961" lon="82.2663707">
        <ele>3347.0</ele>
      </trkpt>
      <trkpt lat="42.7733927" lon="82.2663744">
        <ele>3350.0</ele>
      </trkpt>
      <trkpt lat="42.7732912" lon="82.2663789">
        <ele>3350.0</ele>
      </trkpt>
      <trkpt lat="42.7731878" lon="82.2663879">
        <ele>3351.0</ele>
      </trkpt>
      <trkpt lat="42.7730846" lon="82.2663827">
        <ele>3351.0</ele>
      </trkpt>
      <trkpt lat="42.772991" lon="82.2663705">
        <ele>3351.0</ele>
      </trkpt>
      <trkpt lat="42.7728943" lon="82.266344">
        <ele>3348.0</ele>
      </trkpt>
      <trkpt lat="42.7727947" lon="82.2663514">
        <ele>3348.0</ele>
      </trkpt>
      <trkpt lat="42.7726989" lon="82.266373">
        <ele>3348.0</ele>
      </trkpt>
      <trkpt lat="42.7725985" lon="82.2663941">
        <ele>3345.0</ele>
      </trkpt>
      <trkpt lat="42.7725034" lon="82.2663936">
        <ele>3345.0</ele>
      </trkpt>
      <trkpt lat="42.7724072" lon="82.2663987">
        <ele>3345.0</ele>
      </trkpt>
      <trkpt lat="42.7723243" lon="82.2663504">
        <ele>3345.0</ele>
      </trkpt>
      <trkpt lat="42.7722279" lon="82.2663224">
        <ele>3345.0</ele>
      </trkpt>
      <trkpt lat="42.7721303" lon="82.2663204">
        <ele>3345.0</ele>
      </trkpt>
      <trkpt lat="42.7720371" lon="82.2663191">
        <ele>3350.0</ele>
      </trkpt>
      <trkpt lat="42.7719416" lon="82.2662946">
        <ele>3350.0</ele>
      </trkpt>
      <trkpt lat="42.7718425" lon="82.2662767">
        <ele>3350.0</ele>
      </trkpt>
      <trkpt lat="42.7717475" lon="82.2662714">
        <ele>3356.0</ele>
      </trkpt>
      <trkpt lat="42.7716562" lon="82.2662683">
        <ele>3356.0</ele>
      </trkpt>
      <trkpt lat="42.7715605" lon="82.2662696">
        <ele>3356.0</ele>
      </trkpt>
      <trkpt lat="42.7714693" lon="82.2662849">
        <ele>3368.0</ele>
      </trkpt>
      <trkpt lat="42.7713759" lon="82.2663049">
        <ele>3368.0</ele>
      </trkpt>
      <trkpt lat="42.7712751" lon="82.2663263">
        <ele>3368.0</ele>
      </trkpt>
      <trkpt lat="42.7711816" lon="82.2663745">
        <ele>3376.0</ele>
      </trkpt>
      <trkpt lat="42.7711119" lon="82.2664649">
        <ele>3376.0</ele>
      </trkpt>
      <trkpt lat="42.7710305" lon="82.2665154">
        <ele>3376.0</ele>
      </trkpt>
      <trkpt lat="42.7709391" lon="82.2665462">
        <ele>3386.0</ele>
      </trkpt>
      <trkpt lat="42.7708559" lon="82.2666079">
        <ele>3386.0</ele>
      </trkpt>
      <trkpt lat="42.7707994" lon="82.2667119">
        <ele>3386.0</ele>
      </trkpt>
      <trkpt lat="42.7707488" lon="82.2668191">
        <ele>3383.0</ele>
      </trkpt>
      <trkpt lat="42.7706625" lon="82.2668565">
        <ele>3390.0</ele>
      </trkpt>
      <trkpt lat="42.7705775" lon="82.2669251">
        <ele>3390.0</ele>
      </trkpt>
      <trkpt lat="42.7705209" lon="82.2670343">
        <ele>3390.0</ele>
      </trkpt>
      <trkpt lat="42.7704442" lon="82.2671036">
        <ele>3389.0</ele>
      </trkpt>
      <trkpt lat="42.7703671" lon="82.2671926">
        <ele>3403.0</ele>
      </trkpt>
      <trkpt lat="42.7702767" lon="82.2672265">
        <ele>3403.0</ele>
      </trkpt>
      <trkpt lat="42.7701844" lon="82.2672313">
        <ele>3403.0</ele>
      </trkpt>
      <trkpt lat="42.7700936" lon="82.2672576">
        <ele>3396.0</ele>
      </trkpt>
      <trkpt lat="42.7700168" lon="82.2673269">
        <ele>3396.0</ele>
      </trkpt>
      <trkpt lat="42.7699406" lon="82.2672947">
        <ele>3396.0</ele>
      </trkpt>
      <trkpt lat="42.7698705" lon="82.26721">
        <ele>3396.0</ele>
      </trkpt>
      <trkpt lat="42.7697828" lon="82.2671486">
        <ele>3398.0</ele>
      </trkpt>
      <trkpt lat="42.769682" lon="82.2671282">
        <ele>3398.0</ele>
      </trkpt>
      <trkpt lat="42.7695826" lon="82.2671226">
        <ele>3399.0</ele>
      </trkpt>
      <trkpt lat="42.7694799" lon="82.2671385">
        <ele>3399.0</ele>
      </trkpt>
      <trkpt lat="42.7693773" lon="82.2671658">
        <ele>3399.0</ele>
      </trkpt>
      <trkpt lat="42.7692805" lon="82.2672048">
        <ele>3402.0</ele>
      </trkpt>
      <trkpt lat="42.7691911" lon="82.2672539">
        <ele>3402.0</ele>
      </trkpt>
      <trkpt lat="42.7691051" lon="82.2673039">
        <ele>3402.0</ele>
      </trkpt>
      <trkpt lat="42.7690149" lon="82.2673572">
        <ele>3406.0</ele>
      </trkpt>
      <trkpt lat="42.7689311" lon="82.2674104">
        <ele>3407.0</ele>
      </trkpt>
      <trkpt lat="42.7688429" lon="82.2674755">
        <ele>3407.0</ele>
      </trkpt>
      <trkpt lat="42.7687541" lon="82.2675313">
        <ele>3407.0</ele>
      </trkpt>
      <trkpt lat="42.7686616" lon="82.2675686">
        <ele>3407.0</ele>
      </trkpt>
      <trkpt lat="42.7685593" lon="82.267598">
        <ele>3407.0</ele>
      </trkpt>
      <trkpt lat="42.7684619" lon="82.2676413">
        <ele>3405.0</ele>
      </trkpt>
      <trkpt lat="42.7683608" lon="82.2676641">
        <ele>3405.0</ele>
      </trkpt>
      <trkpt lat="42.7682618" lon="82.2676792">
        <ele>3405.0</ele>
      </trkpt>
      <trkpt lat="42.7681688" lon="82.2676943">
        <ele>3410.0</ele>
      </trkpt>
      <trkpt lat="42.7680834" lon="82.2677416">
        <ele>3410.0</ele>
      </trkpt>
      <trkpt lat="42.7679879" lon="82.267789">
        <ele>3410.0</ele>
      </trkpt>
      <trkpt lat="42.7678959" lon="82.2678375">
        <ele>3426.0</ele>
      </trkpt>
      <trkpt lat="42.7678058" lon="82.2678882">
        <ele>3426.0</ele>
      </trkpt>
      <trkpt lat="42.7677144" lon="82.2679404">
        <ele>3423.0</ele>
      </trkpt>
      <trkpt lat="42.7676217" lon="82.2679821">
        <ele>3434.0</ele>
      </trkpt>
      <trkpt lat="42.7675255" lon="82.2680158">
        <ele>3434.0</ele>
      </trkpt>
      <trkpt lat="42.7674447" lon="82.2680738">
        <ele>3434.0</ele>
      </trkpt>
      <trkpt lat="42.7673649" lon="82.2681363">
        <ele>3434.0</ele>
      </trkpt>
      <trkpt lat="42.7672848" lon="82.2682028">
        <ele>3438.0</ele>
      </trkpt>
      <trkpt lat="42.7671938" lon="82.2682279">
        <ele>3438.0</ele>
      </trkpt>
      <trkpt lat="42.7670944" lon="82.2682312">
        <ele>3438.0</ele>
      </trkpt>
      <trkpt lat="42.7669992" lon="82.2682177">
        <ele>3441.0</ele>
      </trkpt>
      <trkpt lat="42.7669029" lon="82.2681813">
        <ele>3440.0</ele>
      </trkpt>
      <trkpt lat="42.766803" lon="82.268159">
        <ele>3448.0</ele>
      </trkpt>
      <trkpt lat="42.7667066" lon="82.2681405">
        <ele>3448.0</ele>
      </trkpt>
      <trkpt lat="42.7666133" lon="82.2681199">
        <ele>3448.0</ele>
      </trkpt>
      <trkpt lat="42.7665147" lon="82.2680941">
        <ele>3453.0</ele>
      </trkpt>
      <trkpt lat="42.7664171" lon="82.2680797">
        <ele>3453.0</ele>
      </trkpt>
      <trkpt lat="42.7663226" lon="82.2680519">
        <ele>3453.0</ele>
      </trkpt>
      <trkpt lat="42.7662322" lon="82.2680557">
        <ele>3454.0</ele>
      </trkpt>
      <trkpt lat="42.7661444" lon="82.2680929">
        <ele>3454.0</ele>
      </trkpt>
      <trkpt lat="42.7660506" lon="82.268125">
        <ele>3454.0</ele>
      </trkpt>
      <trkpt lat="42.7659558" lon="82.2681584">
        <ele>3454.0</ele>
      </trkpt>
      <trkpt lat="42.7658675" lon="82.2681957">
        <ele>3457.0</ele>
      </trkpt>
      <trkpt lat="42.7657835" lon="82.2682429">
        <ele>3457.0</ele>
      </trkpt>
      <trkpt lat="42.7657002" lon="82.268291">
        <ele>3457.0</ele>
      </trkpt>
      <trkpt lat="42.7656154" lon="82.2683308">
        <ele>3456.0</ele>
      </trkpt>
      <trkpt lat="42.765527" lon="82.268349">
        <ele>3456.0</ele>
      </trkpt>
      <trkpt lat="42.7654362" lon="82.2683949">
        <ele>3456.0</ele>
      </trkpt>
      <trkpt lat="42.7653481" lon="82.2684509">
        <ele>3450.0</ele>
      </trkpt>
      <trkpt lat="42.7652693" lon="82.268528">
        <ele>3458.0</ele>
      </trkpt>
      <trkpt lat="42.7652006" lon="82.2686135">
        <ele>3458.0</ele>
      </trkpt>
      <trkpt lat="42.7651182" lon="82.2686879">
        <ele>3452.0</ele>
      </trkpt>
      <trkpt lat="42.7650338" lon="82.2687629">
        <ele>3458.0</ele>
      </trkpt>
      <trkpt lat="42.7649672" lon="82.2688594">
        <ele>3458.0</ele>
      </trkpt>
      <trkpt lat="42.7648816" lon="82.2689208">
        <ele>3458.0</ele>
      </trkpt>
      <trkpt lat="42.7648007" lon="82.2689858">
        <ele>3454.0</ele>
      </trkpt>
      <trkpt lat="42.7647258" lon="82.2690565">
        <ele>3463.0</ele>
      </trkpt>
      <trkpt lat="42.7646499" lon="82.269132">
        <ele>3463.0</ele>
      </trkpt>
      <trkpt lat="42.7645626" lon="82.2691832">
        <ele>3458.0</ele>
      </trkpt>
      <trkpt lat="42.7644746" lon="82.2692331">
        <ele>3458.0</ele>
      </trkpt>
      <trkpt lat="42.7643836" lon="82.2692658">
        <ele>3458.0</ele>
      </trkpt>
      <trkpt lat="42.7642889" lon="82.269289">
        <ele>3457.0</ele>
      </trkpt>
      <trkpt lat="42.7642047" lon="82.2693446">
        <ele>3462.0</ele>
      </trkpt>
      <trkpt lat="42.7641241" lon="82.2694172">
        <ele>3462.0</ele>
      </trkpt>
      <trkpt lat="42.7640431" lon="82.2694834">
        <ele>3462.0</ele>
      </trkpt>
      <trkpt lat="42.7639543" lon="82.2695341">
        <ele>3464.0</ele>
      </trkpt>
      <trkpt lat="42.7638647" lon="82.2695674">
        <ele>3464.0</ele>
      </trkpt>
      <trkpt lat="42.7637821" lon="82.2696423">
        <ele>3468.0</ele>
      </trkpt>
      <trkpt lat="42.7637127" lon="82.2697305">
        <ele>3470.0</ele>
      </trkpt>
      <trkpt lat="42.7636365" lon="82.2698181">
        <ele>3470.0</ele>
      </trkpt>
      <trkpt lat="42.7635406" lon="82.269858">
        <ele>3470.0</ele>
      </trkpt>
      <trkpt lat="42.7634527" lon="82.2699174">
        <ele>3486.0</ele>
      </trkpt>
      <trkpt lat="42.7633677" lon="82.269971">
        <ele>3486.0</ele>
      </trkpt>
      <trkpt lat="42.7632679" lon="82.2699893">
        <ele>3486.0</ele>
      </trkpt>
      <trkpt lat="42.7631717" lon="82.2700438">
        <ele>3497.0</ele>
      </trkpt>
      <trkpt lat="42.7630807" lon="82.2700939">
        <ele>3497.0</ele>
      </trkpt>
      <trkpt lat="42.7630057" lon="82.2701696">
        <ele>3499.0</ele>
      </trkpt>
      <trkpt lat="42.7629246" lon="82.270232">
        <ele>3499.0</ele>
      </trkpt>
      <trkpt lat="42.762845" lon="82.270293">
        <ele>3498.0</ele>
      </trkpt>
      <trkpt lat="42.7627685" lon="82.2703602">
        <ele>3498.0</ele>
      </trkpt>
      <trkpt lat="42.7626806" lon="82.2704197">
        <ele>3499.0</ele>
      </trkpt>
      <trkpt lat="42.7625923" lon="82.2704856">
        <ele>3500.0</ele>
      </trkpt>
      <trkpt lat="42.7625044" lon="82.270534">
        <ele>3500.0</ele>
      </trkpt>
      <trkpt lat="42.7624059" lon="82.2705572">
        <ele>3500.0</ele>
      </trkpt>
      <trkpt lat="42.7623619" lon="82.2705658">
        <ele>3500.0</ele>
      </trkpt>
      <trkpt lat="42.7622834" lon="82.2705979">
        <ele>3505.0</ele>
      </trkpt>
      <trkpt lat="42.762193" lon="82.2706189">
        <ele>3505.0</ele>
      </trkpt>
      <trkpt lat="42.7620899" lon="82.2706519">
        <ele>3505.0</ele>
      </trkpt>
      <trkpt lat="42.7619925" lon="82.2706974">
        <ele>3501.0</ele>
      </trkpt>
      <trkpt lat="42.7618944" lon="82.2707192">
        <ele>3501.0</ele>
      </trkpt>
      <trkpt lat="42.7618061" lon="82.2707702">
        <ele>3501.0</ele>
      </trkpt>
      <trkpt lat="42.7617142" lon="82.2708301">
        <ele>3503.0</ele>
      </trkpt>
      <trkpt lat="42.7616326" lon="82.2709009">
        <ele>3503.0</ele>
      </trkpt>
      <trkpt lat="42.7615869" lon="82.2710089">
        <ele>3499.0</ele>
      </trkpt>
      <trkpt lat="42.7615102" lon="82.2710715">
        <ele>3498.0</ele>
      </trkpt>
      <trkpt lat="42.7614144" lon="82.2711108">
        <ele>3498.0</ele>
      </trkpt>
      <trkpt lat="42.7613359" lon="82.2711786">
        <ele>3498.0</ele>
      </trkpt>
      <trkpt lat="42.7612467" lon="82.2712199">
        <ele>3500.0</ele>
      </trkpt>
      <trkpt lat="42.7611552" lon="82.2712516">
        <ele>3498.0</ele>
      </trkpt>
      <trkpt lat="42.7610692" lon="82.271292">
        <ele>3498.0</ele>
      </trkpt>
      <trkpt lat="42.7609815" lon="82.2713451">
        <ele>3498.0</ele>
      </trkpt>
      <trkpt lat="42.7609245" lon="82.2714475">
        <ele>3497.0</ele>
      </trkpt>
      <trkpt lat="42.7608715" lon="82.2715609">
        <ele>3493.0</ele>
      </trkpt>
      <trkpt lat="42.7607858" lon="82.2715482">
        <ele>3493.0</ele>
      </trkpt>
      <trkpt lat="42.7606999" lon="82.2715911">
        <ele>3493.0</ele>
      </trkpt>
      <trkpt lat="42.7606005" lon="82.2716164">
        <ele>3496.0</ele>
      </trkpt>
      <trkpt lat="42.7605088" lon="82.2716489">
        <ele>3496.0</ele>
      </trkpt>
      <trkpt lat="42.7604145" lon="82.2716559">
        <ele>3500.0</ele>
      </trkpt>
      <trkpt lat="42.7603236" lon="82.2716499">
        <ele>3500.0</ele>
      </trkpt>
      <trkpt lat="42.7602331" lon="82.2716846">
        <ele>3500.0</ele>
      </trkpt>
      <trkpt lat="42.7601368" lon="82.2717129">
        <ele>3499.0</ele>
      </trkpt>
      <trkpt lat="42.7600404" lon="82.2717449">
        <ele>3499.0</ele>
      </trkpt>
      <trkpt lat="42.7599464" lon="82.2718007">
        <ele>3499.0</ele>
      </trkpt>
      <trkpt lat="42.7598622" lon="82.2718634">
        <ele>3497.0</ele>
      </trkpt>
      <trkpt lat="42.7597803" lon="82.2719208">
        <ele>3497.0</ele>
      </trkpt>
      <trkpt lat="42.759714" lon="82.2720035">
        <ele>3497.0</ele>
      </trkpt>
      <trkpt lat="42.7596328" lon="82.2720792">
        <ele>3497.0</ele>
      </trkpt>
      <trkpt lat="42.7595456" lon="82.2721425">
        <ele>3504.0</ele>
      </trkpt>
      <trkpt lat="42.7594556" lon="82.2721831">
        <ele>3504.0</ele>
      </trkpt>
      <trkpt lat="42.7593668" lon="82.2722281">
        <ele>3504.0</ele>
      </trkpt>
      <trkpt lat="42.7592748" lon="82.2722384">
        <ele>3510.0</ele>
      </trkpt>
      <trkpt lat="42.7591757" lon="82.2722179">
        <ele>3510.0</ele>
      </trkpt>
      <trkpt lat="42.7590799" lon="82.2722271">
        <ele>3510.0</ele>
      </trkpt>
      <trkpt lat="42.7589857" lon="82.2722391">
        <ele>3524.0</ele>
      </trkpt>
      <trkpt lat="42.7588968" lon="82.272269">
        <ele>3524.0</ele>
      </trkpt>
      <trkpt lat="42.7588237" lon="82.2723064">
        <ele>3524.0</ele>
      </trkpt>
      <trkpt lat="42.7587352" lon="82.2723503">
        <ele>3530.0</ele>
      </trkpt>
      <trkpt lat="42.7586445" lon="82.2724072">
        <ele>3525.0</ele>
      </trkpt>
      <trkpt lat="42.7585569" lon="82.2724732">
        <ele>3525.0</ele>
      </trkpt>
      <trkpt lat="42.7584647" lon="82.2725277">
        <ele>3528.0</ele>
      </trkpt>
      <trkpt lat="42.7583799" lon="82.2725799">
        <ele>3528.0</ele>
      </trkpt>
      <trkpt lat="42.7582996" lon="82.2726588">
        <ele>3516.0</ele>
      </trkpt>
      <trkpt lat="42.7582281" lon="82.2727637">
        <ele>3516.0</ele>
      </trkpt>
      <trkpt lat="42.7581805" lon="82.2728936">
        <ele>3510.0</ele>
      </trkpt>
      <trkpt lat="42.7581338" lon="82.2730107">
        <ele>3508.0</ele>
      </trkpt>
      <trkpt lat="42.7580621" lon="82.2730819">
        <ele>3508.0</ele>
      </trkpt>
      <trkpt lat="42.7579743" lon="82.2731011">
        <ele>3508.0</ele>
      </trkpt>
      <trkpt lat="42.7578841" lon="82.2730685">
        <ele>3506.0</ele>
      </trkpt>
      <trkpt lat="42.7578096" lon="82.2731304">
        <ele>3506.0</ele>
      </trkpt>
      <trkpt lat="42.7577389" lon="82.2732123">
        <ele>3507.0</ele>
      </trkpt>
      <trkpt lat="42.7576624" lon="82.2732956">
        <ele>3507.0</ele>
      </trkpt>
      <trkpt lat="42.7575835" lon="82.273368">
        <ele>3505.0</ele>
      </trkpt>
      <trkpt lat="42.7574935" lon="82.2734127">
        <ele>3505.0</ele>
      </trkpt>
      <trkpt lat="42.7574281" lon="82.2735045">
        <ele>3509.0</ele>
      </trkpt>
      <trkpt lat="42.7573457" lon="82.2735369">
        <ele>3508.0</ele>
      </trkpt>
      <trkpt lat="42.757257" lon="82.2735253">
        <ele>3508.0</ele>
      </trkpt>
      <trkpt lat="42.757175" lon="82.2735836">
        <ele>3508.0</ele>
      </trkpt>
      <trkpt lat="42.7571261" lon="82.2736992">
        <ele>3508.0</ele>
      </trkpt>
      <trkpt lat="42.7570644" lon="82.2738195">
        <ele>3512.0</ele>
      </trkpt>
      <trkpt lat="42.7570412" lon="82.2739469">
        <ele>3512.0</ele>
      </trkpt>
      <trkpt lat="42.756958" lon="82.2739696">
        <ele>3512.0</ele>
      </trkpt>
      <trkpt lat="42.7568651" lon="82.2739817">
        <ele>3512.0</ele>
      </trkpt>
      <trkpt lat="42.7567911" lon="82.2740533">
        <ele>3522.0</ele>
      </trkpt>
      <trkpt lat="42.7567112" lon="82.2741236">
        <ele>3522.0</ele>
      </trkpt>
      <trkpt lat="42.756632" lon="82.2742035">
        <ele>3522.0</ele>
      </trkpt>
      <trkpt lat="42.7565587" lon="82.2742862">
        <ele>3522.0</ele>
      </trkpt>
      <trkpt lat="42.7566132" lon="82.2743893">
        <ele>3536.0</ele>
      </trkpt>
      <trkpt lat="42.7565379" lon="82.2744578">
        <ele>3536.0</ele>
      </trkpt>
      <trkpt lat="42.756507" lon="82.2745741">
        <ele>3538.0</ele>
      </trkpt>
      <trkpt lat="42.7564726" lon="82.2746935">
        <ele>3549.0</ele>
      </trkpt>
      <trkpt lat="42.7564899" lon="82.274817">
        <ele>3549.0</ele>
      </trkpt>
      <trkpt lat="42.7564492" lon="82.2749358">
        <ele>3558.0</ele>
      </trkpt>
      <trkpt lat="42.7565157" lon="82.2749999">
        <ele>3558.0</ele>
      </trkpt>
      <trkpt lat="42.7565411" lon="82.2751096">
        <ele>3557.0</ele>
      </trkpt>
      <trkpt lat="42.7564818" lon="82.2751668">
        <ele>3564.0</ele>
      </trkpt>
      <trkpt lat="42.7565008" lon="82.2752503">
        <ele>3564.0</ele>
      </trkpt>
      <trkpt lat="42.7564421" lon="82.2753053">
        <ele>3564.0</ele>
      </trkpt>
      <trkpt lat="42.756351" lon="82.2753292">
        <ele>3564.0</ele>
      </trkpt>
      <trkpt lat="42.7563717" lon="82.2753916">
        <ele>3564.0</ele>
      </trkpt>
      <trkpt lat="42.756439" lon="82.2754815">
        <ele>3579.0</ele>
      </trkpt>
      <trkpt lat="42.7565502" lon="82.2755453">
        <ele>3578.0</ele>
      </trkpt>
      <trkpt lat="42.75649" lon="82.2756362">
        <ele>3579.0</ele>
      </trkpt>
      <trkpt lat="42.7564036" lon="82.2756878">
        <ele>3579.0</ele>
      </trkpt>
      <trkpt lat="42.7563118" lon="82.2756841">
        <ele>3579.0</ele>
      </trkpt>
      <trkpt lat="42.7562165" lon="82.2756614">
        <ele>3582.0</ele>
      </trkpt>
      <trkpt lat="42.7562364" lon="82.2757196">
        <ele>3597.0</ele>
      </trkpt>
      <trkpt lat="42.7563124" lon="82.2757922">
        <ele>3592.0</ele>
      </trkpt>
      <trkpt lat="42.7562782" lon="82.275845">
        <ele>3592.0</ele>
      </trkpt>
      <trkpt lat="42.7561965" lon="82.2758246">
        <ele>3597.0</ele>
      </trkpt>
      <trkpt lat="42.7560961" lon="82.2757953">
        <ele>3597.0</ele>
      </trkpt>
      <trkpt lat="42.7561147" lon="82.2758582">
        <ele>3597.0</ele>
      </trkpt>
      <trkpt lat="42.7560629" lon="82.2759014">
        <ele>3597.0</ele>
      </trkpt>
      <trkpt lat="42.7559801" lon="82.2758714">
        <ele>3597.0</ele>
      </trkpt>
      <trkpt lat="42.7560071" lon="82.2759643">
        <ele>3597.0</ele>
      </trkpt>
      <trkpt lat="42.7560816" lon="82.2760348">
        <ele>3614.0</ele>
      </trkpt>
      <trkpt lat="42.7561566" lon="82.2761076">
        <ele>3614.0</ele>
      </trkpt>
      <trkpt lat="42.7561095" lon="82.276169">
        <ele>3614.0</ele>
      </trkpt>
      <trkpt lat="42.7560188" lon="82.2761921">
        <ele>3614.0</ele>
      </trkpt>
      <trkpt lat="42.755908" lon="82.2761708">
        <ele>3627.0</ele>
      </trkpt>
      <trkpt lat="42.7558022" lon="82.2761178">
        <ele>3627.0</ele>
      </trkpt>
      <trkpt lat="42.7557868" lon="82.2761908">
        <ele>3627.0</ele>
      </trkpt>
      <trkpt lat="42.7557974" lon="82.2763449">
        <ele>3643.0</ele>
      </trkpt>
      <trkpt lat="42.7557506" lon="82.2764603">
        <ele>3643.0</ele>
      </trkpt>
      <trkpt lat="42.7556598" lon="82.2765">
        <ele>3646.0</ele>
      </trkpt>
      <trkpt lat="42.7555698" lon="82.2765278">
        <ele>3653.0</ele>
      </trkpt>
      <trkpt lat="42.7554812" lon="82.2765044">
        <ele>3646.0</ele>
      </trkpt>
      <trkpt lat="42.7553843" lon="82.2765133">
        <ele>3656.0</ele>
      </trkpt>
      <trkpt lat="42.7552934" lon="82.276536">
        <ele>3666.0</ele>
      </trkpt>
      <trkpt lat="42.7552033" lon="82.2765404">
        <ele>3666.0</ele>
      </trkpt>
      <trkpt lat="42.7551143" lon="82.2765147">
        <ele>3666.0</ele>
      </trkpt>
      <trkpt lat="42.7550227" lon="82.2764422">
        <ele>3666.0</ele>
      </trkpt>
      <trkpt lat="42.7549454" lon="82.2763618">
        <ele>3666.0</ele>
      </trkpt>
      <trkpt lat="42.7548641" lon="82.2763014">
        <ele>3666.0</ele>
      </trkpt>
      <trkpt lat="42.7547753" lon="82.2762483">
        <ele>3686.0</ele>
      </trkpt>
      <trkpt lat="42.7546869" lon="82.2761879">
        <ele>3686.0</ele>
      </trkpt>
      <trkpt lat="42.7546199" lon="82.2760944">
        <ele>3686.0</ele>
      </trkpt>
      <trkpt lat="42.7545512" lon="82.2760027">
        <ele>3691.0</ele>
      </trkpt>
      <trkpt lat="42.7544839" lon="82.2759157">
        <ele>3699.0</ele>
      </trkpt>
      <trkpt lat="42.7543983" lon="82.2758671">
        <ele>3699.0</ele>
      </trkpt>
      <trkpt lat="42.7543079" lon="82.2758213">
        <ele>3699.0</ele>
      </trkpt>
      <trkpt lat="42.7542169" lon="82.2757812">
        <ele>3705.0</ele>
      </trkpt>
      <trkpt lat="42.7539691" lon="82.2758297">
        <ele>3712.0</ele>
      </trkpt>
      <trkpt lat="42.7542046" lon="82.2757396">
        <ele>3705.0</ele>
      </trkpt>
      <trkpt lat="42.7541514" lon="82.2757024">
        <ele>3705.0</ele>
      </trkpt>
      <trkpt lat="42.7540697" lon="82.2756349">
        <ele>3718.0</ele>
      </trkpt>
      <trkpt lat="42.7539761" lon="82.2755716">
        <ele>3724.0</ele>
      </trkpt>
      <trkpt lat="42.7538794" lon="82.2755173">
        <ele>3724.0</ele>
      </trkpt>
      <trkpt lat="42.7537627" lon="82.2755319">
        <ele>3724.0</ele>
      </trkpt>
      <trkpt lat="42.7536689" lon="82.2754972">
        <ele>3726.0</ele>
      </trkpt>
      <trkpt lat="42.753578" lon="82.2754564">
        <ele>3726.0</ele>
      </trkpt>
      <trkpt lat="42.753484" lon="82.2754367">
        <ele>3726.0</ele>
      </trkpt>
      <trkpt lat="42.753412" lon="82.2755016">
        <ele>3731.0</ele>
      </trkpt>
      <trkpt lat="42.7533385" lon="82.2755794">
        <ele>3731.0</ele>
      </trkpt>
      <trkpt lat="42.7532518" lon="82.2756093">
        <ele>3731.0</ele>
      </trkpt>
      <trkpt lat="42.753161" lon="82.2756173">
        <ele>3732.0</ele>
      </trkpt>
      <trkpt lat="42.7530707" lon="82.2756007">
        <ele>3732.0</ele>
      </trkpt>
      <trkpt lat="42.7529799" lon="82.2756207">
        <ele>3732.0</ele>
      </trkpt>
      <trkpt lat="42.7528839" lon="82.2756081">
        <ele>3748.0</ele>
      </trkpt>
      <trkpt lat="42.7527866" lon="82.2756073">
        <ele>3748.0</ele>
      </trkpt>
      <trkpt lat="42.7526975" lon="82.2755738">
        <ele>3748.0</ele>
      </trkpt>
      <trkpt lat="42.7526146" lon="82.275506">
        <ele>3761.0</ele>
      </trkpt>
      <trkpt lat="42.7525301" lon="82.2755107">
        <ele>3761.0</ele>
      </trkpt>
      <trkpt lat="42.7524596" lon="82.2755895">
        <ele>3761.0</ele>
      </trkpt>
      <trkpt lat="42.7523814" lon="82.2756704">
        <ele>3761.0</ele>
      </trkpt>
      <trkpt lat="42.7523217" lon="82.2757865">
        <ele>3762.0</ele>
      </trkpt>
      <trkpt lat="42.7523585" lon="82.2759026">
        <ele>3762.0</ele>
      </trkpt>
      <trkpt lat="42.7523767" lon="82.2760259">
        <ele>3756.0</ele>
      </trkpt>
      <trkpt lat="42.7523861" lon="82.276157">
        <ele>3756.0</ele>
      </trkpt>
      <trkpt lat="42.7524136" lon="82.2762811">
        <ele>3755.0</ele>
      </trkpt>
      <trkpt lat="42.7524411" lon="82.2764087">
        <ele>3755.0</ele>
      </trkpt>
      <trkpt lat="42.7524839" lon="82.2765216">
        <ele>3755.0</ele>
      </trkpt>
      <trkpt lat="42.7525336" lon="82.2766313">
        <ele>3764.0</ele>
      </trkpt>
      <trkpt lat="42.7525825" lon="82.2767428">
        <ele>3764.0</ele>
      </trkpt>
      <trkpt lat="42.7526175" lon="82.276858">
        <ele>3765.0</ele>
      </trkpt>
      <trkpt lat="42.7526722" lon="82.2769588">
        <ele>3753.0</ele>
      </trkpt>
      <trkpt lat="42.7527151" lon="82.2770666">
        <ele>3753.0</ele>
      </trkpt>
      <trkpt lat="42.752653" lon="82.2770766">
        <ele>3753.0</ele>
      </trkpt>
      <trkpt lat="42.752625" lon="82.2771654">
        <ele>3760.0</ele>
      </trkpt>
      <trkpt lat="42.7527217" lon="82.2772099">
        <ele>3742.0</ele>
      </trkpt>
      <trkpt lat="42.7527495" lon="82.2771867">
        <ele>3742.0</ele>
      </trkpt>
      <trkpt lat="42.7526788" lon="82.2772708">
        <ele>3742.0</ele>
      </trkpt>
      <trkpt lat="42.7526796" lon="82.2772823">
        <ele>3742.0</ele>
      </trkpt>
      <trkpt lat="42.7527066" lon="82.2773919">
        <ele>3748.0</ele>
      </trkpt>
      <trkpt lat="42.752681" lon="82.2775046">
        <ele>3748.0</ele>
      </trkpt>
      <trkpt lat="42.7526335" lon="82.2776242">
        <ele>3752.0</ele>
      </trkpt>
      <trkpt lat="42.7525756" lon="82.2777382">
        <ele>3737.0</ele>
      </trkpt>
      <trkpt lat="42.7525123" lon="82.2777922">
        <ele>3737.0</ele>
      </trkpt>
      <trkpt lat="42.7524296" lon="82.2778876">
        <ele>3737.0</ele>
      </trkpt>
      <trkpt lat="42.7523319" lon="82.2779918">
        <ele>3724.0</ele>
      </trkpt>
      <trkpt lat="42.7522361" lon="82.2783121">
        <ele>3715.0</ele>
      </trkpt>
      <trkpt lat="42.7522018" lon="82.2784418">
        <ele>3715.0</ele>
      </trkpt>
      <trkpt lat="42.7522157" lon="82.2785591">
        <ele>3709.0</ele>
      </trkpt>
      <trkpt lat="42.7522226" lon="82.2786011">
        <ele>3709.0</ele>
      </trkpt>
      <trkpt lat="42.7522376" lon="82.278693">
        <ele>3709.0</ele>
      </trkpt>
      <trkpt lat="42.7522225" lon="82.2788148">
        <ele>3705.0</ele>
      </trkpt>
      <trkpt lat="42.7521815" lon="82.2789367">
        <ele>3705.0</ele>
      </trkpt>
      <trkpt lat="42.7521259" lon="82.279063">
        <ele>3704.0</ele>
      </trkpt>
      <trkpt lat="42.7520844" lon="82.2791802">
        <ele>3704.0</ele>
      </trkpt>
      <trkpt lat="42.7520714" lon="82.2792185">
        <ele>3711.0</ele>
      </trkpt>
      <trkpt lat="42.7520559" lon="82.2793232">
        <ele>3705.0</ele>
      </trkpt>
      <trkpt lat="42.7520469" lon="82.2794511">
        <ele>3705.0</ele>
      </trkpt>
      <trkpt lat="42.7520636" lon="82.2795806">
        <ele>3705.0</ele>
      </trkpt>
      <trkpt lat="42.7520427" lon="82.2796835">
        <ele>3700.0</ele>
      </trkpt>
      <trkpt lat="42.7520103" lon="82.2797977">
        <ele>3700.0</ele>
      </trkpt>
      <trkpt lat="42.7519698" lon="82.2799146">
        <ele>3694.0</ele>
      </trkpt>
      <trkpt lat="42.7519646" lon="82.2800395">
        <ele>3694.0</ele>
      </trkpt>
      <trkpt lat="42.7518734" lon="82.2800155">
        <ele>3694.0</ele>
      </trkpt>
      <trkpt lat="42.7518098" lon="82.2801288">
        <ele>3694.0</ele>
      </trkpt>
      <trkpt lat="42.7517837" lon="82.2802671">
        <ele>3683.0</ele>
      </trkpt>
      <trkpt lat="42.7517206" lon="82.2803584">
        <ele>3683.0</ele>
      </trkpt>
      <trkpt lat="42.7516457" lon="82.2804504">
        <ele>3677.0</ele>
      </trkpt>
      <trkpt lat="42.7515776" lon="82.2805443">
        <ele>3677.0</ele>
      </trkpt>
      <trkpt lat="42.7514846" lon="82.2805885">
        <ele>3674.0</ele>
      </trkpt>
      <trkpt lat="42.7513932" lon="82.2805645">
        <ele>3674.0</ele>
      </trkpt>
      <trkpt lat="42.7513006" lon="82.2805301">
        <ele>3674.0</ele>
      </trkpt>
      <trkpt lat="42.7512137" lon="82.2805538">
        <ele>3675.0</ele>
      </trkpt>
      <trkpt lat="42.7511484" lon="82.2806088">
        <ele>3675.0</ele>
      </trkpt>
      <trkpt lat="42.7511466" lon="82.2807323">
        <ele>3659.0</ele>
      </trkpt>
      <trkpt lat="42.7510926" lon="82.2808144">
        <ele>3659.0</ele>
      </trkpt>
      <trkpt lat="42.7510019" lon="82.280812">
        <ele>3659.0</ele>
      </trkpt>
      <trkpt lat="42.7509615" lon="82.2808006">
        <ele>3659.0</ele>
      </trkpt>
      <trkpt lat="42.751025" lon="82.2808032">
        <ele>3659.0</ele>
      </trkpt>
      <trkpt lat="42.7511225" lon="82.2808175">
        <ele>3659.0</ele>
      </trkpt>
      <trkpt lat="42.7512412" lon="82.2807667">
        <ele>3659.0</ele>
      </trkpt>
      <trkpt lat="42.7513191" lon="82.2808326">
        <ele>3667.0</ele>
      </trkpt>
      <trkpt lat="42.7514043" lon="82.2808777">
        <ele>3667.0</ele>
      </trkpt>
      <trkpt lat="42.7514888" lon="82.2809261">
        <ele>3667.0</ele>
      </trkpt>
      <trkpt lat="42.7515552" lon="82.281009">
        <ele>3658.0</ele>
      </trkpt>
      <trkpt lat="42.751531" lon="82.2811304">
        <ele>3658.0</ele>
      </trkpt>
      <trkpt lat="42.7515316" lon="82.2812531">
        <ele>3646.0</ele>
      </trkpt>
      <trkpt lat="42.7516125" lon="82.2813157">
        <ele>3646.0</ele>
      </trkpt>
      <trkpt lat="42.7515787" lon="82.2814338">
        <ele>3646.0</ele>
      </trkpt>
      <trkpt lat="42.7515696" lon="82.2815581">
        <ele>3632.0</ele>
      </trkpt>
      <trkpt lat="42.7516078" lon="82.2816721">
        <ele>3632.0</ele>
      </trkpt>
      <trkpt lat="42.7516537" lon="82.2817878">
        <ele>3632.0</ele>
      </trkpt>
      <trkpt lat="42.7517479" lon="82.2818225">
        <ele>3619.0</ele>
      </trkpt>
      <trkpt lat="42.7518124" lon="82.2819085">
        <ele>3614.0</ele>
      </trkpt>
      <trkpt lat="42.7518296" lon="82.2820369">
        <ele>3614.0</ele>
      </trkpt>
      <trkpt lat="42.7518351" lon="82.2821619">
        <ele>3606.0</ele>
      </trkpt>
      <trkpt lat="42.7518191" lon="82.2822924">
        <ele>3606.0</ele>
      </trkpt>
      <trkpt lat="42.7517808" lon="82.2824128">
        <ele>3600.0</ele>
      </trkpt>
      <trkpt lat="42.7517966" lon="82.282541">
        <ele>3600.0</ele>
      </trkpt>
      <trkpt lat="42.751819" lon="82.2826638">
        <ele>3592.0</ele>
      </trkpt>
      <trkpt lat="42.7518096" lon="82.2827886">
        <ele>3592.0</ele>
      </trkpt>
      <trkpt lat="42.7517789" lon="82.2829095">
        <ele>3591.0</ele>
      </trkpt>
      <trkpt lat="42.7517628" lon="82.2830499">
        <ele>3585.0</ele>
      </trkpt>
      <trkpt lat="42.7517256" lon="82.283183">
        <ele>3585.0</ele>
      </trkpt>
      <trkpt lat="42.751701" lon="82.283264">
        <ele>3584.0</ele>
      </trkpt>
      <trkpt lat="42.7516873" lon="82.2833729">
        <ele>3584.0</ele>
      </trkpt>
      <trkpt lat="42.7516559" lon="82.283495">
        <ele>3582.0</ele>
      </trkpt>
      <trkpt lat="42.7516033" lon="82.2836052">
        <ele>3582.0</ele>
      </trkpt>
      <trkpt lat="42.7515478" lon="82.2837304">
        <ele>3582.0</ele>
      </trkpt>
      <trkpt lat="42.751481" lon="82.283844">
        <ele>3579.0</ele>
      </trkpt>
      <trkpt lat="42.7514034" lon="82.2839346">
        <ele>3579.0</ele>
      </trkpt>
      <trkpt lat="42.751314" lon="82.2840237">
        <ele>3579.0</ele>
      </trkpt>
      <trkpt lat="42.7512461" lon="82.2840679">
        <ele>3577.0</ele>
      </trkpt>
      <trkpt lat="42.7511674" lon="82.2841355">
        <ele>3577.0</ele>
      </trkpt>
      <trkpt lat="42.7510942" lon="82.2842234">
        <ele>3577.0</ele>
      </trkpt>
      <trkpt lat="42.7510211" lon="82.2843162">
        <ele>3577.0</ele>
      </trkpt>
      <trkpt lat="42.750946" lon="82.2844158">
        <ele>3571.0</ele>
      </trkpt>
      <trkpt lat="42.7509238" lon="82.2845461">
        <ele>3571.0</ele>
      </trkpt>
      <trkpt lat="42.7509097" lon="82.2846748">
        <ele>3573.0</ele>
      </trkpt>
      <trkpt lat="42.7509029" lon="82.284814">
        <ele>3573.0</ele>
      </trkpt>
      <trkpt lat="42.750854" lon="82.2849226">
        <ele>3561.0</ele>
      </trkpt>
      <trkpt lat="42.7508567" lon="82.2850438">
        <ele>3561.0</ele>
      </trkpt>
      <trkpt lat="42.75085" lon="82.2851662">
        <ele>3558.0</ele>
      </trkpt>
      <trkpt lat="42.7508187" lon="82.2852834">
        <ele>3558.0</ele>
      </trkpt>
      <trkpt lat="42.7507309" lon="82.2853053">
        <ele>3558.0</ele>
      </trkpt>
      <trkpt lat="42.7506424" lon="82.2853663">
        <ele>3542.0</ele>
      </trkpt>
      <trkpt lat="42.7506079" lon="82.2854811">
        <ele>3539.0</ele>
      </trkpt>
      <trkpt lat="42.7505952" lon="82.2856226">
        <ele>3539.0</ele>
      </trkpt>
      <trkpt lat="42.7505819" lon="82.285769">
        <ele>3529.0</ele>
      </trkpt>
      <trkpt lat="42.7505703" lon="82.2859106">
        <ele>3529.0</ele>
      </trkpt>
      <trkpt lat="42.7505587" lon="82.2860591">
        <ele>3522.0</ele>
      </trkpt>
      <trkpt lat="42.7505197" lon="82.2861926">
        <ele>3522.0</ele>
      </trkpt>
      <trkpt lat="42.7504779" lon="82.2863115">
        <ele>3519.0</ele>
      </trkpt>
      <trkpt lat="42.7504413" lon="82.2864274">
        <ele>3519.0</ele>
      </trkpt>
      <trkpt lat="42.7504113" lon="82.2865653">
        <ele>3517.0</ele>
      </trkpt>
      <trkpt lat="42.7503981" lon="82.2866969">
        <ele>3517.0</ele>
      </trkpt>
      <trkpt lat="42.7504192" lon="82.2868304">
        <ele>3521.0</ele>
      </trkpt>
      <trkpt lat="42.7504083" lon="82.2869114">
        <ele>3516.0</ele>
      </trkpt>
      <trkpt lat="42.7503678" lon="82.2870049">
        <ele>3516.0</ele>
      </trkpt>
      <trkpt lat="42.7503252" lon="82.2871113">
        <ele>3514.0</ele>
      </trkpt>
      <trkpt lat="42.7502838" lon="82.287245">
        <ele>3514.0</ele>
      </trkpt>
      <trkpt lat="42.7502536" lon="82.2873731">
        <ele>3517.0</ele>
      </trkpt>
      <trkpt lat="42.7501832" lon="82.2874544">
        <ele>3517.0</ele>
      </trkpt>
      <trkpt lat="42.7500914" lon="82.2874688">
        <ele>3517.0</ele>
      </trkpt>
      <trkpt lat="42.7500178" lon="82.2875478">
        <ele>3517.0</ele>
      </trkpt>
      <trkpt lat="42.750031" lon="82.2876516">
        <ele>3515.0</ele>
      </trkpt>
      <trkpt lat="42.7500707" lon="82.2877713">
        <ele>3515.0</ele>
      </trkpt>
      <trkpt lat="42.7501061" lon="82.2878978">
        <ele>3515.0</ele>
      </trkpt>
      <trkpt lat="42.7501318" lon="82.287941">
        <ele>3506.0</ele>
      </trkpt>
      <trkpt lat="42.7501987" lon="82.2880152">
        <ele>3510.0</ele>
      </trkpt>
      <trkpt lat="42.7501989" lon="82.2881505">
        <ele>3510.0</ele>
      </trkpt>
      <trkpt lat="42.7501653" lon="82.2882701">
        <ele>3503.0</ele>
      </trkpt>
      <trkpt lat="42.7501774" lon="82.2883929">
        <ele>3503.0</ele>
      </trkpt>
      <trkpt lat="42.7501243" lon="82.288479">
        <ele>3489.0</ele>
      </trkpt>
      <trkpt lat="42.7500603" lon="82.2885825">
        <ele>3489.0</ele>
      </trkpt>
      <trkpt lat="42.7499982" lon="82.2886957">
        <ele>3489.0</ele>
      </trkpt>
      <trkpt lat="42.7499657" lon="82.2888266">
        <ele>3487.0</ele>
      </trkpt>
      <trkpt lat="42.7499228" lon="82.2889483">
        <ele>3487.0</ele>
      </trkpt>
      <trkpt lat="42.7498596" lon="82.289043">
        <ele>3485.0</ele>
      </trkpt>
      <trkpt lat="42.7497791" lon="82.2891137">
        <ele>3485.0</ele>
      </trkpt>
      <trkpt lat="42.7497118" lon="82.289212">
        <ele>3485.0</ele>
      </trkpt>
      <trkpt lat="42.7496389" lon="82.2892974">
        <ele>3485.0</ele>
      </trkpt>
      <trkpt lat="42.7495854" lon="82.2894045">
        <ele>3485.0</ele>
      </trkpt>
      <trkpt lat="42.7495324" lon="82.2895162">
        <ele>3480.0</ele>
      </trkpt>
      <trkpt lat="42.7494911" lon="82.28964">
        <ele>3480.0</ele>
      </trkpt>
      <trkpt lat="42.749443" lon="82.2897609">
        <ele>3480.0</ele>
      </trkpt>
      <trkpt lat="42.7493843" lon="82.2898735">
        <ele>3475.0</ele>
      </trkpt>
      <trkpt lat="42.7493258" lon="82.2899891">
        <ele>3475.0</ele>
      </trkpt>
      <trkpt lat="42.7492783" lon="82.2900516">
        <ele>3472.0</ele>
      </trkpt>
      <trkpt lat="42.7492362" lon="82.2901449">
        <ele>3468.0</ele>
      </trkpt>
      <trkpt lat="42.7491627" lon="82.2902025">
        <ele>3468.0</ele>
      </trkpt>
      <trkpt lat="42.7491098" lon="82.2903028">
        <ele>3468.0</ele>
      </trkpt>
      <trkpt lat="42.7490516" lon="82.2903988">
        <ele>3468.0</ele>
      </trkpt>
      <trkpt lat="42.7490004" lon="82.2905027">
        <ele>3468.0</ele>
      </trkpt>
      <trkpt lat="42.7489562" lon="82.2906124">
        <ele>3468.0</ele>
      </trkpt>
      <trkpt lat="42.7488932" lon="82.2907136">
        <ele>3462.0</ele>
      </trkpt>
      <trkpt lat="42.7488179" lon="82.2908027">
        <ele>3462.0</ele>
      </trkpt>
      <trkpt lat="42.7487384" lon="82.290885">
        <ele>3459.0</ele>
      </trkpt>
      <trkpt lat="42.7486795" lon="82.2909969">
        <ele>3448.0</ele>
      </trkpt>
      <trkpt lat="42.7486232" lon="82.2911008">
        <ele>3448.0</ele>
      </trkpt>
      <trkpt lat="42.7485577" lon="82.2912018">
        <ele>3448.0</ele>
      </trkpt>
      <trkpt lat="42.7484796" lon="82.2912789">
        <ele>3439.0</ele>
      </trkpt>
      <trkpt lat="42.7483987" lon="82.2913412">
        <ele>3438.0</ele>
      </trkpt>
      <trkpt lat="42.7483101" lon="82.2914037">
        <ele>3438.0</ele>
      </trkpt>
      <trkpt lat="42.74824" lon="82.2914917">
        <ele>3438.0</ele>
      </trkpt>
      <trkpt lat="42.748191" lon="82.291613">
        <ele>3438.0</ele>
      </trkpt>
      <trkpt lat="42.7481517" lon="82.291728">
        <ele>3438.0</ele>
      </trkpt>
      <trkpt lat="42.7481056" lon="82.291843">
        <ele>3431.0</ele>
      </trkpt>
      <trkpt lat="42.7480643" lon="82.291966">
        <ele>3431.0</ele>
      </trkpt>
      <trkpt lat="42.7480113" lon="82.2920854">
        <ele>3423.0</ele>
      </trkpt>
      <trkpt lat="42.7479484" lon="82.292203">
        <ele>3423.0</ele>
      </trkpt>
      <trkpt lat="42.7478884" lon="82.2923081">
        <ele>3427.0</ele>
      </trkpt>
      <trkpt lat="42.747822" lon="82.2924096">
        <ele>3421.0</ele>
      </trkpt>
      <trkpt lat="42.7477663" lon="82.29252">
        <ele>3421.0</ele>
      </trkpt>
      <trkpt lat="42.7477901" lon="82.292637">
        <ele>3421.0</ele>
      </trkpt>
      <trkpt lat="42.747776" lon="82.292776">
        <ele>3414.0</ele>
      </trkpt>
      <trkpt lat="42.7477361" lon="82.2929019">
        <ele>3414.0</ele>
      </trkpt>
      <trkpt lat="42.7476602" lon="82.2929542">
        <ele>3408.0</ele>
      </trkpt>
      <trkpt lat="42.7476133" lon="82.2930648">
        <ele>3411.0</ele>
      </trkpt>
      <trkpt lat="42.7476492" lon="82.2931782">
        <ele>3408.0</ele>
      </trkpt>
      <trkpt lat="42.7475915" lon="82.2932642">
        <ele>3406.0</ele>
      </trkpt>
      <trkpt lat="42.747523" lon="82.2933695">
        <ele>3406.0</ele>
      </trkpt>
      <trkpt lat="42.74748" lon="82.293442">
        <ele>3406.0</ele>
      </trkpt>
      <trkpt lat="42.7473999" lon="82.2934834">
        <ele>3399.0</ele>
      </trkpt>
      <trkpt lat="42.7473595" lon="82.2935166">
        <ele>3397.0</ele>
      </trkpt>
      <trkpt lat="42.7472771" lon="82.2935248">
        <ele>3397.0</ele>
      </trkpt>
      <trkpt lat="42.7471845" lon="82.2934793">
        <ele>3397.0</ele>
      </trkpt>
      <trkpt lat="42.7470935" lon="82.2934019">
        <ele>3405.0</ele>
      </trkpt>
      <trkpt lat="42.7470315" lon="82.2935043">
        <ele>3398.0</ele>
      </trkpt>
      <trkpt lat="42.7469982" lon="82.2936346">
        <ele>3398.0</ele>
      </trkpt>
      <trkpt lat="42.7469301" lon="82.2937264">
        <ele>3398.0</ele>
      </trkpt>
      <trkpt lat="42.7468657" lon="82.2938233">
        <ele>3389.0</ele>
      </trkpt>
      <trkpt lat="42.7468378" lon="82.2938725">
        <ele>3389.0</ele>
      </trkpt>
      <trkpt lat="42.7467969" lon="82.2939797">
        <ele>3391.0</ele>
      </trkpt>
      <trkpt lat="42.7467291" lon="82.2940801">
        <ele>3385.0</ele>
      </trkpt>
      <trkpt lat="42.746667" lon="82.2941788">
        <ele>3385.0</ele>
      </trkpt>
      <trkpt lat="42.7466425" lon="82.2943126">
        <ele>3380.0</ele>
      </trkpt>
      <trkpt lat="42.7466385" lon="82.2943558">
        <ele>3380.0</ele>
      </trkpt>
      <trkpt lat="42.7465902" lon="82.2944265">
        <ele>3380.0</ele>
      </trkpt>
      <trkpt lat="42.7465417" lon="82.2945075">
        <ele>3380.0</ele>
      </trkpt>
      <trkpt lat="42.7465263" lon="82.2946236">
        <ele>3386.0</ele>
      </trkpt>
      <trkpt lat="42.7465223" lon="82.2947544">
        <ele>3386.0</ele>
      </trkpt>
      <trkpt lat="42.7465343" lon="82.2948881">
        <ele>3376.0</ele>
      </trkpt>
      <trkpt lat="42.7465488" lon="82.2950163">
        <ele>3376.0</ele>
      </trkpt>
      <trkpt lat="42.7465268" lon="82.2951466">
        <ele>3378.0</ele>
      </trkpt>
      <trkpt lat="42.7465678" lon="82.2952437">
        <ele>3373.0</ele>
      </trkpt>
      <trkpt lat="42.7466542" lon="82.2952911">
        <ele>3373.0</ele>
      </trkpt>
      <trkpt lat="42.7467351" lon="82.2953561">
        <ele>3373.0</ele>
      </trkpt>
      <trkpt lat="42.7467376" lon="82.295471">
        <ele>3368.0</ele>
      </trkpt>
      <trkpt lat="42.746792" lon="82.295552">
        <ele>3368.0</ele>
      </trkpt>
      <trkpt lat="42.7468211" lon="82.2956781">
        <ele>3365.0</ele>
      </trkpt>
      <trkpt lat="42.7468531" lon="82.2958073">
        <ele>3362.0</ele>
      </trkpt>
      <trkpt lat="42.7468856" lon="82.2959292">
        <ele>3362.0</ele>
      </trkpt>
      <trkpt lat="42.7468704" lon="82.2960583">
        <ele>3359.0</ele>
      </trkpt>
      <trkpt lat="42.7468274" lon="82.296191">
        <ele>3359.0</ele>
      </trkpt>
      <trkpt lat="42.7467664" lon="82.2963201">
        <ele>3354.0</ele>
      </trkpt>
      <trkpt lat="42.746715" lon="82.2964226">
        <ele>3354.0</ele>
      </trkpt>
      <trkpt lat="42.7466814" lon="82.2965451">
        <ele>3350.0</ele>
      </trkpt>
      <trkpt lat="42.7466639" lon="82.2966093">
        <ele>3350.0</ele>
      </trkpt>
      <trkpt lat="42.7466211" lon="82.2967">
        <ele>3350.0</ele>
      </trkpt>
      <trkpt lat="42.7465886" lon="82.2968268">
        <ele>3348.0</ele>
      </trkpt>
      <trkpt lat="42.7465458" lon="82.2969494">
        <ele>3348.0</ele>
      </trkpt>
      <trkpt lat="42.7465635" lon="82.2970703">
        <ele>3348.0</ele>
      </trkpt>
      <trkpt lat="42.7466157" lon="82.2971952">
        <ele>3346.0</ele>
      </trkpt>
      <trkpt lat="42.7466209" lon="82.2973185">
        <ele>3346.0</ele>
      </trkpt>
      <trkpt lat="42.7466042" lon="82.2974498">
        <ele>3344.0</ele>
      </trkpt>
      <trkpt lat="42.7465687" lon="82.2975719">
        <ele>3344.0</ele>
      </trkpt>
      <trkpt lat="42.7465253" lon="82.2977018">
        <ele>3338.0</ele>
      </trkpt>
      <trkpt lat="42.7464884" lon="82.2978354">
        <ele>3338.0</ele>
      </trkpt>
      <trkpt lat="42.7464605" lon="82.2979597">
        <ele>3334.0</ele>
      </trkpt>
      <trkpt lat="42.7464362" lon="82.2980959">
        <ele>3334.0</ele>
      </trkpt>
      <trkpt lat="42.7464189" lon="82.2981497">
        <ele>3334.0</ele>
      </trkpt>
      <trkpt lat="42.7463549" lon="82.2982365">
        <ele>3334.0</ele>
      </trkpt>
      <trkpt lat="42.7462784" lon="82.2983333">
        <ele>3334.0</ele>
      </trkpt>
      <trkpt lat="42.7462248" lon="82.2984473">
        <ele>3330.0</ele>
      </trkpt>
      <trkpt lat="42.7461581" lon="82.2985611">
        <ele>3327.0</ele>
      </trkpt>
      <trkpt lat="42.7460872" lon="82.2986615">
        <ele>3327.0</ele>
      </trkpt>
      <trkpt lat="42.7460366" lon="82.298768">
        <ele>3327.0</ele>
      </trkpt>
      <trkpt lat="42.7459729" lon="82.2988847">
        <ele>3327.0</ele>
      </trkpt>
      <trkpt lat="42.7459117" lon="82.2990099">
        <ele>3320.0</ele>
      </trkpt>
      <trkpt lat="42.7458616" lon="82.2991331">
        <ele>3316.0</ele>
      </trkpt>
      <trkpt lat="42.7458015" lon="82.2992598">
        <ele>3316.0</ele>
      </trkpt>
      <trkpt lat="42.7457356" lon="82.2993553">
        <ele>3315.0</ele>
      </trkpt>
      <trkpt lat="42.7456689" lon="82.2994516">
        <ele>3311.0</ele>
      </trkpt>
      <trkpt lat="42.7456261" lon="82.2995793">
        <ele>3311.0</ele>
      </trkpt>
      <trkpt lat="42.7455999" lon="82.2997206">
        <ele>3311.0</ele>
      </trkpt>
      <trkpt lat="42.7456103" lon="82.299856">
        <ele>3311.0</ele>
      </trkpt>
      <trkpt lat="42.7455774" lon="82.2999642">
        <ele>3313.0</ele>
      </trkpt>
      <trkpt lat="42.7454967" lon="82.3000234">
        <ele>3313.0</ele>
      </trkpt>
      <trkpt lat="42.7454144" lon="82.3000771">
        <ele>3310.0</ele>
      </trkpt>
      <trkpt lat="42.7453635" lon="82.2999943">
        <ele>3310.0</ele>
      </trkpt>
      <trkpt lat="42.7452861" lon="82.2999771">
        <ele>3310.0</ele>
      </trkpt>
      <trkpt lat="42.7452138" lon="82.3000569">
        <ele>3310.0</ele>
      </trkpt>
      <trkpt lat="42.7451329" lon="82.3001393">
        <ele>3307.0</ele>
      </trkpt>
      <trkpt lat="42.7450546" lon="82.3002285">
        <ele>3307.0</ele>
      </trkpt>
      <trkpt lat="42.7449674" lon="82.3003187">
        <ele>3307.0</ele>
      </trkpt>
      <trkpt lat="42.744891" lon="82.3004079">
        <ele>3307.0</ele>
      </trkpt>
      <trkpt lat="42.7448308" lon="82.3005051">
        <ele>3306.0</ele>
      </trkpt>
      <trkpt lat="42.7447563" lon="82.300599">
        <ele>3306.0</ele>
      </trkpt>
      <trkpt lat="42.7447379" lon="82.3006296">
        <ele>3306.0</ele>
      </trkpt>
      <trkpt lat="42.7446888" lon="82.3006915">
        <ele>3306.0</ele>
      </trkpt>
      <trkpt lat="42.744609" lon="82.3007528">
        <ele>3309.0</ele>
      </trkpt>
      <trkpt lat="42.7445094" lon="82.3008142">
        <ele>3297.0</ele>
      </trkpt>
      <trkpt lat="42.7444163" lon="82.3008686">
        <ele>3297.0</ele>
      </trkpt>
      <trkpt lat="42.7443248" lon="82.3009029">
        <ele>3297.0</ele>
      </trkpt>
      <trkpt lat="42.7442581" lon="82.3008988">
        <ele>3291.0</ele>
      </trkpt>
      <trkpt lat="42.7441761" lon="82.3009408">
        <ele>3291.0</ele>
      </trkpt>
      <trkpt lat="42.7441017" lon="82.3010232">
        <ele>3292.0</ele>
      </trkpt>
      <trkpt lat="42.7440222" lon="82.3011002">
        <ele>3283.0</ele>
      </trkpt>
      <trkpt lat="42.7439396" lon="82.3011604">
        <ele>3283.0</ele>
      </trkpt>
      <trkpt lat="42.7438629" lon="82.3012273">
        <ele>3283.0</ele>
      </trkpt>
      <trkpt lat="42.7437788" lon="82.3012864">
        <ele>3284.0</ele>
      </trkpt>
      <trkpt lat="42.7436912" lon="82.3013479">
        <ele>3273.0</ele>
      </trkpt>
      <trkpt lat="42.7436686" lon="82.3013574">
        <ele>3273.0</ele>
      </trkpt>
      <trkpt lat="42.7436031" lon="82.3014097">
        <ele>3273.0</ele>
      </trkpt>
      <trkpt lat="42.7435172" lon="82.3014854">
        <ele>3273.0</ele>
      </trkpt>
      <trkpt lat="42.74343" lon="82.3015812">
        <ele>3268.0</ele>
      </trkpt>
      <trkpt lat="42.7433473" lon="82.3016676">
        <ele>3268.0</ele>
      </trkpt>
      <trkpt lat="42.7432741" lon="82.3017662">
        <ele>3268.0</ele>
      </trkpt>
      <trkpt lat="42.7431885" lon="82.3018617">
        <ele>3267.0</ele>
      </trkpt>
      <trkpt lat="42.7431016" lon="82.3019216">
        <ele>3267.0</ele>
      </trkpt>
      <trkpt lat="42.7430237" lon="82.3020165">
        <ele>3267.0</ele>
      </trkpt>
      <trkpt lat="42.7429404" lon="82.3020952">
        <ele>3277.0</ele>
      </trkpt>
      <trkpt lat="42.7428493" lon="82.3021701">
        <ele>3271.0</ele>
      </trkpt>
      <trkpt lat="42.742759" lon="82.3022266">
        <ele>3271.0</ele>
      </trkpt>
      <trkpt lat="42.7426709" lon="82.3022697">
        <ele>3271.0</ele>
      </trkpt>
      <trkpt lat="42.7425869" lon="82.3023465">
        <ele>3264.0</ele>
      </trkpt>
      <trkpt lat="42.7425047" lon="82.302416">
        <ele>3269.0</ele>
      </trkpt>
      <trkpt lat="42.7424165" lon="82.3024167">
        <ele>3269.0</ele>
      </trkpt>
      <trkpt lat="42.7423227" lon="82.3024401">
        <ele>3255.0</ele>
      </trkpt>
      <trkpt lat="42.7422311" lon="82.3024662">
        <ele>3255.0</ele>
      </trkpt>
      <trkpt lat="42.7421341" lon="82.302462">
        <ele>3255.0</ele>
      </trkpt>
      <trkpt lat="42.7420722" lon="82.3024524">
        <ele>3254.0</ele>
      </trkpt>
      <trkpt lat="42.741977" lon="82.3024824">
        <ele>3254.0</ele>
      </trkpt>
      <trkpt lat="42.7419056" lon="82.3025529">
        <ele>3254.0</ele>
      </trkpt>
      <trkpt lat="42.7418259" lon="82.3026335">
        <ele>3254.0</ele>
      </trkpt>
      <trkpt lat="42.7417473" lon="82.302722">
        <ele>3247.0</ele>
      </trkpt>
      <trkpt lat="42.7416873" lon="82.3027992">
        <ele>3247.0</ele>
      </trkpt>
      <trkpt lat="42.7416202" lon="82.3028988">
        <ele>3247.0</ele>
      </trkpt>
      <trkpt lat="42.7415577" lon="82.3029915">
        <ele>3247.0</ele>
      </trkpt>
      <trkpt lat="42.7415006" lon="82.3031078">
        <ele>3237.0</ele>
      </trkpt>
      <trkpt lat="42.7414197" lon="82.3032083">
        <ele>3241.0</ele>
      </trkpt>
      <trkpt lat="42.7413395" lon="82.3032879">
        <ele>3241.0</ele>
      </trkpt>
      <trkpt lat="42.741271" lon="82.3033899">
        <ele>3241.0</ele>
      </trkpt>
      <trkpt lat="42.7411911" lon="82.3034774">
        <ele>3237.0</ele>
      </trkpt>
      <trkpt lat="42.7411107" lon="82.3035657">
        <ele>3237.0</ele>
      </trkpt>
      <trkpt lat="42.741022" lon="82.303544">
        <ele>3237.0</ele>
      </trkpt>
      <trkpt lat="42.7409304" lon="82.3035276">
        <ele>3234.0</ele>
      </trkpt>
      <trkpt lat="42.7408417" lon="82.3035436">
        <ele>3234.0</ele>
      </trkpt>
      <trkpt lat="42.740749" lon="82.303575">
        <ele>3234.0</ele>
      </trkpt>
      <trkpt lat="42.7406941" lon="82.3035975">
        <ele>3226.0</ele>
      </trkpt>
      <trkpt lat="42.7406155" lon="82.3036398">
        <ele>3226.0</ele>
      </trkpt>
      <trkpt lat="42.7405234" lon="82.3036678">
        <ele>3226.0</ele>
      </trkpt>
      <trkpt lat="42.7404344" lon="82.3037051">
        <ele>3226.0</ele>
      </trkpt>
      <trkpt lat="42.7403395" lon="82.3037474">
        <ele>3221.0</ele>
      </trkpt>
      <trkpt lat="42.7402471" lon="82.3037858">
        <ele>3217.0</ele>
      </trkpt>
      <trkpt lat="42.7401613" lon="82.3038353">
        <ele>3217.0</ele>
      </trkpt>
      <trkpt lat="42.7400796" lon="82.3039004">
        <ele>3212.0</ele>
      </trkpt>
      <trkpt lat="42.7399917" lon="82.3039134">
        <ele>3212.0</ele>
      </trkpt>
      <trkpt lat="42.7398973" lon="82.3039195">
        <ele>3212.0</ele>
      </trkpt>
      <trkpt lat="42.7398013" lon="82.3039639">
        <ele>3209.0</ele>
      </trkpt>
      <trkpt lat="42.7397041" lon="82.3039777">
        <ele>3209.0</ele>
      </trkpt>
      <trkpt lat="42.7396297" lon="82.3039894">
        <ele>3209.0</ele>
      </trkpt>
      <trkpt lat="42.7395444" lon="82.3040127">
        <ele>3194.0</ele>
      </trkpt>
      <trkpt lat="42.7394542" lon="82.3040328">
        <ele>3204.0</ele>
      </trkpt>
      <trkpt lat="42.7393633" lon="82.304057">
        <ele>3204.0</ele>
      </trkpt>
      <trkpt lat="42.7392685" lon="82.3040972">
        <ele>3191.0</ele>
      </trkpt>
      <trkpt lat="42.7391702" lon="82.3041244">
        <ele>3191.0</ele>
      </trkpt>
      <trkpt lat="42.7390732" lon="82.3041743">
        <ele>3191.0</ele>
      </trkpt>
      <trkpt lat="42.7389757" lon="82.3042024">
        <ele>3179.0</ele>
      </trkpt>
      <trkpt lat="42.7388809" lon="82.3042152">
        <ele>3179.0</ele>
      </trkpt>
      <trkpt lat="42.7387886" lon="82.3042323">
        <ele>3179.0</ele>
      </trkpt>
      <trkpt lat="42.7386941" lon="82.3042551">
        <ele>3167.0</ele>
      </trkpt>
      <trkpt lat="42.7385959" lon="82.3042792">
        <ele>3167.0</ele>
      </trkpt>
      <trkpt lat="42.7385493" lon="82.304292">
        <ele>3167.0</ele>
      </trkpt>
      <trkpt lat="42.7384717" lon="82.3042993">
        <ele>3161.0</ele>
      </trkpt>
      <trkpt lat="42.7384208" lon="82.3042865">
        <ele>3161.0</ele>
      </trkpt>
      <trkpt lat="42.7383586" lon="82.3043565">
        <ele>3168.0</ele>
      </trkpt>
      <trkpt lat="42.7383122" lon="82.304469">
        <ele>3168.0</ele>
      </trkpt>
      <trkpt lat="42.7382766" lon="82.3045995">
        <ele>3176.0</ele>
      </trkpt>
      <trkpt lat="42.7382149" lon="82.3047033">
        <ele>3176.0</ele>
      </trkpt>
      <trkpt lat="42.7381387" lon="82.3047891">
        <ele>3164.0</ele>
      </trkpt>
      <trkpt lat="42.7380615" lon="82.3048643">
        <ele>3167.0</ele>
      </trkpt>
      <trkpt lat="42.7379803" lon="82.3048163">
        <ele>3164.0</ele>
      </trkpt>
      <trkpt lat="42.7378901" lon="82.3047705">
        <ele>3153.0</ele>
      </trkpt>
      <trkpt lat="42.7378397" lon="82.3048544">
        <ele>3153.0</ele>
      </trkpt>
      <trkpt lat="42.7377513" lon="82.3049203">
        <ele>3154.0</ele>
      </trkpt>
      <trkpt lat="42.7376694" lon="82.3049799">
        <ele>3154.0</ele>
      </trkpt>
      <trkpt lat="42.7375775" lon="82.3050239">
        <ele>3140.0</ele>
      </trkpt>
      <trkpt lat="42.7374908" lon="82.3050849">
        <ele>3140.0</ele>
      </trkpt>
      <trkpt lat="42.737402" lon="82.305119">
        <ele>3140.0</ele>
      </trkpt>
      <trkpt lat="42.7373248" lon="82.3051819">
        <ele>3124.0</ele>
      </trkpt>
      <trkpt lat="42.7372449" lon="82.3052462">
        <ele>3124.0</ele>
      </trkpt>
      <trkpt lat="42.7371548" lon="82.3052766">
        <ele>3124.0</ele>
      </trkpt>
      <trkpt lat="42.7370634" lon="82.30527">
        <ele>3106.0</ele>
      </trkpt>
      <trkpt lat="42.7369974" lon="82.3053372">
        <ele>3106.0</ele>
      </trkpt>
      <trkpt lat="42.7369733" lon="82.3054694">
        <ele>3118.0</ele>
      </trkpt>
      <trkpt lat="42.7369798" lon="82.3056039">
        <ele>3118.0</ele>
      </trkpt>
      <trkpt lat="42.7369139" lon="82.3056823">
        <ele>3118.0</ele>
      </trkpt>
      <trkpt lat="42.7368747" lon="82.3057892">
        <ele>3127.0</ele>
      </trkpt>
      <trkpt lat="42.7368579" lon="82.3059137">
        <ele>3127.0</ele>
      </trkpt>
      <trkpt lat="42.7368171" lon="82.3060344">
        <ele>3136.0</ele>
      </trkpt>
      <trkpt lat="42.7367502" lon="82.3061281">
        <ele>3124.0</ele>
      </trkpt>
      <trkpt lat="42.7366708" lon="82.3062029">
        <ele>3124.0</ele>
      </trkpt>
      <trkpt lat="42.7366133" lon="82.3063025">
        <ele>3133.0</ele>
      </trkpt>
      <trkpt lat="42.7365939" lon="82.306422">
        <ele>3133.0</ele>
      </trkpt>
      <trkpt lat="42.7365825" lon="82.3065534">
        <ele>3143.0</ele>
      </trkpt>
      <trkpt lat="42.7365897" lon="82.3066877">
        <ele>3143.0</ele>
      </trkpt>
      <trkpt lat="42.7365343" lon="82.306771">
        <ele>3143.0</ele>
      </trkpt>
      <trkpt lat="42.7364255" lon="82.3067886">
        <ele>3136.0</ele>
      </trkpt>
      <trkpt lat="42.7363314" lon="82.3068225">
        <ele>3152.0</ele>
      </trkpt>
      <trkpt lat="42.7362466" lon="82.306871">
        <ele>3136.0</ele>
      </trkpt>
      <trkpt lat="42.7361693" lon="82.3069452">
        <ele>3136.0</ele>
      </trkpt>
      <trkpt lat="42.7361167" lon="82.307058">
        <ele>3136.0</ele>
      </trkpt>
      <trkpt lat="42.7360591" lon="82.3071608">
        <ele>3154.0</ele>
      </trkpt>
      <trkpt lat="42.7359728" lon="82.3072134">
        <ele>3154.0</ele>
      </trkpt>
      <trkpt lat="42.7358974" lon="82.3072854">
        <ele>3124.0</ele>
      </trkpt>
      <trkpt lat="42.7358116" lon="82.3073386">
        <ele>3124.0</ele>
      </trkpt>
      <trkpt lat="42.7357157" lon="82.3073349">
        <ele>3124.0</ele>
      </trkpt>
      <trkpt lat="42.7356192" lon="82.3073515">
        <ele>3097.0</ele>
      </trkpt>
      <trkpt lat="42.7355346" lon="82.3073974">
        <ele>3120.0</ele>
      </trkpt>
      <trkpt lat="42.7354937" lon="82.3075176">
        <ele>3120.0</ele>
      </trkpt>
      <trkpt lat="42.7354208" lon="82.3075938">
        <ele>3120.0</ele>
      </trkpt>
      <trkpt lat="42.7353191" lon="82.3075947">
        <ele>3104.0</ele>
      </trkpt>
      <trkpt lat="42.7352453" lon="82.3076685">
        <ele>3120.0</ele>
      </trkpt>
      <trkpt lat="42.7351785" lon="82.3077508">
        <ele>3120.0</ele>
      </trkpt>
      <trkpt lat="42.73517" lon="82.3078785">
        <ele>3120.0</ele>
      </trkpt>
      <trkpt lat="42.73511" lon="82.3079589">
        <ele>3123.0</ele>
      </trkpt>
      <trkpt lat="42.7350456" lon="82.3080585">
        <ele>3123.0</ele>
      </trkpt>
      <trkpt lat="42.7350276" lon="82.3081969">
        <ele>3136.0</ele>
      </trkpt>
      <trkpt lat="42.7350354" lon="82.3083332">
        <ele>3136.0</ele>
      </trkpt>
      <trkpt lat="42.7350464" lon="82.3084634">
        <ele>3136.0</ele>
      </trkpt>
      <trkpt lat="42.735003" lon="82.3085819">
        <ele>3162.0</ele>
      </trkpt>
      <trkpt lat="42.7349105" lon="82.3086104">
        <ele>3162.0</ele>
      </trkpt>
      <trkpt lat="42.7348043" lon="82.308615">
        <ele>3135.0</ele>
      </trkpt>
      <trkpt lat="42.7347024" lon="82.3085564">
        <ele>3135.0</ele>
      </trkpt>
      <trkpt lat="42.7346365" lon="82.3084437">
        <ele>3123.0</ele>
      </trkpt>
      <trkpt lat="42.7345481" lon="82.3083893">
        <ele>3106.0</ele>
      </trkpt>
      <trkpt lat="42.7344835" lon="82.3084604">
        <ele>3106.0</ele>
      </trkpt>
      <trkpt lat="42.7344167" lon="82.3085633">
        <ele>3113.0</ele>
      </trkpt>
      <trkpt lat="42.7343514" lon="82.3086767">
        <ele>3113.0</ele>
      </trkpt>
      <trkpt lat="42.7342865" lon="82.308786">
        <ele>3095.0</ele>
      </trkpt>
      <trkpt lat="42.7342333" lon="82.3089027">
        <ele>3095.0</ele>
      </trkpt>
      <trkpt lat="42.7341922" lon="82.3090196">
        <ele>3095.0</ele>
      </trkpt>
      <trkpt lat="42.7341538" lon="82.3091386">
        <ele>3094.0</ele>
      </trkpt>
      <trkpt lat="42.7341198" lon="82.309264">
        <ele>3094.0</ele>
      </trkpt>
      <trkpt lat="42.7340702" lon="82.3093666">
        <ele>3087.0</ele>
      </trkpt>
      <trkpt lat="42.7340226" lon="82.3094706">
        <ele>3066.0</ele>
      </trkpt>
      <trkpt lat="42.7339994" lon="82.3095902">
        <ele>3065.0</ele>
      </trkpt>
      <trkpt lat="42.7340171" lon="82.3097148">
        <ele>3065.0</ele>
      </trkpt>
      <trkpt lat="42.7340389" lon="82.309842">
        <ele>3080.0</ele>
      </trkpt>
      <trkpt lat="42.7340609" lon="82.3099691">
        <ele>3075.0</ele>
      </trkpt>
      <trkpt lat="42.7340723" lon="82.3100978">
        <ele>3075.0</ele>
      </trkpt>
      <trkpt lat="42.7340565" lon="82.310223">
        <ele>3065.0</ele>
      </trkpt>
      <trkpt lat="42.7340279" lon="82.3103414">
        <ele>3065.0</ele>
      </trkpt>
      <trkpt lat="42.7339401" lon="82.310408">
        <ele>3051.0</ele>
      </trkpt>
      <trkpt lat="42.7338713" lon="82.3104905">
        <ele>3045.0</ele>
      </trkpt>
      <trkpt lat="42.7338059" lon="82.3105975">
        <ele>3045.0</ele>
      </trkpt>
      <trkpt lat="42.7337612" lon="82.3107189">
        <ele>3036.0</ele>
      </trkpt>
      <trkpt lat="42.733758" lon="82.3108555">
        <ele>3036.0</ele>
      </trkpt>
      <trkpt lat="42.7338343" lon="82.3108955">
        <ele>3036.0</ele>
      </trkpt>
      <trkpt lat="42.7339129" lon="82.3108003">
        <ele>3036.0</ele>
      </trkpt>
      <trkpt lat="42.7339956" lon="82.3106917">
        <ele>3045.0</ele>
      </trkpt>
      <trkpt lat="42.7340983" lon="82.3106492">
        <ele>3056.0</ele>
      </trkpt>
      <trkpt lat="42.7342008" lon="82.3106819">
        <ele>3056.0</ele>
      </trkpt>
      <trkpt lat="42.7342924" lon="82.3107541">
        <ele>3048.0</ele>
      </trkpt>
      <trkpt lat="42.7343714" lon="82.3108475">
        <ele>3056.0</ele>
      </trkpt>
      <trkpt lat="42.734452" lon="82.3109148">
        <ele>3056.0</ele>
      </trkpt>
      <trkpt lat="42.7344943" lon="82.3109772">
        <ele>3053.0</ele>
      </trkpt>
      <trkpt lat="42.734559" lon="82.3110529">
        <ele>3053.0</ele>
      </trkpt>
      <trkpt lat="42.7346546" lon="82.3110213">
        <ele>3062.0</ele>
      </trkpt>
      <trkpt lat="42.7347458" lon="82.3110663">
        <ele>3062.0</ele>
      </trkpt>
      <trkpt lat="42.7348373" lon="82.3111236">
        <ele>3062.0</ele>
      </trkpt>
      <trkpt lat="42.7349352" lon="82.3111458">
        <ele>3084.0</ele>
      </trkpt>
      <trkpt lat="42.7350343" lon="82.3111663">
        <ele>3084.0</ele>
      </trkpt>
      <trkpt lat="42.735127" lon="82.3111823">
        <ele>3084.0</ele>
      </trkpt>
      <trkpt lat="42.7351015" lon="82.3112988">
        <ele>3074.0</ele>
      </trkpt>
      <trkpt lat="42.7350611" lon="82.3114106">
        <ele>3074.0</ele>
      </trkpt>
      <trkpt lat="42.7349865" lon="82.3115061">
        <ele>3074.0</ele>
      </trkpt>
      <trkpt lat="42.73492" lon="82.3116027">
        <ele>3065.0</ele>
      </trkpt>
      <trkpt lat="42.7348354" lon="82.3116654">
        <ele>3048.0</ele>
      </trkpt>
      <trkpt lat="42.7347407" lon="82.3117228">
        <ele>3048.0</ele>
      </trkpt>
      <trkpt lat="42.7346493" lon="82.3117826">
        <ele>3048.0</ele>
      </trkpt>
      <trkpt lat="42.7345646" lon="82.3118467">
        <ele>3032.0</ele>
      </trkpt>
      <trkpt lat="42.7344642" lon="82.3118904">
        <ele>3032.0</ele>
      </trkpt>
      <trkpt lat="42.734367" lon="82.3119362">
        <ele>3032.0</ele>
      </trkpt>
      <trkpt lat="42.7342754" lon="82.3119857">
        <ele>3019.0</ele>
      </trkpt>
      <trkpt lat="42.7341754" lon="82.3120148">
        <ele>3019.0</ele>
      </trkpt>
      <trkpt lat="42.7340863" lon="82.3120603">
        <ele>3019.0</ele>
      </trkpt>
      <trkpt lat="42.7340346" lon="82.3121094">
        <ele>3025.0</ele>
      </trkpt>
      <trkpt lat="42.7339593" lon="82.3121894">
        <ele>3010.0</ele>
      </trkpt>
      <trkpt lat="42.7338749" lon="82.312256">
        <ele>3010.0</ele>
      </trkpt>
      <trkpt lat="42.7337897" lon="82.312331">
        <ele>3010.0</ele>
      </trkpt>
      <trkpt lat="42.7337483" lon="82.3124552">
        <ele>3010.0</ele>
      </trkpt>
      <trkpt lat="42.7336965" lon="82.3125758">
        <ele>3010.0</ele>
      </trkpt>
      <trkpt lat="42.7336192" lon="82.3126462">
        <ele>3023.0</ele>
      </trkpt>
      <trkpt lat="42.7335684" lon="82.3126978">
        <ele>3023.0</ele>
      </trkpt>
      <trkpt lat="42.7335034" lon="82.3127674">
        <ele>3023.0</ele>
      </trkpt>
      <trkpt lat="42.7334128" lon="82.3128048">
        <ele>3009.0</ele>
      </trkpt>
      <trkpt lat="42.7333308" lon="82.3128654">
        <ele>3009.0</ele>
      </trkpt>
      <trkpt lat="42.7332326" lon="82.3129256">
        <ele>3016.0</ele>
      </trkpt>
      <trkpt lat="42.7331565" lon="82.3130092">
        <ele>3003.0</ele>
      </trkpt>
      <trkpt lat="42.7331015" lon="82.3131152">
        <ele>3003.0</ele>
      </trkpt>
      <trkpt lat="42.7330585" lon="82.3132483">
        <ele>3011.0</ele>
      </trkpt>
      <trkpt lat="42.7330433" lon="82.3133835">
        <ele>3011.0</ele>
      </trkpt>
      <trkpt lat="42.7330056" lon="82.3135129">
        <ele>3019.0</ele>
      </trkpt>
      <trkpt lat="42.7329518" lon="82.3136259">
        <ele>3019.0</ele>
      </trkpt>
      <trkpt lat="42.7328854" lon="82.3137233">
        <ele>3000.0</ele>
      </trkpt>
      <trkpt lat="42.7328359" lon="82.3138411">
        <ele>3007.0</ele>
      </trkpt>
      <trkpt lat="42.7328487" lon="82.3139735">
        <ele>3007.0</ele>
      </trkpt>
      <trkpt lat="42.7328501" lon="82.3141057">
        <ele>3016.0</ele>
      </trkpt>
      <trkpt lat="42.7328434" lon="82.3141707">
        <ele>3016.0</ele>
      </trkpt>
      <trkpt lat="42.7328167" lon="82.3142695">
        <ele>3016.0</ele>
      </trkpt>
      <trkpt lat="42.7327597" lon="82.3143672">
        <ele>3016.0</ele>
      </trkpt>
      <trkpt lat="42.732709" lon="82.3144743">
        <ele>3016.0</ele>
      </trkpt>
      <trkpt lat="42.7326681" lon="82.3146021">
        <ele>3014.0</ele>
      </trkpt>
      <trkpt lat="42.7326382" lon="82.3147289">
        <ele>3007.0</ele>
      </trkpt>
      <trkpt lat="42.732576" lon="82.3148326">
        <ele>3007.0</ele>
      </trkpt>
      <trkpt lat="42.7325125" lon="82.3149297">
        <ele>3004.0</ele>
      </trkpt>
      <trkpt lat="42.7324389" lon="82.3150203">
        <ele>3004.0</ele>
      </trkpt>
      <trkpt lat="42.7323905" lon="82.3151284">
        <ele>3004.0</ele>
      </trkpt>
      <trkpt lat="42.7323533" lon="82.3152479">
        <ele>2986.0</ele>
      </trkpt>
      <trkpt lat="42.7323495" lon="82.315383">
        <ele>2986.0</ele>
      </trkpt>
      <trkpt lat="42.7323425" lon="82.3155281">
        <ele>2992.0</ele>
      </trkpt>
      <trkpt lat="42.7323352" lon="82.3156005">
        <ele>2992.0</ele>
      </trkpt>
      <trkpt lat="42.7323585" lon="82.3157008">
        <ele>3002.0</ele>
      </trkpt>
      <trkpt lat="42.7323104" lon="82.3157828">
        <ele>3002.0</ele>
      </trkpt>
      <trkpt lat="42.7322438" lon="82.3158667">
        <ele>3002.0</ele>
      </trkpt>
      <trkpt lat="42.7321601" lon="82.3159516">
        <ele>3002.0</ele>
      </trkpt>
      <trkpt lat="42.7321066" lon="82.3160578">
        <ele>3025.0</ele>
      </trkpt>
      <trkpt lat="42.7320186" lon="82.3160859">
        <ele>3011.0</ele>
      </trkpt>
      <trkpt lat="42.7319179" lon="82.3161007">
        <ele>3011.0</ele>
      </trkpt>
      <trkpt lat="42.7318238" lon="82.316132">
        <ele>3011.0</ele>
      </trkpt>
      <trkpt lat="42.7317353" lon="82.3161701">
        <ele>2990.0</ele>
      </trkpt>
      <trkpt lat="42.7316412" lon="82.3162171">
        <ele>2990.0</ele>
      </trkpt>
      <trkpt lat="42.7316026" lon="82.3163298">
        <ele>3014.0</ele>
      </trkpt>
      <trkpt lat="42.7316138" lon="82.3164601">
        <ele>3014.0</ele>
      </trkpt>
      <trkpt lat="42.7316195" lon="82.3166029">
        <ele>3025.0</ele>
      </trkpt>
      <trkpt lat="42.7316432" lon="82.3167353">
        <ele>3025.0</ele>
      </trkpt>
      <trkpt lat="42.7316564" lon="82.3168748">
        <ele>3036.0</ele>
      </trkpt>
      <trkpt lat="42.7315998" lon="82.3169784">
        <ele>3036.0</ele>
      </trkpt>
      <trkpt lat="42.7315123" lon="82.3170475">
        <ele>3029.0</ele>
      </trkpt>
      <trkpt lat="42.7314279" lon="82.3171197">
        <ele>3031.0</ele>
      </trkpt>
      <trkpt lat="42.7313855" lon="82.3171535">
        <ele>3031.0</ele>
      </trkpt>
      <trkpt lat="42.7313152" lon="82.3172181">
        <ele>3031.0</ele>
      </trkpt>
      <trkpt lat="42.7312339" lon="82.3172802">
        <ele>3019.0</ele>
      </trkpt>
      <trkpt lat="42.7311357" lon="82.3173343">
        <ele>3019.0</ele>
      </trkpt>
      <trkpt lat="42.7310327" lon="82.3173937">
        <ele>3024.0</ele>
      </trkpt>
      <trkpt lat="42.7309424" lon="82.3174616">
        <ele>3001.0</ele>
      </trkpt>
      <trkpt lat="42.7308585" lon="82.3175218">
        <ele>3001.0</ele>
      </trkpt>
      <trkpt lat="42.7307975" lon="82.317624">
        <ele>3001.0</ele>
      </trkpt>
      <trkpt lat="42.730725" lon="82.3177109">
        <ele>3008.0</ele>
      </trkpt>
      <trkpt lat="42.7306351" lon="82.3177572">
        <ele>2997.0</ele>
      </trkpt>
      <trkpt lat="42.7305417" lon="82.3178003">
        <ele>2997.0</ele>
      </trkpt>
      <trkpt lat="42.7304532" lon="82.3178723">
        <ele>2997.0</ele>
      </trkpt>
      <trkpt lat="42.7303554" lon="82.3179384">
        <ele>2993.0</ele>
      </trkpt>
      <trkpt lat="42.7302805" lon="82.3180228">
        <ele>2993.0</ele>
      </trkpt>
      <trkpt lat="42.7302093" lon="82.3181101">
        <ele>2993.0</ele>
      </trkpt>
      <trkpt lat="42.7301276" lon="82.3181781">
        <ele>2987.0</ele>
      </trkpt>
      <trkpt lat="42.7300682" lon="82.3182801">
        <ele>2987.0</ele>
      </trkpt>
      <trkpt lat="42.7300532" lon="82.3184084">
        <ele>2987.0</ele>
      </trkpt>
      <trkpt lat="42.7300553" lon="82.3185563">
        <ele>2988.0</ele>
      </trkpt>
      <trkpt lat="42.7300466" lon="82.3186922">
        <ele>2988.0</ele>
      </trkpt>
      <trkpt lat="42.7300169" lon="82.3188286">
        <ele>2990.0</ele>
      </trkpt>
      <trkpt lat="42.7299983" lon="82.3189774">
        <ele>2990.0</ele>
      </trkpt>
      <trkpt lat="42.730006" lon="82.3191164">
        <ele>2990.0</ele>
      </trkpt>
      <trkpt lat="42.7300233" lon="82.3192521">
        <ele>2990.0</ele>
      </trkpt>
      <trkpt lat="42.7300538" lon="82.3193916">
        <ele>2983.0</ele>
      </trkpt>
      <trkpt lat="42.7300645" lon="82.3194401">
        <ele>2983.0</ele>
      </trkpt>
      <trkpt lat="42.7301073" lon="82.3195432">
        <ele>2983.0</ele>
      </trkpt>
      <trkpt lat="42.7301206" lon="82.3196271">
        <ele>2977.0</ele>
      </trkpt>
      <trkpt lat="42.7301794" lon="82.3197216">
        <ele>2993.0</ele>
      </trkpt>
      <trkpt lat="42.7302251" lon="82.3198463">
        <ele>2993.0</ele>
      </trkpt>
      <trkpt lat="42.7302577" lon="82.3199888">
        <ele>2989.0</ele>
      </trkpt>
      <trkpt lat="42.7302242" lon="82.3201132">
        <ele>2989.0</ele>
      </trkpt>
      <trkpt lat="42.7301555" lon="82.3202036">
        <ele>2986.0</ele>
      </trkpt>
      <trkpt lat="42.7301117" lon="82.320334">
        <ele>2970.0</ele>
      </trkpt>
      <trkpt lat="42.7300776" lon="82.3204645">
        <ele>2968.0</ele>
      </trkpt>
      <trkpt lat="42.7300305" lon="82.320581">
        <ele>2968.0</ele>
      </trkpt>
      <trkpt lat="42.7299921" lon="82.3207046">
        <ele>2972.0</ele>
      </trkpt>
      <trkpt lat="42.7299514" lon="82.320817">
        <ele>2972.0</ele>
      </trkpt>
      <trkpt lat="42.7299172" lon="82.3209299">
        <ele>2972.0</ele>
      </trkpt>
      <trkpt lat="42.7298916" lon="82.3210636">
        <ele>2976.0</ele>
      </trkpt>
      <trkpt lat="42.7298622" lon="82.3211897">
        <ele>2976.0</ele>
      </trkpt>
      <trkpt lat="42.7298401" lon="82.3213243">
        <ele>2970.0</ele>
      </trkpt>
      <trkpt lat="42.7298058" lon="82.321413">
        <ele>2970.0</ele>
      </trkpt>
      <trkpt lat="42.7297777" lon="82.3215229">
        <ele>2970.0</ele>
      </trkpt>
      <trkpt lat="42.7297555" lon="82.3216538">
        <ele>2970.0</ele>
      </trkpt>
      <trkpt lat="42.729715" lon="82.3217901">
        <ele>2970.0</ele>
      </trkpt>
      <trkpt lat="42.7296528" lon="82.3219157">
        <ele>2981.0</ele>
      </trkpt>
      <trkpt lat="42.7295946" lon="82.3220307">
        <ele>2981.0</ele>
      </trkpt>
      <trkpt lat="42.7295554" lon="82.3221662">
        <ele>2959.0</ele>
      </trkpt>
      <trkpt lat="42.7295323" lon="82.3223113">
        <ele>2959.0</ele>
      </trkpt>
      <trkpt lat="42.7295128" lon="82.3223697">
        <ele>2959.0</ele>
      </trkpt>
      <trkpt lat="42.7294796" lon="82.3224802">
        <ele>2959.0</ele>
      </trkpt>
      <trkpt lat="42.72944" lon="82.3225977">
        <ele>2959.0</ele>
      </trkpt>
      <trkpt lat="42.7293958" lon="82.3227146">
        <ele>2964.0</ele>
      </trkpt>
      <trkpt lat="42.7293315" lon="82.3228102">
        <ele>2964.0</ele>
      </trkpt>
      <trkpt lat="42.7292722" lon="82.3229064">
        <ele>2953.0</ele>
      </trkpt>
      <trkpt lat="42.72922" lon="82.3230201">
        <ele>2954.0</ele>
      </trkpt>
      <trkpt lat="42.7291836" lon="82.3231391">
        <ele>2954.0</ele>
      </trkpt>
      <trkpt lat="42.7291288" lon="82.3232506">
        <ele>2957.0</ele>
      </trkpt>
      <trkpt lat="42.7290793" lon="82.3233707">
        <ele>2957.0</ele>
      </trkpt>
      <trkpt lat="42.7290128" lon="82.3234776">
        <ele>2959.0</ele>
      </trkpt>
      <trkpt lat="42.7289737" lon="82.3235984">
        <ele>2959.0</ele>
      </trkpt>
      <trkpt lat="42.7289424" lon="82.3237208">
        <ele>2959.0</ele>
      </trkpt>
      <trkpt lat="42.7288983" lon="82.323835">
        <ele>2960.0</ele>
      </trkpt>
      <trkpt lat="42.7288501" lon="82.3239692">
        <ele>2960.0</ele>
      </trkpt>
      <trkpt lat="42.7288321" lon="82.3241094">
        <ele>2955.0</ele>
      </trkpt>
      <trkpt lat="42.7288361" lon="82.3242486">
        <ele>2955.0</ele>
      </trkpt>
      <trkpt lat="42.7288408" lon="82.324386">
        <ele>2952.0</ele>
      </trkpt>
      <trkpt lat="42.728844" lon="82.3245198">
        <ele>2952.0</ele>
      </trkpt>
      <trkpt lat="42.7288626" lon="82.3246469">
        <ele>2941.0</ele>
      </trkpt>
      <trkpt lat="42.7288604" lon="82.3247111">
        <ele>2941.0</ele>
      </trkpt>
      <trkpt lat="42.7289208" lon="82.3247717">
        <ele>2941.0</ele>
      </trkpt>
      <trkpt lat="42.7289896" lon="82.3248627">
        <ele>2938.0</ele>
      </trkpt>
      <trkpt lat="42.7290226" lon="82.3249495">
        <ele>2938.0</ele>
      </trkpt>
      <trkpt lat="42.7289968" lon="82.3250713">
        <ele>2938.0</ele>
      </trkpt>
      <trkpt lat="42.7289263" lon="82.3251929">
        <ele>2933.0</ele>
      </trkpt>
      <trkpt lat="42.7288745" lon="82.3252763">
        <ele>2933.0</ele>
      </trkpt>
      <trkpt lat="42.7288602" lon="82.3253864">
        <ele>2933.0</ele>
      </trkpt>
      <trkpt lat="42.728833" lon="82.3254999">
        <ele>2928.0</ele>
      </trkpt>
      <trkpt lat="42.7288156" lon="82.325561">
        <ele>2928.0</ele>
      </trkpt>
      <trkpt lat="42.7287586" lon="82.3256445">
        <ele>2928.0</ele>
      </trkpt>
      <trkpt lat="42.7286839" lon="82.3257316">
        <ele>2910.0</ele>
      </trkpt>
      <trkpt lat="42.7286214" lon="82.3258311">
        <ele>2910.0</ele>
      </trkpt>
      <trkpt lat="42.7285846" lon="82.3258807">
        <ele>2910.0</ele>
      </trkpt>
      <trkpt lat="42.7285286" lon="82.3259716">
        <ele>2910.0</ele>
      </trkpt>
      <trkpt lat="42.7285073" lon="82.3260208">
        <ele>2912.0</ele>
      </trkpt>
      <trkpt lat="42.7284825" lon="82.3261159">
        <ele>2912.0</ele>
      </trkpt>
      <trkpt lat="42.7284475" lon="82.3262427">
        <ele>2904.0</ele>
      </trkpt>
      <trkpt lat="42.7284049" lon="82.3263608">
        <ele>2907.0</ele>
      </trkpt>
      <trkpt lat="42.7283285" lon="82.3264478">
        <ele>2907.0</ele>
      </trkpt>
      <trkpt lat="42.7282334" lon="82.3265126">
        <ele>2907.0</ele>
      </trkpt>
      <trkpt lat="42.7281479" lon="82.3265848">
        <ele>2895.0</ele>
      </trkpt>
      <trkpt lat="42.7280604" lon="82.326643">
        <ele>2895.0</ele>
      </trkpt>
      <trkpt lat="42.727987" lon="82.3266818">
        <ele>2895.0</ele>
      </trkpt>
      <trkpt lat="42.7279003" lon="82.3266807">
        <ele>2884.0</ele>
      </trkpt>
      <trkpt lat="42.7278071" lon="82.3266509">
        <ele>2884.0</ele>
      </trkpt>
      <trkpt lat="42.7277103" lon="82.3265976">
        <ele>2884.0</ele>
      </trkpt>
      <trkpt lat="42.727625" lon="82.3265334">
        <ele>2872.0</ele>
      </trkpt>
      <trkpt lat="42.7275283" lon="82.3264779">
        <ele>2875.0</ele>
      </trkpt>
      <trkpt lat="42.7274367" lon="82.326427">
        <ele>2875.0</ele>
      </trkpt>
      <trkpt lat="42.7273402" lon="82.3264184">
        <ele>2869.0</ele>
      </trkpt>
      <trkpt lat="42.7272464" lon="82.3264246">
        <ele>2869.0</ele>
      </trkpt>
      <trkpt lat="42.7271563" lon="82.3264328">
        <ele>2869.0</ele>
      </trkpt>
      <trkpt lat="42.7270762" lon="82.3263702">
        <ele>2860.0</ele>
      </trkpt>
      <trkpt lat="42.7269829" lon="82.326379">
        <ele>2860.0</ele>
      </trkpt>
      <trkpt lat="42.7268859" lon="82.3264">
        <ele>2860.0</ele>
      </trkpt>
      <trkpt lat="42.7267828" lon="82.326406">
        <ele>2844.0</ele>
      </trkpt>
      <trkpt lat="42.7267208" lon="82.326494">
        <ele>2844.0</ele>
      </trkpt>
      <trkpt lat="42.7266731" lon="82.3266079">
        <ele>2842.0</ele>
      </trkpt>
      <trkpt lat="42.7266239" lon="82.326726">
        <ele>2842.0</ele>
      </trkpt>
      <trkpt lat="42.7265816" lon="82.3268463">
        <ele>2840.0</ele>
      </trkpt>
      <trkpt lat="42.7265462" lon="82.3269691">
        <ele>2840.0</ele>
      </trkpt>
      <trkpt lat="42.7265005" lon="82.3270872">
        <ele>2838.0</ele>
      </trkpt>
      <trkpt lat="42.7264458" lon="82.3272059">
        <ele>2838.0</ele>
      </trkpt>
      <trkpt lat="42.7263736" lon="82.3272928">
        <ele>2838.0</ele>
      </trkpt>
      <trkpt lat="42.7263034" lon="82.3273772">
        <ele>2834.0</ele>
      </trkpt>
      <trkpt lat="42.7262267" lon="82.3274524">
        <ele>2830.0</ele>
      </trkpt>
      <trkpt lat="42.7261523" lon="82.3275242">
        <ele>2830.0</ele>
      </trkpt>
      <trkpt lat="42.7260896" lon="82.3276281">
        <ele>2830.0</ele>
      </trkpt>
      <trkpt lat="42.726075" lon="82.3277033">
        <ele>2823.0</ele>
      </trkpt>
      <trkpt lat="42.7260767" lon="82.3278149">
        <ele>2823.0</ele>
      </trkpt>
      <trkpt lat="42.7260745" lon="82.3279485">
        <ele>2816.0</ele>
      </trkpt>
      <trkpt lat="42.7260909" lon="82.3280915">
        <ele>2816.0</ele>
      </trkpt>
      <trkpt lat="42.7260994" lon="82.3282238">
        <ele>2811.0</ele>
      </trkpt>
      <trkpt lat="42.7261269" lon="82.3283639">
        <ele>2811.0</ele>
      </trkpt>
      <trkpt lat="42.7261539" lon="82.3284668">
        <ele>2811.0</ele>
      </trkpt>
      <trkpt lat="42.7262206" lon="82.3285716">
        <ele>2807.0</ele>
      </trkpt>
      <trkpt lat="42.7262618" lon="82.3286952">
        <ele>2808.0</ele>
      </trkpt>
      <trkpt lat="42.7262613" lon="82.3288228">
        <ele>2798.0</ele>
      </trkpt>
      <trkpt lat="42.7262853" lon="82.3289455">
        <ele>2798.0</ele>
      </trkpt>
      <trkpt lat="42.7262945" lon="82.3290101">
        <ele>2798.0</ele>
      </trkpt>
      <trkpt lat="42.7263673" lon="82.3290829">
        <ele>2791.0</ele>
      </trkpt>
      <trkpt lat="42.7264338" lon="82.329171">
        <ele>2791.0</ele>
      </trkpt>
      <trkpt lat="42.7265215" lon="82.3292481">
        <ele>2791.0</ele>
      </trkpt>
      <trkpt lat="42.7265985" lon="82.3293342">
        <ele>2794.0</ele>
      </trkpt>
      <trkpt lat="42.726665" lon="82.3294442">
        <ele>2794.0</ele>
      </trkpt>
      <trkpt lat="42.7267177" lon="82.3295308">
        <ele>2794.0</ele>
      </trkpt>
      <trkpt lat="42.7267541" lon="82.3296377">
        <ele>2788.0</ele>
      </trkpt>
      <trkpt lat="42.726772" lon="82.3297648">
        <ele>2788.0</ele>
      </trkpt>
      <trkpt lat="42.7267783" lon="82.3298901">
        <ele>2784.0</ele>
      </trkpt>
      <trkpt lat="42.726747" lon="82.3300139">
        <ele>2784.0</ele>
      </trkpt>
      <trkpt lat="42.7266668" lon="82.3300825">
        <ele>2784.0</ele>
      </trkpt>
      <trkpt lat="42.7266349" lon="82.330088">
        <ele>2784.0</ele>
      </trkpt>
      <trkpt lat="42.726575" lon="82.3301521">
        <ele>2783.0</ele>
      </trkpt>
      <trkpt lat="42.7265482" lon="82.330269">
        <ele>2783.0</ele>
      </trkpt>
      <trkpt lat="42.7264923" lon="82.3303774">
        <ele>2771.0</ele>
      </trkpt>
      <trkpt lat="42.7264147" lon="82.3304772">
        <ele>2770.0</ele>
      </trkpt>
      <trkpt lat="42.7263896" lon="82.3305955">
        <ele>2770.0</ele>
      </trkpt>
      <trkpt lat="42.7263161" lon="82.3306259">
        <ele>2770.0</ele>
      </trkpt>
      <trkpt lat="42.7262274" lon="82.3306709">
        <ele>2757.0</ele>
      </trkpt>
      <trkpt lat="42.7261087" lon="82.330687">
        <ele>2757.0</ele>
      </trkpt>
      <trkpt lat="42.7260197" lon="82.3306444">
        <ele>2757.0</ele>
      </trkpt>
      <trkpt lat="42.7259437" lon="82.3306784">
        <ele>2747.0</ele>
      </trkpt>
      <trkpt lat="42.7258573" lon="82.3306833">
        <ele>2747.0</ele>
      </trkpt>
      <trkpt lat="42.7257635" lon="82.3306784">
        <ele>2747.0</ele>
      </trkpt>
      <trkpt lat="42.7256724" lon="82.3307033">
        <ele>2731.0</ele>
      </trkpt>
      <trkpt lat="42.7255805" lon="82.3307321">
        <ele>2731.0</ele>
      </trkpt>
      <trkpt lat="42.725509" lon="82.3306588">
        <ele>2731.0</ele>
      </trkpt>
      <trkpt lat="42.7254118" lon="82.330636">
        <ele>2723.0</ele>
      </trkpt>
      <trkpt lat="42.7253582" lon="82.3305378">
        <ele>2723.0</ele>
      </trkpt>
      <trkpt lat="42.725354" lon="82.330534">
        <ele>2723.0</ele>
      </trkpt>
      <trkpt lat="42.725346" lon="82.3304349">
        <ele>2723.0</ele>
      </trkpt>
      <trkpt lat="42.7252738" lon="82.3303947">
        <ele>2729.0</ele>
      </trkpt>
      <trkpt lat="42.7251924" lon="82.3303376">
        <ele>2729.0</ele>
      </trkpt>
      <trkpt lat="42.7250979" lon="82.3303285">
        <ele>2715.0</ele>
      </trkpt>
      <trkpt lat="42.7250014" lon="82.3303495">
        <ele>2715.0</ele>
      </trkpt>
      <trkpt lat="42.7249165" lon="82.3304338">
        <ele>2710.0</ele>
      </trkpt>
      <trkpt lat="42.7248297" lon="82.3304892">
        <ele>2697.0</ele>
      </trkpt>
      <trkpt lat="42.724759" lon="82.330584">
        <ele>2697.0</ele>
      </trkpt>
      <trkpt lat="42.724683" lon="82.3306758">
        <ele>2697.0</ele>
      </trkpt>
      <trkpt lat="42.7245926" lon="82.3306891">
        <ele>2697.0</ele>
      </trkpt>
      <trkpt lat="42.7245014" lon="82.330658">
        <ele>2687.0</ele>
      </trkpt>
      <trkpt lat="42.7244124" lon="82.3306725">
        <ele>2687.0</ele>
      </trkpt>
      <trkpt lat="42.7243195" lon="82.3307164">
        <ele>2686.0</ele>
      </trkpt>
      <trkpt lat="42.7242527" lon="82.3307616">
        <ele>2674.0</ele>
      </trkpt>
      <trkpt lat="42.7242331" lon="82.3308696">
        <ele>2674.0</ele>
      </trkpt>
      <trkpt lat="42.7241637" lon="82.3309396">
        <ele>2674.0</ele>
      </trkpt>
      <trkpt lat="42.7240963" lon="82.3310334">
        <ele>2673.0</ele>
      </trkpt>
      <trkpt lat="42.7240221" lon="82.3311138">
        <ele>2663.0</ele>
      </trkpt>
      <trkpt lat="42.7239342" lon="82.3311755">
        <ele>2663.0</ele>
      </trkpt>
      <trkpt lat="42.7238575" lon="82.3312608">
        <ele>2667.0</ele>
      </trkpt>
      <trkpt lat="42.7237877" lon="82.3313587">
        <ele>2667.0</ele>
      </trkpt>
      <trkpt lat="42.7237265" lon="82.3314636">
        <ele>2657.0</ele>
      </trkpt>
      <trkpt lat="42.7236578" lon="82.3315468">
        <ele>2659.0</ele>
      </trkpt>
      <trkpt lat="42.7235801" lon="82.33162">
        <ele>2659.0</ele>
      </trkpt>
      <trkpt lat="42.7234954" lon="82.3316825">
        <ele>2659.0</ele>
      </trkpt>
      <trkpt lat="42.7234015" lon="82.3317432">
        <ele>2655.0</ele>
      </trkpt>
      <trkpt lat="42.7233278" lon="82.3318212">
        <ele>2656.0</ele>
      </trkpt>
      <trkpt lat="42.7232643" lon="82.3319184">
        <ele>2656.0</ele>
      </trkpt>
      <trkpt lat="42.723201" lon="82.332014">
        <ele>2656.0</ele>
      </trkpt>
      <trkpt lat="42.7231262" lon="82.3321075">
        <ele>2652.0</ele>
      </trkpt>
      <trkpt lat="42.7230743" lon="82.3322178">
        <ele>2652.0</ele>
      </trkpt>
      <trkpt lat="42.7230333" lon="82.3323363">
        <ele>2652.0</ele>
      </trkpt>
      <trkpt lat="42.7229543" lon="82.3324092">
        <ele>2651.0</ele>
      </trkpt>
      <trkpt lat="42.7228665" lon="82.3324797">
        <ele>2645.0</ele>
      </trkpt>
      <trkpt lat="42.7228338" lon="82.3325052">
        <ele>2645.0</ele>
      </trkpt>
      <trkpt lat="42.7227597" lon="82.3325473">
        <ele>2645.0</ele>
      </trkpt>
      <trkpt lat="42.7226773" lon="82.3325974">
        <ele>2645.0</ele>
      </trkpt>
      <trkpt lat="42.7226008" lon="82.3326813">
        <ele>2642.0</ele>
      </trkpt>
      <trkpt lat="42.7225263" lon="82.3327799">
        <ele>2642.0</ele>
      </trkpt>
      <trkpt lat="42.7224466" lon="82.3328756">
        <ele>2642.0</ele>
      </trkpt>
      <trkpt lat="42.7223714" lon="82.332983">
        <ele>2643.0</ele>
      </trkpt>
      <trkpt lat="42.7222824" lon="82.333059">
        <ele>2635.0</ele>
      </trkpt>
      <trkpt lat="42.7222412" lon="82.333185">
        <ele>2635.0</ele>
      </trkpt>
      <trkpt lat="42.7222187" lon="82.3333269">
        <ele>2635.0</ele>
      </trkpt>
      <trkpt lat="42.7221839" lon="82.333451">
        <ele>2635.0</ele>
      </trkpt>
      <trkpt lat="42.7221306" lon="82.3335747">
        <ele>2639.0</ele>
      </trkpt>
      <trkpt lat="42.7220525" lon="82.3336735">
        <ele>2629.0</ele>
      </trkpt>
      <trkpt lat="42.721957" lon="82.3337308">
        <ele>2629.0</ele>
      </trkpt>
      <trkpt lat="42.7218598" lon="82.3337148">
        <ele>2629.0</ele>
      </trkpt>
      <trkpt lat="42.7217529" lon="82.3337347">
        <ele>2624.0</ele>
      </trkpt>
      <trkpt lat="42.7216567" lon="82.3337689">
        <ele>2625.0</ele>
      </trkpt>
      <trkpt lat="42.7215867" lon="82.3337735">
        <ele>2625.0</ele>
      </trkpt>
      <trkpt lat="42.7215129" lon="82.3338469">
        <ele>2617.0</ele>
      </trkpt>
      <trkpt lat="42.7214151" lon="82.3339144">
        <ele>2617.0</ele>
      </trkpt>
      <trkpt lat="42.7213202" lon="82.3339728">
        <ele>2617.0</ele>
      </trkpt>
      <trkpt lat="42.7212302" lon="82.3340328">
        <ele>2617.0</ele>
      </trkpt>
      <trkpt lat="42.7211588" lon="82.3341272">
        <ele>2617.0</ele>
      </trkpt>
      <trkpt lat="42.721095" lon="82.3342347">
        <ele>2617.0</ele>
      </trkpt>
      <trkpt lat="42.7210298" lon="82.3343321">
        <ele>2627.0</ele>
      </trkpt>
      <trkpt lat="42.7209534" lon="82.3344003">
        <ele>2622.0</ele>
      </trkpt>
      <trkpt lat="42.7208669" lon="82.3344554">
        <ele>2622.0</ele>
      </trkpt>
      <trkpt lat="42.7207757" lon="82.3344728">
        <ele>2622.0</ele>
      </trkpt>
      <trkpt lat="42.7206791" lon="82.3344869">
        <ele>2626.0</ele>
      </trkpt>
      <trkpt lat="42.7205794" lon="82.3345264">
        <ele>2626.0</ele>
      </trkpt>
      <trkpt lat="42.7204718" lon="82.3345508">
        <ele>2626.0</ele>
      </trkpt>
      <trkpt lat="42.7203771" lon="82.3345814">
        <ele>2616.0</ele>
      </trkpt>
      <trkpt lat="42.7202754" lon="82.3346006">
        <ele>2617.0</ele>
      </trkpt>
      <trkpt lat="42.7201816" lon="82.3346141">
        <ele>2617.0</ele>
      </trkpt>
      <trkpt lat="42.7201108" lon="82.334682">
        <ele>2610.0</ele>
      </trkpt>
      <trkpt lat="42.7200883" lon="82.3348065">
        <ele>2610.0</ele>
      </trkpt>
      <trkpt lat="42.7200378" lon="82.3349302">
        <ele>2610.0</ele>
      </trkpt>
      <trkpt lat="42.7199926" lon="82.3350481">
        <ele>2610.0</ele>
      </trkpt>
      <trkpt lat="42.7199475" lon="82.335167">
        <ele>2601.0</ele>
      </trkpt>
      <trkpt lat="42.7199352" lon="82.3352955">
        <ele>2601.0</ele>
      </trkpt>
      <trkpt lat="42.7199075" lon="82.3354185">
        <ele>2591.0</ele>
      </trkpt>
      <trkpt lat="42.7198494" lon="82.3355196">
        <ele>2568.0</ele>
      </trkpt>
      <trkpt lat="42.7197698" lon="82.3355898">
        <ele>2568.0</ele>
      </trkpt>
      <trkpt lat="42.71967" lon="82.3356394">
        <ele>2568.0</ele>
      </trkpt>
      <trkpt lat="42.7195705" lon="82.3357082">
        <ele>2543.0</ele>
      </trkpt>
      <trkpt lat="42.7194887" lon="82.3357884">
        <ele>2543.0</ele>
      </trkpt>
      <trkpt lat="42.71941" lon="82.3358539">
        <ele>2543.0</ele>
      </trkpt>
      <trkpt lat="42.7193312" lon="82.3359311">
        <ele>2543.0</ele>
      </trkpt>
      <trkpt lat="42.7193209" lon="82.3359459">
        <ele>2543.0</ele>
      </trkpt>
      <trkpt lat="42.7193713" lon="82.3360175">
        <ele>2542.0</ele>
      </trkpt>
      <trkpt lat="42.7193852" lon="82.3361409">
        <ele>2542.0</ele>
      </trkpt>
      <trkpt lat="42.7193587" lon="82.3362698">
        <ele>2544.0</ele>
      </trkpt>
      <trkpt lat="42.7193298" lon="82.3363953">
        <ele>2544.0</ele>
      </trkpt>
      <trkpt lat="42.7192629" lon="82.3363748">
        <ele>2525.0</ele>
      </trkpt>
      <trkpt lat="42.7191821" lon="82.3363039">
        <ele>2525.0</ele>
      </trkpt>
      <trkpt lat="42.7191463" lon="82.3363792">
        <ele>2525.0</ele>
      </trkpt>
      <trkpt lat="42.7191378" lon="82.3365044">
        <ele>2525.0</ele>
      </trkpt>
      <trkpt lat="42.7191591" lon="82.3366791">
        <ele>2523.0</ele>
      </trkpt>
      <trkpt lat="42.7191469" lon="82.3368027">
        <ele>2523.0</ele>
      </trkpt>
      <trkpt lat="42.7191016" lon="82.3369076">
        <ele>2527.0</ele>
      </trkpt>
      <trkpt lat="42.7190433" lon="82.3370019">
        <ele>2527.0</ele>
      </trkpt>
      <trkpt lat="42.7189627" lon="82.3370712">
        <ele>2507.0</ele>
      </trkpt>
      <trkpt lat="42.7188864" lon="82.3371435">
        <ele>2512.0</ele>
      </trkpt>
      <trkpt lat="42.7187894" lon="82.3371742">
        <ele>2512.0</ele>
      </trkpt>
      <trkpt lat="42.7186855" lon="82.3371998">
        <ele>2495.0</ele>
      </trkpt>
      <trkpt lat="42.7185863" lon="82.3371851">
        <ele>2495.0</ele>
      </trkpt>
      <trkpt lat="42.7185118" lon="82.3372485">
        <ele>2495.0</ele>
      </trkpt>
      <trkpt lat="42.7184493" lon="82.3373384">
        <ele>2478.0</ele>
      </trkpt>
      <trkpt lat="42.71841" lon="82.3374718">
        <ele>2490.0</ele>
      </trkpt>
      <trkpt lat="42.7183327" lon="82.3373938">
        <ele>2490.0</ele>
      </trkpt>
      <trkpt lat="42.7182607" lon="82.3374485">
        <ele>2490.0</ele>
      </trkpt>
      <trkpt lat="42.7181783" lon="82.3375076">
        <ele>2473.0</ele>
      </trkpt>
      <trkpt lat="42.7180859" lon="82.3375446">
        <ele>2473.0</ele>
      </trkpt>
      <trkpt lat="42.7179967" lon="82.3375013">
        <ele>2473.0</ele>
      </trkpt>
      <trkpt lat="42.7179478" lon="82.3375906">
        <ele>2473.0</ele>
      </trkpt>
      <trkpt lat="42.7178854" lon="82.3376872">
        <ele>2459.0</ele>
      </trkpt>
      <trkpt lat="42.7178098" lon="82.3377684">
        <ele>2459.0</ele>
      </trkpt>
      <trkpt lat="42.7177355" lon="82.3378526">
        <ele>2459.0</ele>
      </trkpt>
      <trkpt lat="42.7176787" lon="82.3379529">
        <ele>2463.0</ele>
      </trkpt>
      <trkpt lat="42.7176451" lon="82.338071">
        <ele>2463.0</ele>
      </trkpt>
      <trkpt lat="42.7176219" lon="82.3381123">
        <ele>2444.0</ele>
      </trkpt>
      <trkpt lat="42.7176125" lon="82.3382269">
        <ele>2439.0</ele>
      </trkpt>
      <trkpt lat="42.7176098" lon="82.3383692">
        <ele>2439.0</ele>
      </trkpt>
      <trkpt lat="42.7176132" lon="82.3385025">
        <ele>2433.0</ele>
      </trkpt>
      <trkpt lat="42.7176453" lon="82.3386426">
        <ele>2459.0</ele>
      </trkpt>
      <trkpt lat="42.7176434" lon="82.3387905">
        <ele>2452.0</ele>
      </trkpt>
      <trkpt lat="42.7176358" lon="82.338855">
        <ele>2428.0</ele>
      </trkpt>
      <trkpt lat="42.7176414" lon="82.3389558">
        <ele>2452.0</ele>
      </trkpt>
      <trkpt lat="42.7176666" lon="82.3391105">
        <ele>2446.0</ele>
      </trkpt>
      <trkpt lat="42.71769" lon="82.3392838">
        <ele>2446.0</ele>
      </trkpt>
      <trkpt lat="42.7176975" lon="82.3394259">
        <ele>2438.0</ele>
      </trkpt>
      <trkpt lat="42.7176909" lon="82.3395187">
        <ele>2438.0</ele>
      </trkpt>
      <trkpt lat="42.7176031" lon="82.3394422">
        <ele>2414.0</ele>
      </trkpt>
      <trkpt lat="42.717512" lon="82.3393836">
        <ele>2414.0</ele>
      </trkpt>
      <trkpt lat="42.7174215" lon="82.3393432">
        <ele>2414.0</ele>
      </trkpt>
      <trkpt lat="42.7173214" lon="82.3392831">
        <ele>2403.0</ele>
      </trkpt>
      <trkpt lat="42.7172477" lon="82.3391837">
        <ele>2403.0</ele>
      </trkpt>
      <trkpt lat="42.7171688" lon="82.3392025">
        <ele>2403.0</ele>
      </trkpt>
      <trkpt lat="42.7170967" lon="82.3392882">
        <ele>2403.0</ele>
      </trkpt>
      <trkpt lat="42.7170569" lon="82.3394417">
        <ele>2389.0</ele>
      </trkpt>
      <trkpt lat="42.7170192" lon="82.3395549">
        <ele>2389.0</ele>
      </trkpt>
      <trkpt lat="42.7169586" lon="82.3396649">
        <ele>2390.0</ele>
      </trkpt>
      <trkpt lat="42.7168875" lon="82.3397784">
        <ele>2390.0</ele>
      </trkpt>
      <trkpt lat="42.7167968" lon="82.3398183">
        <ele>2377.0</ele>
      </trkpt>
      <trkpt lat="42.7167302" lon="82.3399024">
        <ele>2375.0</ele>
      </trkpt>
      <trkpt lat="42.7166524" lon="82.3398717">
        <ele>2375.0</ele>
      </trkpt>
      <trkpt lat="42.7166063" lon="82.3397481">
        <ele>2377.0</ele>
      </trkpt>
      <trkpt lat="42.7165256" lon="82.3397396">
        <ele>2366.0</ele>
      </trkpt>
      <trkpt lat="42.7164777" lon="82.3398331">
        <ele>2366.0</ele>
      </trkpt>
      <trkpt lat="42.716443" lon="82.3399646">
        <ele>2364.0</ele>
      </trkpt>
      <trkpt lat="42.7164032" lon="82.3400914">
        <ele>2364.0</ele>
      </trkpt>
      <trkpt lat="42.716375" lon="82.3402215">
        <ele>2363.0</ele>
      </trkpt>
      <trkpt lat="42.7163252" lon="82.3403277">
        <ele>2363.0</ele>
      </trkpt>
      <trkpt lat="42.716283" lon="82.3404411">
        <ele>2372.0</ele>
      </trkpt>
      <trkpt lat="42.7162587" lon="82.3405598">
        <ele>2372.0</ele>
      </trkpt>
      <trkpt lat="42.7162628" lon="82.3406954">
        <ele>2387.0</ele>
      </trkpt>
      <trkpt lat="42.7162717" lon="82.3408298">
        <ele>2387.0</ele>
      </trkpt>
      <trkpt lat="42.7163105" lon="82.3409483">
        <ele>2387.0</ele>
      </trkpt>
      <trkpt lat="42.7163253" lon="82.3410045">
        <ele>2405.0</ele>
      </trkpt>
      <trkpt lat="42.7163253" lon="82.3410045">
        <ele>2405.0</ele>
      </trkpt>
      <trkpt lat="42.7162796" lon="82.3410203">
        <ele>2405.0</ele>
      </trkpt>
      <trkpt lat="42.7162796" lon="82.3410203">
        <ele>2405.0</ele>
      </trkpt>
      <trkpt lat="42.7162216" lon="82.3409152">
        <ele>2370.0</ele>
      </trkpt>
      <trkpt lat="42.7161418" lon="82.340838">
        <ele>2370.0</ele>
      </trkpt>
      <trkpt lat="42.7160443" lon="82.3408547">
        <ele>2370.0</ele>
      </trkpt>
      <trkpt lat="42.7159425" lon="82.3408813">
        <ele>2356.0</ele>
      </trkpt>
      <trkpt lat="42.7158357" lon="82.3409073">
        <ele>2356.0</ele>
      </trkpt>
      <trkpt lat="42.7157275" lon="82.3409409">
        <ele>2356.0</ele>
      </trkpt>
      <trkpt lat="42.7156359" lon="82.3410036">
        <ele>2361.0</ele>
      </trkpt>
      <trkpt lat="42.7155499" lon="82.3410079">
        <ele>2361.0</ele>
      </trkpt>
      <trkpt lat="42.7154811" lon="82.3410908">
        <ele>2361.0</ele>
      </trkpt>
      <trkpt lat="42.7154181" lon="82.3411818">
        <ele>2361.0</ele>
      </trkpt>
      <trkpt lat="42.7153629" lon="82.3412899">
        <ele>2364.0</ele>
      </trkpt>
      <trkpt lat="42.7152753" lon="82.3413257">
        <ele>2364.0</ele>
      </trkpt>
      <trkpt lat="42.7151843" lon="82.3413617">
        <ele>2364.0</ele>
      </trkpt>
      <trkpt lat="42.715094" lon="82.341426">
        <ele>2361.0</ele>
      </trkpt>
      <trkpt lat="42.7149887" lon="82.3414322">
        <ele>2361.0</ele>
      </trkpt>
      <trkpt lat="42.7149535" lon="82.3414218">
        <ele>2361.0</ele>
      </trkpt>
      <trkpt lat="42.7148828" lon="82.3414418">
        <ele>2361.0</ele>
      </trkpt>
      <trkpt lat="42.7147906" lon="82.3414972">
        <ele>2358.0</ele>
      </trkpt>
      <trkpt lat="42.7146981" lon="82.3415283">
        <ele>2359.0</ele>
      </trkpt>
      <trkpt lat="42.7146431" lon="82.341552">
        <ele>2359.0</ele>
      </trkpt>
      <trkpt lat="42.7145518" lon="82.3415366">
        <ele>2356.0</ele>
      </trkpt>
      <trkpt lat="42.714453" lon="82.3415456">
        <ele>2356.0</ele>
      </trkpt>
      <trkpt lat="42.714385" lon="82.3414937">
        <ele>2371.0</ele>
      </trkpt>
      <trkpt lat="42.7143038" lon="82.3415303">
        <ele>2364.0</ele>
      </trkpt>
      <trkpt lat="42.7142061" lon="82.3415514">
        <ele>2364.0</ele>
      </trkpt>
      <trkpt lat="42.7141079" lon="82.341589">
        <ele>2364.0</ele>
      </trkpt>
      <trkpt lat="42.7140091" lon="82.3416163">
        <ele>2364.0</ele>
      </trkpt>
      <trkpt lat="42.7138878" lon="82.3416417">
        <ele>2364.0</ele>
      </trkpt>
      <trkpt lat="42.7137551" lon="82.3416917">
        <ele>2364.0</ele>
      </trkpt>
      <trkpt lat="42.7137063" lon="82.3417977">
        <ele>2368.0</ele>
      </trkpt>
      <trkpt lat="42.7136384" lon="82.341871">
        <ele>2357.0</ele>
      </trkpt>
      <trkpt lat="42.713555" lon="82.3419316">
        <ele>2357.0</ele>
      </trkpt>
      <trkpt lat="42.7134678" lon="82.3420036">
        <ele>2363.0</ele>
      </trkpt>
      <trkpt lat="42.7133751" lon="82.3420629">
        <ele>2363.0</ele>
      </trkpt>
      <trkpt lat="42.7133168" lon="82.3421575">
        <ele>2360.0</ele>
      </trkpt>
      <trkpt lat="42.7132373" lon="82.3421849">
        <ele>2360.0</ele>
      </trkpt>
      <trkpt lat="42.7131269" lon="82.3422011">
        <ele>2355.0</ele>
      </trkpt>
      <trkpt lat="42.7130397" lon="82.34225">
        <ele>2355.0</ele>
      </trkpt>
      <trkpt lat="42.7129532" lon="82.3423312">
        <ele>2355.0</ele>
      </trkpt>
      <trkpt lat="42.7129042" lon="82.3424493">
        <ele>2360.0</ele>
      </trkpt>
      <trkpt lat="42.7128351" lon="82.3425259">
        <ele>2360.0</ele>
      </trkpt>
      <trkpt lat="42.7127471" lon="82.3425953">
        <ele>2360.0</ele>
      </trkpt>
      <trkpt lat="42.7126426" lon="82.3426253">
        <ele>2360.0</ele>
      </trkpt>
      <trkpt lat="42.7125391" lon="82.3426162">
        <ele>2365.0</ele>
      </trkpt>
      <trkpt lat="42.7124475" lon="82.3426509">
        <ele>2362.0</ele>
      </trkpt>
      <trkpt lat="42.7123595" lon="82.3426898">
        <ele>2362.0</ele>
      </trkpt>
      <trkpt lat="42.7122742" lon="82.3427706">
        <ele>2362.0</ele>
      </trkpt>
      <trkpt lat="42.7121805" lon="82.3428503">
        <ele>2362.0</ele>
      </trkpt>
      <trkpt lat="42.7120898" lon="82.3429033">
        <ele>2362.0</ele>
      </trkpt>
      <trkpt lat="42.7120017" lon="82.3429707">
        <ele>2360.0</ele>
      </trkpt>
      <trkpt lat="42.7119169" lon="82.3430471">
        <ele>2360.0</ele>
      </trkpt>
      <trkpt lat="42.7118286" lon="82.3430961">
        <ele>2360.0</ele>
      </trkpt>
      <trkpt lat="42.7117328" lon="82.3431296">
        <ele>2370.0</ele>
      </trkpt>
      <trkpt lat="42.7116659" lon="82.3432166">
        <ele>2363.0</ele>
      </trkpt>
      <trkpt lat="42.7115756" lon="82.3432826">
        <ele>2363.0</ele>
      </trkpt>
      <trkpt lat="42.7114752" lon="82.3432949">
        <ele>2357.0</ele>
      </trkpt>
      <trkpt lat="42.7114357" lon="82.343403">
        <ele>2357.0</ele>
      </trkpt>
      <trkpt lat="42.7113947" lon="82.3435324">
        <ele>2348.0</ele>
      </trkpt>
      <trkpt lat="42.7113673" lon="82.3436698">
        <ele>2348.0</ele>
      </trkpt>
      <trkpt lat="42.7113006" lon="82.3437531">
        <ele>2344.0</ele>
      </trkpt>
      <trkpt lat="42.7112038" lon="82.3438003">
        <ele>2336.0</ele>
      </trkpt>
      <trkpt lat="42.7111385" lon="82.3439035">
        <ele>2336.0</ele>
      </trkpt>
      <trkpt lat="42.7110975" lon="82.3440544">
        <ele>2328.0</ele>
      </trkpt>
      <trkpt lat="42.7110422" lon="82.3441881">
        <ele>2328.0</ele>
      </trkpt>
      <trkpt lat="42.7109826" lon="82.3443095">
        <ele>2328.0</ele>
      </trkpt>
      <trkpt lat="42.7109297" lon="82.3444289">
        <ele>2335.0</ele>
      </trkpt>
      <trkpt lat="42.7109409" lon="82.3445724">
        <ele>2335.0</ele>
      </trkpt>
      <trkpt lat="42.710971" lon="82.344641">
        <ele>2341.0</ele>
      </trkpt>
      <trkpt lat="42.7110404" lon="82.3447104">
        <ele>2335.0</ele>
      </trkpt>
      <trkpt lat="42.7110719" lon="82.3447463">
        <ele>2335.0</ele>
      </trkpt>
      <trkpt lat="42.7110834" lon="82.3448417">
        <ele>2335.0</ele>
      </trkpt>
      <trkpt lat="42.7110755" lon="82.3449577">
        <ele>2328.0</ele>
      </trkpt>
      <trkpt lat="42.7110448" lon="82.3450929">
        <ele>2328.0</ele>
      </trkpt>
      <trkpt lat="42.7110316" lon="82.3451295">
        <ele>2328.0</ele>
      </trkpt>
      <trkpt lat="42.7109986" lon="82.3452195">
        <ele>2329.0</ele>
      </trkpt>
      <trkpt lat="42.7109225" lon="82.3452219">
        <ele>2344.0</ele>
      </trkpt>
      <trkpt lat="42.7109015" lon="82.3453227">
        <ele>2344.0</ele>
      </trkpt>
      <trkpt lat="42.7108996" lon="82.3454544">
        <ele>2328.0</ele>
      </trkpt>
      <trkpt lat="42.7108855" lon="82.3455269">
        <ele>2328.0</ele>
      </trkpt>
      <trkpt lat="42.710865" lon="82.3456372">
        <ele>2328.0</ele>
      </trkpt>
      <trkpt lat="42.7108179" lon="82.3457579">
        <ele>2327.0</ele>
      </trkpt>
      <trkpt lat="42.7108331" lon="82.3458763">
        <ele>2327.0</ele>
      </trkpt>
      <trkpt lat="42.7108721" lon="82.3459894">
        <ele>2325.0</ele>
      </trkpt>
      <trkpt lat="42.7109045" lon="82.3461072">
        <ele>2325.0</ele>
      </trkpt>
      <trkpt lat="42.7108867" lon="82.3462206">
        <ele>2325.0</ele>
      </trkpt>
      <trkpt lat="42.7108482" lon="82.3463478">
        <ele>2325.0</ele>
      </trkpt>
      <trkpt lat="42.7107941" lon="82.3464653">
        <ele>2325.0</ele>
      </trkpt>
      <trkpt lat="42.7107474" lon="82.3465844">
        <ele>2313.0</ele>
      </trkpt>
      <trkpt lat="42.7106927" lon="82.3466904">
        <ele>2326.0</ele>
      </trkpt>
      <trkpt lat="42.7106199" lon="82.3467843">
        <ele>2326.0</ele>
      </trkpt>
      <trkpt lat="42.7105965" lon="82.3469125">
        <ele>2330.0</ele>
      </trkpt>
      <trkpt lat="42.7105438" lon="82.3470268">
        <ele>2330.0</ele>
      </trkpt>
      <trkpt lat="42.7104777" lon="82.347139">
        <ele>2330.0</ele>
      </trkpt>
      <trkpt lat="42.7103934" lon="82.3472078">
        <ele>2351.0</ele>
      </trkpt>
      <trkpt lat="42.7103934" lon="82.3472078">
        <ele>2351.0</ele>
      </trkpt>
      <trkpt lat="42.7102996" lon="82.3472257">
        <ele>2351.0</ele>
      </trkpt>
      <trkpt lat="42.7102996" lon="82.3472257">
        <ele>2351.0</ele>
      </trkpt>
      <trkpt lat="42.7102613" lon="82.3473177">
        <ele>2351.0</ele>
      </trkpt>
      <trkpt lat="42.7103073" lon="82.3474447">
        <ele>2339.0</ele>
      </trkpt>
      <trkpt lat="42.7102274" lon="82.3475179">
        <ele>2339.0</ele>
      </trkpt>
      <trkpt lat="42.7101805" lon="82.3476283">
        <ele>2339.0</ele>
      </trkpt>
      <trkpt lat="42.7101153" lon="82.3477141">
        <ele>2335.0</ele>
      </trkpt>
      <trkpt lat="42.7100517" lon="82.3478224">
        <ele>2335.0</ele>
      </trkpt>
      <trkpt lat="42.7100003" lon="82.3479401">
        <ele>2324.0</ele>
      </trkpt>
      <trkpt lat="42.7099406" lon="82.3480389">
        <ele>2324.0</ele>
      </trkpt>
      <trkpt lat="42.7098746" lon="82.3481387">
        <ele>2324.0</ele>
      </trkpt>
      <trkpt lat="42.7097925" lon="82.3482316">
        <ele>2317.0</ele>
      </trkpt>
      <trkpt lat="42.7096847" lon="82.3482765">
        <ele>2317.0</ele>
      </trkpt>
      <trkpt lat="42.7096617" lon="82.3482662">
        <ele>2317.0</ele>
      </trkpt>
      <trkpt lat="42.7095866" lon="82.3482827">
        <ele>2317.0</ele>
      </trkpt>
      <trkpt lat="42.7095555" lon="82.348318">
        <ele>2318.0</ele>
      </trkpt>
      <trkpt lat="42.7094958" lon="82.3483964">
        <ele>2318.0</ele>
      </trkpt>
      <trkpt lat="42.7094318" lon="82.3484991">
        <ele>2312.0</ele>
      </trkpt>
      <trkpt lat="42.7093435" lon="82.3485615">
        <ele>2312.0</ele>
      </trkpt>
      <trkpt lat="42.7092605" lon="82.3486355">
        <ele>2305.0</ele>
      </trkpt>
      <trkpt lat="42.7091705" lon="82.3486608">
        <ele>2305.0</ele>
      </trkpt>
      <trkpt lat="42.7090722" lon="82.3486838">
        <ele>2305.0</ele>
      </trkpt>
      <trkpt lat="42.708969" lon="82.3487215">
        <ele>2293.0</ele>
      </trkpt>
      <trkpt lat="42.7088749" lon="82.3487758">
        <ele>2281.0</ele>
      </trkpt>
      <trkpt lat="42.7087808" lon="82.3488237">
        <ele>2281.0</ele>
      </trkpt>
      <trkpt lat="42.7086851" lon="82.3488388">
        <ele>2275.0</ele>
      </trkpt>
      <trkpt lat="42.70858" lon="82.3488526">
        <ele>2275.0</ele>
      </trkpt>
      <trkpt lat="42.7084793" lon="82.3488647">
        <ele>2275.0</ele>
      </trkpt>
      <trkpt lat="42.7083938" lon="82.3489178">
        <ele>2287.0</ele>
      </trkpt>
      <trkpt lat="42.7083002" lon="82.348949">
        <ele>2287.0</ele>
      </trkpt>
      <trkpt lat="42.7082151" lon="82.3490063">
        <ele>2287.0</ele>
      </trkpt>
      <trkpt lat="42.7081252" lon="82.34905">
        <ele>2286.0</ele>
      </trkpt>
      <trkpt lat="42.7080577" lon="82.3491351">
        <ele>2286.0</ele>
      </trkpt>
      <trkpt lat="42.7079736" lon="82.3491949">
        <ele>2286.0</ele>
      </trkpt>
      <trkpt lat="42.707867" lon="82.3492352">
        <ele>2293.0</ele>
      </trkpt>
      <trkpt lat="42.7077664" lon="82.3492539">
        <ele>2293.0</ele>
      </trkpt>
      <trkpt lat="42.7077326" lon="82.349263">
        <ele>2293.0</ele>
      </trkpt>
      <trkpt lat="42.7076519" lon="82.3493072">
        <ele>2279.0</ele>
      </trkpt>
      <trkpt lat="42.7075767" lon="82.3493769">
        <ele>2289.0</ele>
      </trkpt>
      <trkpt lat="42.7075277" lon="82.3494867">
        <ele>2289.0</ele>
      </trkpt>
      <trkpt lat="42.7074573" lon="82.3495881">
        <ele>2276.0</ele>
      </trkpt>
      <trkpt lat="42.7073614" lon="82.3496771">
        <ele>2276.0</ele>
      </trkpt>
      <trkpt lat="42.7072641" lon="82.3497126">
        <ele>2285.0</ele>
      </trkpt>
      <trkpt lat="42.7071816" lon="82.3497673">
        <ele>2285.0</ele>
      </trkpt>
      <trkpt lat="42.7070937" lon="82.3498252">
        <ele>2285.0</ele>
      </trkpt>
      <trkpt lat="42.7070265" lon="82.3499197">
        <ele>2259.0</ele>
      </trkpt>
      <trkpt lat="42.7069793" lon="82.3500313">
        <ele>2259.0</ele>
      </trkpt>
      <trkpt lat="42.7068997" lon="82.3500392">
        <ele>2259.0</ele>
      </trkpt>
      <trkpt lat="42.706803" lon="82.3500559">
        <ele>2269.0</ele>
      </trkpt>
      <trkpt lat="42.7067158" lon="82.3501172">
        <ele>2269.0</ele>
      </trkpt>
      <trkpt lat="42.7066511" lon="82.350226">
        <ele>2258.0</ele>
      </trkpt>
      <trkpt lat="42.7065638" lon="82.35032">
        <ele>2258.0</ele>
      </trkpt>
      <trkpt lat="42.7064936" lon="82.35042">
        <ele>2248.0</ele>
      </trkpt>
      <trkpt lat="42.7064081" lon="82.3504567">
        <ele>2248.0</ele>
      </trkpt>
      <trkpt lat="42.7063158" lon="82.3504845">
        <ele>2248.0</ele>
      </trkpt>
      <trkpt lat="42.7062434" lon="82.3505603">
        <ele>2250.0</ele>
      </trkpt>
      <trkpt lat="42.7061679" lon="82.3506393">
        <ele>2250.0</ele>
      </trkpt>
      <trkpt lat="42.7060911" lon="82.3507134">
        <ele>2251.0</ele>
      </trkpt>
      <trkpt lat="42.7060087" lon="82.3507852">
        <ele>2251.0</ele>
      </trkpt>
      <trkpt lat="42.7059328" lon="82.350862">
        <ele>2254.0</ele>
      </trkpt>
      <trkpt lat="42.7058487" lon="82.3509415">
        <ele>2254.0</ele>
      </trkpt>
      <trkpt lat="42.7057828" lon="82.3510418">
        <ele>2249.0</ele>
      </trkpt>
      <trkpt lat="42.7057309" lon="82.3511575">
        <ele>2249.0</ele>
      </trkpt>
      <trkpt lat="42.7056768" lon="82.3512821">
        <ele>2243.0</ele>
      </trkpt>
      <trkpt lat="42.7056111" lon="82.3513898">
        <ele>2243.0</ele>
      </trkpt>
      <trkpt lat="42.7056022" lon="82.3515158">
        <ele>2243.0</ele>
      </trkpt>
      <trkpt lat="42.7055654" lon="82.3516269">
        <ele>2241.0</ele>
      </trkpt>
      <trkpt lat="42.7056119" lon="82.3517299">
        <ele>2241.0</ele>
      </trkpt>
      <trkpt lat="42.7056091" lon="82.3518592">
        <ele>2240.0</ele>
      </trkpt>
      <trkpt lat="42.7055493" lon="82.3519738">
        <ele>2240.0</ele>
      </trkpt>
      <trkpt lat="42.7056061" lon="82.351993">
        <ele>2240.0</ele>
      </trkpt>
      <trkpt lat="42.7055813" lon="82.3520646">
        <ele>2240.0</ele>
      </trkpt>
      <trkpt lat="42.7055405" lon="82.3521774">
        <ele>2241.0</ele>
      </trkpt>
      <trkpt lat="42.7054644" lon="82.3522379">
        <ele>2241.0</ele>
      </trkpt>
      <trkpt lat="42.7054136" lon="82.3523417">
        <ele>2244.0</ele>
      </trkpt>
      <trkpt lat="42.7053668" lon="82.3523783">
        <ele>2251.0</ele>
      </trkpt>
      <trkpt lat="42.7053348" lon="82.3524866">
        <ele>2251.0</ele>
      </trkpt>
      <trkpt lat="42.7052702" lon="82.3525811">
        <ele>2251.0</ele>
      </trkpt>
      <trkpt lat="42.705197" lon="82.3526607">
        <ele>2248.0</ele>
      </trkpt>
      <trkpt lat="42.7051128" lon="82.3527452">
        <ele>2244.0</ele>
      </trkpt>
      <trkpt lat="42.705062" lon="82.3528506">
        <ele>2244.0</ele>
      </trkpt>
      <trkpt lat="42.7050146" lon="82.3529668">
        <ele>2245.0</ele>
      </trkpt>
      <trkpt lat="42.7049646" lon="82.353075">
        <ele>2245.0</ele>
      </trkpt>
      <trkpt lat="42.7049196" lon="82.353189">
        <ele>2245.0</ele>
      </trkpt>
      <trkpt lat="42.7048616" lon="82.3533037">
        <ele>2243.0</ele>
      </trkpt>
      <trkpt lat="42.7048007" lon="82.3534141">
        <ele>2239.0</ele>
      </trkpt>
      <trkpt lat="42.7047508" lon="82.353474">
        <ele>2233.0</ele>
      </trkpt>
      <trkpt lat="42.7046822" lon="82.3535342">
        <ele>2233.0</ele>
      </trkpt>
      <trkpt lat="42.7045965" lon="82.353574">
        <ele>2233.0</ele>
      </trkpt>
      <trkpt lat="42.7045126" lon="82.3536394">
        <ele>2223.0</ele>
      </trkpt>
      <trkpt lat="42.7044264" lon="82.3536897">
        <ele>2223.0</ele>
      </trkpt>
      <trkpt lat="42.7043244" lon="82.3537199">
        <ele>2223.0</ele>
      </trkpt>
      <trkpt lat="42.7042376" lon="82.3537691">
        <ele>2217.0</ele>
      </trkpt>
      <trkpt lat="42.70416" lon="82.3538403">
        <ele>2217.0</ele>
      </trkpt>
      <trkpt lat="42.704075" lon="82.3538936">
        <ele>2217.0</ele>
      </trkpt>
      <trkpt lat="42.7040152" lon="82.3539283">
        <ele>2214.0</ele>
      </trkpt>
      <trkpt lat="42.7039369" lon="82.3539619">
        <ele>2214.0</ele>
      </trkpt>
      <trkpt lat="42.7039231" lon="82.3540646">
        <ele>2210.0</ele>
      </trkpt>
      <trkpt lat="42.7038585" lon="82.3540675">
        <ele>2210.0</ele>
      </trkpt>
      <trkpt lat="42.7037709" lon="82.3541029">
        <ele>2210.0</ele>
      </trkpt>
      <trkpt lat="42.7036658" lon="82.3541051">
        <ele>2203.0</ele>
      </trkpt>
      <trkpt lat="42.7035491" lon="82.3541165">
        <ele>2203.0</ele>
      </trkpt>
      <trkpt lat="42.7034726" lon="82.3542">
        <ele>2203.0</ele>
      </trkpt>
      <trkpt lat="42.703377" lon="82.3542126">
        <ele>2196.0</ele>
      </trkpt>
      <trkpt lat="42.7032785" lon="82.3541797">
        <ele>2196.0</ele>
      </trkpt>
      <trkpt lat="42.7031832" lon="82.3541374">
        <ele>2199.0</ele>
      </trkpt>
      <trkpt lat="42.7031012" lon="82.3541725">
        <ele>2199.0</ele>
      </trkpt>
      <trkpt lat="42.7030802" lon="82.3542967">
        <ele>2199.0</ele>
      </trkpt>
      <trkpt lat="42.7030872" lon="82.3544408">
        <ele>2195.0</ele>
      </trkpt>
      <trkpt lat="42.703063" lon="82.3545728">
        <ele>2195.0</ele>
      </trkpt>
      <trkpt lat="42.7030228" lon="82.3546919">
        <ele>2200.0</ele>
      </trkpt>
      <trkpt lat="42.7029554" lon="82.3548016">
        <ele>2200.0</ele>
      </trkpt>
      <trkpt lat="42.7028751" lon="82.3548948">
        <ele>2206.0</ele>
      </trkpt>
      <trkpt lat="42.7028077" lon="82.3549862">
        <ele>2206.0</ele>
      </trkpt>
      <trkpt lat="42.7027347" lon="82.3550624">
        <ele>2206.0</ele>
      </trkpt>
      <trkpt lat="42.7026622" lon="82.3551411">
        <ele>2214.0</ele>
      </trkpt>
      <trkpt lat="42.7025699" lon="82.355122">
        <ele>2205.0</ele>
      </trkpt>
      <trkpt lat="42.7024672" lon="82.3550894">
        <ele>2205.0</ele>
      </trkpt>
      <trkpt lat="42.7023776" lon="82.3551255">
        <ele>2205.0</ele>
      </trkpt>
      <trkpt lat="42.70234" lon="82.3552324">
        <ele>2213.0</ele>
      </trkpt>
      <trkpt lat="42.7023131" lon="82.3553622">
        <ele>2213.0</ele>
      </trkpt>
      <trkpt lat="42.7022518" lon="82.3554478">
        <ele>2221.0</ele>
      </trkpt>
      <trkpt lat="42.7021669" lon="82.3554809">
        <ele>2221.0</ele>
      </trkpt>
      <trkpt lat="42.7020568" lon="82.3554703">
        <ele>2215.0</ele>
      </trkpt>
      <trkpt lat="42.7019505" lon="82.3554579">
        <ele>2215.0</ele>
      </trkpt>
      <trkpt lat="42.701849" lon="82.3554668">
        <ele>2215.0</ele>
      </trkpt>
      <trkpt lat="42.701741" lon="82.3554937">
        <ele>2216.0</ele>
      </trkpt>
      <trkpt lat="42.7016345" lon="82.3555">
        <ele>2216.0</ele>
      </trkpt>
      <trkpt lat="42.7015402" lon="82.3554926">
        <ele>2216.0</ele>
      </trkpt>
      <trkpt lat="42.7014491" lon="82.355518">
        <ele>2214.0</ele>
      </trkpt>
      <trkpt lat="42.701356" lon="82.3555466">
        <ele>2214.0</ele>
      </trkpt>
      <trkpt lat="42.7012659" lon="82.355547">
        <ele>2214.0</ele>
      </trkpt>
      <trkpt lat="42.7011754" lon="82.355573">
        <ele>2211.0</ele>
      </trkpt>
      <trkpt lat="42.7010855" lon="82.3555902">
        <ele>2211.0</ele>
      </trkpt>
      <trkpt lat="42.7009906" lon="82.3555731">
        <ele>2211.0</ele>
      </trkpt>
      <trkpt lat="42.7008891" lon="82.3555991">
        <ele>2218.0</ele>
      </trkpt>
      <trkpt lat="42.7007997" lon="82.3556462">
        <ele>2218.0</ele>
      </trkpt>
      <trkpt lat="42.7007325" lon="82.3557449">
        <ele>2235.0</ele>
      </trkpt>
      <trkpt lat="42.7006374" lon="82.3558117">
        <ele>2218.0</ele>
      </trkpt>
      <trkpt lat="42.7005467" lon="82.3558626">
        <ele>2218.0</ele>
      </trkpt>
      <trkpt lat="42.7004512" lon="82.3559243">
        <ele>2218.0</ele>
      </trkpt>
      <trkpt lat="42.7003576" lon="82.3559699">
        <ele>2203.0</ele>
      </trkpt>
      <trkpt lat="42.7002582" lon="82.3560049">
        <ele>2205.0</ele>
      </trkpt>
      <trkpt lat="42.7001644" lon="82.3560682">
        <ele>2205.0</ele>
      </trkpt>
      <trkpt lat="42.70008" lon="82.3561393">
        <ele>2196.0</ele>
      </trkpt>
      <trkpt lat="42.7000052" lon="82.3562248">
        <ele>2196.0</ele>
      </trkpt>
      <trkpt lat="42.6999274" lon="82.3562969">
        <ele>2203.0</ele>
      </trkpt>
      <trkpt lat="42.6998485" lon="82.3563579">
        <ele>2193.0</ele>
      </trkpt>
      <trkpt lat="42.6997616" lon="82.3564161">
        <ele>2193.0</ele>
      </trkpt>
      <trkpt lat="42.6996697" lon="82.356434">
        <ele>2193.0</ele>
      </trkpt>
      <trkpt lat="42.6995827" lon="82.3564694">
        <ele>2186.0</ele>
      </trkpt>
      <trkpt lat="42.6994883" lon="82.3564923">
        <ele>2186.0</ele>
      </trkpt>
      <trkpt lat="42.6994079" lon="82.3565567">
        <ele>2191.0</ele>
      </trkpt>
      <trkpt lat="42.6993291" lon="82.3566374">
        <ele>2191.0</ele>
      </trkpt>
      <trkpt lat="42.6992521" lon="82.356715">
        <ele>2182.0</ele>
      </trkpt>
      <trkpt lat="42.6991734" lon="82.3567786">
        <ele>2182.0</ele>
      </trkpt>
      <trkpt lat="42.6991009" lon="82.3568633">
        <ele>2197.0</ele>
      </trkpt>
      <trkpt lat="42.6990092" lon="82.3569205">
        <ele>2190.0</ele>
      </trkpt>
      <trkpt lat="42.6989274" lon="82.3569877">
        <ele>2190.0</ele>
      </trkpt>
      <trkpt lat="42.6988928" lon="82.3570167">
        <ele>2190.0</ele>
      </trkpt>
      <trkpt lat="42.6988449" lon="82.3570913">
        <ele>2194.0</ele>
      </trkpt>
      <trkpt lat="42.6987655" lon="82.357177">
        <ele>2194.0</ele>
      </trkpt>
      <trkpt lat="42.6986836" lon="82.3572489">
        <ele>2186.0</ele>
      </trkpt>
      <trkpt lat="42.6986072" lon="82.3572986">
        <ele>2186.0</ele>
      </trkpt>
      <trkpt lat="42.6985107" lon="82.3573618">
        <ele>2195.0</ele>
      </trkpt>
      <trkpt lat="42.6984156" lon="82.3573948">
        <ele>2182.0</ele>
      </trkpt>
      <trkpt lat="42.6983208" lon="82.3574084">
        <ele>2182.0</ele>
      </trkpt>
      <trkpt lat="42.6982338" lon="82.3574545">
        <ele>2182.0</ele>
      </trkpt>
      <trkpt lat="42.6981684" lon="82.3575386">
        <ele>2172.0</ele>
      </trkpt>
      <trkpt lat="42.6981009" lon="82.3576238">
        <ele>2172.0</ele>
      </trkpt>
      <trkpt lat="42.698015" lon="82.3576898">
        <ele>2180.0</ele>
      </trkpt>
      <trkpt lat="42.6979422" lon="82.3577709">
        <ele>2180.0</ele>
      </trkpt>
      <trkpt lat="42.6978558" lon="82.3578269">
        <ele>2168.0</ele>
      </trkpt>
      <trkpt lat="42.6977495" lon="82.3578331">
        <ele>2168.0</ele>
      </trkpt>
      <trkpt lat="42.6976502" lon="82.3578454">
        <ele>2168.0</ele>
      </trkpt>
      <trkpt lat="42.6975776" lon="82.3579237">
        <ele>2170.0</ele>
      </trkpt>
      <trkpt lat="42.6974911" lon="82.3580011">
        <ele>2170.0</ele>
      </trkpt>
      <trkpt lat="42.6974106" lon="82.3580821">
        <ele>2170.0</ele>
      </trkpt>
      <trkpt lat="42.6973336" lon="82.3581586">
        <ele>2164.0</ele>
      </trkpt>
      <trkpt lat="42.6972364" lon="82.3581924">
        <ele>2164.0</ele>
      </trkpt>
      <trkpt lat="42.6971336" lon="82.358226">
        <ele>2171.0</ele>
      </trkpt>
      <trkpt lat="42.6970376" lon="82.3582682">
        <ele>2164.0</ele>
      </trkpt>
      <trkpt lat="42.6969731" lon="82.3583613">
        <ele>2164.0</ele>
      </trkpt>
      <trkpt lat="42.6969144" lon="82.358473">
        <ele>2175.0</ele>
      </trkpt>
      <trkpt lat="42.6968332" lon="82.3585395">
        <ele>2175.0</ele>
      </trkpt>
      <trkpt lat="42.6967433" lon="82.3586158">
        <ele>2150.0</ele>
      </trkpt>
      <trkpt lat="42.6966516" lon="82.3586855">
        <ele>2150.0</ele>
      </trkpt>
      <trkpt lat="42.6965536" lon="82.3587479">
        <ele>2150.0</ele>
      </trkpt>
      <trkpt lat="42.6964721" lon="82.3588157">
        <ele>2144.0</ele>
      </trkpt>
      <trkpt lat="42.6964088" lon="82.3589043">
        <ele>2144.0</ele>
      </trkpt>
      <trkpt lat="42.6963583" lon="82.3590192">
        <ele>2144.0</ele>
      </trkpt>
      <trkpt lat="42.6963291" lon="82.3591525">
        <ele>2154.0</ele>
      </trkpt>
      <trkpt lat="42.6963101" lon="82.3592942">
        <ele>2154.0</ele>
      </trkpt>
      <trkpt lat="42.6962814" lon="82.3594311">
        <ele>2166.0</ele>
      </trkpt>
      <trkpt lat="42.6962228" lon="82.3595437">
        <ele>2141.0</ele>
      </trkpt>
      <trkpt lat="42.6961429" lon="82.3596067">
        <ele>2147.0</ele>
      </trkpt>
      <trkpt lat="42.696059" lon="82.3596583">
        <ele>2147.0</ele>
      </trkpt>
      <trkpt lat="42.6959544" lon="82.3596999">
        <ele>2136.0</ele>
      </trkpt>
      <trkpt lat="42.6958548" lon="82.3597086">
        <ele>2136.0</ele>
      </trkpt>
      <trkpt lat="42.6957727" lon="82.3597577">
        <ele>2136.0</ele>
      </trkpt>
      <trkpt lat="42.6957254" lon="82.3598555">
        <ele>2136.0</ele>
      </trkpt>
      <trkpt lat="42.6956567" lon="82.3599411">
        <ele>2129.0</ele>
      </trkpt>
      <trkpt lat="42.6955746" lon="82.3599928">
        <ele>2129.0</ele>
      </trkpt>
      <trkpt lat="42.6954926" lon="82.3600513">
        <ele>2129.0</ele>
      </trkpt>
      <trkpt lat="42.6953979" lon="82.3600903">
        <ele>2118.0</ele>
      </trkpt>
      <trkpt lat="42.6953087" lon="82.360049">
        <ele>2118.0</ele>
      </trkpt>
      <trkpt lat="42.6952954" lon="82.3599293">
        <ele>2118.0</ele>
      </trkpt>
      <trkpt lat="42.6953236" lon="82.3597869">
        <ele>2112.0</ele>
      </trkpt>
      <trkpt lat="42.6952718" lon="82.3597452">
        <ele>2112.0</ele>
      </trkpt>
      <trkpt lat="42.6951846" lon="82.3597487">
        <ele>2112.0</ele>
      </trkpt>
      <trkpt lat="42.6950992" lon="82.3598681">
        <ele>2096.0</ele>
      </trkpt>
      <trkpt lat="42.6950379" lon="82.3599812">
        <ele>2096.0</ele>
      </trkpt>
      <trkpt lat="42.6949765" lon="82.3600863">
        <ele>2096.0</ele>
      </trkpt>
      <trkpt lat="42.6949026" lon="82.3601631">
        <ele>2105.0</ele>
      </trkpt>
      <trkpt lat="42.6948202" lon="82.3602256">
        <ele>2084.0</ele>
      </trkpt>
      <trkpt lat="42.6947251" lon="82.3602616">
        <ele>2084.0</ele>
      </trkpt>
      <trkpt lat="42.694627" lon="82.3602993">
        <ele>2084.0</ele>
      </trkpt>
      <trkpt lat="42.6945461" lon="82.3603689">
        <ele>2071.0</ele>
      </trkpt>
      <trkpt lat="42.6944583" lon="82.3604185">
        <ele>2070.0</ele>
      </trkpt>
      <trkpt lat="42.6944228" lon="82.360337">
        <ele>2071.0</ele>
      </trkpt>
      <trkpt lat="42.6944163" lon="82.3602008">
        <ele>2071.0</ele>
      </trkpt>
      <trkpt lat="42.6943499" lon="82.3601475">
        <ele>2071.0</ele>
      </trkpt>
      <trkpt lat="42.6942657" lon="82.3601881">
        <ele>2060.0</ele>
      </trkpt>
      <trkpt lat="42.6941815" lon="82.3602695">
        <ele>2060.0</ele>
      </trkpt>
      <trkpt lat="42.6940864" lon="82.3603226">
        <ele>2060.0</ele>
      </trkpt>
      <trkpt lat="42.6939864" lon="82.3603518">
        <ele>2047.0</ele>
      </trkpt>
      <trkpt lat="42.6938756" lon="82.3603972">
        <ele>2047.0</ele>
      </trkpt>
      <trkpt lat="42.6938314" lon="82.3604155">
        <ele>2047.0</ele>
      </trkpt>
      <trkpt lat="42.6937738" lon="82.3603455">
        <ele>2047.0</ele>
      </trkpt>
      <trkpt lat="42.6937537" lon="82.3602925">
        <ele>2047.0</ele>
      </trkpt>
      <trkpt lat="42.6937105" lon="82.3603607">
        <ele>2034.0</ele>
      </trkpt>
      <trkpt lat="42.6936295" lon="82.3604097">
        <ele>2034.0</ele>
      </trkpt>
      <trkpt lat="42.6936139" lon="82.3604435">
        <ele>2029.0</ele>
      </trkpt>
      <trkpt lat="42.6936089" lon="82.3603515">
        <ele>2034.0</ele>
      </trkpt>
      <trkpt lat="42.6935867" lon="82.3602247">
        <ele>2034.0</ele>
      </trkpt>
      <trkpt lat="42.6936583" lon="82.3600923">
        <ele>2039.0</ele>
      </trkpt>
      <trkpt lat="42.6936383" lon="82.3599618">
        <ele>2039.0</ele>
      </trkpt>
      <trkpt lat="42.6936006" lon="82.3598266">
        <ele>2040.0</ele>
      </trkpt>
      <trkpt lat="42.6935921" lon="82.359752">
        <ele>2040.0</ele>
      </trkpt>
      <trkpt lat="42.6935701" lon="82.3596461">
        <ele>2040.0</ele>
      </trkpt>
      <trkpt lat="42.6935251" lon="82.3595283">
        <ele>2047.0</ele>
      </trkpt>
      <trkpt lat="42.6935055" lon="82.3594753">
        <ele>2047.0</ele>
      </trkpt>
      <trkpt lat="42.6934579" lon="82.3593901">
        <ele>2038.0</ele>
      </trkpt>
      <trkpt lat="42.6933998" lon="82.3592951">
        <ele>2040.0</ele>
      </trkpt>
      <trkpt lat="42.6933697" lon="82.359174">
        <ele>2040.0</ele>
      </trkpt>
      <trkpt lat="42.6932954" lon="82.3590561">
        <ele>2040.0</ele>
      </trkpt>
      <trkpt lat="42.6932202" lon="82.3589638">
        <ele>2050.0</ele>
      </trkpt>
      <trkpt lat="42.6931636" lon="82.3588558">
        <ele>2040.0</ele>
      </trkpt>
      <trkpt lat="42.6931186" lon="82.3587455">
        <ele>2042.0</ele>
      </trkpt>
      <trkpt lat="42.6930768" lon="82.3586339">
        <ele>2042.0</ele>
      </trkpt>
      <trkpt lat="42.6930275" lon="82.3585198">
        <ele>2042.0</ele>
      </trkpt>
      <trkpt lat="42.6929921" lon="82.3584028">
        <ele>2052.0</ele>
      </trkpt>
      <trkpt lat="42.6929564" lon="82.3582696">
        <ele>2052.0</ele>
      </trkpt>
      <trkpt lat="42.6929009" lon="82.3581482">
        <ele>2049.0</ele>
      </trkpt>
      <trkpt lat="42.6928542" lon="82.3580332">
        <ele>2049.0</ele>
      </trkpt>
      <trkpt lat="42.6927921" lon="82.3579355">
        <ele>2049.0</ele>
      </trkpt>
      <trkpt lat="42.6927125" lon="82.3578635">
        <ele>2058.0</ele>
      </trkpt>
      <trkpt lat="42.6926253" lon="82.3577812">
        <ele>2046.0</ele>
      </trkpt>
      <trkpt lat="42.6925329" lon="82.3576845">
        <ele>2046.0</ele>
      </trkpt>
      <trkpt lat="42.6924546" lon="82.3575935">
        <ele>2053.0</ele>
      </trkpt>
      <trkpt lat="42.6923896" lon="82.357499">
        <ele>2053.0</ele>
      </trkpt>
      <trkpt lat="42.692315" lon="82.3574176">
        <ele>2052.0</ele>
      </trkpt>
      <trkpt lat="42.6922285" lon="82.3573582">
        <ele>2064.0</ele>
      </trkpt>
      <trkpt lat="42.692132" lon="82.3573365">
        <ele>2064.0</ele>
      </trkpt>
      <trkpt lat="42.6920263" lon="82.3573191">
        <ele>2058.0</ele>
      </trkpt>
      <trkpt lat="42.6919436" lon="82.3572518">
        <ele>2058.0</ele>
      </trkpt>
      <trkpt lat="42.6918517" lon="82.3572078">
        <ele>2058.0</ele>
      </trkpt>
      <trkpt lat="42.6917537" lon="82.3571461">
        <ele>2054.0</ele>
      </trkpt>
      <trkpt lat="42.6916615" lon="82.3570902">
        <ele>2054.0</ele>
      </trkpt>
      <trkpt lat="42.6915659" lon="82.3570579">
        <ele>2054.0</ele>
      </trkpt>
      <trkpt lat="42.6914724" lon="82.3569906">
        <ele>2049.0</ele>
      </trkpt>
      <trkpt lat="42.691377" lon="82.3569321">
        <ele>2049.0</ele>
      </trkpt>
      <trkpt lat="42.6912754" lon="82.3568852">
        <ele>2049.0</ele>
      </trkpt>
      <trkpt lat="42.6911908" lon="82.3568241">
        <ele>2049.0</ele>
      </trkpt>
      <trkpt lat="42.6911206" lon="82.356744">
        <ele>2051.0</ele>
      </trkpt>
      <trkpt lat="42.691029" lon="82.3566694">
        <ele>2051.0</ele>
      </trkpt>
      <trkpt lat="42.6909431" lon="82.3566115">
        <ele>2044.0</ele>
      </trkpt>
      <trkpt lat="42.6908588" lon="82.3565371">
        <ele>2044.0</ele>
      </trkpt>
      <trkpt lat="42.690783" lon="82.3564333">
        <ele>2048.0</ele>
      </trkpt>
      <trkpt lat="42.6907425" lon="82.3564099">
        <ele>2048.0</ele>
      </trkpt>
      <trkpt lat="42.6906871" lon="82.3563283">
        <ele>2045.0</ele>
      </trkpt>
      <trkpt lat="42.6906194" lon="82.356241">
        <ele>2048.0</ele>
      </trkpt>
      <trkpt lat="42.6905395" lon="82.356145">
        <ele>2048.0</ele>
      </trkpt>
      <trkpt lat="42.6904603" lon="82.3560607">
        <ele>2048.0</ele>
      </trkpt>
      <trkpt lat="42.6903779" lon="82.3559839">
        <ele>2044.0</ele>
      </trkpt>
      <trkpt lat="42.6903135" lon="82.3558927">
        <ele>2042.0</ele>
      </trkpt>
      <trkpt lat="42.6902462" lon="82.3557864">
        <ele>2042.0</ele>
      </trkpt>
      <trkpt lat="42.6901696" lon="82.3556941">
        <ele>2061.0</ele>
      </trkpt>
      <trkpt lat="42.6900975" lon="82.3556123">
        <ele>2053.0</ele>
      </trkpt>
      <trkpt lat="42.6900089" lon="82.3555657">
        <ele>2053.0</ele>
      </trkpt>
      <trkpt lat="42.6899266" lon="82.355498">
        <ele>2053.0</ele>
      </trkpt>
      <trkpt lat="42.6898371" lon="82.3554375">
        <ele>2061.0</ele>
      </trkpt>
      <trkpt lat="42.6897527" lon="82.3553664">
        <ele>2067.0</ele>
      </trkpt>
      <trkpt lat="42.6896786" lon="82.3552747">
        <ele>2067.0</ele>
      </trkpt>
      <trkpt lat="42.6896159" lon="82.3551811">
        <ele>2067.0</ele>
      </trkpt>
      <trkpt lat="42.6895412" lon="82.3550925">
        <ele>2064.0</ele>
      </trkpt>
      <trkpt lat="42.6894607" lon="82.3550204">
        <ele>2064.0</ele>
      </trkpt>
      <trkpt lat="42.6893791" lon="82.3549571">
        <ele>2064.0</ele>
      </trkpt>
      <trkpt lat="42.6893009" lon="82.3548635">
        <ele>2064.0</ele>
      </trkpt>
      <trkpt lat="42.6892341" lon="82.3547535">
        <ele>2066.0</ele>
      </trkpt>
      <trkpt lat="42.6891703" lon="82.3546429">
        <ele>2066.0</ele>
      </trkpt>
      <trkpt lat="42.6891005" lon="82.3545393">
        <ele>2070.0</ele>
      </trkpt>
      <trkpt lat="42.6890382" lon="82.354442">
        <ele>2070.0</ele>
      </trkpt>
      <trkpt lat="42.6889865" lon="82.3543351">
        <ele>2070.0</ele>
      </trkpt>
      <trkpt lat="42.6889006" lon="82.3542863">
        <ele>2070.0</ele>
      </trkpt>
      <trkpt lat="42.6888067" lon="82.3543669">
        <ele>2070.0</ele>
      </trkpt>
      <trkpt lat="42.688739" lon="82.3542767">
        <ele>2071.0</ele>
      </trkpt>
      <trkpt lat="42.6886759" lon="82.3541843">
        <ele>2071.0</ele>
      </trkpt>
      <trkpt lat="42.6885977" lon="82.3541026">
        <ele>2071.0</ele>
      </trkpt>
      <trkpt lat="42.6885359" lon="82.3539927">
        <ele>2076.0</ele>
      </trkpt>
      <trkpt lat="42.68848" lon="82.3538735">
        <ele>2076.0</ele>
      </trkpt>
      <trkpt lat="42.6884201" lon="82.3537603">
        <ele>2060.0</ele>
      </trkpt>
      <trkpt lat="42.6883548" lon="82.3536701">
        <ele>2065.0</ele>
      </trkpt>
      <trkpt lat="42.6882822" lon="82.3535795">
        <ele>2065.0</ele>
      </trkpt>
      <trkpt lat="42.6882063" lon="82.3534827">
        <ele>2065.0</ele>
      </trkpt>
      <trkpt lat="42.6881362" lon="82.3533824">
        <ele>2053.0</ele>
      </trkpt>
      <trkpt lat="42.6880625" lon="82.3533041">
        <ele>2053.0</ele>
      </trkpt>
      <trkpt lat="42.6879936" lon="82.3532017">
        <ele>2053.0</ele>
      </trkpt>
      <trkpt lat="42.6879233" lon="82.3530938">
        <ele>2061.0</ele>
      </trkpt>
      <trkpt lat="42.6878541" lon="82.3529783">
        <ele>2042.0</ele>
      </trkpt>
      <trkpt lat="42.6877947" lon="82.3528603">
        <ele>2044.0</ele>
      </trkpt>
      <trkpt lat="42.6877408" lon="82.3527522">
        <ele>2044.0</ele>
      </trkpt>
      <trkpt lat="42.6877104" lon="82.3527078">
        <ele>2044.0</ele>
      </trkpt>
      <trkpt lat="42.6876696" lon="82.352616">
        <ele>2047.0</ele>
      </trkpt>
      <trkpt lat="42.6876194" lon="82.3525037">
        <ele>2038.0</ele>
      </trkpt>
      <trkpt lat="42.6875602" lon="82.3523932">
        <ele>2038.0</ele>
      </trkpt>
      <trkpt lat="42.6875049" lon="82.3522724">
        <ele>2035.0</ele>
      </trkpt>
      <trkpt lat="42.6874432" lon="82.3521598">
        <ele>2035.0</ele>
      </trkpt>
      <trkpt lat="42.6873752" lon="82.3520531">
        <ele>2035.0</ele>
      </trkpt>
      <trkpt lat="42.68731" lon="82.3519524">
        <ele>2030.0</ele>
      </trkpt>
      <trkpt lat="42.6872463" lon="82.3518552">
        <ele>2030.0</ele>
      </trkpt>
      <trkpt lat="42.6871876" lon="82.3517467">
        <ele>2032.0</ele>
      </trkpt>
      <trkpt lat="42.6871341" lon="82.3516279">
        <ele>2032.0</ele>
      </trkpt>
      <trkpt lat="42.6870714" lon="82.3515101">
        <ele>2026.0</ele>
      </trkpt>
      <trkpt lat="42.6870135" lon="82.351402">
        <ele>2026.0</ele>
      </trkpt>
      <trkpt lat="42.6869679" lon="82.3512967">
        <ele>2026.0</ele>
      </trkpt>
      <trkpt lat="42.6869192" lon="82.3511856">
        <ele>2029.0</ele>
      </trkpt>
      <trkpt lat="42.6868708" lon="82.3510545">
        <ele>2029.0</ele>
      </trkpt>
      <trkpt lat="42.6868304" lon="82.3509303">
        <ele>2030.0</ele>
      </trkpt>
      <trkpt lat="42.6867876" lon="82.3508023">
        <ele>2026.0</ele>
      </trkpt>
      <trkpt lat="42.6867355" lon="82.3506751">
        <ele>2027.0</ele>
      </trkpt>
      <trkpt lat="42.6866897" lon="82.3505366">
        <ele>2027.0</ele>
      </trkpt>
      <trkpt lat="42.6866474" lon="82.3504184">
        <ele>2027.0</ele>
      </trkpt>
      <trkpt lat="42.6866012" lon="82.3503044">
        <ele>2033.0</ele>
      </trkpt>
      <trkpt lat="42.6865528" lon="82.3501767">
        <ele>2033.0</ele>
      </trkpt>
      <trkpt lat="42.6865184" lon="82.350057">
        <ele>2031.0</ele>
      </trkpt>
      <trkpt lat="42.686486" lon="82.3499422">
        <ele>2031.0</ele>
      </trkpt>
      <trkpt lat="42.6864495" lon="82.3498118">
        <ele>2033.0</ele>
      </trkpt>
      <trkpt lat="42.6864047" lon="82.3496972">
        <ele>2033.0</ele>
      </trkpt>
      <trkpt lat="42.6863565" lon="82.3495694">
        <ele>2036.0</ele>
      </trkpt>
      <trkpt lat="42.6863094" lon="82.349443">
        <ele>2036.0</ele>
      </trkpt>
      <trkpt lat="42.6862689" lon="82.3493132">
        <ele>2036.0</ele>
      </trkpt>
      <trkpt lat="42.6862052" lon="82.3492219">
        <ele>2032.0</ele>
      </trkpt>
      <trkpt lat="42.6861752" lon="82.3491117">
        <ele>2032.0</ele>
      </trkpt>
      <trkpt lat="42.6861306" lon="82.3490008">
        <ele>2042.0</ele>
      </trkpt>
      <trkpt lat="42.686074" lon="82.3488829">
        <ele>2042.0</ele>
      </trkpt>
      <trkpt lat="42.6860187" lon="82.3487758">
        <ele>2042.0</ele>
      </trkpt>
      <trkpt lat="42.6859558" lon="82.3486756">
        <ele>2035.0</ele>
      </trkpt>
      <trkpt lat="42.6858833" lon="82.3485703">
        <ele>2035.0</ele>
      </trkpt>
      <trkpt lat="42.6858245" lon="82.3484668">
        <ele>2056.0</ele>
      </trkpt>
      <trkpt lat="42.6857534" lon="82.3483873">
        <ele>2056.0</ele>
      </trkpt>
      <trkpt lat="42.6856744" lon="82.3483205">
        <ele>2039.0</ele>
      </trkpt>
      <trkpt lat="42.6856238" lon="82.3482819">
        <ele>2039.0</ele>
      </trkpt>
      <trkpt lat="42.6855431" lon="82.3482462">
        <ele>2039.0</ele>
      </trkpt>
      <trkpt lat="42.685445" lon="82.3482238">
        <ele>2039.0</ele>
      </trkpt>
      <trkpt lat="42.685352" lon="82.3481692">
        <ele>2060.0</ele>
      </trkpt>
      <trkpt lat="42.6852561" lon="82.3481261">
        <ele>2060.0</ele>
      </trkpt>
      <trkpt lat="42.6851637" lon="82.3480632">
        <ele>2060.0</ele>
      </trkpt>
      <trkpt lat="42.685086" lon="82.3479814">
        <ele>2053.0</ele>
      </trkpt>
      <trkpt lat="42.6850083" lon="82.3478847">
        <ele>2063.0</ele>
      </trkpt>
      <trkpt lat="42.6849191" lon="82.3478211">
        <ele>2063.0</ele>
      </trkpt>
      <trkpt lat="42.6848401" lon="82.3477395">
        <ele>2043.0</ele>
      </trkpt>
      <trkpt lat="42.6847605" lon="82.3476432">
        <ele>2043.0</ele>
      </trkpt>
      <trkpt lat="42.6846966" lon="82.3475454">
        <ele>2039.0</ele>
      </trkpt>
      <trkpt lat="42.6846234" lon="82.3474542">
        <ele>2039.0</ele>
      </trkpt>
      <trkpt lat="42.6845545" lon="82.3473917">
        <ele>2034.0</ele>
      </trkpt>
      <trkpt lat="42.6844821" lon="82.3473188">
        <ele>2033.0</ele>
      </trkpt>
      <trkpt lat="42.6844058" lon="82.3472367">
        <ele>2033.0</ele>
      </trkpt>
      <trkpt lat="42.6843186" lon="82.3471409">
        <ele>2033.0</ele>
      </trkpt>
      <trkpt lat="42.6842274" lon="82.3470661">
        <ele>2032.0</ele>
      </trkpt>
      <trkpt lat="42.6841435" lon="82.3470054">
        <ele>2032.0</ele>
      </trkpt>
      <trkpt lat="42.6840627" lon="82.3469351">
        <ele>2032.0</ele>
      </trkpt>
      <trkpt lat="42.6839801" lon="82.3468455">
        <ele>2029.0</ele>
      </trkpt>
      <trkpt lat="42.6839052" lon="82.3467596">
        <ele>2030.0</ele>
      </trkpt>
      <trkpt lat="42.6838336" lon="82.3466822">
        <ele>2030.0</ele>
      </trkpt>
      <trkpt lat="42.6837525" lon="82.3466084">
        <ele>2030.0</ele>
      </trkpt>
      <trkpt lat="42.6836822" lon="82.3465221">
        <ele>2029.0</ele>
      </trkpt>
      <trkpt lat="42.6836133" lon="82.3464136">
        <ele>2029.0</ele>
      </trkpt>
      <trkpt lat="42.6835852" lon="82.3463654">
        <ele>2029.0</ele>
      </trkpt>
      <trkpt lat="42.6835484" lon="82.3462729">
        <ele>2029.0</ele>
      </trkpt>
      <trkpt lat="42.6835013" lon="82.3461717">
        <ele>2033.0</ele>
      </trkpt>
      <trkpt lat="42.6834371" lon="82.3460575">
        <ele>2029.0</ele>
      </trkpt>
      <trkpt lat="42.6833656" lon="82.3459557">
        <ele>2030.0</ele>
      </trkpt>
      <trkpt lat="42.6833046" lon="82.3458511">
        <ele>2030.0</ele>
      </trkpt>
      <trkpt lat="42.6832455" lon="82.3457499">
        <ele>2030.0</ele>
      </trkpt>
      <trkpt lat="42.6831832" lon="82.345658">
        <ele>2029.0</ele>
      </trkpt>
      <trkpt lat="42.6831238" lon="82.3455564">
        <ele>2029.0</ele>
      </trkpt>
      <trkpt lat="42.6830655" lon="82.3454511">
        <ele>2029.0</ele>
      </trkpt>
      <trkpt lat="42.6829995" lon="82.3453495">
        <ele>2035.0</ele>
      </trkpt>
      <trkpt lat="42.6829246" lon="82.345243">
        <ele>2035.0</ele>
      </trkpt>
      <trkpt lat="42.6828508" lon="82.3451745">
        <ele>2027.0</ele>
      </trkpt>
      <trkpt lat="42.6827469" lon="82.3451813">
        <ele>2027.0</ele>
      </trkpt>
      <trkpt lat="42.6827356" lon="82.345203">
        <ele>2027.0</ele>
      </trkpt>
      <trkpt lat="42.6827205" lon="82.3450742">
        <ele>2034.0</ele>
      </trkpt>
      <trkpt lat="42.6826383" lon="82.3449966">
        <ele>2024.0</ele>
      </trkpt>
      <trkpt lat="42.6825794" lon="82.3449005">
        <ele>2024.0</ele>
      </trkpt>
      <trkpt lat="42.682528" lon="82.3447959">
        <ele>2038.0</ele>
      </trkpt>
      <trkpt lat="42.6824553" lon="82.3447239">
        <ele>2038.0</ele>
      </trkpt>
      <trkpt lat="42.6823827" lon="82.3446231">
        <ele>2038.0</ele>
      </trkpt>
      <trkpt lat="42.6822971" lon="82.3445716">
        <ele>2046.0</ele>
      </trkpt>
      <trkpt lat="42.6822064" lon="82.3445025">
        <ele>2046.0</ele>
      </trkpt>
      <trkpt lat="42.6821156" lon="82.3444197">
        <ele>2046.0</ele>
      </trkpt>
      <trkpt lat="42.6820372" lon="82.3443324">
        <ele>2035.0</ele>
      </trkpt>
      <trkpt lat="42.6819447" lon="82.3443348">
        <ele>2035.0</ele>
      </trkpt>
      <trkpt lat="42.6818989" lon="82.3443513">
        <ele>2035.0</ele>
      </trkpt>
      <trkpt lat="42.6818282" lon="82.344396">
        <ele>2035.0</ele>
      </trkpt>
      <trkpt lat="42.6817379" lon="82.3444159">
        <ele>2035.0</ele>
      </trkpt>
      <trkpt lat="42.6816507" lon="82.344385">
        <ele>2035.0</ele>
      </trkpt>
      <trkpt lat="42.6815643" lon="82.3443265">
        <ele>2035.0</ele>
      </trkpt>
      <trkpt lat="42.6815606" lon="82.3442032">
        <ele>2039.0</ele>
      </trkpt>
      <trkpt lat="42.6814989" lon="82.344224">
        <ele>2039.0</ele>
      </trkpt>
      <trkpt lat="42.681431" lon="82.3441265">
        <ele>2039.0</ele>
      </trkpt>
      <trkpt lat="42.6813274" lon="82.3441039">
        <ele>2039.0</ele>
      </trkpt>
      <trkpt lat="42.681226" lon="82.3440633">
        <ele>2033.0</ele>
      </trkpt>
      <trkpt lat="42.6811362" lon="82.3440201">
        <ele>2040.0</ele>
      </trkpt>
      <trkpt lat="42.6810479" lon="82.3439594">
        <ele>2040.0</ele>
      </trkpt>
      <trkpt lat="42.6809545" lon="82.3439128">
        <ele>2033.0</ele>
      </trkpt>
      <trkpt lat="42.6808638" lon="82.3438605">
        <ele>2033.0</ele>
      </trkpt>
      <trkpt lat="42.680764" lon="82.3438145">
        <ele>2033.0</ele>
      </trkpt>
      <trkpt lat="42.6806679" lon="82.343786">
        <ele>2031.0</ele>
      </trkpt>
      <trkpt lat="42.680564" lon="82.3437855">
        <ele>2031.0</ele>
      </trkpt>
      <trkpt lat="42.6804624" lon="82.3437904">
        <ele>2031.0</ele>
      </trkpt>
      <trkpt lat="42.6803583" lon="82.3438099">
        <ele>2033.0</ele>
      </trkpt>
      <trkpt lat="42.6802642" lon="82.3438464">
        <ele>2033.0</ele>
      </trkpt>
      <trkpt lat="42.6801721" lon="82.3438551">
        <ele>2033.0</ele>
      </trkpt>
      <trkpt lat="42.6800956" lon="82.3437985">
        <ele>2024.0</ele>
      </trkpt>
      <trkpt lat="42.6800104" lon="82.3437201">
        <ele>2028.0</ele>
      </trkpt>
      <trkpt lat="42.6799165" lon="82.3436849">
        <ele>2028.0</ele>
      </trkpt>
      <trkpt lat="42.6798104" lon="82.3436767">
        <ele>2022.0</ele>
      </trkpt>
      <trkpt lat="42.6797017" lon="82.3436693">
        <ele>2022.0</ele>
      </trkpt>
      <trkpt lat="42.6796038" lon="82.3436534">
        <ele>2022.0</ele>
      </trkpt>
      <trkpt lat="42.6795094" lon="82.3436494">
        <ele>2016.0</ele>
      </trkpt>
      <trkpt lat="42.6794071" lon="82.3436197">
        <ele>2016.0</ele>
      </trkpt>
      <trkpt lat="42.679318" lon="82.3435674">
        <ele>2016.0</ele>
      </trkpt>
      <trkpt lat="42.6792273" lon="82.343502">
        <ele>2018.0</ele>
      </trkpt>
      <trkpt lat="42.679138" lon="82.3434298">
        <ele>2017.0</ele>
      </trkpt>
      <trkpt lat="42.679056" lon="82.3433633">
        <ele>2017.0</ele>
      </trkpt>
      <trkpt lat="42.6789701" lon="82.343295">
        <ele>2023.0</ele>
      </trkpt>
      <trkpt lat="42.6788943" lon="82.3432079">
        <ele>2023.0</ele>
      </trkpt>
      <trkpt lat="42.678819" lon="82.3431125">
        <ele>2015.0</ele>
      </trkpt>
      <trkpt lat="42.6787366" lon="82.3430269">
        <ele>2022.0</ele>
      </trkpt>
      <trkpt lat="42.6786625" lon="82.3429315">
        <ele>2022.0</ele>
      </trkpt>
      <trkpt lat="42.6786348" lon="82.3428112">
        <ele>2018.0</ele>
      </trkpt>
      <trkpt lat="42.6786158" lon="82.3426737">
        <ele>2018.0</ele>
      </trkpt>
      <trkpt lat="42.6786047" lon="82.3425433">
        <ele>2019.0</ele>
      </trkpt>
      <trkpt lat="42.6785832" lon="82.3424297">
        <ele>2019.0</ele>
      </trkpt>
      <trkpt lat="42.6785408" lon="82.3423205">
        <ele>2021.0</ele>
      </trkpt>
      <trkpt lat="42.6785966" lon="82.3423097">
        <ele>2021.0</ele>
      </trkpt>
      <trkpt lat="42.6786805" lon="82.3423423">
        <ele>2021.0</ele>
      </trkpt>
      <trkpt lat="42.678651" lon="82.3423176">
        <ele>2021.0</ele>
      </trkpt>
      <trkpt lat="42.6786218" lon="82.3422153">
        <ele>2021.0</ele>
      </trkpt>
      <trkpt lat="42.6785746" lon="82.3420979">
        <ele>2021.0</ele>
      </trkpt>
      <trkpt lat="42.6784976" lon="82.3419929">
        <ele>2024.0</ele>
      </trkpt>
      <trkpt lat="42.678421" lon="82.341883">
        <ele>2017.0</ele>
      </trkpt>
      <trkpt lat="42.6783582" lon="82.3417756">
        <ele>2017.0</ele>
      </trkpt>
      <trkpt lat="42.6782927" lon="82.3416749">
        <ele>2017.0</ele>
      </trkpt>
      <trkpt lat="42.6782095" lon="82.3416259">
        <ele>2017.0</ele>
      </trkpt>
      <trkpt lat="42.6781791" lon="82.3415272">
        <ele>2017.0</ele>
      </trkpt>
      <trkpt lat="42.6781726" lon="82.3414058">
        <ele>2017.0</ele>
      </trkpt>
      <trkpt lat="42.6781551" lon="82.3412839">
        <ele>2017.0</ele>
      </trkpt>
      <trkpt lat="42.6781141" lon="82.3411677">
        <ele>2017.0</ele>
      </trkpt>
      <trkpt lat="42.6780513" lon="82.3410554">
        <ele>2017.0</ele>
      </trkpt>
      <trkpt lat="42.677992" lon="82.3409437">
        <ele>2018.0</ele>
      </trkpt>
      <trkpt lat="42.6779471" lon="82.3408267">
        <ele>2018.0</ele>
      </trkpt>
      <trkpt lat="42.6778894" lon="82.3407253">
        <ele>2017.0</ele>
      </trkpt>
      <trkpt lat="42.6778233" lon="82.3406277">
        <ele>2017.0</ele>
      </trkpt>
      <trkpt lat="42.6777633" lon="82.3405218">
        <ele>2017.0</ele>
      </trkpt>
      <trkpt lat="42.6777118" lon="82.340406">
        <ele>2023.0</ele>
      </trkpt>
      <trkpt lat="42.6776742" lon="82.3402841">
        <ele>2023.0</ele>
      </trkpt>
      <trkpt lat="42.6776174" lon="82.3401684">
        <ele>2016.0</ele>
      </trkpt>
      <trkpt lat="42.6775544" lon="82.3400608">
        <ele>2021.0</ele>
      </trkpt>
      <trkpt lat="42.6775097" lon="82.3399464">
        <ele>2021.0</ele>
      </trkpt>
      <trkpt lat="42.6774252" lon="82.3398771">
        <ele>2021.0</ele>
      </trkpt>
      <trkpt lat="42.6773538" lon="82.3397885">
        <ele>2023.0</ele>
      </trkpt>
      <trkpt lat="42.6773256" lon="82.3396535">
        <ele>2023.0</ele>
      </trkpt>
      <trkpt lat="42.6772878" lon="82.3395242">
        <ele>2021.0</ele>
      </trkpt>
      <trkpt lat="42.6772461" lon="82.3394056">
        <ele>2021.0</ele>
      </trkpt>
      <trkpt lat="42.6771835" lon="82.3393147">
        <ele>2021.0</ele>
      </trkpt>
      <trkpt lat="42.6771241" lon="82.3392181">
        <ele>2020.0</ele>
      </trkpt>
      <trkpt lat="42.6770725" lon="82.3391166">
        <ele>2015.0</ele>
      </trkpt>
      <trkpt lat="42.6770197" lon="82.3390071">
        <ele>2014.0</ele>
      </trkpt>
      <trkpt lat="42.676984" lon="82.338948">
        <ele>2014.0</ele>
      </trkpt>
      <trkpt lat="42.6769804" lon="82.3388443">
        <ele>2014.0</ele>
      </trkpt>
      <trkpt lat="42.6769669" lon="82.3387084">
        <ele>2015.0</ele>
      </trkpt>
      <trkpt lat="42.6769389" lon="82.3385792">
        <ele>2015.0</ele>
      </trkpt>
      <trkpt lat="42.6769186" lon="82.3384513">
        <ele>2025.0</ele>
      </trkpt>
      <trkpt lat="42.6768765" lon="82.3383287">
        <ele>2025.0</ele>
      </trkpt>
      <trkpt lat="42.6768326" lon="82.3382072">
        <ele>2025.0</ele>
      </trkpt>
      <trkpt lat="42.6767773" lon="82.3380905">
        <ele>2018.0</ele>
      </trkpt>
      <trkpt lat="42.6767378" lon="82.3379694">
        <ele>2018.0</ele>
      </trkpt>
      <trkpt lat="42.6767231" lon="82.3378947">
        <ele>2021.0</ele>
      </trkpt>
      <trkpt lat="42.6767231" lon="82.3377799">
        <ele>2021.0</ele>
      </trkpt>
      <trkpt lat="42.6767011" lon="82.3376515">
        <ele>2021.0</ele>
      </trkpt>
      <trkpt lat="42.6766718" lon="82.3375174">
        <ele>2026.0</ele>
      </trkpt>
      <trkpt lat="42.6766306" lon="82.3374226">
        <ele>2026.0</ele>
      </trkpt>
      <trkpt lat="42.6765957" lon="82.3373126">
        <ele>2027.0</ele>
      </trkpt>
      <trkpt lat="42.676536" lon="82.3372181">
        <ele>2027.0</ele>
      </trkpt>
      <trkpt lat="42.6764883" lon="82.3371134">
        <ele>2017.0</ele>
      </trkpt>
      <trkpt lat="42.6764734" lon="82.336995">
        <ele>2020.0</ele>
      </trkpt>
      <trkpt lat="42.676408" lon="82.3369248">
        <ele>2020.0</ele>
      </trkpt>
      <trkpt lat="42.6763492" lon="82.3368283">
        <ele>2020.0</ele>
      </trkpt>
      <trkpt lat="42.6763008" lon="82.3367189">
        <ele>2025.0</ele>
      </trkpt>
      <trkpt lat="42.6762566" lon="82.3366">
        <ele>2025.0</ele>
      </trkpt>
      <trkpt lat="42.6762218" lon="82.336479">
        <ele>2022.0</ele>
      </trkpt>
      <trkpt lat="42.6761789" lon="82.3363589">
        <ele>2022.0</ele>
      </trkpt>
      <trkpt lat="42.676128" lon="82.3362533">
        <ele>2022.0</ele>
      </trkpt>
      <trkpt lat="42.6760638" lon="82.3361581">
        <ele>2026.0</ele>
      </trkpt>
      <trkpt lat="42.675993" lon="82.3360769">
        <ele>2026.0</ele>
      </trkpt>
      <trkpt lat="42.6759064" lon="82.3360064">
        <ele>2019.0</ele>
      </trkpt>
      <trkpt lat="42.6758236" lon="82.3359676">
        <ele>2021.0</ele>
      </trkpt>
      <trkpt lat="42.6757489" lon="82.3358773">
        <ele>2021.0</ele>
      </trkpt>
      <trkpt lat="42.6757243" lon="82.3359026">
        <ele>2021.0</ele>
      </trkpt>
      <trkpt lat="42.6756884" lon="82.3358054">
        <ele>2019.0</ele>
      </trkpt>
      <trkpt lat="42.6756884" lon="82.3357868">
        <ele>2019.0</ele>
      </trkpt>
      <trkpt lat="42.6756535" lon="82.3356926">
        <ele>2021.0</ele>
      </trkpt>
      <trkpt lat="42.6755798" lon="82.3356178">
        <ele>2021.0</ele>
      </trkpt>
      <trkpt lat="42.6755347" lon="82.3356014">
        <ele>2021.0</ele>
      </trkpt>
      <trkpt lat="42.6754771" lon="82.3355248">
        <ele>2021.0</ele>
      </trkpt>
      <trkpt lat="42.6753988" lon="82.3354382">
        <ele>2025.0</ele>
      </trkpt>
      <trkpt lat="42.6753542" lon="82.3353265">
        <ele>2029.0</ele>
      </trkpt>
      <trkpt lat="42.6752996" lon="82.3352088">
        <ele>2029.0</ele>
      </trkpt>
      <trkpt lat="42.6752369" lon="82.3350846">
        <ele>2043.0</ele>
      </trkpt>
      <trkpt lat="42.6751581" lon="82.3349758">
        <ele>2043.0</ele>
      </trkpt>
      <trkpt lat="42.6750758" lon="82.3349035">
        <ele>2038.0</ele>
      </trkpt>
      <trkpt lat="42.6750151" lon="82.3348141">
        <ele>2050.0</ele>
      </trkpt>
      <trkpt lat="42.6749243" lon="82.334762">
        <ele>2050.0</ele>
      </trkpt>
      <trkpt lat="42.6748476" lon="82.3346852">
        <ele>2044.0</ele>
      </trkpt>
      <trkpt lat="42.6747544" lon="82.3346241">
        <ele>2044.0</ele>
      </trkpt>
      <trkpt lat="42.6746642" lon="82.3345404">
        <ele>2057.0</ele>
      </trkpt>
      <trkpt lat="42.6745659" lon="82.3344987">
        <ele>2047.0</ele>
      </trkpt>
      <trkpt lat="42.6744731" lon="82.3344755">
        <ele>2047.0</ele>
      </trkpt>
      <trkpt lat="42.6743953" lon="82.3343955">
        <ele>2047.0</ele>
      </trkpt>
      <trkpt lat="42.6743272" lon="82.3342979">
        <ele>2054.0</ele>
      </trkpt>
      <trkpt lat="42.6742499" lon="82.334233">
        <ele>2038.0</ele>
      </trkpt>
      <trkpt lat="42.674169" lon="82.3341465">
        <ele>2038.0</ele>
      </trkpt>
      <trkpt lat="42.6740877" lon="82.3340642">
        <ele>2038.0</ele>
      </trkpt>
      <trkpt lat="42.6740036" lon="82.3339985">
        <ele>2037.0</ele>
      </trkpt>
      <trkpt lat="42.6739252" lon="82.3339246">
        <ele>2037.0</ele>
      </trkpt>
      <trkpt lat="42.6738638" lon="82.3338342">
        <ele>2037.0</ele>
      </trkpt>
      <trkpt lat="42.6737968" lon="82.3337487">
        <ele>2043.0</ele>
      </trkpt>
      <trkpt lat="42.6737165" lon="82.333664">
        <ele>2038.0</ele>
      </trkpt>
      <trkpt lat="42.6736265" lon="82.3335799">
        <ele>2038.0</ele>
      </trkpt>
      <trkpt lat="42.6735464" lon="82.3335062">
        <ele>2038.0</ele>
      </trkpt>
      <trkpt lat="42.6734621" lon="82.3334589">
        <ele>2050.0</ele>
      </trkpt>
      <trkpt lat="42.6733738" lon="82.3333912">
        <ele>2050.0</ele>
      </trkpt>
      <trkpt lat="42.6732799" lon="82.3333317">
        <ele>2050.0</ele>
      </trkpt>
      <trkpt lat="42.673177" lon="82.333279">
        <ele>2042.0</ele>
      </trkpt>
      <trkpt lat="42.6730875" lon="82.3332237">
        <ele>2042.0</ele>
      </trkpt>
      <trkpt lat="42.6730187" lon="82.3331622">
        <ele>2054.0</ele>
      </trkpt>
      <trkpt lat="42.6729476" lon="82.3330945">
        <ele>2054.0</ele>
      </trkpt>
      <trkpt lat="42.6728684" lon="82.3330276">
        <ele>2032.0</ele>
      </trkpt>
      <trkpt lat="42.6727988" lon="82.3329479">
        <ele>2032.0</ele>
      </trkpt>
      <trkpt lat="42.6727195" lon="82.3328734">
        <ele>2024.0</ele>
      </trkpt>
      <trkpt lat="42.6726432" lon="82.3327745">
        <ele>2024.0</ele>
      </trkpt>
      <trkpt lat="42.6725671" lon="82.3326662">
        <ele>2017.0</ele>
      </trkpt>
      <trkpt lat="42.6724948" lon="82.3325701">
        <ele>2015.0</ele>
      </trkpt>
      <trkpt lat="42.672427" lon="82.332473">
        <ele>2015.0</ele>
      </trkpt>
      <trkpt lat="42.6723741" lon="82.3323583">
        <ele>2007.0</ele>
      </trkpt>
      <trkpt lat="42.6723381" lon="82.3322204">
        <ele>2012.0</ele>
      </trkpt>
      <trkpt lat="42.6723224" lon="82.3320739">
        <ele>2005.0</ele>
      </trkpt>
      <trkpt lat="42.6723291" lon="82.3319304">
        <ele>2005.0</ele>
      </trkpt>
      <trkpt lat="42.672345" lon="82.3317909">
        <ele>2002.0</ele>
      </trkpt>
      <trkpt lat="42.6723643" lon="82.3316501">
        <ele>1998.0</ele>
      </trkpt>
      <trkpt lat="42.6723807" lon="82.3315231">
        <ele>2001.0</ele>
      </trkpt>
      <trkpt lat="42.672394" lon="82.3313849">
        <ele>2001.0</ele>
      </trkpt>
      <trkpt lat="42.6724044" lon="82.3312367">
        <ele>1998.0</ele>
      </trkpt>
      <trkpt lat="42.6724068" lon="82.3311042">
        <ele>1998.0</ele>
      </trkpt>
      <trkpt lat="42.6724076" lon="82.3309758">
        <ele>1998.0</ele>
      </trkpt>
      <trkpt lat="42.6724072" lon="82.3309029">
        <ele>2000.0</ele>
      </trkpt>
      <trkpt lat="42.6724146" lon="82.3307837">
        <ele>2000.0</ele>
      </trkpt>
      <trkpt lat="42.6724158" lon="82.3306566">
        <ele>2004.0</ele>
      </trkpt>
      <trkpt lat="42.6724204" lon="82.3305181">
        <ele>2004.0</ele>
      </trkpt>
      <trkpt lat="42.6724092" lon="82.3303895">
        <ele>2006.0</ele>
      </trkpt>
      <trkpt lat="42.6723905" lon="82.3302583">
        <ele>2006.0</ele>
      </trkpt>
      <trkpt lat="42.672376" lon="82.3301307">
        <ele>2007.0</ele>
      </trkpt>
      <trkpt lat="42.6723705" lon="82.3299894">
        <ele>2007.0</ele>
      </trkpt>
      <trkpt lat="42.672368" lon="82.3298476">
        <ele>2011.0</ele>
      </trkpt>
      <trkpt lat="42.6723603" lon="82.3296962">
        <ele>2004.0</ele>
      </trkpt>
      <trkpt lat="42.6723522" lon="82.3295477">
        <ele>2013.0</ele>
      </trkpt>
      <trkpt lat="42.6723362" lon="82.329417">
        <ele>2013.0</ele>
      </trkpt>
      <trkpt lat="42.6722987" lon="82.329287">
        <ele>2045.0</ele>
      </trkpt>
      <trkpt lat="42.6722287" lon="82.3292026">
        <ele>2045.0</ele>
      </trkpt>
      <trkpt lat="42.6721473" lon="82.3291416">
        <ele>2045.0</ele>
      </trkpt>
      <trkpt lat="42.6720603" lon="82.3290934">
        <ele>2048.0</ele>
      </trkpt>
      <trkpt lat="42.6719747" lon="82.3290415">
        <ele>2048.0</ele>
      </trkpt>
      <trkpt lat="42.6719334" lon="82.3290534">
        <ele>2048.0</ele>
      </trkpt>
      <trkpt lat="42.6718544" lon="82.329107">
        <ele>2048.0</ele>
      </trkpt>
      <trkpt lat="42.6717566" lon="82.3290652">
        <ele>2054.0</ele>
      </trkpt>
      <trkpt lat="42.6716697" lon="82.3290248">
        <ele>2070.0</ele>
      </trkpt>
      <trkpt lat="42.6715815" lon="82.3289821">
        <ele>2070.0</ele>
      </trkpt>
      <trkpt lat="42.6714847" lon="82.3289567">
        <ele>2069.0</ele>
      </trkpt>
      <trkpt lat="42.6713804" lon="82.3289756">
        <ele>2069.0</ele>
      </trkpt>
      <trkpt lat="42.6712873" lon="82.3290235">
        <ele>2069.0</ele>
      </trkpt>
      <trkpt lat="42.6711902" lon="82.3290599">
        <ele>2049.0</ele>
      </trkpt>
      <trkpt lat="42.6710998" lon="82.3290931">
        <ele>2049.0</ele>
      </trkpt>
      <trkpt lat="42.6710111" lon="82.3291674">
        <ele>2049.0</ele>
      </trkpt>
      <trkpt lat="42.6709252" lon="82.3292302">
        <ele>2038.0</ele>
      </trkpt>
      <trkpt lat="42.6708357" lon="82.3292882">
        <ele>2038.0</ele>
      </trkpt>
      <trkpt lat="42.6707951" lon="82.3292752">
        <ele>2038.0</ele>
      </trkpt>
      <trkpt lat="42.6707224" lon="82.3292714">
        <ele>2038.0</ele>
      </trkpt>
      <trkpt lat="42.6706107" lon="82.329279">
        <ele>2036.0</ele>
      </trkpt>
      <trkpt lat="42.6705055" lon="82.32926">
        <ele>2036.0</ele>
      </trkpt>
      <trkpt lat="42.6704024" lon="82.3292296">
        <ele>2032.0</ele>
      </trkpt>
      <trkpt lat="42.6702975" lon="82.3292027">
        <ele>2032.0</ele>
      </trkpt>
      <trkpt lat="42.6701953" lon="82.3291862">
        <ele>2032.0</ele>
      </trkpt>
      <trkpt lat="42.6700929" lon="82.3291655">
        <ele>2032.0</ele>
      </trkpt>
      <trkpt lat="42.6700667" lon="82.3291621">
        <ele>2032.0</ele>
      </trkpt>
      <trkpt lat="42.670022" lon="82.3290903">
        <ele>2032.0</ele>
      </trkpt>
      <trkpt lat="42.6699144" lon="82.3290738">
        <ele>2032.0</ele>
      </trkpt>
      <trkpt lat="42.6698192" lon="82.3290653">
        <ele>2019.0</ele>
      </trkpt>
      <trkpt lat="42.6697178" lon="82.3290533">
        <ele>2019.0</ele>
      </trkpt>
      <trkpt lat="42.6696165" lon="82.3290222">
        <ele>2012.0</ele>
      </trkpt>
      <trkpt lat="42.6695319" lon="82.3289347">
        <ele>2006.0</ele>
      </trkpt>
      <trkpt lat="42.6694767" lon="82.3288104">
        <ele>2006.0</ele>
      </trkpt>
      <trkpt lat="42.6694357" lon="82.3286788">
        <ele>2005.0</ele>
      </trkpt>
      <trkpt lat="42.669404" lon="82.328546">
        <ele>2005.0</ele>
      </trkpt>
      <trkpt lat="42.6693897" lon="82.3284076">
        <ele>2003.0</ele>
      </trkpt>
      <trkpt lat="42.6693595" lon="82.3282865">
        <ele>2003.0</ele>
      </trkpt>
      <trkpt lat="42.6693228" lon="82.3281553">
        <ele>2000.0</ele>
      </trkpt>
      <trkpt lat="42.6692961" lon="82.3280142">
        <ele>1997.0</ele>
      </trkpt>
      <trkpt lat="42.6692551" lon="82.3278826">
        <ele>1998.0</ele>
      </trkpt>
      <trkpt lat="42.6692146" lon="82.3277534">
        <ele>1998.0</ele>
      </trkpt>
      <trkpt lat="42.6691817" lon="82.3276147">
        <ele>1997.0</ele>
      </trkpt>
      <trkpt lat="42.6691558" lon="82.3274717">
        <ele>1997.0</ele>
      </trkpt>
      <trkpt lat="42.6691213" lon="82.3273459">
        <ele>1996.0</ele>
      </trkpt>
      <trkpt lat="42.6690853" lon="82.3272238">
        <ele>1996.0</ele>
      </trkpt>
      <trkpt lat="42.6690535" lon="82.3270927">
        <ele>1996.0</ele>
      </trkpt>
      <trkpt lat="42.6690107" lon="82.3269652">
        <ele>1994.0</ele>
      </trkpt>
      <trkpt lat="42.6689832" lon="82.3269051">
        <ele>1994.0</ele>
      </trkpt>
      <trkpt lat="42.6689832" lon="82.3269051">
        <ele>1994.0</ele>
      </trkpt>
      <trkpt lat="42.6690476" lon="82.3269528">
        <ele>1995.0</ele>
      </trkpt>
      <trkpt lat="42.6690476" lon="82.3269528">
        <ele>1995.0</ele>
      </trkpt>
      <trkpt lat="42.6689815" lon="82.3268695">
        <ele>1994.0</ele>
      </trkpt>
      <trkpt lat="42.6688941" lon="82.326805">
        <ele>1991.0</ele>
      </trkpt>
      <trkpt lat="42.6687968" lon="82.3267565">
        <ele>1991.0</ele>
      </trkpt>
      <trkpt lat="42.6686967" lon="82.3267482">
        <ele>1990.0</ele>
      </trkpt>
      <trkpt lat="42.6686022" lon="82.3267481">
        <ele>1990.0</ele>
      </trkpt>
      <trkpt lat="42.6685011" lon="82.3267499">
        <ele>1990.0</ele>
      </trkpt>
      <trkpt lat="42.6683975" lon="82.3267564">
        <ele>1987.0</ele>
      </trkpt>
      <trkpt lat="42.6682938" lon="82.3267507">
        <ele>1987.0</ele>
      </trkpt>
      <trkpt lat="42.6682088" lon="82.3266756">
        <ele>1987.0</ele>
      </trkpt>
      <trkpt lat="42.6681814" lon="82.3265425">
        <ele>1995.0</ele>
      </trkpt>
      <trkpt lat="42.6682058" lon="82.3263959">
        <ele>1986.0</ele>
      </trkpt>
      <trkpt lat="42.6682257" lon="82.326255">
        <ele>1986.0</ele>
      </trkpt>
      <trkpt lat="42.6682249" lon="82.3261134">
        <ele>1985.0</ele>
      </trkpt>
      <trkpt lat="42.6681375" lon="82.3261666">
        <ele>1988.0</ele>
      </trkpt>
      <trkpt lat="42.6680471" lon="82.326209">
        <ele>1988.0</ele>
      </trkpt>
      <trkpt lat="42.6679814" lon="82.3262917">
        <ele>1990.0</ele>
      </trkpt>
      <trkpt lat="42.6679214" lon="82.3263922">
        <ele>1990.0</ele>
      </trkpt>
      <trkpt lat="42.6678294" lon="82.326411">
        <ele>2000.0</ele>
      </trkpt>
      <trkpt lat="42.6677444" lon="82.3263373">
        <ele>2000.0</ele>
      </trkpt>
      <trkpt lat="42.6676839" lon="82.3262022">
        <ele>1995.0</ele>
      </trkpt>
      <trkpt lat="42.6676374" lon="82.3260731">
        <ele>2003.0</ele>
      </trkpt>
      <trkpt lat="42.6675685" lon="82.3259877">
        <ele>2003.0</ele>
      </trkpt>
      <trkpt lat="42.6675129" lon="82.3259732">
        <ele>2003.0</ele>
      </trkpt>
      <trkpt lat="42.6674342" lon="82.3259377">
        <ele>1998.0</ele>
      </trkpt>
      <trkpt lat="42.6673427" lon="82.3259002">
        <ele>2012.0</ele>
      </trkpt>
      <trkpt lat="42.6672363" lon="82.325855">
        <ele>2012.0</ele>
      </trkpt>
      <trkpt lat="42.6671389" lon="82.3258114">
        <ele>2012.0</ele>
      </trkpt>
      <trkpt lat="42.6670339" lon="82.3257851">
        <ele>2024.0</ele>
      </trkpt>
      <trkpt lat="42.6669492" lon="82.3257283">
        <ele>2024.0</ele>
      </trkpt>
      <trkpt lat="42.6668675" lon="82.3256672">
        <ele>2016.0</ele>
      </trkpt>
      <trkpt lat="42.6667783" lon="82.3256142">
        <ele>2022.0</ele>
      </trkpt>
      <trkpt lat="42.6666832" lon="82.325562">
        <ele>2022.0</ele>
      </trkpt>
      <trkpt lat="42.6665807" lon="82.3255578">
        <ele>2022.0</ele>
      </trkpt>
      <trkpt lat="42.6664854" lon="82.3255972">
        <ele>2024.0</ele>
      </trkpt>
      <trkpt lat="42.6664278" lon="82.3256975">
        <ele>2024.0</ele>
      </trkpt>
      <trkpt lat="42.6663492" lon="82.3257779">
        <ele>2024.0</ele>
      </trkpt>
      <trkpt lat="42.666273" lon="82.3258582">
        <ele>2024.0</ele>
      </trkpt>
      <trkpt lat="42.6661869" lon="82.3259188">
        <ele>2023.0</ele>
      </trkpt>
      <trkpt lat="42.6661594" lon="82.3260304">
        <ele>2026.0</ele>
      </trkpt>
      <trkpt lat="42.6661751" lon="82.3261551">
        <ele>2026.0</ele>
      </trkpt>
      <trkpt lat="42.6661936" lon="82.3261977">
        <ele>2026.0</ele>
      </trkpt>
      <trkpt lat="42.6661317" lon="82.3261679">
        <ele>2026.0</ele>
      </trkpt>
      <trkpt lat="42.6660659" lon="82.3262352">
        <ele>2026.0</ele>
      </trkpt>
      <trkpt lat="42.6660187" lon="82.3263412">
        <ele>2023.0</ele>
      </trkpt>
      <trkpt lat="42.6659633" lon="82.3264572">
        <ele>2035.0</ele>
      </trkpt>
      <trkpt lat="42.6659682" lon="82.3265886">
        <ele>2036.0</ele>
      </trkpt>
      <trkpt lat="42.6659501" lon="82.3267186">
        <ele>2036.0</ele>
      </trkpt>
      <trkpt lat="42.665944" lon="82.3268632">
        <ele>2043.0</ele>
      </trkpt>
      <trkpt lat="42.6659356" lon="82.327011">
        <ele>2043.0</ele>
      </trkpt>
      <trkpt lat="42.6659112" lon="82.3271611">
        <ele>2041.0</ele>
      </trkpt>
      <trkpt lat="42.6658536" lon="82.3272633">
        <ele>2041.0</ele>
      </trkpt>
      <trkpt lat="42.6657953" lon="82.3273687">
        <ele>2042.0</ele>
      </trkpt>
      <trkpt lat="42.6658498" lon="82.3274711">
        <ele>2042.0</ele>
      </trkpt>
      <trkpt lat="42.6657993" lon="82.3275737">
        <ele>2042.0</ele>
      </trkpt>
      <trkpt lat="42.6656167" lon="82.3274552">
        <ele>2057.0</ele>
      </trkpt>
      <trkpt lat="42.6657286" lon="82.3274997">
        <ele>2042.0</ele>
      </trkpt>
      <trkpt lat="42.6657248" lon="82.3276075">
        <ele>2042.0</ele>
      </trkpt>
      <trkpt lat="42.6656558" lon="82.3276861">
        <ele>2060.0</ele>
      </trkpt>
      <trkpt lat="42.6656397" lon="82.3278047">
        <ele>2060.0</ele>
      </trkpt>
      <trkpt lat="42.6655676" lon="82.3278555">
        <ele>2060.0</ele>
      </trkpt>
      <trkpt lat="42.6654851" lon="82.3279291">
        <ele>2062.0</ele>
      </trkpt>
      <trkpt lat="42.6654227" lon="82.3280244">
        <ele>2062.0</ele>
      </trkpt>
      <trkpt lat="42.6653614" lon="82.3281462">
        <ele>2070.0</ele>
      </trkpt>
      <trkpt lat="42.6653478" lon="82.3282744">
        <ele>2068.0</ele>
      </trkpt>
      <trkpt lat="42.6653696" lon="82.3283323">
        <ele>2068.0</ele>
      </trkpt>
      <trkpt lat="42.6653379" lon="82.3284159">
        <ele>2068.0</ele>
      </trkpt>
      <trkpt lat="42.6652573" lon="82.3284402">
        <ele>2068.0</ele>
      </trkpt>
      <trkpt lat="42.6651406" lon="82.3284696">
        <ele>2068.0</ele>
      </trkpt>
      <trkpt lat="42.6652535" lon="82.3285363">
        <ele>2075.0</ele>
      </trkpt>
      <trkpt lat="42.6652085" lon="82.3286336">
        <ele>2075.0</ele>
      </trkpt>
      <trkpt lat="42.6651689" lon="82.3287483">
        <ele>2075.0</ele>
      </trkpt>
      <trkpt lat="42.6651467" lon="82.3288713">
        <ele>2066.0</ele>
      </trkpt>
      <trkpt lat="42.6650671" lon="82.3289182">
        <ele>2061.0</ele>
      </trkpt>
      <trkpt lat="42.6649884" lon="82.3290096">
        <ele>2061.0</ele>
      </trkpt>
      <trkpt lat="42.664904" lon="82.3290738">
        <ele>2064.0</ele>
      </trkpt>
      <trkpt lat="42.6648399" lon="82.3291662">
        <ele>2059.0</ele>
      </trkpt>
      <trkpt lat="42.6647595" lon="82.3292413">
        <ele>2059.0</ele>
      </trkpt>
      <trkpt lat="42.6646622" lon="82.3292852">
        <ele>2059.0</ele>
      </trkpt>
      <trkpt lat="42.6645684" lon="82.329336">
        <ele>2059.0</ele>
      </trkpt>
      <trkpt lat="42.6644821" lon="82.3294012">
        <ele>2059.0</ele>
      </trkpt>
      <trkpt lat="42.6644104" lon="82.3294826">
        <ele>2059.0</ele>
      </trkpt>
      <trkpt lat="42.6643987" lon="82.3294877">
        <ele>2059.0</ele>
      </trkpt>
      <trkpt lat="42.6643817" lon="82.3295829">
        <ele>2059.0</ele>
      </trkpt>
      <trkpt lat="42.6643018" lon="82.3296513">
        <ele>2059.0</ele>
      </trkpt>
      <trkpt lat="42.6642421" lon="82.3297431">
        <ele>2059.0</ele>
      </trkpt>
      <trkpt lat="42.6641686" lon="82.3298391">
        <ele>2059.0</ele>
      </trkpt>
      <trkpt lat="42.664165" lon="82.329874">
        <ele>2048.0</ele>
      </trkpt>
      <trkpt lat="42.6641823" lon="82.3299872">
        <ele>2048.0</ele>
      </trkpt>
      <trkpt lat="42.6641499" lon="82.3301136">
        <ele>2048.0</ele>
      </trkpt>
      <trkpt lat="42.6641533" lon="82.3302426">
        <ele>2047.0</ele>
      </trkpt>
      <trkpt lat="42.6641502" lon="82.330285">
        <ele>2047.0</ele>
      </trkpt>
      <trkpt lat="42.6641288" lon="82.3303856">
        <ele>2047.0</ele>
      </trkpt>
      <trkpt lat="42.664136" lon="82.3305152">
        <ele>2048.0</ele>
      </trkpt>
      <trkpt lat="42.6641413" lon="82.3306464">
        <ele>2048.0</ele>
      </trkpt>
      <trkpt lat="42.6641373" lon="82.330776">
        <ele>2049.0</ele>
      </trkpt>
      <trkpt lat="42.6641431" lon="82.330904">
        <ele>2049.0</ele>
      </trkpt>
      <trkpt lat="42.664162" lon="82.3308406">
        <ele>2049.0</ele>
      </trkpt>
      <trkpt lat="42.6641934" lon="82.3308932">
        <ele>2049.0</ele>
      </trkpt>
      <trkpt lat="42.6642197" lon="82.3310094">
        <ele>2052.0</ele>
      </trkpt>
      <trkpt lat="42.6642208" lon="82.3311398">
        <ele>2052.0</ele>
      </trkpt>
      <trkpt lat="42.6641725" lon="82.3312696">
        <ele>2057.0</ele>
      </trkpt>
      <trkpt lat="42.6641505" lon="82.331332">
        <ele>2057.0</ele>
      </trkpt>
      <trkpt lat="42.6640988" lon="82.3314169">
        <ele>2057.0</ele>
      </trkpt>
      <trkpt lat="42.6640557" lon="82.331531">
        <ele>2075.0</ele>
      </trkpt>
      <trkpt lat="42.6640389" lon="82.331676">
        <ele>2075.0</ele>
      </trkpt>
      <trkpt lat="42.6639859" lon="82.3317892">
        <ele>2073.0</ele>
      </trkpt>
      <trkpt lat="42.6639528" lon="82.3319139">
        <ele>2080.0</ele>
      </trkpt>
      <trkpt lat="42.6639442" lon="82.3320412">
        <ele>2080.0</ele>
      </trkpt>
      <trkpt lat="42.6638901" lon="82.3321501">
        <ele>2083.0</ele>
      </trkpt>
      <trkpt lat="42.66382" lon="82.3322546">
        <ele>2083.0</ele>
      </trkpt>
      <trkpt lat="42.6637649" lon="82.3323592">
        <ele>2083.0</ele>
      </trkpt>
      <trkpt lat="42.6637488" lon="82.3324813">
        <ele>2078.0</ele>
      </trkpt>
      <trkpt lat="42.6637254" lon="82.3326134">
        <ele>2078.0</ele>
      </trkpt>
      <trkpt lat="42.6637513" lon="82.332684">
        <ele>2078.0</ele>
      </trkpt>
      <trkpt lat="42.6638114" lon="82.3327799">
        <ele>2078.0</ele>
      </trkpt>
      <trkpt lat="42.6638714" lon="82.332892">
        <ele>2078.0</ele>
      </trkpt>
      <trkpt lat="42.6638468" lon="82.3329963">
        <ele>2067.0</ele>
      </trkpt>
      <trkpt lat="42.6638141" lon="82.3331202">
        <ele>2067.0</ele>
      </trkpt>
      <trkpt lat="42.6637263" lon="82.3331651">
        <ele>2073.0</ele>
      </trkpt>
      <trkpt lat="42.6636432" lon="82.3332199">
        <ele>2074.0</ele>
      </trkpt>
      <trkpt lat="42.6636718" lon="82.3333287">
        <ele>2074.0</ele>
      </trkpt>
      <trkpt lat="42.6636513" lon="82.3334572">
        <ele>2074.0</ele>
      </trkpt>
      <trkpt lat="42.6635911" lon="82.3335714">
        <ele>2085.0</ele>
      </trkpt>
      <trkpt lat="42.6635233" lon="82.3336732">
        <ele>2085.0</ele>
      </trkpt>
      <trkpt lat="42.663506" lon="82.3338093">
        <ele>2086.0</ele>
      </trkpt>
      <trkpt lat="42.6634837" lon="82.333949">
        <ele>2086.0</ele>
      </trkpt>
      <trkpt lat="42.6634311" lon="82.3340799">
        <ele>2103.0</ele>
      </trkpt>
      <trkpt lat="42.6633562" lon="82.334184">
        <ele>2103.0</ele>
      </trkpt>
      <trkpt lat="42.6632719" lon="82.3342798">
        <ele>2103.0</ele>
      </trkpt>
      <trkpt lat="42.6631977" lon="82.3343879">
        <ele>2098.0</ele>
      </trkpt>
      <trkpt lat="42.6631287" lon="82.3344966">
        <ele>2111.0</ele>
      </trkpt>
      <trkpt lat="42.6630714" lon="82.3345994">
        <ele>2110.0</ele>
      </trkpt>
      <trkpt lat="42.66301" lon="82.3346918">
        <ele>2110.0</ele>
      </trkpt>
      <trkpt lat="42.662964" lon="82.3348057">
        <ele>2110.0</ele>
      </trkpt>
      <trkpt lat="42.6629757" lon="82.3349384">
        <ele>2105.0</ele>
      </trkpt>
      <trkpt lat="42.6629927" lon="82.3350784">
        <ele>2105.0</ele>
      </trkpt>
      <trkpt lat="42.662982" lon="82.3352148">
        <ele>2098.0</ele>
      </trkpt>
      <trkpt lat="42.6630222" lon="82.3353219">
        <ele>2098.0</ele>
      </trkpt>
      <trkpt lat="42.6631033" lon="82.335411">
        <ele>2098.0</ele>
      </trkpt>
      <trkpt lat="42.6631588" lon="82.3355313">
        <ele>2090.0</ele>
      </trkpt>
      <trkpt lat="42.6631733" lon="82.335658">
        <ele>2090.0</ele>
      </trkpt>
      <trkpt lat="42.663153" lon="82.3357808">
        <ele>2090.0</ele>
      </trkpt>
      <trkpt lat="42.663171" lon="82.3358826">
        <ele>2090.0</ele>
      </trkpt>
      <trkpt lat="42.6632375" lon="82.3359739">
        <ele>2084.0</ele>
      </trkpt>
      <trkpt lat="42.663212" lon="82.33607">
        <ele>2084.0</ele>
      </trkpt>
      <trkpt lat="42.6632262" lon="82.3361881">
        <ele>2084.0</ele>
      </trkpt>
      <trkpt lat="42.6632272" lon="82.3363176">
        <ele>2083.0</ele>
      </trkpt>
      <trkpt lat="42.6632146" lon="82.3364474">
        <ele>2083.0</ele>
      </trkpt>
      <trkpt lat="42.6632142" lon="82.3365732">
        <ele>2085.0</ele>
      </trkpt>
      <trkpt lat="42.6632158" lon="82.3366976">
        <ele>2085.0</ele>
      </trkpt>
      <trkpt lat="42.6632421" lon="82.336822">
        <ele>2078.0</ele>
      </trkpt>
      <trkpt lat="42.6633242" lon="82.3368483">
        <ele>2078.0</ele>
      </trkpt>
      <trkpt lat="42.6634095" lon="82.3369141">
        <ele>2078.0</ele>
      </trkpt>
      <trkpt lat="42.6634178" lon="82.3370265">
        <ele>2078.0</ele>
      </trkpt>
      <trkpt lat="42.6633801" lon="82.3371428">
        <ele>2075.0</ele>
      </trkpt>
      <trkpt lat="42.6633654" lon="82.337278">
        <ele>2075.0</ele>
      </trkpt>
      <trkpt lat="42.6633957" lon="82.3374058">
        <ele>2079.0</ele>
      </trkpt>
      <trkpt lat="42.6633837" lon="82.3375333">
        <ele>2079.0</ele>
      </trkpt>
      <trkpt lat="42.663385" lon="82.3376573">
        <ele>2079.0</ele>
      </trkpt>
      <trkpt lat="42.6634053" lon="82.337784">
        <ele>2079.0</ele>
      </trkpt>
      <trkpt lat="42.6633995" lon="82.3379074">
        <ele>2079.0</ele>
      </trkpt>
      <trkpt lat="42.6633659" lon="82.3380287">
        <ele>2080.0</ele>
      </trkpt>
      <trkpt lat="42.6633386" lon="82.3381629">
        <ele>2080.0</ele>
      </trkpt>
      <trkpt lat="42.6633081" lon="82.3382984">
        <ele>2077.0</ele>
      </trkpt>
      <trkpt lat="42.6632849" lon="82.3384354">
        <ele>2077.0</ele>
      </trkpt>
      <trkpt lat="42.6632379" lon="82.3385673">
        <ele>2079.0</ele>
      </trkpt>
      <trkpt lat="42.6632011" lon="82.3386892">
        <ele>2079.0</ele>
      </trkpt>
      <trkpt lat="42.6631601" lon="82.338809">
        <ele>2085.0</ele>
      </trkpt>
      <trkpt lat="42.6632317" lon="82.338888">
        <ele>2080.0</ele>
      </trkpt>
      <trkpt lat="42.6632611" lon="82.339016">
        <ele>2080.0</ele>
      </trkpt>
      <trkpt lat="42.6632845" lon="82.3391361">
        <ele>2086.0</ele>
      </trkpt>
      <trkpt lat="42.6633209" lon="82.3392479">
        <ele>2086.0</ele>
      </trkpt>
      <trkpt lat="42.6633543" lon="82.3393623">
        <ele>2093.0</ele>
      </trkpt>
      <trkpt lat="42.6634094" lon="82.3394602">
        <ele>2093.0</ele>
      </trkpt>
      <trkpt lat="42.6634766" lon="82.3395438">
        <ele>2111.0</ele>
      </trkpt>
      <trkpt lat="42.6635133" lon="82.3396576">
        <ele>2109.0</ele>
      </trkpt>
      <trkpt lat="42.6635246" lon="82.3397886">
        <ele>2109.0</ele>
      </trkpt>
      <trkpt lat="42.6635717" lon="82.3399049">
        <ele>2106.0</ele>
      </trkpt>
      <trkpt lat="42.6636097" lon="82.3400311">
        <ele>2106.0</ele>
      </trkpt>
      <trkpt lat="42.663638" lon="82.3401521">
        <ele>2103.0</ele>
      </trkpt>
      <trkpt lat="42.6636639" lon="82.3402741">
        <ele>2103.0</ele>
      </trkpt>
      <trkpt lat="42.6636699" lon="82.3404111">
        <ele>2103.0</ele>
      </trkpt>
      <trkpt lat="42.6636788" lon="82.3405503">
        <ele>2104.0</ele>
      </trkpt>
      <trkpt lat="42.663658" lon="82.3406898">
        <ele>2104.0</ele>
      </trkpt>
      <trkpt lat="42.6636451" lon="82.3408188">
        <ele>2103.0</ele>
      </trkpt>
      <trkpt lat="42.663623" lon="82.3409466">
        <ele>2103.0</ele>
      </trkpt>
      <trkpt lat="42.6635889" lon="82.3410628">
        <ele>2106.0</ele>
      </trkpt>
      <trkpt lat="42.6635874" lon="82.3411969">
        <ele>2106.0</ele>
      </trkpt>
      <trkpt lat="42.6636224" lon="82.3413198">
        <ele>2103.0</ele>
      </trkpt>
      <trkpt lat="42.6636628" lon="82.3414382">
        <ele>2103.0</ele>
      </trkpt>
      <trkpt lat="42.6636695" lon="82.3415606">
        <ele>2103.0</ele>
      </trkpt>
      <trkpt lat="42.6636664" lon="82.341699">
        <ele>2103.0</ele>
      </trkpt>
      <trkpt lat="42.663638" lon="82.3418205">
        <ele>2105.0</ele>
      </trkpt>
      <trkpt lat="42.6636025" lon="82.3419462">
        <ele>2105.0</ele>
      </trkpt>
      <trkpt lat="42.6635582" lon="82.3420625">
        <ele>2105.0</ele>
      </trkpt>
      <trkpt lat="42.6635134" lon="82.342194">
        <ele>2104.0</ele>
      </trkpt>
      <trkpt lat="42.6634877" lon="82.3423306">
        <ele>2104.0</ele>
      </trkpt>
      <trkpt lat="42.6634455" lon="82.3424697">
        <ele>2111.0</ele>
      </trkpt>
      <trkpt lat="42.6634249" lon="82.3426145">
        <ele>2111.0</ele>
      </trkpt>
      <trkpt lat="42.6634218" lon="82.3427499">
        <ele>2110.0</ele>
      </trkpt>
      <trkpt lat="42.6634348" lon="82.3429021">
        <ele>2110.0</ele>
      </trkpt>
      <trkpt lat="42.6635104" lon="82.3429882">
        <ele>2114.0</ele>
      </trkpt>
      <trkpt lat="42.6635405" lon="82.3430255">
        <ele>2114.0</ele>
      </trkpt>
      <trkpt lat="42.6635443" lon="82.3431215">
        <ele>2114.0</ele>
      </trkpt>
      <trkpt lat="42.6635213" lon="82.3432348">
        <ele>2115.0</ele>
      </trkpt>
      <trkpt lat="42.6635163" lon="82.3433752">
        <ele>2115.0</ele>
      </trkpt>
      <trkpt lat="42.6635203" lon="82.3435133">
        <ele>2120.0</ele>
      </trkpt>
      <trkpt lat="42.6635167" lon="82.3436226">
        <ele>2120.0</ele>
      </trkpt>
      <trkpt lat="42.66351" lon="82.3437534">
        <ele>2122.0</ele>
      </trkpt>
      <trkpt lat="42.6634903" lon="82.3438823">
        <ele>2122.0</ele>
      </trkpt>
      <trkpt lat="42.6634763" lon="82.3440088">
        <ele>2122.0</ele>
      </trkpt>
      <trkpt lat="42.6634298" lon="82.3441178">
        <ele>2109.0</ele>
      </trkpt>
      <trkpt lat="42.6633981" lon="82.3441722">
        <ele>2109.0</ele>
      </trkpt>
      <trkpt lat="42.6633794" lon="82.344272">
        <ele>2109.0</ele>
      </trkpt>
      <trkpt lat="42.6633665" lon="82.344396">
        <ele>2113.0</ele>
      </trkpt>
      <trkpt lat="42.6633503" lon="82.3445275">
        <ele>2113.0</ele>
      </trkpt>
      <trkpt lat="42.663323" lon="82.3446653">
        <ele>2113.0</ele>
      </trkpt>
      <trkpt lat="42.6632811" lon="82.3447926">
        <ele>2113.0</ele>
      </trkpt>
      <trkpt lat="42.6632606" lon="82.3449264">
        <ele>2112.0</ele>
      </trkpt>
      <trkpt lat="42.6632577" lon="82.3450643">
        <ele>2112.0</ele>
      </trkpt>
      <trkpt lat="42.6632897" lon="82.3451931">
        <ele>2116.0</ele>
      </trkpt>
      <trkpt lat="42.6632762" lon="82.3453159">
        <ele>2116.0</ele>
      </trkpt>
      <trkpt lat="42.6632629" lon="82.3454477">
        <ele>2122.0</ele>
      </trkpt>
      <trkpt lat="42.6632743" lon="82.345578">
        <ele>2122.0</ele>
      </trkpt>
      <trkpt lat="42.6632667" lon="82.3457095">
        <ele>2131.0</ele>
      </trkpt>
      <trkpt lat="42.6632658" lon="82.3458399">
        <ele>2131.0</ele>
      </trkpt>
      <trkpt lat="42.6632387" lon="82.3459713">
        <ele>2131.0</ele>
      </trkpt>
      <trkpt lat="42.6632098" lon="82.3461037">
        <ele>2140.0</ele>
      </trkpt>
      <trkpt lat="42.6631605" lon="82.3462121">
        <ele>2116.0</ele>
      </trkpt>
      <trkpt lat="42.6631217" lon="82.3463317">
        <ele>2114.0</ele>
      </trkpt>
      <trkpt lat="42.6630675" lon="82.346445">
        <ele>2114.0</ele>
      </trkpt>
      <trkpt lat="42.6630472" lon="82.3465686">
        <ele>2115.0</ele>
      </trkpt>
      <trkpt lat="42.6630568" lon="82.3466945">
        <ele>2115.0</ele>
      </trkpt>
      <trkpt lat="42.6630747" lon="82.346817">
        <ele>2117.0</ele>
      </trkpt>
      <trkpt lat="42.6630662" lon="82.3469439">
        <ele>2117.0</ele>
      </trkpt>
      <trkpt lat="42.6630899" lon="82.3470671">
        <ele>2117.0</ele>
      </trkpt>
      <trkpt lat="42.6630745" lon="82.3472024">
        <ele>2119.0</ele>
      </trkpt>
      <trkpt lat="42.6630522" lon="82.3473468">
        <ele>2119.0</ele>
      </trkpt>
      <trkpt lat="42.6630221" lon="82.3474819">
        <ele>2120.0</ele>
      </trkpt>
      <trkpt lat="42.6630006" lon="82.3476123">
        <ele>2120.0</ele>
      </trkpt>
      <trkpt lat="42.6629292" lon="82.347708">
        <ele>2125.0</ele>
      </trkpt>
      <trkpt lat="42.6628669" lon="82.3478188">
        <ele>2114.0</ele>
      </trkpt>
      <trkpt lat="42.6628102" lon="82.3479422">
        <ele>2109.0</ele>
      </trkpt>
      <trkpt lat="42.6627324" lon="82.3480158">
        <ele>2109.0</ele>
      </trkpt>
      <trkpt lat="42.6626484" lon="82.3479901">
        <ele>2109.0</ele>
      </trkpt>
      <trkpt lat="42.6626291" lon="82.3480617">
        <ele>2112.0</ele>
      </trkpt>
      <trkpt lat="42.662606" lon="82.3481772">
        <ele>2112.0</ele>
      </trkpt>
      <trkpt lat="42.6625636" lon="82.348288">
        <ele>2112.0</ele>
      </trkpt>
      <trkpt lat="42.6625185" lon="82.3484117">
        <ele>2112.0</ele>
      </trkpt>
      <trkpt lat="42.6624787" lon="82.3485461">
        <ele>2116.0</ele>
      </trkpt>
      <trkpt lat="42.6624289" lon="82.3486747">
        <ele>2116.0</ele>
      </trkpt>
      <trkpt lat="42.662396" lon="82.3488126">
        <ele>2118.0</ele>
      </trkpt>
      <trkpt lat="42.6623737" lon="82.3489547">
        <ele>2118.0</ele>
      </trkpt>
      <trkpt lat="42.662359" lon="82.3490831">
        <ele>2124.0</ele>
      </trkpt>
      <trkpt lat="42.6623496" lon="82.3492232">
        <ele>2124.0</ele>
      </trkpt>
      <trkpt lat="42.6623533" lon="82.3493743">
        <ele>2125.0</ele>
      </trkpt>
      <trkpt lat="42.6623664" lon="82.3494348">
        <ele>2126.0</ele>
      </trkpt>
      <trkpt lat="42.6623844" lon="82.3495495">
        <ele>2126.0</ele>
      </trkpt>
      <trkpt lat="42.6623439" lon="82.3496568">
        <ele>2128.0</ele>
      </trkpt>
      <trkpt lat="42.662294" lon="82.3497763">
        <ele>2128.0</ele>
      </trkpt>
      <trkpt lat="42.662293" lon="82.3499135">
        <ele>2129.0</ele>
      </trkpt>
      <trkpt lat="42.6622729" lon="82.3500487">
        <ele>2129.0</ele>
      </trkpt>
      <trkpt lat="42.6622443" lon="82.3501792">
        <ele>2128.0</ele>
      </trkpt>
      <trkpt lat="42.6622257" lon="82.3503204">
        <ele>2128.0</ele>
      </trkpt>
      <trkpt lat="42.6622084" lon="82.3504517">
        <ele>2129.0</ele>
      </trkpt>
      <trkpt lat="42.6621521" lon="82.3505509">
        <ele>2129.0</ele>
      </trkpt>
      <trkpt lat="42.6620856" lon="82.3506518">
        <ele>2129.0</ele>
      </trkpt>
      <trkpt lat="42.6620169" lon="82.3507504">
        <ele>2128.0</ele>
      </trkpt>
      <trkpt lat="42.6619747" lon="82.3507938">
        <ele>2128.0</ele>
      </trkpt>
      <trkpt lat="42.6619491" lon="82.3508937">
        <ele>2128.0</ele>
      </trkpt>
      <trkpt lat="42.6619216" lon="82.351022">
        <ele>2130.0</ele>
      </trkpt>
      <trkpt lat="42.6618695" lon="82.3511409">
        <ele>2130.0</ele>
      </trkpt>
      <trkpt lat="42.6618168" lon="82.3512537">
        <ele>2139.0</ele>
      </trkpt>
      <trkpt lat="42.6617302" lon="82.35133">
        <ele>2136.0</ele>
      </trkpt>
      <trkpt lat="42.6616974" lon="82.3514444">
        <ele>2136.0</ele>
      </trkpt>
      <trkpt lat="42.6616638" lon="82.3515591">
        <ele>2137.0</ele>
      </trkpt>
      <trkpt lat="42.6616269" lon="82.3516436">
        <ele>2137.0</ele>
      </trkpt>
      <trkpt lat="42.6616161" lon="82.3517639">
        <ele>2137.0</ele>
      </trkpt>
      <trkpt lat="42.6616047" lon="82.3518957">
        <ele>2143.0</ele>
      </trkpt>
      <trkpt lat="42.6615603" lon="82.3520174">
        <ele>2143.0</ele>
      </trkpt>
      <trkpt lat="42.6615167" lon="82.3521323">
        <ele>2150.0</ele>
      </trkpt>
      <trkpt lat="42.6614839" lon="82.3522628">
        <ele>2150.0</ele>
      </trkpt>
      <trkpt lat="42.6614641" lon="82.352399">
        <ele>2155.0</ele>
      </trkpt>
      <trkpt lat="42.6614593" lon="82.3525338">
        <ele>2155.0</ele>
      </trkpt>
      <trkpt lat="42.6614677" lon="82.3526597">
        <ele>2158.0</ele>
      </trkpt>
      <trkpt lat="42.6614819" lon="82.3527942">
        <ele>2158.0</ele>
      </trkpt>
      <trkpt lat="42.6614845" lon="82.3529255">
        <ele>2156.0</ele>
      </trkpt>
      <trkpt lat="42.6614715" lon="82.3530488">
        <ele>2156.0</ele>
      </trkpt>
      <trkpt lat="42.6614675" lon="82.3531704">
        <ele>2156.0</ele>
      </trkpt>
      <trkpt lat="42.6614554" lon="82.3533092">
        <ele>2154.0</ele>
      </trkpt>
      <trkpt lat="42.6614533" lon="82.3534382">
        <ele>2154.0</ele>
      </trkpt>
      <trkpt lat="42.661459" lon="82.3535785">
        <ele>2152.0</ele>
      </trkpt>
      <trkpt lat="42.6614692" lon="82.3537097">
        <ele>2152.0</ele>
      </trkpt>
      <trkpt lat="42.6614543" lon="82.35385">
        <ele>2154.0</ele>
      </trkpt>
      <trkpt lat="42.6614637" lon="82.3539755">
        <ele>2154.0</ele>
      </trkpt>
      <trkpt lat="42.6615027" lon="82.3541052">
        <ele>2157.0</ele>
      </trkpt>
      <trkpt lat="42.661544" lon="82.354241">
        <ele>2158.0</ele>
      </trkpt>
      <trkpt lat="42.6615654" lon="82.3543767">
        <ele>2161.0</ele>
      </trkpt>
      <trkpt lat="42.6616122" lon="82.3544857">
        <ele>2161.0</ele>
      </trkpt>
      <trkpt lat="42.6616314" lon="82.3545271">
        <ele>2161.0</ele>
      </trkpt>
      <trkpt lat="42.661585" lon="82.3545923">
        <ele>2162.0</ele>
      </trkpt>
      <trkpt lat="42.6614752" lon="82.3546497">
        <ele>2166.0</ele>
      </trkpt>
      <trkpt lat="42.6614251" lon="82.3547632">
        <ele>2166.0</ele>
      </trkpt>
      <trkpt lat="42.6614101" lon="82.3548972">
        <ele>2172.0</ele>
      </trkpt>
      <trkpt lat="42.6614026" lon="82.3550388">
        <ele>2172.0</ele>
      </trkpt>
      <trkpt lat="42.6614223" lon="82.3551744">
        <ele>2182.0</ele>
      </trkpt>
      <trkpt lat="42.6614115" lon="82.3553052">
        <ele>2182.0</ele>
      </trkpt>
      <trkpt lat="42.6614033" lon="82.3553837">
        <ele>2182.0</ele>
      </trkpt>
      <trkpt lat="42.6614338" lon="82.3554868">
        <ele>2192.0</ele>
      </trkpt>
      <trkpt lat="42.661458" lon="82.3556255">
        <ele>2192.0</ele>
      </trkpt>
      <trkpt lat="42.6615098" lon="82.3557491">
        <ele>2201.0</ele>
      </trkpt>
      <trkpt lat="42.6615794" lon="82.3558383">
        <ele>2185.0</ele>
      </trkpt>
      <trkpt lat="42.661637" lon="82.3559411">
        <ele>2185.0</ele>
      </trkpt>
      <trkpt lat="42.6617014" lon="82.3560428">
        <ele>2201.0</ele>
      </trkpt>
      <trkpt lat="42.6617694" lon="82.3561331">
        <ele>2201.0</ele>
      </trkpt>
      <trkpt lat="42.6618563" lon="82.3561807">
        <ele>2185.0</ele>
      </trkpt>
      <trkpt lat="42.6619511" lon="82.3562255">
        <ele>2185.0</ele>
      </trkpt>
      <trkpt lat="42.6620349" lon="82.3562805">
        <ele>2195.0</ele>
      </trkpt>
      <trkpt lat="42.662101" lon="82.3563747">
        <ele>2194.0</ele>
      </trkpt>
      <trkpt lat="42.6621535" lon="82.3564805">
        <ele>2194.0</ele>
      </trkpt>
      <trkpt lat="42.6621932" lon="82.3565994">
        <ele>2195.0</ele>
      </trkpt>
      <trkpt lat="42.6622387" lon="82.3567188">
        <ele>2195.0</ele>
      </trkpt>
      <trkpt lat="42.6622809" lon="82.3568317">
        <ele>2200.0</ele>
      </trkpt>
      <trkpt lat="42.6623594" lon="82.3568976">
        <ele>2200.0</ele>
      </trkpt>
      <trkpt lat="42.6624427" lon="82.3569595">
        <ele>2195.0</ele>
      </trkpt>
      <trkpt lat="42.6625118" lon="82.3570191">
        <ele>2195.0</ele>
      </trkpt>
      <trkpt lat="42.6625869" lon="82.3570885">
        <ele>2203.0</ele>
      </trkpt>
      <trkpt lat="42.6626647" lon="82.3571896">
        <ele>2191.0</ele>
      </trkpt>
      <trkpt lat="42.6627479" lon="82.3572709">
        <ele>2191.0</ele>
      </trkpt>
      <trkpt lat="42.6628237" lon="82.3573636">
        <ele>2194.0</ele>
      </trkpt>
      <trkpt lat="42.6628822" lon="82.3574814">
        <ele>2194.0</ele>
      </trkpt>
      <trkpt lat="42.6629473" lon="82.3576032">
        <ele>2194.0</ele>
      </trkpt>
      <trkpt lat="42.6630028" lon="82.357725">
        <ele>2194.0</ele>
      </trkpt>
      <trkpt lat="42.6630309" lon="82.3578535">
        <ele>2194.0</ele>
      </trkpt>
      <trkpt lat="42.6630716" lon="82.3579798">
        <ele>2201.0</ele>
      </trkpt>
      <trkpt lat="42.6631113" lon="82.3581099">
        <ele>2201.0</ele>
      </trkpt>
      <trkpt lat="42.6631576" lon="82.3582206">
        <ele>2210.0</ele>
      </trkpt>
      <trkpt lat="42.66323" lon="82.3582013">
        <ele>2200.0</ele>
      </trkpt>
      <trkpt lat="42.663315" lon="82.3582337">
        <ele>2200.0</ele>
      </trkpt>
      <trkpt lat="42.6633949" lon="82.3581634">
        <ele>2197.0</ele>
      </trkpt>
      <trkpt lat="42.6634303" lon="82.3582943">
        <ele>2200.0</ele>
      </trkpt>
      <trkpt lat="42.6634918" lon="82.3584072">
        <ele>2200.0</ele>
      </trkpt>
      <trkpt lat="42.6635656" lon="82.3585054">
        <ele>2202.0</ele>
      </trkpt>
      <trkpt lat="42.6636268" lon="82.3586037">
        <ele>2202.0</ele>
      </trkpt>
      <trkpt lat="42.663715" lon="82.358666">
        <ele>2202.0</ele>
      </trkpt>
      <trkpt lat="42.6637916" lon="82.3587566">
        <ele>2203.0</ele>
      </trkpt>
      <trkpt lat="42.6638714" lon="82.3588535">
        <ele>2203.0</ele>
      </trkpt>
      <trkpt lat="42.6639477" lon="82.3589539">
        <ele>2203.0</ele>
      </trkpt>
      <trkpt lat="42.6640288" lon="82.3590485">
        <ele>2205.0</ele>
      </trkpt>
      <trkpt lat="42.6640979" lon="82.3591476">
        <ele>2205.0</ele>
      </trkpt>
      <trkpt lat="42.6641345" lon="82.3592739">
        <ele>2205.0</ele>
      </trkpt>
      <trkpt lat="42.6641644" lon="82.3594019">
        <ele>2204.0</ele>
      </trkpt>
      <trkpt lat="42.6642021" lon="82.3595243">
        <ele>2204.0</ele>
      </trkpt>
      <trkpt lat="42.664239" lon="82.3596434">
        <ele>2205.0</ele>
      </trkpt>
      <trkpt lat="42.6642892" lon="82.3597553">
        <ele>2205.0</ele>
      </trkpt>
      <trkpt lat="42.664337" lon="82.3598732">
        <ele>2204.0</ele>
      </trkpt>
      <trkpt lat="42.664401" lon="82.3599855">
        <ele>2204.0</ele>
      </trkpt>
      <trkpt lat="42.6644799" lon="82.3600762">
        <ele>2204.0</ele>
      </trkpt>
      <trkpt lat="42.6645588" lon="82.3601537">
        <ele>2204.0</ele>
      </trkpt>
      <trkpt lat="42.66463" lon="82.3602354">
        <ele>2212.0</ele>
      </trkpt>
      <trkpt lat="42.6646571" lon="82.3603575">
        <ele>2212.0</ele>
      </trkpt>
      <trkpt lat="42.6647061" lon="82.3604593">
        <ele>2206.0</ele>
      </trkpt>
      <trkpt lat="42.6647708" lon="82.3605517">
        <ele>2206.0</ele>
      </trkpt>
      <trkpt lat="42.6648449" lon="82.3606349">
        <ele>2206.0</ele>
      </trkpt>
      <trkpt lat="42.6648934" lon="82.3607439">
        <ele>2209.0</ele>
      </trkpt>
      <trkpt lat="42.6649265" lon="82.3608612">
        <ele>2209.0</ele>
      </trkpt>
      <trkpt lat="42.6649379" lon="82.3609883">
        <ele>2206.0</ele>
      </trkpt>
      <trkpt lat="42.6649601" lon="82.3611188">
        <ele>2206.0</ele>
      </trkpt>
      <trkpt lat="42.6649859" lon="82.3612498">
        <ele>2206.0</ele>
      </trkpt>
      <trkpt lat="42.6650262" lon="82.3613647">
        <ele>2202.0</ele>
      </trkpt>
      <trkpt lat="42.6650919" lon="82.361462">
        <ele>2202.0</ele>
      </trkpt>
      <trkpt lat="42.6651333" lon="82.3615878">
        <ele>2198.0</ele>
      </trkpt>
      <trkpt lat="42.6651607" lon="82.3617137">
        <ele>2215.0</ele>
      </trkpt>
      <trkpt lat="42.6651758" lon="82.3618393">
        <ele>2209.0</ele>
      </trkpt>
      <trkpt lat="42.6651681" lon="82.3619698">
        <ele>2209.0</ele>
      </trkpt>
      <trkpt lat="42.6651621" lon="82.3621111">
        <ele>2210.0</ele>
      </trkpt>
      <trkpt lat="42.6651514" lon="82.3622488">
        <ele>2210.0</ele>
      </trkpt>
      <trkpt lat="42.6651299" lon="82.3623737">
        <ele>2200.0</ele>
      </trkpt>
      <trkpt lat="42.6651121" lon="82.3625021">
        <ele>2200.0</ele>
      </trkpt>
      <trkpt lat="42.6650864" lon="82.3626215">
        <ele>2200.0</ele>
      </trkpt>
      <trkpt lat="42.6649971" lon="82.3627057">
        <ele>2209.0</ele>
      </trkpt>
      <trkpt lat="42.6650324" lon="82.3628201">
        <ele>2209.0</ele>
      </trkpt>
      <trkpt lat="42.6650763" lon="82.36293">
        <ele>2208.0</ele>
      </trkpt>
      <trkpt lat="42.6650806" lon="82.363066">
        <ele>2208.0</ele>
      </trkpt>
      <trkpt lat="42.6650812" lon="82.3632052">
        <ele>2212.0</ele>
      </trkpt>
      <trkpt lat="42.6650745" lon="82.3633493">
        <ele>2212.0</ele>
      </trkpt>
      <trkpt lat="42.6650617" lon="82.363486">
        <ele>2214.0</ele>
      </trkpt>
      <trkpt lat="42.6650565" lon="82.3636228">
        <ele>2214.0</ele>
      </trkpt>
      <trkpt lat="42.6650673" lon="82.3637511">
        <ele>2216.0</ele>
      </trkpt>
      <trkpt lat="42.6650728" lon="82.363883">
        <ele>2216.0</ele>
      </trkpt>
      <trkpt lat="42.6651117" lon="82.3640008">
        <ele>2216.0</ele>
      </trkpt>
      <trkpt lat="42.665183" lon="82.3640831">
        <ele>2225.0</ele>
      </trkpt>
      <trkpt lat="42.6652538" lon="82.3641838">
        <ele>2225.0</ele>
      </trkpt>
      <trkpt lat="42.6653167" lon="82.3642951">
        <ele>2225.0</ele>
      </trkpt>
      <trkpt lat="42.6653879" lon="82.3643842">
        <ele>2224.0</ele>
      </trkpt>
      <trkpt lat="42.6654512" lon="82.3644906">
        <ele>2227.0</ele>
      </trkpt>
      <trkpt lat="42.6655154" lon="82.3645844">
        <ele>2229.0</ele>
      </trkpt>
      <trkpt lat="42.6655402" lon="82.3647082">
        <ele>2229.0</ele>
      </trkpt>
      <trkpt lat="42.6655604" lon="82.3648314">
        <ele>2229.0</ele>
      </trkpt>
      <trkpt lat="42.6655935" lon="82.3649499">
        <ele>2227.0</ele>
      </trkpt>
      <trkpt lat="42.6656465" lon="82.3650572">
        <ele>2227.0</ele>
      </trkpt>
      <trkpt lat="42.6656867" lon="82.3651759">
        <ele>2218.0</ele>
      </trkpt>
      <trkpt lat="42.6657191" lon="82.3652964">
        <ele>2229.0</ele>
      </trkpt>
      <trkpt lat="42.6657719" lon="82.3654115">
        <ele>2229.0</ele>
      </trkpt>
      <trkpt lat="42.6658369" lon="82.3655129">
        <ele>2221.0</ele>
      </trkpt>
      <trkpt lat="42.6658977" lon="82.36563">
        <ele>2221.0</ele>
      </trkpt>
      <trkpt lat="42.6659211" lon="82.3657627">
        <ele>2213.0</ele>
      </trkpt>
      <trkpt lat="42.6659135" lon="82.3659024">
        <ele>2213.0</ele>
      </trkpt>
      <trkpt lat="42.6659048" lon="82.3660438">
        <ele>2211.0</ele>
      </trkpt>
      <trkpt lat="42.6658929" lon="82.3661813">
        <ele>2211.0</ele>
      </trkpt>
      <trkpt lat="42.665868" lon="82.3663252">
        <ele>2213.0</ele>
      </trkpt>
      <trkpt lat="42.6658534" lon="82.366458">
        <ele>2213.0</ele>
      </trkpt>
      <trkpt lat="42.6658383" lon="82.3665908">
        <ele>2217.0</ele>
      </trkpt>
      <trkpt lat="42.6658143" lon="82.3667132">
        <ele>2217.0</ele>
      </trkpt>
      <trkpt lat="42.6658005" lon="82.3668526">
        <ele>2224.0</ele>
      </trkpt>
      <trkpt lat="42.665801" lon="82.3669801">
        <ele>2224.0</ele>
      </trkpt>
      <trkpt lat="42.6657969" lon="82.3670682">
        <ele>2224.0</ele>
      </trkpt>
      <trkpt lat="42.66574" lon="82.3671624">
        <ele>2241.0</ele>
      </trkpt>
      <trkpt lat="42.6656409" lon="82.3672097">
        <ele>2229.0</ele>
      </trkpt>
      <trkpt lat="42.6655578" lon="82.3672938">
        <ele>2229.0</ele>
      </trkpt>
      <trkpt lat="42.6655005" lon="82.3674038">
        <ele>2241.0</ele>
      </trkpt>
      <trkpt lat="42.6654717" lon="82.3675396">
        <ele>2241.0</ele>
      </trkpt>
      <trkpt lat="42.665464" lon="82.3676842">
        <ele>2253.0</ele>
      </trkpt>
      <trkpt lat="42.6654642" lon="82.3678317">
        <ele>2253.0</ele>
      </trkpt>
      <trkpt lat="42.6654696" lon="82.367984">
        <ele>2260.0</ele>
      </trkpt>
      <trkpt lat="42.6654545" lon="82.368115">
        <ele>2260.0</ele>
      </trkpt>
      <trkpt lat="42.6654686" lon="82.3682407">
        <ele>2265.0</ele>
      </trkpt>
      <trkpt lat="42.6655057" lon="82.3683531">
        <ele>2265.0</ele>
      </trkpt>
      <trkpt lat="42.6655159" lon="82.3684765">
        <ele>2269.0</ele>
      </trkpt>
      <trkpt lat="42.6655118" lon="82.3686081">
        <ele>2269.0</ele>
      </trkpt>
      <trkpt lat="42.6654537" lon="82.3687203">
        <ele>2269.0</ele>
      </trkpt>
      <trkpt lat="42.6654245" lon="82.3688481">
        <ele>2257.0</ele>
      </trkpt>
      <trkpt lat="42.6653944" lon="82.3689883">
        <ele>2253.0</ele>
      </trkpt>
      <trkpt lat="42.6653742" lon="82.3691278">
        <ele>2252.0</ele>
      </trkpt>
      <trkpt lat="42.6653735" lon="82.3692689">
        <ele>2252.0</ele>
      </trkpt>
      <trkpt lat="42.665344" lon="82.3693991">
        <ele>2262.0</ele>
      </trkpt>
      <trkpt lat="42.6653043" lon="82.3695224">
        <ele>2262.0</ele>
      </trkpt>
      <trkpt lat="42.6652398" lon="82.3696364">
        <ele>2256.0</ele>
      </trkpt>
      <trkpt lat="42.6651877" lon="82.3697574">
        <ele>2256.0</ele>
      </trkpt>
      <trkpt lat="42.6651233" lon="82.3698684">
        <ele>2268.0</ele>
      </trkpt>
      <trkpt lat="42.6650642" lon="82.369975">
        <ele>2268.0</ele>
      </trkpt>
      <trkpt lat="42.6650189" lon="82.3700952">
        <ele>2268.0</ele>
      </trkpt>
      <trkpt lat="42.6649763" lon="82.370194">
        <ele>2281.0</ele>
      </trkpt>
      <trkpt lat="42.6649593" lon="82.3703092">
        <ele>2281.0</ele>
      </trkpt>
      <trkpt lat="42.664951" lon="82.3704458">
        <ele>2295.0</ele>
      </trkpt>
      <trkpt lat="42.6649256" lon="82.3705859">
        <ele>2295.0</ele>
      </trkpt>
      <trkpt lat="42.6649044" lon="82.3707242">
        <ele>2310.0</ele>
      </trkpt>
      <trkpt lat="42.664856" lon="82.3708372">
        <ele>2308.0</ele>
      </trkpt>
      <trkpt lat="42.6648075" lon="82.3709455">
        <ele>2308.0</ele>
      </trkpt>
      <trkpt lat="42.6647917" lon="82.3710653">
        <ele>2304.0</ele>
      </trkpt>
      <trkpt lat="42.6647577" lon="82.3711837">
        <ele>2304.0</ele>
      </trkpt>
      <trkpt lat="42.6647079" lon="82.3713077">
        <ele>2309.0</ele>
      </trkpt>
      <trkpt lat="42.6646504" lon="82.3714114">
        <ele>2309.0</ele>
      </trkpt>
      <trkpt lat="42.664607" lon="82.3714697">
        <ele>2309.0</ele>
      </trkpt>
      <trkpt lat="42.6645557" lon="82.3715687">
        <ele>2308.0</ele>
      </trkpt>
      <trkpt lat="42.6645444" lon="82.371689">
        <ele>2308.0</ele>
      </trkpt>
      <trkpt lat="42.6645456" lon="82.3718161">
        <ele>2310.0</ele>
      </trkpt>
      <trkpt lat="42.6645493" lon="82.3719441">
        <ele>2310.0</ele>
      </trkpt>
      <trkpt lat="42.6645024" lon="82.3720422">
        <ele>2310.0</ele>
      </trkpt>
      <trkpt lat="42.6644133" lon="82.3721147">
        <ele>2305.0</ele>
      </trkpt>
      <trkpt lat="42.664372" lon="82.3721426">
        <ele>2305.0</ele>
      </trkpt>
      <trkpt lat="42.6643986" lon="82.372234">
        <ele>2305.0</ele>
      </trkpt>
      <trkpt lat="42.6644124" lon="82.3723636">
        <ele>2304.0</ele>
      </trkpt>
      <trkpt lat="42.6643802" lon="82.3725022">
        <ele>2304.0</ele>
      </trkpt>
      <trkpt lat="42.664371" lon="82.3726348">
        <ele>2304.0</ele>
      </trkpt>
      <trkpt lat="42.664363" lon="82.3727822">
        <ele>2306.0</ele>
      </trkpt>
      <trkpt lat="42.6643275" lon="82.3729154">
        <ele>2306.0</ele>
      </trkpt>
      <trkpt lat="42.6643078" lon="82.3730458">
        <ele>2304.0</ele>
      </trkpt>
      <trkpt lat="42.6642998" lon="82.3731931">
        <ele>2305.0</ele>
      </trkpt>
      <trkpt lat="42.6642929" lon="82.3733433">
        <ele>2295.0</ele>
      </trkpt>
      <trkpt lat="42.6642857" lon="82.3734846">
        <ele>2283.0</ele>
      </trkpt>
      <trkpt lat="42.6642834" lon="82.3736223">
        <ele>2283.0</ele>
      </trkpt>
      <trkpt lat="42.6642953" lon="82.3737594">
        <ele>2285.0</ele>
      </trkpt>
      <trkpt lat="42.6642885" lon="82.3737941">
        <ele>2285.0</ele>
      </trkpt>
      <trkpt lat="42.6642257" lon="82.3738496">
        <ele>2285.0</ele>
      </trkpt>
      <trkpt lat="42.6641798" lon="82.3739586">
        <ele>2285.0</ele>
      </trkpt>
      <trkpt lat="42.6641093" lon="82.374051">
        <ele>2285.0</ele>
      </trkpt>
      <trkpt lat="42.6640137" lon="82.3741072">
        <ele>2278.0</ele>
      </trkpt>
      <trkpt lat="42.6639298" lon="82.3741842">
        <ele>2278.0</ele>
      </trkpt>
      <trkpt lat="42.6638832" lon="82.3742912">
        <ele>2278.0</ele>
      </trkpt>
      <trkpt lat="42.6638478" lon="82.37441">
        <ele>2281.0</ele>
      </trkpt>
      <trkpt lat="42.6638221" lon="82.3745335">
        <ele>2281.0</ele>
      </trkpt>
      <trkpt lat="42.6638305" lon="82.3746668">
        <ele>2285.0</ele>
      </trkpt>
      <trkpt lat="42.6638271" lon="82.3748012">
        <ele>2285.0</ele>
      </trkpt>
      <trkpt lat="42.6638377" lon="82.3749306">
        <ele>2284.0</ele>
      </trkpt>
      <trkpt lat="42.6638231" lon="82.3750669">
        <ele>2284.0</ele>
      </trkpt>
      <trkpt lat="42.6638059" lon="82.3752012">
        <ele>2287.0</ele>
      </trkpt>
      <trkpt lat="42.6637857" lon="82.3753355">
        <ele>2287.0</ele>
      </trkpt>
      <trkpt lat="42.6637757" lon="82.3754721">
        <ele>2288.0</ele>
      </trkpt>
      <trkpt lat="42.6637434" lon="82.3755999">
        <ele>2292.0</ele>
      </trkpt>
      <trkpt lat="42.6637382" lon="82.3757255">
        <ele>2305.0</ele>
      </trkpt>
      <trkpt lat="42.6637509" lon="82.3758564">
        <ele>2292.0</ele>
      </trkpt>
      <trkpt lat="42.663753" lon="82.3759876">
        <ele>2294.0</ele>
      </trkpt>
      <trkpt lat="42.6637655" lon="82.3761267">
        <ele>2294.0</ele>
      </trkpt>
      <trkpt lat="42.6637915" lon="82.3762588">
        <ele>2293.0</ele>
      </trkpt>
      <trkpt lat="42.6638398" lon="82.3763723">
        <ele>2293.0</ele>
      </trkpt>
      <trkpt lat="42.6639022" lon="82.3764742">
        <ele>2293.0</ele>
      </trkpt>
      <trkpt lat="42.663942" lon="82.3765863">
        <ele>2292.0</ele>
      </trkpt>
      <trkpt lat="42.6640109" lon="82.3766706">
        <ele>2292.0</ele>
      </trkpt>
      <trkpt lat="42.6640629" lon="82.3767716">
        <ele>2297.0</ele>
      </trkpt>
      <trkpt lat="42.664074" lon="82.3768955">
        <ele>2299.0</ele>
      </trkpt>
      <trkpt lat="42.664026" lon="82.3770139">
        <ele>2290.0</ele>
      </trkpt>
      <trkpt lat="42.6639734" lon="82.3771406">
        <ele>2286.0</ele>
      </trkpt>
      <trkpt lat="42.6639151" lon="82.3772482">
        <ele>2286.0</ele>
      </trkpt>
      <trkpt lat="42.6638618" lon="82.377366">
        <ele>2289.0</ele>
      </trkpt>
      <trkpt lat="42.6637797" lon="82.3774679">
        <ele>2289.0</ele>
      </trkpt>
      <trkpt lat="42.6636962" lon="82.377553">
        <ele>2286.0</ele>
      </trkpt>
      <trkpt lat="42.6636219" lon="82.3776478">
        <ele>2289.0</ele>
      </trkpt>
      <trkpt lat="42.6635388" lon="82.3777371">
        <ele>2289.0</ele>
      </trkpt>
      <trkpt lat="42.6634511" lon="82.3777935">
        <ele>2289.0</ele>
      </trkpt>
      <trkpt lat="42.6633799" lon="82.3778914">
        <ele>2289.0</ele>
      </trkpt>
      <trkpt lat="42.6633028" lon="82.3779693">
        <ele>2291.0</ele>
      </trkpt>
      <trkpt lat="42.6632299" lon="82.3780502">
        <ele>2291.0</ele>
      </trkpt>
      <trkpt lat="42.6631371" lon="82.3781107">
        <ele>2297.0</ele>
      </trkpt>
      <trkpt lat="42.6630772" lon="82.378215">
        <ele>2292.0</ele>
      </trkpt>
      <trkpt lat="42.6630145" lon="82.3783085">
        <ele>2292.0</ele>
      </trkpt>
      <trkpt lat="42.6629682" lon="82.3784146">
        <ele>2292.0</ele>
      </trkpt>
      <trkpt lat="42.6628999" lon="82.3785112">
        <ele>2293.0</ele>
      </trkpt>
      <trkpt lat="42.6628212" lon="82.3785974">
        <ele>2293.0</ele>
      </trkpt>
      <trkpt lat="42.6627378" lon="82.3786807">
        <ele>2293.0</ele>
      </trkpt>
      <trkpt lat="42.6626695" lon="82.3787815">
        <ele>2292.0</ele>
      </trkpt>
      <trkpt lat="42.6626264" lon="82.3788521">
        <ele>2297.0</ele>
      </trkpt>
      <trkpt lat="42.6626849" lon="82.3787322">
        <ele>2293.0</ele>
      </trkpt>
      <trkpt lat="42.6626395" lon="82.3788559">
        <ele>2292.0</ele>
      </trkpt>
      <trkpt lat="42.6626278" lon="82.3788712">
        <ele>2297.0</ele>
      </trkpt>
      <trkpt lat="42.6625829" lon="82.3789613">
        <ele>2297.0</ele>
      </trkpt>
      <trkpt lat="42.6625218" lon="82.3790585">
        <ele>2296.0</ele>
      </trkpt>
      <trkpt lat="42.6624462" lon="82.3791565">
        <ele>2296.0</ele>
      </trkpt>
      <trkpt lat="42.6623783" lon="82.3792523">
        <ele>2296.0</ele>
      </trkpt>
      <trkpt lat="42.6622977" lon="82.3793472">
        <ele>2305.0</ele>
      </trkpt>
      <trkpt lat="42.6622276" lon="82.379442">
        <ele>2305.0</ele>
      </trkpt>
      <trkpt lat="42.6621562" lon="82.3795365">
        <ele>2305.0</ele>
      </trkpt>
      <trkpt lat="42.6620735" lon="82.379603">
        <ele>2312.0</ele>
      </trkpt>
      <trkpt lat="42.6621164" lon="82.3796459">
        <ele>2307.0</ele>
      </trkpt>
      <trkpt lat="42.6621727" lon="82.3797662">
        <ele>2307.0</ele>
      </trkpt>
      <trkpt lat="42.6621749" lon="82.3797755">
        <ele>2307.0</ele>
      </trkpt>
      <trkpt lat="42.6620855" lon="82.3796974">
        <ele>2307.0</ele>
      </trkpt>
      <trkpt lat="42.6619924" lon="82.3797629">
        <ele>2312.0</ele>
      </trkpt>
      <trkpt lat="42.6619416" lon="82.3797666">
        <ele>2312.0</ele>
      </trkpt>
      <trkpt lat="42.6618609" lon="82.379797">
        <ele>2312.0</ele>
      </trkpt>
      <trkpt lat="42.6617656" lon="82.3798218">
        <ele>2315.0</ele>
      </trkpt>
      <trkpt lat="42.6616791" lon="82.3798844">
        <ele>2316.0</ele>
      </trkpt>
      <trkpt lat="42.6615959" lon="82.379962">
        <ele>2316.0</ele>
      </trkpt>
      <trkpt lat="42.6615038" lon="82.3800022">
        <ele>2318.0</ele>
      </trkpt>
      <trkpt lat="42.661418" lon="82.3800559">
        <ele>2318.0</ele>
      </trkpt>
      <trkpt lat="42.6613349" lon="82.3801344">
        <ele>2318.0</ele>
      </trkpt>
      <trkpt lat="42.6612687" lon="82.3802324">
        <ele>2320.0</ele>
      </trkpt>
      <trkpt lat="42.6612249" lon="82.3803607">
        <ele>2321.0</ele>
      </trkpt>
      <trkpt lat="42.661169" lon="82.3804803">
        <ele>2318.0</ele>
      </trkpt>
      <trkpt lat="42.6611133" lon="82.3805998">
        <ele>2318.0</ele>
      </trkpt>
      <trkpt lat="42.6610395" lon="82.3806929">
        <ele>2318.0</ele>
      </trkpt>
      <trkpt lat="42.6609651" lon="82.3807816">
        <ele>2322.0</ele>
      </trkpt>
      <trkpt lat="42.6608948" lon="82.3808767">
        <ele>2322.0</ele>
      </trkpt>
      <trkpt lat="42.6608205" lon="82.3809685">
        <ele>2322.0</ele>
      </trkpt>
      <trkpt lat="42.6607462" lon="82.3810595">
        <ele>2333.0</ele>
      </trkpt>
      <trkpt lat="42.6606611" lon="82.3811216">
        <ele>2325.0</ele>
      </trkpt>
      <trkpt lat="42.6605686" lon="82.3811701">
        <ele>2325.0</ele>
      </trkpt>
      <trkpt lat="42.6604882" lon="82.3812487">
        <ele>2325.0</ele>
      </trkpt>
      <trkpt lat="42.6604025" lon="82.381323">
        <ele>2324.0</ele>
      </trkpt>
      <trkpt lat="42.6603496" lon="82.3814332">
        <ele>2324.0</ele>
      </trkpt>
      <trkpt lat="42.6602702" lon="82.3814943">
        <ele>2324.0</ele>
      </trkpt>
      <trkpt lat="42.6601868" lon="82.3815413">
        <ele>2336.0</ele>
      </trkpt>
      <trkpt lat="42.6601006" lon="82.3816029">
        <ele>2331.0</ele>
      </trkpt>
      <trkpt lat="42.6600115" lon="82.3816695">
        <ele>2331.0</ele>
      </trkpt>
      <trkpt lat="42.6599108" lon="82.3816764">
        <ele>2331.0</ele>
      </trkpt>
      <trkpt lat="42.6598249" lon="82.3817292">
        <ele>2330.0</ele>
      </trkpt>
      <trkpt lat="42.659738" lon="82.3818051">
        <ele>2330.0</ele>
      </trkpt>
      <trkpt lat="42.6596499" lon="82.3818756">
        <ele>2334.0</ele>
      </trkpt>
      <trkpt lat="42.6595632" lon="82.3819327">
        <ele>2331.0</ele>
      </trkpt>
      <trkpt lat="42.6594728" lon="82.3819735">
        <ele>2331.0</ele>
      </trkpt>
      <trkpt lat="42.659392" lon="82.3820323">
        <ele>2331.0</ele>
      </trkpt>
      <trkpt lat="42.6593066" lon="82.3820879">
        <ele>2336.0</ele>
      </trkpt>
      <trkpt lat="42.6592166" lon="82.3821329">
        <ele>2333.0</ele>
      </trkpt>
      <trkpt lat="42.6591271" lon="82.3822068">
        <ele>2333.0</ele>
      </trkpt>
      <trkpt lat="42.6590318" lon="82.3822565">
        <ele>2333.0</ele>
      </trkpt>
      <trkpt lat="42.6589479" lon="82.3823394">
        <ele>2336.0</ele>
      </trkpt>
      <trkpt lat="42.658855" lon="82.3823924">
        <ele>2342.0</ele>
      </trkpt>
      <trkpt lat="42.6587687" lon="82.3824704">
        <ele>2342.0</ele>
      </trkpt>
      <trkpt lat="42.6586747" lon="82.3825333">
        <ele>2341.0</ele>
      </trkpt>
      <trkpt lat="42.6585901" lon="82.3826161">
        <ele>2341.0</ele>
      </trkpt>
      <trkpt lat="42.6585055" lon="82.3826738">
        <ele>2352.0</ele>
      </trkpt>
      <trkpt lat="42.6584224" lon="82.3827335">
        <ele>2338.0</ele>
      </trkpt>
      <trkpt lat="42.6583379" lon="82.3828028">
        <ele>2338.0</ele>
      </trkpt>
      <trkpt lat="42.6582471" lon="82.3828549">
        <ele>2338.0</ele>
      </trkpt>
      <trkpt lat="42.6581467" lon="82.3828857">
        <ele>2332.0</ele>
      </trkpt>
      <trkpt lat="42.658063" lon="82.3829393">
        <ele>2338.0</ele>
      </trkpt>
      <trkpt lat="42.6579718" lon="82.3829918">
        <ele>2338.0</ele>
      </trkpt>
      <trkpt lat="42.657873" lon="82.3830354">
        <ele>2334.0</ele>
      </trkpt>
      <trkpt lat="42.6577794" lon="82.3830475">
        <ele>2334.0</ele>
      </trkpt>
      <trkpt lat="42.6576892" lon="82.3830233">
        <ele>2334.0</ele>
      </trkpt>
      <trkpt lat="42.6576004" lon="82.3830259">
        <ele>2326.0</ele>
      </trkpt>
      <trkpt lat="42.6575108" lon="82.3830274">
        <ele>2326.0</ele>
      </trkpt>
      <trkpt lat="42.6574174" lon="82.3830069">
        <ele>2326.0</ele>
      </trkpt>
      <trkpt lat="42.657322" lon="82.3830005">
        <ele>2329.0</ele>
      </trkpt>
      <trkpt lat="42.6572431" lon="82.3830616">
        <ele>2329.0</ele>
      </trkpt>
      <trkpt lat="42.6571855" lon="82.3831164">
        <ele>2329.0</ele>
      </trkpt>
      <trkpt lat="42.65711" lon="82.3831638">
        <ele>2329.0</ele>
      </trkpt>
      <trkpt lat="42.6570273" lon="82.3832246">
        <ele>2337.0</ele>
      </trkpt>
      <trkpt lat="42.6569349" lon="82.3832524">
        <ele>2337.0</ele>
      </trkpt>
      <trkpt lat="42.656842" lon="82.3832864">
        <ele>2337.0</ele>
      </trkpt>
      <trkpt lat="42.6567622" lon="82.383372">
        <ele>2334.0</ele>
      </trkpt>
      <trkpt lat="42.6566764" lon="82.3834411">
        <ele>2334.0</ele>
      </trkpt>
      <trkpt lat="42.6565862" lon="82.3835058">
        <ele>2340.0</ele>
      </trkpt>
      <trkpt lat="42.6564973" lon="82.3835467">
        <ele>2343.0</ele>
      </trkpt>
      <trkpt lat="42.6563988" lon="82.3835666">
        <ele>2343.0</ele>
      </trkpt>
      <trkpt lat="42.656312" lon="82.3836186">
        <ele>2343.0</ele>
      </trkpt>
      <trkpt lat="42.6562198" lon="82.3836387">
        <ele>2344.0</ele>
      </trkpt>
      <trkpt lat="42.6561349" lon="82.383679">
        <ele>2344.0</ele>
      </trkpt>
      <trkpt lat="42.6560521" lon="82.3837321">
        <ele>2344.0</ele>
      </trkpt>
      <trkpt lat="42.6559697" lon="82.3837909">
        <ele>2348.0</ele>
      </trkpt>
      <trkpt lat="42.6558762" lon="82.3838352">
        <ele>2348.0</ele>
      </trkpt>
      <trkpt lat="42.6557933" lon="82.3839054">
        <ele>2348.0</ele>
      </trkpt>
      <trkpt lat="42.6557117" lon="82.383979">
        <ele>2348.0</ele>
      </trkpt>
      <trkpt lat="42.655624" lon="82.38404">
        <ele>2353.0</ele>
      </trkpt>
      <trkpt lat="42.655534" lon="82.3840773">
        <ele>2353.0</ele>
      </trkpt>
      <trkpt lat="42.6554413" lon="82.3840542">
        <ele>2353.0</ele>
      </trkpt>
      <trkpt lat="42.6553456" lon="82.38403">
        <ele>2360.0</ele>
      </trkpt>
      <trkpt lat="42.6552552" lon="82.3839917">
        <ele>2354.0</ele>
      </trkpt>
      <trkpt lat="42.6551613" lon="82.3840048">
        <ele>2354.0</ele>
      </trkpt>
      <trkpt lat="42.6550719" lon="82.3840339">
        <ele>2360.0</ele>
      </trkpt>
      <trkpt lat="42.6549933" lon="82.3841136">
        <ele>2360.0</ele>
      </trkpt>
      <trkpt lat="42.6549116" lon="82.3841973">
        <ele>2360.0</ele>
      </trkpt>
      <trkpt lat="42.6548503" lon="82.3842984">
        <ele>2362.0</ele>
      </trkpt>
      <trkpt lat="42.6547622" lon="82.3843732">
        <ele>2363.0</ele>
      </trkpt>
      <trkpt lat="42.6546789" lon="82.3844465">
        <ele>2363.0</ele>
      </trkpt>
      <trkpt lat="42.6545874" lon="82.3845028">
        <ele>2363.0</ele>
      </trkpt>
      <trkpt lat="42.6544944" lon="82.3845333">
        <ele>2357.0</ele>
      </trkpt>
      <trkpt lat="42.6544088" lon="82.3845739">
        <ele>2357.0</ele>
      </trkpt>
      <trkpt lat="42.6543245" lon="82.3846383">
        <ele>2359.0</ele>
      </trkpt>
      <trkpt lat="42.6542391" lon="82.3847067">
        <ele>2354.0</ele>
      </trkpt>
      <trkpt lat="42.6541542" lon="82.3847795">
        <ele>2354.0</ele>
      </trkpt>
      <trkpt lat="42.654084" lon="82.3848628">
        <ele>2358.0</ele>
      </trkpt>
      <trkpt lat="42.6540111" lon="82.3849396">
        <ele>2355.0</ele>
      </trkpt>
      <trkpt lat="42.6539275" lon="82.3850041">
        <ele>2355.0</ele>
      </trkpt>
      <trkpt lat="42.6538277" lon="82.3850111">
        <ele>2355.0</ele>
      </trkpt>
      <trkpt lat="42.6537358" lon="82.38506">
        <ele>2357.0</ele>
      </trkpt>
      <trkpt lat="42.6536393" lon="82.3850986">
        <ele>2357.0</ele>
      </trkpt>
      <trkpt lat="42.6535491" lon="82.3851381">
        <ele>2357.0</ele>
      </trkpt>
      <trkpt lat="42.6534587" lon="82.3851857">
        <ele>2358.0</ele>
      </trkpt>
      <trkpt lat="42.6533668" lon="82.3852085">
        <ele>2358.0</ele>
      </trkpt>
      <trkpt lat="42.6532598" lon="82.385229">
        <ele>2358.0</ele>
      </trkpt>
      <trkpt lat="42.6531504" lon="82.3851996">
        <ele>2358.0</ele>
      </trkpt>
      <trkpt lat="42.6531258" lon="82.385158">
        <ele>2358.0</ele>
      </trkpt>
      <trkpt lat="42.6530632" lon="82.3850897">
        <ele>2359.0</ele>
      </trkpt>
      <trkpt lat="42.6529705" lon="82.3850244">
        <ele>2359.0</ele>
      </trkpt>
      <trkpt lat="42.6529239" lon="82.3850051">
        <ele>2359.0</ele>
      </trkpt>
      <trkpt lat="42.6528561" lon="82.384956">
        <ele>2358.0</ele>
      </trkpt>
      <trkpt lat="42.6528369" lon="82.3849291">
        <ele>2358.0</ele>
      </trkpt>
      <trkpt lat="42.6527987" lon="82.3848314">
        <ele>2363.0</ele>
      </trkpt>
      <trkpt lat="42.6527497" lon="82.3847084">
        <ele>2363.0</ele>
      </trkpt>
      <trkpt lat="42.6526866" lon="82.3846157">
        <ele>2363.0</ele>
      </trkpt>
      <trkpt lat="42.6525952" lon="82.3845755">
        <ele>2364.0</ele>
      </trkpt>
      <trkpt lat="42.6525194" lon="82.3845065">
        <ele>2364.0</ele>
      </trkpt>
      <trkpt lat="42.6525083" lon="82.3843895">
        <ele>2364.0</ele>
      </trkpt>
      <trkpt lat="42.6524627" lon="82.3842765">
        <ele>2371.0</ele>
      </trkpt>
      <trkpt lat="42.6523932" lon="82.384178">
        <ele>2371.0</ele>
      </trkpt>
      <trkpt lat="42.6523151" lon="82.3841046">
        <ele>2374.0</ele>
      </trkpt>
      <trkpt lat="42.6522463" lon="82.3840225">
        <ele>2391.0</ele>
      </trkpt>
      <trkpt lat="42.6521592" lon="82.3839769">
        <ele>2391.0</ele>
      </trkpt>
      <trkpt lat="42.6520658" lon="82.3839713">
        <ele>2386.0</ele>
      </trkpt>
      <trkpt lat="42.6519691" lon="82.3839686">
        <ele>2386.0</ele>
      </trkpt>
      <trkpt lat="42.6518695" lon="82.384013">
        <ele>2386.0</ele>
      </trkpt>
      <trkpt lat="42.6518021" lon="82.3840632">
        <ele>2383.0</ele>
      </trkpt>
      <trkpt lat="42.6517111" lon="82.3840903">
        <ele>2383.0</ele>
      </trkpt>
      <trkpt lat="42.6516201" lon="82.3840666">
        <ele>2383.0</ele>
      </trkpt>
      <trkpt lat="42.6515271" lon="82.3840694">
        <ele>2388.0</ele>
      </trkpt>
      <trkpt lat="42.6514319" lon="82.384038">
        <ele>2388.0</ele>
      </trkpt>
      <trkpt lat="42.6513407" lon="82.3840562">
        <ele>2388.0</ele>
      </trkpt>
      <trkpt lat="42.6512441" lon="82.3840825">
        <ele>2378.0</ele>
      </trkpt>
      <trkpt lat="42.6511536" lon="82.3840637">
        <ele>2378.0</ele>
      </trkpt>
      <trkpt lat="42.6510741" lon="82.3839936">
        <ele>2395.0</ele>
      </trkpt>
      <trkpt lat="42.6509791" lon="82.3839576">
        <ele>2395.0</ele>
      </trkpt>
      <trkpt lat="42.6508727" lon="82.3839875">
        <ele>2392.0</ele>
      </trkpt>
      <trkpt lat="42.6507693" lon="82.3840233">
        <ele>2392.0</ele>
      </trkpt>
      <trkpt lat="42.6506766" lon="82.3840442">
        <ele>2384.0</ele>
      </trkpt>
      <trkpt lat="42.6505898" lon="82.3840771">
        <ele>2384.0</ele>
      </trkpt>
      <trkpt lat="42.6505009" lon="82.3841165">
        <ele>2384.0</ele>
      </trkpt>
      <trkpt lat="42.6504417" lon="82.3842225">
        <ele>2384.0</ele>
      </trkpt>
      <trkpt lat="42.6503649" lon="82.3843273">
        <ele>2382.0</ele>
      </trkpt>
      <trkpt lat="42.650272" lon="82.3843832">
        <ele>2382.0</ele>
      </trkpt>
      <trkpt lat="42.6501896" lon="82.3844589">
        <ele>2382.0</ele>
      </trkpt>
      <trkpt lat="42.650099" lon="82.3845003">
        <ele>2412.0</ele>
      </trkpt>
      <trkpt lat="42.6500247" lon="82.3845727">
        <ele>2412.0</ele>
      </trkpt>
      <trkpt lat="42.6499634" lon="82.3846722">
        <ele>2393.0</ele>
      </trkpt>
      <trkpt lat="42.6499015" lon="82.3847688">
        <ele>2393.0</ele>
      </trkpt>
      <trkpt lat="42.6498321" lon="82.3848664">
        <ele>2406.0</ele>
      </trkpt>
      <trkpt lat="42.6497733" lon="82.384981">
        <ele>2406.0</ele>
      </trkpt>
      <trkpt lat="42.6497252" lon="82.3851149">
        <ele>2406.0</ele>
      </trkpt>
      <trkpt lat="42.6496519" lon="82.3852029">
        <ele>2394.0</ele>
      </trkpt>
      <trkpt lat="42.6495575" lon="82.3852371">
        <ele>2404.0</ele>
      </trkpt>
      <trkpt lat="42.6494712" lon="82.3851808">
        <ele>2404.0</ele>
      </trkpt>
      <trkpt lat="42.6493815" lon="82.3851057">
        <ele>2425.0</ele>
      </trkpt>
      <trkpt lat="42.6492966" lon="82.3850386">
        <ele>2428.0</ele>
      </trkpt>
      <trkpt lat="42.649202" lon="82.3850381">
        <ele>2428.0</ele>
      </trkpt>
      <trkpt lat="42.6490981" lon="82.3850334">
        <ele>2428.0</ele>
      </trkpt>
      <trkpt lat="42.6490024" lon="82.3850227">
        <ele>2410.0</ele>
      </trkpt>
      <trkpt lat="42.648915" lon="82.3849878">
        <ele>2410.0</ele>
      </trkpt>
      <trkpt lat="42.6489051" lon="82.3848794">
        <ele>2410.0</ele>
      </trkpt>
      <trkpt lat="42.6488727" lon="82.3847583">
        <ele>2432.0</ele>
      </trkpt>
      <trkpt lat="42.6488597" lon="82.384629">
        <ele>2432.0</ele>
      </trkpt>
      <trkpt lat="42.6487878" lon="82.3845778">
        <ele>2450.0</ele>
      </trkpt>
      <trkpt lat="42.64869" lon="82.3845714">
        <ele>2426.0</ele>
      </trkpt>
      <trkpt lat="42.6485931" lon="82.3845362">
        <ele>2426.0</ele>
      </trkpt>
      <trkpt lat="42.6485047" lon="82.3845809">
        <ele>2426.0</ele>
      </trkpt>
      <trkpt lat="42.6484069" lon="82.3845751">
        <ele>2414.0</ele>
      </trkpt>
      <trkpt lat="42.6483091" lon="82.3845959">
        <ele>2405.0</ele>
      </trkpt>
      <trkpt lat="42.6482133" lon="82.3846074">
        <ele>2405.0</ele>
      </trkpt>
      <trkpt lat="42.6481108" lon="82.3846302">
        <ele>2408.0</ele>
      </trkpt>
      <trkpt lat="42.648013" lon="82.3846303">
        <ele>2408.0</ele>
      </trkpt>
      <trkpt lat="42.6479891" lon="82.3846282">
        <ele>2408.0</ele>
      </trkpt>
      <trkpt lat="42.6479159" lon="82.3846614">
        <ele>2417.0</ele>
      </trkpt>
      <trkpt lat="42.6478152" lon="82.3846773">
        <ele>2417.0</ele>
      </trkpt>
      <trkpt lat="42.6477125" lon="82.3846937">
        <ele>2417.0</ele>
      </trkpt>
      <trkpt lat="42.6476075" lon="82.3846912">
        <ele>2425.0</ele>
      </trkpt>
      <trkpt lat="42.6475069" lon="82.3846664">
        <ele>2425.0</ele>
      </trkpt>
      <trkpt lat="42.6474119" lon="82.3846502">
        <ele>2425.0</ele>
      </trkpt>
      <trkpt lat="42.6473119" lon="82.3846404">
        <ele>2431.0</ele>
      </trkpt>
      <trkpt lat="42.6472107" lon="82.3846256">
        <ele>2431.0</ele>
      </trkpt>
      <trkpt lat="42.647115" lon="82.3845972">
        <ele>2431.0</ele>
      </trkpt>
      <trkpt lat="42.6470218" lon="82.384572">
        <ele>2438.0</ele>
      </trkpt>
      <trkpt lat="42.6469225" lon="82.3845429">
        <ele>2438.0</ele>
      </trkpt>
      <trkpt lat="42.6468368" lon="82.3844659">
        <ele>2438.0</ele>
      </trkpt>
      <trkpt lat="42.6467549" lon="82.3843853">
        <ele>2434.0</ele>
      </trkpt>
      <trkpt lat="42.6466617" lon="82.3843286">
        <ele>2434.0</ele>
      </trkpt>
      <trkpt lat="42.6465636" lon="82.3843388">
        <ele>2434.0</ele>
      </trkpt>
      <trkpt lat="42.6464671" lon="82.3843338">
        <ele>2427.0</ele>
      </trkpt>
      <trkpt lat="42.6463659" lon="82.3843654">
        <ele>2427.0</ele>
      </trkpt>
      <trkpt lat="42.646264" lon="82.3844006">
        <ele>2427.0</ele>
      </trkpt>
      <trkpt lat="42.6461598" lon="82.3844235">
        <ele>2420.0</ele>
      </trkpt>
      <trkpt lat="42.6460634" lon="82.3844491">
        <ele>2420.0</ele>
      </trkpt>
      <trkpt lat="42.6459854" lon="82.384473">
        <ele>2420.0</ele>
      </trkpt>
      <trkpt lat="42.6458957" lon="82.3844929">
        <ele>2417.0</ele>
      </trkpt>
      <trkpt lat="42.6458028" lon="82.3844927">
        <ele>2417.0</ele>
      </trkpt>
      <trkpt lat="42.6457071" lon="82.384483">
        <ele>2417.0</ele>
      </trkpt>
      <trkpt lat="42.6456098" lon="82.3844789">
        <ele>2415.0</ele>
      </trkpt>
      <trkpt lat="42.6455133" lon="82.384494">
        <ele>2415.0</ele>
      </trkpt>
      <trkpt lat="42.6455133" lon="82.384494">
        <ele>2415.0</ele>
      </trkpt>
      <trkpt lat="42.6456643" lon="82.3847342">
        <ele>2420.0</ele>
      </trkpt>
      <trkpt lat="42.6456643" lon="82.3847342">
        <ele>2420.0</ele>
      </trkpt>
      <trkpt lat="42.6457581" lon="82.3847476">
        <ele>2424.0</ele>
      </trkpt>
      <trkpt lat="42.6458589" lon="82.384775">
        <ele>2424.0</ele>
      </trkpt>
      <trkpt lat="42.6459446" lon="82.3848312">
        <ele>2424.0</ele>
      </trkpt>
      <trkpt lat="42.6460292" lon="82.3848796">
        <ele>2427.0</ele>
      </trkpt>
      <trkpt lat="42.6459914" lon="82.3849578">
        <ele>2427.0</ele>
      </trkpt>
      <trkpt lat="42.6459021" lon="82.3850343">
        <ele>2425.0</ele>
      </trkpt>
      <trkpt lat="42.6457892" lon="82.3850823">
        <ele>2425.0</ele>
      </trkpt>
      <trkpt lat="42.6456827" lon="82.3850905">
        <ele>2427.0</ele>
      </trkpt>
      <trkpt lat="42.645573" lon="82.3851115">
        <ele>2427.0</ele>
      </trkpt>
      <trkpt lat="42.645605" lon="82.3852382">
        <ele>2429.0</ele>
      </trkpt>
      <trkpt lat="42.6456209" lon="82.3853765">
        <ele>2429.0</ele>
      </trkpt>
      <trkpt lat="42.6456007" lon="82.3855088">
        <ele>2431.0</ele>
      </trkpt>
      <trkpt lat="42.6455731" lon="82.3856457">
        <ele>2431.0</ele>
      </trkpt>
      <trkpt lat="42.6455333" lon="82.3857707">
        <ele>2428.0</ele>
      </trkpt>
      <trkpt lat="42.6454461" lon="82.3858655">
        <ele>2428.0</ele>
      </trkpt>
      <trkpt lat="42.6453474" lon="82.3859139">
        <ele>2425.0</ele>
      </trkpt>
      <trkpt lat="42.6452485" lon="82.3859277">
        <ele>2425.0</ele>
      </trkpt>
      <trkpt lat="42.6451532" lon="82.3859347">
        <ele>2425.0</ele>
      </trkpt>
      <trkpt lat="42.6450533" lon="82.3859506">
        <ele>2432.0</ele>
      </trkpt>
      <trkpt lat="42.6449565" lon="82.3859292">
        <ele>2432.0</ele>
      </trkpt>
      <trkpt lat="42.6448661" lon="82.3858864">
        <ele>2432.0</ele>
      </trkpt>
      <trkpt lat="42.6447682" lon="82.3858396">
        <ele>2448.0</ele>
      </trkpt>
      <trkpt lat="42.6446758" lon="82.3857855">
        <ele>2448.0</ele>
      </trkpt>
      <trkpt lat="42.6445938" lon="82.3857172">
        <ele>2448.0</ele>
      </trkpt>
      <trkpt lat="42.6444911" lon="82.385666">
        <ele>2468.0</ele>
      </trkpt>
      <trkpt lat="42.6443973" lon="82.3856366">
        <ele>2468.0</ele>
      </trkpt>
      <trkpt lat="42.6443068" lon="82.3855755">
        <ele>2468.0</ele>
      </trkpt>
      <trkpt lat="42.6442207" lon="82.3854983">
        <ele>2477.0</ele>
      </trkpt>
      <trkpt lat="42.6441382" lon="82.3854158">
        <ele>2482.0</ele>
      </trkpt>
      <trkpt lat="42.6440412" lon="82.3853684">
        <ele>2482.0</ele>
      </trkpt>
      <trkpt lat="42.643955" lon="82.3853025">
        <ele>2488.0</ele>
      </trkpt>
      <trkpt lat="42.6438743" lon="82.3852294">
        <ele>2488.0</ele>
      </trkpt>
      <trkpt lat="42.6437906" lon="82.3851645">
        <ele>2488.0</ele>
      </trkpt>
      <trkpt lat="42.6436963" lon="82.3850994">
        <ele>2493.0</ele>
      </trkpt>
      <trkpt lat="42.6436822" lon="82.3850369">
        <ele>2493.0</ele>
      </trkpt>
      <trkpt lat="42.6436138" lon="82.3850208">
        <ele>2493.0</ele>
      </trkpt>
      <trkpt lat="42.6435284" lon="82.3849783">
        <ele>2493.0</ele>
      </trkpt>
      <trkpt lat="42.6434427" lon="82.3849043">
        <ele>2494.0</ele>
      </trkpt>
      <trkpt lat="42.6433615" lon="82.3848276">
        <ele>2494.0</ele>
      </trkpt>
      <trkpt lat="42.6432622" lon="82.3847812">
        <ele>2494.0</ele>
      </trkpt>
      <trkpt lat="42.643177" lon="82.3847247">
        <ele>2490.0</ele>
      </trkpt>
      <trkpt lat="42.6430876" lon="82.3846666">
        <ele>2490.0</ele>
      </trkpt>
      <trkpt lat="42.6430061" lon="82.3845944">
        <ele>2490.0</ele>
      </trkpt>
      <trkpt lat="42.6429206" lon="82.3845117">
        <ele>2488.0</ele>
      </trkpt>
      <trkpt lat="42.6428333" lon="82.3844356">
        <ele>2487.0</ele>
      </trkpt>
      <trkpt lat="42.6427583" lon="82.3843524">
        <ele>2487.0</ele>
      </trkpt>
      <trkpt lat="42.6426854" lon="82.3842576">
        <ele>2487.0</ele>
      </trkpt>
      <trkpt lat="42.6426178" lon="82.3841574">
        <ele>2483.0</ele>
      </trkpt>
      <trkpt lat="42.6425462" lon="82.3840687">
        <ele>2483.0</ele>
      </trkpt>
      <trkpt lat="42.6424722" lon="82.3839858">
        <ele>2485.0</ele>
      </trkpt>
      <trkpt lat="42.6423863" lon="82.383924">
        <ele>2485.0</ele>
      </trkpt>
      <trkpt lat="42.6423122" lon="82.3838478">
        <ele>2478.0</ele>
      </trkpt>
      <trkpt lat="42.642226" lon="82.3837915">
        <ele>2478.0</ele>
      </trkpt>
      <trkpt lat="42.6421309" lon="82.3837451">
        <ele>2480.0</ele>
      </trkpt>
      <trkpt lat="42.6420487" lon="82.3836801">
        <ele>2475.0</ele>
      </trkpt>
      <trkpt lat="42.6419543" lon="82.3836298">
        <ele>2475.0</ele>
      </trkpt>
      <trkpt lat="42.6418583" lon="82.3836464">
        <ele>2475.0</ele>
      </trkpt>
      <trkpt lat="42.6417713" lon="82.3836913">
        <ele>2473.0</ele>
      </trkpt>
      <trkpt lat="42.6416775" lon="82.3837351">
        <ele>2473.0</ele>
      </trkpt>
      <trkpt lat="42.6415811" lon="82.3837607">
        <ele>2470.0</ele>
      </trkpt>
      <trkpt lat="42.6414935" lon="82.3838001">
        <ele>2473.0</ele>
      </trkpt>
      <trkpt lat="42.6414029" lon="82.3838375">
        <ele>2473.0</ele>
      </trkpt>
      <trkpt lat="42.641312" lon="82.3838456">
        <ele>2473.0</ele>
      </trkpt>
      <trkpt lat="42.6412163" lon="82.3838672">
        <ele>2492.0</ele>
      </trkpt>
      <trkpt lat="42.6411199" lon="82.3838659">
        <ele>2492.0</ele>
      </trkpt>
      <trkpt lat="42.6410214" lon="82.3838593">
        <ele>2492.0</ele>
      </trkpt>
      <trkpt lat="42.6409235" lon="82.3838516">
        <ele>2506.0</ele>
      </trkpt>
      <trkpt lat="42.6408292" lon="82.3838378">
        <ele>2506.0</ele>
      </trkpt>
      <trkpt lat="42.6407389" lon="82.3838051">
        <ele>2506.0</ele>
      </trkpt>
      <trkpt lat="42.6406448" lon="82.3837727">
        <ele>2521.0</ele>
      </trkpt>
      <trkpt lat="42.6405544" lon="82.3837483">
        <ele>2530.0</ele>
      </trkpt>
      <trkpt lat="42.640468" lon="82.3837006">
        <ele>2530.0</ele>
      </trkpt>
      <trkpt lat="42.6403776" lon="82.3836481">
        <ele>2538.0</ele>
      </trkpt>
      <trkpt lat="42.6402931" lon="82.3835792">
        <ele>2538.0</ele>
      </trkpt>
      <trkpt lat="42.6402013" lon="82.38352">
        <ele>2538.0</ele>
      </trkpt>
      <trkpt lat="42.6401158" lon="82.3834662">
        <ele>2546.0</ele>
      </trkpt>
      <trkpt lat="42.6400372" lon="82.3833956">
        <ele>2546.0</ele>
      </trkpt>
      <trkpt lat="42.6399479" lon="82.3833337">
        <ele>2546.0</ele>
      </trkpt>
      <trkpt lat="42.6398489" lon="82.3832884">
        <ele>2544.0</ele>
      </trkpt>
      <trkpt lat="42.6397471" lon="82.3832401">
        <ele>2544.0</ele>
      </trkpt>
      <trkpt lat="42.6396571" lon="82.3831966">
        <ele>2544.0</ele>
      </trkpt>
      <trkpt lat="42.6395586" lon="82.383165">
        <ele>2545.0</ele>
      </trkpt>
      <trkpt lat="42.6394567" lon="82.3831258">
        <ele>2545.0</ele>
      </trkpt>
      <trkpt lat="42.6393569" lon="82.3830944">
        <ele>2545.0</ele>
      </trkpt>
      <trkpt lat="42.6392555" lon="82.3830581">
        <ele>2535.0</ele>
      </trkpt>
      <trkpt lat="42.6391533" lon="82.3830324">
        <ele>2535.0</ele>
      </trkpt>
      <trkpt lat="42.6390503" lon="82.3830076">
        <ele>2535.0</ele>
      </trkpt>
      <trkpt lat="42.6389514" lon="82.3829832">
        <ele>2537.0</ele>
      </trkpt>
      <trkpt lat="42.6388565" lon="82.3829619">
        <ele>2537.0</ele>
      </trkpt>
      <trkpt lat="42.6387505" lon="82.3829417">
        <ele>2537.0</ele>
      </trkpt>
      <trkpt lat="42.6386424" lon="82.3829163">
        <ele>2543.0</ele>
      </trkpt>
      <trkpt lat="42.638546" lon="82.3829023">
        <ele>2543.0</ele>
      </trkpt>
      <trkpt lat="42.6384492" lon="82.3829038">
        <ele>2551.0</ele>
      </trkpt>
      <trkpt lat="42.6383446" lon="82.3829069">
        <ele>2551.0</ele>
      </trkpt>
      <trkpt lat="42.6382402" lon="82.3829138">
        <ele>2551.0</ele>
      </trkpt>
      <trkpt lat="42.6381439" lon="82.3829171">
        <ele>2554.0</ele>
      </trkpt>
      <trkpt lat="42.6380523" lon="82.3829291">
        <ele>2554.0</ele>
      </trkpt>
      <trkpt lat="42.6379632" lon="82.382914">
        <ele>2558.0</ele>
      </trkpt>
      <trkpt lat="42.6378681" lon="82.3828946">
        <ele>2562.0</ele>
      </trkpt>
      <trkpt lat="42.6377775" lon="82.3829216">
        <ele>2559.0</ele>
      </trkpt>
      <trkpt lat="42.6376846" lon="82.3829054">
        <ele>2562.0</ele>
      </trkpt>
      <trkpt lat="42.6375981" lon="82.3828563">
        <ele>2574.0</ele>
      </trkpt>
      <trkpt lat="42.6375069" lon="82.3828386">
        <ele>2574.0</ele>
      </trkpt>
      <trkpt lat="42.6374168" lon="82.3828159">
        <ele>2574.0</ele>
      </trkpt>
      <trkpt lat="42.6373233" lon="82.3827866">
        <ele>2583.0</ele>
      </trkpt>
      <trkpt lat="42.6372317" lon="82.3827388">
        <ele>2583.0</ele>
      </trkpt>
      <trkpt lat="42.6371403" lon="82.3826861">
        <ele>2583.0</ele>
      </trkpt>
      <trkpt lat="42.6370573" lon="82.3826267">
        <ele>2602.0</ele>
      </trkpt>
      <trkpt lat="42.6369664" lon="82.3825799">
        <ele>2602.0</ele>
      </trkpt>
      <trkpt lat="42.6368789" lon="82.3825329">
        <ele>2602.0</ele>
      </trkpt>
      <trkpt lat="42.6367912" lon="82.3824863">
        <ele>2605.0</ele>
      </trkpt>
      <trkpt lat="42.6367094" lon="82.3825198">
        <ele>2605.0</ele>
      </trkpt>
      <trkpt lat="42.6366331" lon="82.3824835">
        <ele>2605.0</ele>
      </trkpt>
      <trkpt lat="42.6365448" lon="82.382474">
        <ele>2605.0</ele>
      </trkpt>
      <trkpt lat="42.6364486" lon="82.3824544">
        <ele>2611.0</ele>
      </trkpt>
      <trkpt lat="42.6363527" lon="82.3824686">
        <ele>2611.0</ele>
      </trkpt>
      <trkpt lat="42.6362611" lon="82.3824564">
        <ele>2611.0</ele>
      </trkpt>
      <trkpt lat="42.6361713" lon="82.382439">
        <ele>2611.0</ele>
      </trkpt>
      <trkpt lat="42.6360779" lon="82.382425">
        <ele>2611.0</ele>
      </trkpt>
      <trkpt lat="42.6359924" lon="82.382364">
        <ele>2611.0</ele>
      </trkpt>
      <trkpt lat="42.6359199" lon="82.3822817">
        <ele>2620.0</ele>
      </trkpt>
      <trkpt lat="42.6358345" lon="82.3822316">
        <ele>2620.0</ele>
      </trkpt>
      <trkpt lat="42.6357468" lon="82.3821985">
        <ele>2620.0</ele>
      </trkpt>
      <trkpt lat="42.6356615" lon="82.3821572">
        <ele>2624.0</ele>
      </trkpt>
      <trkpt lat="42.6355735" lon="82.3821145">
        <ele>2624.0</ele>
      </trkpt>
      <trkpt lat="42.6354839" lon="82.382087">
        <ele>2624.0</ele>
      </trkpt>
      <trkpt lat="42.6353942" lon="82.3820434">
        <ele>2629.0</ele>
      </trkpt>
      <trkpt lat="42.6353178" lon="82.3819673">
        <ele>2629.0</ele>
      </trkpt>
      <trkpt lat="42.635238" lon="82.3819068">
        <ele>2629.0</ele>
      </trkpt>
      <trkpt lat="42.6351482" lon="82.3818605">
        <ele>2629.0</ele>
      </trkpt>
      <trkpt lat="42.6350562" lon="82.3818343">
        <ele>2639.0</ele>
      </trkpt>
      <trkpt lat="42.6349617" lon="82.3817935">
        <ele>2632.0</ele>
      </trkpt>
      <trkpt lat="42.6348737" lon="82.3817328">
        <ele>2632.0</ele>
      </trkpt>
      <trkpt lat="42.6347839" lon="82.3816736">
        <ele>2627.0</ele>
      </trkpt>
      <trkpt lat="42.6346956" lon="82.3816133">
        <ele>2627.0</ele>
      </trkpt>
      <trkpt lat="42.6346" lon="82.3815944">
        <ele>2627.0</ele>
      </trkpt>
      <trkpt lat="42.6345075" lon="82.3815523">
        <ele>2629.0</ele>
      </trkpt>
      <trkpt lat="42.6344142" lon="82.3814973">
        <ele>2626.0</ele>
      </trkpt>
      <trkpt lat="42.6343202" lon="82.3814936">
        <ele>2626.0</ele>
      </trkpt>
      <trkpt lat="42.6342357" lon="82.3814499">
        <ele>2631.0</ele>
      </trkpt>
      <trkpt lat="42.6341425" lon="82.3814206">
        <ele>2631.0</ele>
      </trkpt>
      <trkpt lat="42.6340467" lon="82.3814062">
        <ele>2631.0</ele>
      </trkpt>
      <trkpt lat="42.6339604" lon="82.3813557">
        <ele>2631.0</ele>
      </trkpt>
      <trkpt lat="42.6339093" lon="82.381248">
        <ele>2626.0</ele>
      </trkpt>
      <trkpt lat="42.6338512" lon="82.3811379">
        <ele>2626.0</ele>
      </trkpt>
      <trkpt lat="42.6337861" lon="82.3810475">
        <ele>2626.0</ele>
      </trkpt>
      <trkpt lat="42.6337036" lon="82.3809684">
        <ele>2623.0</ele>
      </trkpt>
      <trkpt lat="42.6336175" lon="82.3809023">
        <ele>2623.0</ele>
      </trkpt>
      <trkpt lat="42.633525" lon="82.380904">
        <ele>2623.0</ele>
      </trkpt>
      <trkpt lat="42.63343" lon="82.3809129">
        <ele>2637.0</ele>
      </trkpt>
      <trkpt lat="42.6333388" lon="82.3808998">
        <ele>2637.0</ele>
      </trkpt>
      <trkpt lat="42.6332501" lon="82.3808567">
        <ele>2637.0</ele>
      </trkpt>
      <trkpt lat="42.6331571" lon="82.3808295">
        <ele>2652.0</ele>
      </trkpt>
      <trkpt lat="42.6330546" lon="82.3808248">
        <ele>2652.0</ele>
      </trkpt>
      <trkpt lat="42.6329597" lon="82.3807855">
        <ele>2652.0</ele>
      </trkpt>
      <trkpt lat="42.6328667" lon="82.3807547">
        <ele>2659.0</ele>
      </trkpt>
      <trkpt lat="42.6327774" lon="82.3807663">
        <ele>2659.0</ele>
      </trkpt>
      <trkpt lat="42.6326816" lon="82.3807409">
        <ele>2659.0</ele>
      </trkpt>
      <trkpt lat="42.6325828" lon="82.3807093">
        <ele>2664.0</ele>
      </trkpt>
      <trkpt lat="42.632492" lon="82.3806602">
        <ele>2671.0</ele>
      </trkpt>
      <trkpt lat="42.6323968" lon="82.3806345">
        <ele>2671.0</ele>
      </trkpt>
      <trkpt lat="42.6322919" lon="82.3805941">
        <ele>2671.0</ele>
      </trkpt>
      <trkpt lat="42.6321827" lon="82.380564">
        <ele>2671.0</ele>
      </trkpt>
      <trkpt lat="42.6320805" lon="82.3805524">
        <ele>2664.0</ele>
      </trkpt>
      <trkpt lat="42.6319841" lon="82.3805232">
        <ele>2664.0</ele>
      </trkpt>
      <trkpt lat="42.6318836" lon="82.3805172">
        <ele>2664.0</ele>
      </trkpt>
      <trkpt lat="42.6317865" lon="82.3804751">
        <ele>2665.0</ele>
      </trkpt>
      <trkpt lat="42.6316865" lon="82.3804854">
        <ele>2665.0</ele>
      </trkpt>
      <trkpt lat="42.6316123" lon="82.3805587">
        <ele>2665.0</ele>
      </trkpt>
      <trkpt lat="42.6315294" lon="82.3805818">
        <ele>2665.0</ele>
      </trkpt>
      <trkpt lat="42.6314409" lon="82.3805425">
        <ele>2672.0</ele>
      </trkpt>
      <trkpt lat="42.6313461" lon="82.3805492">
        <ele>2672.0</ele>
      </trkpt>
      <trkpt lat="42.6312538" lon="82.380588">
        <ele>2672.0</ele>
      </trkpt>
      <trkpt lat="42.6311633" lon="82.3806169">
        <ele>2674.0</ele>
      </trkpt>
      <trkpt lat="42.6310706" lon="82.3806133">
        <ele>2674.0</ele>
      </trkpt>
      <trkpt lat="42.630981" lon="82.3806478">
        <ele>2674.0</ele>
      </trkpt>
      <trkpt lat="42.6308825" lon="82.3806739">
        <ele>2674.0</ele>
      </trkpt>
      <trkpt lat="42.6307847" lon="82.3806535">
        <ele>2674.0</ele>
      </trkpt>
      <trkpt lat="42.630685" lon="82.3806167">
        <ele>2677.0</ele>
      </trkpt>
      <trkpt lat="42.630576" lon="82.3806057">
        <ele>2677.0</ele>
      </trkpt>
      <trkpt lat="42.6304826" lon="82.3805764">
        <ele>2677.0</ele>
      </trkpt>
      <trkpt lat="42.6303829" lon="82.3805262">
        <ele>2678.0</ele>
      </trkpt>
      <trkpt lat="42.6302897" lon="82.3805079">
        <ele>2678.0</ele>
      </trkpt>
      <trkpt lat="42.6301986" lon="82.3805159">
        <ele>2678.0</ele>
      </trkpt>
      <trkpt lat="42.6301129" lon="82.3805256">
        <ele>2681.0</ele>
      </trkpt>
      <trkpt lat="42.6300276" lon="82.3804806">
        <ele>2681.0</ele>
      </trkpt>
      <trkpt lat="42.6299343" lon="82.3804506">
        <ele>2681.0</ele>
      </trkpt>
      <trkpt lat="42.6298525" lon="82.3803781">
        <ele>2685.0</ele>
      </trkpt>
      <trkpt lat="42.6297579" lon="82.3803387">
        <ele>2685.0</ele>
      </trkpt>
      <trkpt lat="42.6296738" lon="82.3802944">
        <ele>2685.0</ele>
      </trkpt>
      <trkpt lat="42.6295774" lon="82.3803198">
        <ele>2678.0</ele>
      </trkpt>
      <trkpt lat="42.6294799" lon="82.3803324">
        <ele>2678.0</ele>
      </trkpt>
      <trkpt lat="42.6293838" lon="82.3803157">
        <ele>2678.0</ele>
      </trkpt>
      <trkpt lat="42.6292892" lon="82.3802829">
        <ele>2674.0</ele>
      </trkpt>
      <trkpt lat="42.6291895" lon="82.3802719">
        <ele>2674.0</ele>
      </trkpt>
      <trkpt lat="42.6290918" lon="82.3802491">
        <ele>2674.0</ele>
      </trkpt>
      <trkpt lat="42.628996" lon="82.3802066">
        <ele>2671.0</ele>
      </trkpt>
      <trkpt lat="42.6288923" lon="82.380184">
        <ele>2671.0</ele>
      </trkpt>
      <trkpt lat="42.6287981" lon="82.3801555">
        <ele>2671.0</ele>
      </trkpt>
      <trkpt lat="42.6287065" lon="82.3801237">
        <ele>2679.0</ele>
      </trkpt>
      <trkpt lat="42.6286122" lon="82.3801169">
        <ele>2679.0</ele>
      </trkpt>
      <trkpt lat="42.62852" lon="82.3801113">
        <ele>2679.0</ele>
      </trkpt>
      <trkpt lat="42.6284284" lon="82.3800927">
        <ele>2682.0</ele>
      </trkpt>
      <trkpt lat="42.6283389" lon="82.3801285">
        <ele>2682.0</ele>
      </trkpt>
      <trkpt lat="42.6282538" lon="82.3801925">
        <ele>2674.0</ele>
      </trkpt>
      <trkpt lat="42.6281646" lon="82.3802359">
        <ele>2680.0</ele>
      </trkpt>
      <trkpt lat="42.6280736" lon="82.3802953">
        <ele>2680.0</ele>
      </trkpt>
      <trkpt lat="42.6279899" lon="82.3803724">
        <ele>2680.0</ele>
      </trkpt>
      <trkpt lat="42.6279055" lon="82.3804598">
        <ele>2681.0</ele>
      </trkpt>
      <trkpt lat="42.6278207" lon="82.3805301">
        <ele>2681.0</ele>
      </trkpt>
      <trkpt lat="42.6277293" lon="82.3806008">
        <ele>2681.0</ele>
      </trkpt>
      <trkpt lat="42.6276339" lon="82.3806511">
        <ele>2681.0</ele>
      </trkpt>
      <trkpt lat="42.62754" lon="82.3806683">
        <ele>2681.0</ele>
      </trkpt>
      <trkpt lat="42.6274383" lon="82.3806574">
        <ele>2681.0</ele>
      </trkpt>
      <trkpt lat="42.6273327" lon="82.3806736">
        <ele>2687.0</ele>
      </trkpt>
      <trkpt lat="42.6272881" lon="82.3806965">
        <ele>2681.0</ele>
      </trkpt>
      <trkpt lat="42.6272166" lon="82.3807277">
        <ele>2681.0</ele>
      </trkpt>
      <trkpt lat="42.6271376" lon="82.3807727">
        <ele>2681.0</ele>
      </trkpt>
      <trkpt lat="42.6270578" lon="82.3807303">
        <ele>2686.0</ele>
      </trkpt>
      <trkpt lat="42.6269654" lon="82.3806928">
        <ele>2694.0</ele>
      </trkpt>
      <trkpt lat="42.6268664" lon="82.3807044">
        <ele>2686.0</ele>
      </trkpt>
      <trkpt lat="42.6267969" lon="82.3808079">
        <ele>2692.0</ele>
      </trkpt>
      <trkpt lat="42.6267538" lon="82.3809151">
        <ele>2692.0</ele>
      </trkpt>
      <trkpt lat="42.6266947" lon="82.3810212">
        <ele>2690.0</ele>
      </trkpt>
      <trkpt lat="42.6266429" lon="82.3811286">
        <ele>2690.0</ele>
      </trkpt>
      <trkpt lat="42.6265902" lon="82.3812315">
        <ele>2690.0</ele>
      </trkpt>
      <trkpt lat="42.6265467" lon="82.3813491">
        <ele>2690.0</ele>
      </trkpt>
      <trkpt lat="42.6265066" lon="82.381477">
        <ele>2690.0</ele>
      </trkpt>
      <trkpt lat="42.6264413" lon="82.3815915">
        <ele>2688.0</ele>
      </trkpt>
      <trkpt lat="42.6263941" lon="82.3817276">
        <ele>2688.0</ele>
      </trkpt>
      <trkpt lat="42.6263512" lon="82.3818496">
        <ele>2688.0</ele>
      </trkpt>
      <trkpt lat="42.6263056" lon="82.3819651">
        <ele>2688.0</ele>
      </trkpt>
      <trkpt lat="42.6262207" lon="82.3820115">
        <ele>2687.0</ele>
      </trkpt>
      <trkpt lat="42.6261892" lon="82.3819574">
        <ele>2687.0</ele>
      </trkpt>
      <trkpt lat="42.6262456" lon="82.3820304">
        <ele>2687.0</ele>
      </trkpt>
      <trkpt lat="42.6262555" lon="82.3821754">
        <ele>2689.0</ele>
      </trkpt>
      <trkpt lat="42.6262683" lon="82.3823233">
        <ele>2689.0</ele>
      </trkpt>
      <trkpt lat="42.6262948" lon="82.3824628">
        <ele>2692.0</ele>
      </trkpt>
      <trkpt lat="42.6263187" lon="82.3825957">
        <ele>2692.0</ele>
      </trkpt>
      <trkpt lat="42.6263756" lon="82.3827013">
        <ele>2698.0</ele>
      </trkpt>
      <trkpt lat="42.6262977" lon="82.3827135">
        <ele>2698.0</ele>
      </trkpt>
      <trkpt lat="42.6262015" lon="82.3827394">
        <ele>2700.0</ele>
      </trkpt>
      <trkpt lat="42.6261066" lon="82.3827812">
        <ele>2700.0</ele>
      </trkpt>
      <trkpt lat="42.6260136" lon="82.3828297">
        <ele>2700.0</ele>
      </trkpt>
      <trkpt lat="42.6259137" lon="82.3828532">
        <ele>2703.0</ele>
      </trkpt>
      <trkpt lat="42.6258188" lon="82.3828774">
        <ele>2703.0</ele>
      </trkpt>
      <trkpt lat="42.6257254" lon="82.382899">
        <ele>2703.0</ele>
      </trkpt>
      <trkpt lat="42.6256327" lon="82.3828907">
        <ele>2706.0</ele>
      </trkpt>
      <trkpt lat="42.6255374" lon="82.3828881">
        <ele>2706.0</ele>
      </trkpt>
      <trkpt lat="42.6254433" lon="82.3829058">
        <ele>2706.0</ele>
      </trkpt>
      <trkpt lat="42.6253624" lon="82.3829609">
        <ele>2708.0</ele>
      </trkpt>
      <trkpt lat="42.6252763" lon="82.3829965">
        <ele>2708.0</ele>
      </trkpt>
      <trkpt lat="42.6251814" lon="82.3830281">
        <ele>2708.0</ele>
      </trkpt>
      <trkpt lat="42.6250879" lon="82.3830523">
        <ele>2708.0</ele>
      </trkpt>
      <trkpt lat="42.6249975" lon="82.3830418">
        <ele>2708.0</ele>
      </trkpt>
      <trkpt lat="42.6249114" lon="82.3829969">
        <ele>2708.0</ele>
      </trkpt>
      <trkpt lat="42.6248196" lon="82.3829521">
        <ele>2719.0</ele>
      </trkpt>
      <trkpt lat="42.6247318" lon="82.3829084">
        <ele>2717.0</ele>
      </trkpt>
      <trkpt lat="42.6246454" lon="82.3828463">
        <ele>2717.0</ele>
      </trkpt>
      <trkpt lat="42.6245902" lon="82.3827328">
        <ele>2717.0</ele>
      </trkpt>
      <trkpt lat="42.624496" lon="82.3827427">
        <ele>2726.0</ele>
      </trkpt>
      <trkpt lat="42.6244192" lon="82.3826801">
        <ele>2726.0</ele>
      </trkpt>
      <trkpt lat="42.6243255" lon="82.3826637">
        <ele>2726.0</ele>
      </trkpt>
      <trkpt lat="42.6242666" lon="82.3825732">
        <ele>2735.0</ele>
      </trkpt>
      <trkpt lat="42.6242273" lon="82.38245">
        <ele>2735.0</ele>
      </trkpt>
      <trkpt lat="42.6242161" lon="82.3822991">
        <ele>2737.0</ele>
      </trkpt>
      <trkpt lat="42.6241531" lon="82.3822084">
        <ele>2737.0</ele>
      </trkpt>
      <trkpt lat="42.6240637" lon="82.3821553">
        <ele>2737.0</ele>
      </trkpt>
      <trkpt lat="42.6239819" lon="82.3820843">
        <ele>2754.0</ele>
      </trkpt>
      <trkpt lat="42.6239125" lon="82.3820013">
        <ele>2754.0</ele>
      </trkpt>
      <trkpt lat="42.6238319" lon="82.381924">
        <ele>2754.0</ele>
      </trkpt>
      <trkpt lat="42.6237472" lon="82.3818562">
        <ele>2763.0</ele>
      </trkpt>
      <trkpt lat="42.6236736" lon="82.381778">
        <ele>2763.0</ele>
      </trkpt>
      <trkpt lat="42.6235857" lon="82.3817387">
        <ele>2763.0</ele>
      </trkpt>
      <trkpt lat="42.6235092" lon="82.3816715">
        <ele>2763.0</ele>
      </trkpt>
      <trkpt lat="42.6234241" lon="82.3816141">
        <ele>2779.0</ele>
      </trkpt>
      <trkpt lat="42.6233301" lon="82.3816086">
        <ele>2779.0</ele>
      </trkpt>
      <trkpt lat="42.6232371" lon="82.3815888">
        <ele>2779.0</ele>
      </trkpt>
      <trkpt lat="42.6231737" lon="82.3815094">
        <ele>2795.0</ele>
      </trkpt>
      <trkpt lat="42.6231256" lon="82.3814054">
        <ele>2795.0</ele>
      </trkpt>
      <trkpt lat="42.623093" lon="82.3812839">
        <ele>2795.0</ele>
      </trkpt>
      <trkpt lat="42.6230439" lon="82.3811773">
        <ele>2792.0</ele>
      </trkpt>
      <trkpt lat="42.6229609" lon="82.3811127">
        <ele>2792.0</ele>
      </trkpt>
      <trkpt lat="42.622862" lon="82.3811695">
        <ele>2797.0</ele>
      </trkpt>
      <trkpt lat="42.6227619" lon="82.3811736">
        <ele>2797.0</ele>
      </trkpt>
      <trkpt lat="42.6226704" lon="82.3811994">
        <ele>2797.0</ele>
      </trkpt>
      <trkpt lat="42.6225809" lon="82.3812172">
        <ele>2802.0</ele>
      </trkpt>
      <trkpt lat="42.6224848" lon="82.3812466">
        <ele>2802.0</ele>
      </trkpt>
      <trkpt lat="42.6223902" lon="82.3812582">
        <ele>2809.0</ele>
      </trkpt>
      <trkpt lat="42.6222986" lon="82.3812758">
        <ele>2802.0</ele>
      </trkpt>
      <trkpt lat="42.6222327" lon="82.3811972">
        <ele>2799.0</ele>
      </trkpt>
      <trkpt lat="42.6221437" lon="82.3811773">
        <ele>2799.0</ele>
      </trkpt>
      <trkpt lat="42.6220472" lon="82.381151">
        <ele>2803.0</ele>
      </trkpt>
      <trkpt lat="42.6219778" lon="82.3810636">
        <ele>2803.0</ele>
      </trkpt>
      <trkpt lat="42.6219197" lon="82.3809505">
        <ele>2799.0</ele>
      </trkpt>
      <trkpt lat="42.6218496" lon="82.3808588">
        <ele>2799.0</ele>
      </trkpt>
      <trkpt lat="42.6217543" lon="82.3808552">
        <ele>2801.0</ele>
      </trkpt>
      <trkpt lat="42.621679" lon="82.380933">
        <ele>2801.0</ele>
      </trkpt>
      <trkpt lat="42.6215889" lon="82.3809951">
        <ele>2803.0</ele>
      </trkpt>
      <trkpt lat="42.6214901" lon="82.3810373">
        <ele>2809.0</ele>
      </trkpt>
      <trkpt lat="42.6213926" lon="82.3810416">
        <ele>2809.0</ele>
      </trkpt>
      <trkpt lat="42.6212952" lon="82.3810944">
        <ele>2809.0</ele>
      </trkpt>
      <trkpt lat="42.6212187" lon="82.381174">
        <ele>2808.0</ele>
      </trkpt>
      <trkpt lat="42.6211354" lon="82.3812241">
        <ele>2808.0</ele>
      </trkpt>
      <trkpt lat="42.6210401" lon="82.3812417">
        <ele>2808.0</ele>
      </trkpt>
      <trkpt lat="42.6209455" lon="82.3812581">
        <ele>2818.0</ele>
      </trkpt>
      <trkpt lat="42.6208522" lon="82.3812866">
        <ele>2818.0</ele>
      </trkpt>
      <trkpt lat="42.6207599" lon="82.3813225">
        <ele>2818.0</ele>
      </trkpt>
      <trkpt lat="42.6206638" lon="82.381333">
        <ele>2826.0</ele>
      </trkpt>
      <trkpt lat="42.620571" lon="82.381362">
        <ele>2826.0</ele>
      </trkpt>
      <trkpt lat="42.6204865" lon="82.3814216">
        <ele>2826.0</ele>
      </trkpt>
      <trkpt lat="42.6204053" lon="82.3814913">
        <ele>2827.0</ele>
      </trkpt>
      <trkpt lat="42.6203369" lon="82.3815877">
        <ele>2834.0</ele>
      </trkpt>
      <trkpt lat="42.6202751" lon="82.3816952">
        <ele>2834.0</ele>
      </trkpt>
      <trkpt lat="42.6202225" lon="82.3818055">
        <ele>2834.0</ele>
      </trkpt>
      <trkpt lat="42.6201998" lon="82.3819359">
        <ele>2838.0</ele>
      </trkpt>
      <trkpt lat="42.6201759" lon="82.3820687">
        <ele>2838.0</ele>
      </trkpt>
      <trkpt lat="42.6201598" lon="82.3821955">
        <ele>2838.0</ele>
      </trkpt>
      <trkpt lat="42.62012" lon="82.3823088">
        <ele>2838.0</ele>
      </trkpt>
      <trkpt lat="42.6200512" lon="82.382405">
        <ele>2839.0</ele>
      </trkpt>
      <trkpt lat="42.6200225" lon="82.3825263">
        <ele>2839.0</ele>
      </trkpt>
      <trkpt lat="42.6200339" lon="82.3826536">
        <ele>2844.0</ele>
      </trkpt>
      <trkpt lat="42.6201078" lon="82.3827271">
        <ele>2844.0</ele>
      </trkpt>
      <trkpt lat="42.6200849" lon="82.3828254">
        <ele>2844.0</ele>
      </trkpt>
      <trkpt lat="42.6200616" lon="82.3829566">
        <ele>2851.0</ele>
      </trkpt>
      <trkpt lat="42.6200273" lon="82.3830947">
        <ele>2851.0</ele>
      </trkpt>
      <trkpt lat="42.6199511" lon="82.3831934">
        <ele>2851.0</ele>
      </trkpt>
      <trkpt lat="42.6199088" lon="82.3832258">
        <ele>2855.0</ele>
      </trkpt>
      <trkpt lat="42.6198258" lon="82.383254">
        <ele>2855.0</ele>
      </trkpt>
      <trkpt lat="42.6197472" lon="82.3833304">
        <ele>2855.0</ele>
      </trkpt>
      <trkpt lat="42.6197212" lon="82.3834464">
        <ele>2855.0</ele>
      </trkpt>
      <trkpt lat="42.6196769" lon="82.383541">
        <ele>2856.0</ele>
      </trkpt>
      <trkpt lat="42.619591" lon="82.3835683">
        <ele>2856.0</ele>
      </trkpt>
      <trkpt lat="42.619498" lon="82.3835889">
        <ele>2854.0</ele>
      </trkpt>
      <trkpt lat="42.6194116" lon="82.3836332">
        <ele>2854.0</ele>
      </trkpt>
      <trkpt lat="42.6193275" lon="82.3836843">
        <ele>2854.0</ele>
      </trkpt>
      <trkpt lat="42.6192664" lon="82.3837793">
        <ele>2857.0</ele>
      </trkpt>
      <trkpt lat="42.6191947" lon="82.3838751">
        <ele>2857.0</ele>
      </trkpt>
      <trkpt lat="42.6191096" lon="82.3839665">
        <ele>2857.0</ele>
      </trkpt>
      <trkpt lat="42.6190585" lon="82.3840012">
        <ele>2857.0</ele>
      </trkpt>
      <trkpt lat="42.6190032" lon="82.3840933">
        <ele>2852.0</ele>
      </trkpt>
      <trkpt lat="42.6189734" lon="82.3841367">
        <ele>2852.0</ele>
      </trkpt>
      <trkpt lat="42.6189202" lon="82.3842219">
        <ele>2852.0</ele>
      </trkpt>
      <trkpt lat="42.6188412" lon="82.3843097">
        <ele>2850.0</ele>
      </trkpt>
      <trkpt lat="42.6187617" lon="82.3843995">
        <ele>2850.0</ele>
      </trkpt>
      <trkpt lat="42.6186699" lon="82.3844444">
        <ele>2842.0</ele>
      </trkpt>
      <trkpt lat="42.6185716" lon="82.3844788">
        <ele>2842.0</ele>
      </trkpt>
      <trkpt lat="42.6184718" lon="82.3844521">
        <ele>2840.0</ele>
      </trkpt>
      <trkpt lat="42.6184451" lon="82.3845753">
        <ele>2840.0</ele>
      </trkpt>
      <trkpt lat="42.6184202" lon="82.3846957">
        <ele>2837.0</ele>
      </trkpt>
      <trkpt lat="42.6183729" lon="82.3848027">
        <ele>2837.0</ele>
      </trkpt>
      <trkpt lat="42.6183079" lon="82.3848998">
        <ele>2834.0</ele>
      </trkpt>
      <trkpt lat="42.618239" lon="82.3849978">
        <ele>2834.0</ele>
      </trkpt>
      <trkpt lat="42.6181728" lon="82.3851003">
        <ele>2840.0</ele>
      </trkpt>
      <trkpt lat="42.6181069" lon="82.3851914">
        <ele>2836.0</ele>
      </trkpt>
      <trkpt lat="42.618034" lon="82.3852708">
        <ele>2836.0</ele>
      </trkpt>
      <trkpt lat="42.6179496" lon="82.3853278">
        <ele>2836.0</ele>
      </trkpt>
      <trkpt lat="42.6178526" lon="82.3853887">
        <ele>2840.0</ele>
      </trkpt>
      <trkpt lat="42.6177661" lon="82.3854507">
        <ele>2833.0</ele>
      </trkpt>
      <trkpt lat="42.617719" lon="82.3855526">
        <ele>2833.0</ele>
      </trkpt>
      <trkpt lat="42.6176848" lon="82.3856151">
        <ele>2833.0</ele>
      </trkpt>
      <trkpt lat="42.6176112" lon="82.3856338">
        <ele>2836.0</ele>
      </trkpt>
      <trkpt lat="42.6175257" lon="82.385683">
        <ele>2836.0</ele>
      </trkpt>
      <trkpt lat="42.6174273" lon="82.3857188">
        <ele>2829.0</ele>
      </trkpt>
      <trkpt lat="42.6173278" lon="82.3857389">
        <ele>2834.0</ele>
      </trkpt>
      <trkpt lat="42.6172291" lon="82.3857819">
        <ele>2834.0</ele>
      </trkpt>
      <trkpt lat="42.6171406" lon="82.3858243">
        <ele>2834.0</ele>
      </trkpt>
      <trkpt lat="42.6170611" lon="82.3859103">
        <ele>2842.0</ele>
      </trkpt>
      <trkpt lat="42.6169741" lon="82.3859871">
        <ele>2839.0</ele>
      </trkpt>
      <trkpt lat="42.6168858" lon="82.3860336">
        <ele>2839.0</ele>
      </trkpt>
      <trkpt lat="42.6168039" lon="82.3860897">
        <ele>2846.0</ele>
      </trkpt>
      <trkpt lat="42.6167143" lon="82.3861507">
        <ele>2846.0</ele>
      </trkpt>
      <trkpt lat="42.6166252" lon="82.3862212">
        <ele>2846.0</ele>
      </trkpt>
      <trkpt lat="42.6165397" lon="82.3862958">
        <ele>2846.0</ele>
      </trkpt>
      <trkpt lat="42.6164623" lon="82.386366">
        <ele>2848.0</ele>
      </trkpt>
      <trkpt lat="42.6163876" lon="82.3864438">
        <ele>2848.0</ele>
      </trkpt>
      <trkpt lat="42.6163159" lon="82.3865286">
        <ele>2847.0</ele>
      </trkpt>
      <trkpt lat="42.6162505" lon="82.3866158">
        <ele>2847.0</ele>
      </trkpt>
      <trkpt lat="42.6161841" lon="82.3867002">
        <ele>2850.0</ele>
      </trkpt>
      <trkpt lat="42.6161171" lon="82.3867985">
        <ele>2850.0</ele>
      </trkpt>
      <trkpt lat="42.6160581" lon="82.3869129">
        <ele>2849.0</ele>
      </trkpt>
      <trkpt lat="42.6159982" lon="82.3870162">
        <ele>2849.0</ele>
      </trkpt>
      <trkpt lat="42.6159356" lon="82.3871179">
        <ele>2848.0</ele>
      </trkpt>
      <trkpt lat="42.6158829" lon="82.3872267">
        <ele>2848.0</ele>
      </trkpt>
      <trkpt lat="42.615834" lon="82.3873348">
        <ele>2848.0</ele>
      </trkpt>
      <trkpt lat="42.6157703" lon="82.3874485">
        <ele>2850.0</ele>
      </trkpt>
      <trkpt lat="42.6156998" lon="82.3875582">
        <ele>2850.0</ele>
      </trkpt>
      <trkpt lat="42.6156786" lon="82.3876945">
        <ele>2855.0</ele>
      </trkpt>
      <trkpt lat="42.6156885" lon="82.3878287">
        <ele>2855.0</ele>
      </trkpt>
      <trkpt lat="42.6157185" lon="82.3879625">
        <ele>2858.0</ele>
      </trkpt>
      <trkpt lat="42.6157351" lon="82.3880924">
        <ele>2858.0</ele>
      </trkpt>
      <trkpt lat="42.6157595" lon="82.3882049">
        <ele>2862.0</ele>
      </trkpt>
      <trkpt lat="42.6157785" lon="82.3883446">
        <ele>2862.0</ele>
      </trkpt>
      <trkpt lat="42.6158282" lon="82.3884676">
        <ele>2862.0</ele>
      </trkpt>
      <trkpt lat="42.6158579" lon="82.3886124">
        <ele>2865.0</ele>
      </trkpt>
      <trkpt lat="42.6158659" lon="82.3887536">
        <ele>2871.0</ele>
      </trkpt>
      <trkpt lat="42.6158473" lon="82.3888817">
        <ele>2871.0</ele>
      </trkpt>
      <trkpt lat="42.6158455" lon="82.3890102">
        <ele>2871.0</ele>
      </trkpt>
      <trkpt lat="42.6158644" lon="82.3891359">
        <ele>2870.0</ele>
      </trkpt>
      <trkpt lat="42.6159116" lon="82.3892573">
        <ele>2870.0</ele>
      </trkpt>
      <trkpt lat="42.6159654" lon="82.3893705">
        <ele>2876.0</ele>
      </trkpt>
      <trkpt lat="42.6160181" lon="82.3894854">
        <ele>2871.0</ele>
      </trkpt>
      <trkpt lat="42.6160739" lon="82.3896022">
        <ele>2868.0</ele>
      </trkpt>
      <trkpt lat="42.6161191" lon="82.389735">
        <ele>2868.0</ele>
      </trkpt>
      <trkpt lat="42.6161334" lon="82.3897797">
        <ele>2868.0</ele>
      </trkpt>
      <trkpt lat="42.6161809" lon="82.3898601">
        <ele>2868.0</ele>
      </trkpt>
      <trkpt lat="42.6162574" lon="82.3899351">
        <ele>2864.0</ele>
      </trkpt>
      <trkpt lat="42.6163446" lon="82.3900015">
        <ele>2864.0</ele>
      </trkpt>
      <trkpt lat="42.6164148" lon="82.3900362">
        <ele>2864.0</ele>
      </trkpt>
      <trkpt lat="42.6163486" lon="82.3900337">
        <ele>2864.0</ele>
      </trkpt>
      <trkpt lat="42.6163142" lon="82.3900229">
        <ele>2864.0</ele>
      </trkpt>
      <trkpt lat="42.6163644" lon="82.390101">
        <ele>2864.0</ele>
      </trkpt>
      <trkpt lat="42.6164287" lon="82.3901923">
        <ele>2861.0</ele>
      </trkpt>
      <trkpt lat="42.6165099" lon="82.3902627">
        <ele>2861.0</ele>
      </trkpt>
      <trkpt lat="42.6165914" lon="82.3903228">
        <ele>2861.0</ele>
      </trkpt>
      <trkpt lat="42.616682" lon="82.3903712">
        <ele>2861.0</ele>
      </trkpt>
      <trkpt lat="42.6167816" lon="82.3903725">
        <ele>2861.0</ele>
      </trkpt>
      <trkpt lat="42.6168765" lon="82.3903542">
        <ele>2872.0</ele>
      </trkpt>
      <trkpt lat="42.6169592" lon="82.3904006">
        <ele>2872.0</ele>
      </trkpt>
      <trkpt lat="42.6169959" lon="82.3905062">
        <ele>2873.0</ele>
      </trkpt>
      <trkpt lat="42.6169741" lon="82.3906273">
        <ele>2873.0</ele>
      </trkpt>
      <trkpt lat="42.6169756" lon="82.3907595">
        <ele>2871.0</ele>
      </trkpt>
      <trkpt lat="42.6170076" lon="82.3908801">
        <ele>2871.0</ele>
      </trkpt>
      <trkpt lat="42.6170351" lon="82.3910055">
        <ele>2876.0</ele>
      </trkpt>
      <trkpt lat="42.6170089" lon="82.3911311">
        <ele>2876.0</ele>
      </trkpt>
      <trkpt lat="42.6169101" lon="82.3912204">
        <ele>2876.0</ele>
      </trkpt>
      <trkpt lat="42.6168911" lon="82.3913448">
        <ele>2879.0</ele>
      </trkpt>
      <trkpt lat="42.6168514" lon="82.3914586">
        <ele>2879.0</ele>
      </trkpt>
      <trkpt lat="42.6168292" lon="82.3915852">
        <ele>2887.0</ele>
      </trkpt>
      <trkpt lat="42.6167928" lon="82.3917118">
        <ele>2879.0</ele>
      </trkpt>
      <trkpt lat="42.6167181" lon="82.3917962">
        <ele>2879.0</ele>
      </trkpt>
      <trkpt lat="42.6166752" lon="82.3919062">
        <ele>2895.0</ele>
      </trkpt>
      <trkpt lat="42.6167125" lon="82.3920103">
        <ele>2895.0</ele>
      </trkpt>
      <trkpt lat="42.6166816" lon="82.3921169">
        <ele>2912.0</ele>
      </trkpt>
      <trkpt lat="42.6166513" lon="82.3922359">
        <ele>2912.0</ele>
      </trkpt>
      <trkpt lat="42.6166105" lon="82.3923492">
        <ele>2912.0</ele>
      </trkpt>
      <trkpt lat="42.6165696" lon="82.392465">
        <ele>2926.0</ele>
      </trkpt>
      <trkpt lat="42.6165031" lon="82.3925634">
        <ele>2910.0</ele>
      </trkpt>
      <trkpt lat="42.6164617" lon="82.3926779">
        <ele>2922.0</ele>
      </trkpt>
      <trkpt lat="42.6164278" lon="82.3928068">
        <ele>2922.0</ele>
      </trkpt>
      <trkpt lat="42.6163947" lon="82.3929356">
        <ele>2930.0</ele>
      </trkpt>
      <trkpt lat="42.6163536" lon="82.3930706">
        <ele>2930.0</ele>
      </trkpt>
      <trkpt lat="42.6163132" lon="82.3931889">
        <ele>2930.0</ele>
      </trkpt>
      <trkpt lat="42.6162564" lon="82.3932956">
        <ele>2940.0</ele>
      </trkpt>
      <trkpt lat="42.6162365" lon="82.3934122">
        <ele>2929.0</ele>
      </trkpt>
      <trkpt lat="42.6162152" lon="82.3935375">
        <ele>2941.0</ele>
      </trkpt>
      <trkpt lat="42.6161801" lon="82.3936588">
        <ele>2941.0</ele>
      </trkpt>
      <trkpt lat="42.616175" lon="82.3937864">
        <ele>2958.0</ele>
      </trkpt>
      <trkpt lat="42.6161759" lon="82.3939173">
        <ele>2958.0</ele>
      </trkpt>
      <trkpt lat="42.6161794" lon="82.3940426">
        <ele>2975.0</ele>
      </trkpt>
      <trkpt lat="42.6161742" lon="82.3941685">
        <ele>2975.0</ele>
      </trkpt>
      <trkpt lat="42.6161169" lon="82.3942693">
        <ele>2975.0</ele>
      </trkpt>
      <trkpt lat="42.6161479" lon="82.3943975">
        <ele>2986.0</ele>
      </trkpt>
      <trkpt lat="42.6160472" lon="82.3944143">
        <ele>2986.0</ele>
      </trkpt>
      <trkpt lat="42.6159723" lon="82.3944868">
        <ele>2986.0</ele>
      </trkpt>
      <trkpt lat="42.6159014" lon="82.3945781">
        <ele>2985.0</ele>
      </trkpt>
      <trkpt lat="42.6158153" lon="82.3946322">
        <ele>2995.0</ele>
      </trkpt>
      <trkpt lat="42.6158075" lon="82.3947393">
        <ele>2995.0</ele>
      </trkpt>
      <trkpt lat="42.6158369" lon="82.3948596">
        <ele>2995.0</ele>
      </trkpt>
      <trkpt lat="42.6158355" lon="82.3949836">
        <ele>3002.0</ele>
      </trkpt>
      <trkpt lat="42.6158273" lon="82.3951107">
        <ele>3002.0</ele>
      </trkpt>
      <trkpt lat="42.6158525" lon="82.395237">
        <ele>3008.0</ele>
      </trkpt>
      <trkpt lat="42.615902" lon="82.3953553">
        <ele>3008.0</ele>
      </trkpt>
      <trkpt lat="42.6159942" lon="82.3954265">
        <ele>3018.0</ele>
      </trkpt>
      <trkpt lat="42.6160241" lon="82.3955695">
        <ele>3018.0</ele>
      </trkpt>
      <trkpt lat="42.6160988" lon="82.3956616">
        <ele>3018.0</ele>
      </trkpt>
      <trkpt lat="42.6161822" lon="82.3957291">
        <ele>3018.0</ele>
      </trkpt>
      <trkpt lat="42.6162711" lon="82.3957897">
        <ele>3019.0</ele>
      </trkpt>
      <trkpt lat="42.6163659" lon="82.3958135">
        <ele>3019.0</ele>
      </trkpt>
      <trkpt lat="42.6163923" lon="82.3959148">
        <ele>3019.0</ele>
      </trkpt>
      <trkpt lat="42.616373" lon="82.3960375">
        <ele>3026.0</ele>
      </trkpt>
      <trkpt lat="42.6163281" lon="82.396162">
        <ele>3026.0</ele>
      </trkpt>
      <trkpt lat="42.6163032" lon="82.3962928">
        <ele>3031.0</ele>
      </trkpt>
      <trkpt lat="42.6162482" lon="82.3964022">
        <ele>3028.0</ele>
      </trkpt>
      <trkpt lat="42.6162237" lon="82.3965207">
        <ele>3028.0</ele>
      </trkpt>
      <trkpt lat="42.6161963" lon="82.3966384">
        <ele>3038.0</ele>
      </trkpt>
      <trkpt lat="42.6161487" lon="82.3967484">
        <ele>3038.0</ele>
      </trkpt>
      <trkpt lat="42.6160888" lon="82.3968445">
        <ele>3043.0</ele>
      </trkpt>
      <trkpt lat="42.6160293" lon="82.3969383">
        <ele>3043.0</ele>
      </trkpt>
      <trkpt lat="42.6159877" lon="82.3970502">
        <ele>3043.0</ele>
      </trkpt>
      <trkpt lat="42.6159402" lon="82.3971621">
        <ele>3048.0</ele>
      </trkpt>
      <trkpt lat="42.615881" lon="82.3972678">
        <ele>3048.0</ele>
      </trkpt>
      <trkpt lat="42.6158181" lon="82.3973734">
        <ele>3048.0</ele>
      </trkpt>
      <trkpt lat="42.6157617" lon="82.3974903">
        <ele>3048.0</ele>
      </trkpt>
      <trkpt lat="42.6157299" lon="82.3976167">
        <ele>3048.0</ele>
      </trkpt>
      <trkpt lat="42.6157006" lon="82.3977473">
        <ele>3049.0</ele>
      </trkpt>
      <trkpt lat="42.6157041" lon="82.3978836">
        <ele>3049.0</ele>
      </trkpt>
      <trkpt lat="42.6156464" lon="82.397973">
        <ele>3046.0</ele>
      </trkpt>
      <trkpt lat="42.6156738" lon="82.3980739">
        <ele>3046.0</ele>
      </trkpt>
      <trkpt lat="42.6156672" lon="82.3982162">
        <ele>3046.0</ele>
      </trkpt>
      <trkpt lat="42.6156613" lon="82.3983679">
        <ele>3046.0</ele>
      </trkpt>
      <trkpt lat="42.6156624" lon="82.3985079">
        <ele>3045.0</ele>
      </trkpt>
      <trkpt lat="42.615628" lon="82.3986374">
        <ele>3045.0</ele>
      </trkpt>
      <trkpt lat="42.6155806" lon="82.3987595">
        <ele>3042.0</ele>
      </trkpt>
      <trkpt lat="42.615539" lon="82.3988734">
        <ele>3042.0</ele>
      </trkpt>
      <trkpt lat="42.6154713" lon="82.3989788">
        <ele>3042.0</ele>
      </trkpt>
      <trkpt lat="42.6153951" lon="82.3990879">
        <ele>3043.0</ele>
      </trkpt>
      <trkpt lat="42.6153221" lon="82.3991939">
        <ele>3043.0</ele>
      </trkpt>
      <trkpt lat="42.615265" lon="82.3993044">
        <ele>3043.0</ele>
      </trkpt>
      <trkpt lat="42.6152138" lon="82.3994082">
        <ele>3042.0</ele>
      </trkpt>
      <trkpt lat="42.6151683" lon="82.3994773">
        <ele>3042.0</ele>
      </trkpt>
      <trkpt lat="42.6150864" lon="82.3994799">
        <ele>3042.0</ele>
      </trkpt>
      <trkpt lat="42.6150276" lon="82.3995349">
        <ele>3042.0</ele>
      </trkpt>
      <trkpt lat="42.6150663" lon="82.3994172">
        <ele>3042.0</ele>
      </trkpt>
      <trkpt lat="42.6151519" lon="82.3994545">
        <ele>3042.0</ele>
      </trkpt>
      <trkpt lat="42.6151363" lon="82.3994222">
        <ele>3042.0</ele>
      </trkpt>
      <trkpt lat="42.6151254" lon="82.3995499">
        <ele>3042.0</ele>
      </trkpt>
      <trkpt lat="42.6150614" lon="82.3996401">
        <ele>3038.0</ele>
      </trkpt>
      <trkpt lat="42.6150005" lon="82.3997431">
        <ele>3038.0</ele>
      </trkpt>
      <trkpt lat="42.6149679" lon="82.3998678">
        <ele>3033.0</ele>
      </trkpt>
      <trkpt lat="42.6149223" lon="82.399977">
        <ele>3033.0</ele>
      </trkpt>
      <trkpt lat="42.6148387" lon="82.4000403">
        <ele>3029.0</ele>
      </trkpt>
      <trkpt lat="42.6148753" lon="82.4001064">
        <ele>3033.0</ele>
      </trkpt>
      <trkpt lat="42.6149409" lon="82.4001968">
        <ele>3028.0</ele>
      </trkpt>
      <trkpt lat="42.6149554" lon="82.4003149">
        <ele>3028.0</ele>
      </trkpt>
      <trkpt lat="42.614928" lon="82.4004404">
        <ele>3023.0</ele>
      </trkpt>
      <trkpt lat="42.6148994" lon="82.4005799">
        <ele>3023.0</ele>
      </trkpt>
      <trkpt lat="42.6148807" lon="82.4007177">
        <ele>3021.0</ele>
      </trkpt>
      <trkpt lat="42.6148738" lon="82.4008454">
        <ele>3021.0</ele>
      </trkpt>
      <trkpt lat="42.6148701" lon="82.4009763">
        <ele>3022.0</ele>
      </trkpt>
      <trkpt lat="42.6148676" lon="82.4011026">
        <ele>3022.0</ele>
      </trkpt>
      <trkpt lat="42.6148645" lon="82.4012361">
        <ele>3022.0</ele>
      </trkpt>
      <trkpt lat="42.6148573" lon="82.4013619">
        <ele>3025.0</ele>
      </trkpt>
      <trkpt lat="42.614851" lon="82.4015003">
        <ele>3025.0</ele>
      </trkpt>
      <trkpt lat="42.6148578" lon="82.4016533">
        <ele>3028.0</ele>
      </trkpt>
      <trkpt lat="42.614894" lon="82.4017852">
        <ele>3020.0</ele>
      </trkpt>
      <trkpt lat="42.6149323" lon="82.4019049">
        <ele>3021.0</ele>
      </trkpt>
      <trkpt lat="42.6149559" lon="82.4020331">
        <ele>3021.0</ele>
      </trkpt>
      <trkpt lat="42.6149464" lon="82.4021616">
        <ele>3021.0</ele>
      </trkpt>
      <trkpt lat="42.6149123" lon="82.4022795">
        <ele>3021.0</ele>
      </trkpt>
      <trkpt lat="42.6148619" lon="82.4023868">
        <ele>3021.0</ele>
      </trkpt>
      <trkpt lat="42.6148145" lon="82.4024944">
        <ele>3026.0</ele>
      </trkpt>
      <trkpt lat="42.6147647" lon="82.4026089">
        <ele>3026.0</ele>
      </trkpt>
      <trkpt lat="42.6147025" lon="82.4027249">
        <ele>3024.0</ele>
      </trkpt>
      <trkpt lat="42.6146186" lon="82.4028148">
        <ele>3024.0</ele>
      </trkpt>
      <trkpt lat="42.6145818" lon="82.4028423">
        <ele>3024.0</ele>
      </trkpt>
      <trkpt lat="42.6145403" lon="82.4029265">
        <ele>3024.0</ele>
      </trkpt>
      <trkpt lat="42.614495" lon="82.4030379">
        <ele>3024.0</ele>
      </trkpt>
      <trkpt lat="42.6144616" lon="82.4031616">
        <ele>3024.0</ele>
      </trkpt>
      <trkpt lat="42.6144245" lon="82.4032814">
        <ele>3025.0</ele>
      </trkpt>
      <trkpt lat="42.6143523" lon="82.4033702">
        <ele>3025.0</ele>
      </trkpt>
      <trkpt lat="42.614279" lon="82.4034688">
        <ele>3025.0</ele>
      </trkpt>
      <trkpt lat="42.6142111" lon="82.4035735">
        <ele>3026.0</ele>
      </trkpt>
      <trkpt lat="42.6141419" lon="82.4036711">
        <ele>3026.0</ele>
      </trkpt>
      <trkpt lat="42.6140878" lon="82.4037844">
        <ele>3029.0</ele>
      </trkpt>
      <trkpt lat="42.6140176" lon="82.4038827">
        <ele>3026.0</ele>
      </trkpt>
      <trkpt lat="42.6139346" lon="82.4039577">
        <ele>3026.0</ele>
      </trkpt>
      <trkpt lat="42.6138617" lon="82.4040439">
        <ele>3028.0</ele>
      </trkpt>
      <trkpt lat="42.6137738" lon="82.4041193">
        <ele>3028.0</ele>
      </trkpt>
      <trkpt lat="42.6136812" lon="82.4041746">
        <ele>3026.0</ele>
      </trkpt>
      <trkpt lat="42.6135888" lon="82.4042374">
        <ele>3026.0</ele>
      </trkpt>
      <trkpt lat="42.6135046" lon="82.4042988">
        <ele>3026.0</ele>
      </trkpt>
      <trkpt lat="42.6134173" lon="82.4043701">
        <ele>3027.0</ele>
      </trkpt>
      <trkpt lat="42.6133337" lon="82.404433">
        <ele>3027.0</ele>
      </trkpt>
      <trkpt lat="42.6132531" lon="82.4045091">
        <ele>3027.0</ele>
      </trkpt>
      <trkpt lat="42.6131693" lon="82.4045988">
        <ele>3022.0</ele>
      </trkpt>
      <trkpt lat="42.6130831" lon="82.4046655">
        <ele>3022.0</ele>
      </trkpt>
      <trkpt lat="42.6129846" lon="82.404731">
        <ele>3022.0</ele>
      </trkpt>
      <trkpt lat="42.6129051" lon="82.4047769">
        <ele>3017.0</ele>
      </trkpt>
      <trkpt lat="42.6128057" lon="82.404806">
        <ele>3017.0</ele>
      </trkpt>
      <trkpt lat="42.6127156" lon="82.4048567">
        <ele>3017.0</ele>
      </trkpt>
      <trkpt lat="42.6126309" lon="82.404906">
        <ele>3021.0</ele>
      </trkpt>
      <trkpt lat="42.612543" lon="82.4049264">
        <ele>3021.0</ele>
      </trkpt>
      <trkpt lat="42.612459" lon="82.4049661">
        <ele>3021.0</ele>
      </trkpt>
      <trkpt lat="42.6123686" lon="82.4049924">
        <ele>3021.0</ele>
      </trkpt>
      <trkpt lat="42.6122823" lon="82.4050431">
        <ele>3024.0</ele>
      </trkpt>
      <trkpt lat="42.6121909" lon="82.4050886">
        <ele>3024.0</ele>
      </trkpt>
      <trkpt lat="42.6120897" lon="82.4051217">
        <ele>3024.0</ele>
      </trkpt>
      <trkpt lat="42.6119987" lon="82.4051594">
        <ele>3025.0</ele>
      </trkpt>
      <trkpt lat="42.6119097" lon="82.4051953">
        <ele>3025.0</ele>
      </trkpt>
      <trkpt lat="42.6118358" lon="82.4052851">
        <ele>3025.0</ele>
      </trkpt>
      <trkpt lat="42.6117654" lon="82.4053791">
        <ele>3022.0</ele>
      </trkpt>
      <trkpt lat="42.6116791" lon="82.4054343">
        <ele>3030.0</ele>
      </trkpt>
      <trkpt lat="42.611584" lon="82.4054066">
        <ele>3022.0</ele>
      </trkpt>
      <trkpt lat="42.6114918" lon="82.4054126">
        <ele>3021.0</ele>
      </trkpt>
      <trkpt lat="42.6114275" lon="82.4054861">
        <ele>3024.0</ele>
      </trkpt>
      <trkpt lat="42.6113459" lon="82.4055269">
        <ele>3024.0</ele>
      </trkpt>
      <trkpt lat="42.611247" lon="82.4055381">
        <ele>3019.0</ele>
      </trkpt>
      <trkpt lat="42.611143" lon="82.4055362">
        <ele>3019.0</ele>
      </trkpt>
      <trkpt lat="42.6110405" lon="82.4055503">
        <ele>3019.0</ele>
      </trkpt>
      <trkpt lat="42.6109369" lon="82.4055775">
        <ele>3012.0</ele>
      </trkpt>
      <trkpt lat="42.610848" lon="82.40562">
        <ele>3012.0</ele>
      </trkpt>
      <trkpt lat="42.6107564" lon="82.4056807">
        <ele>3012.0</ele>
      </trkpt>
      <trkpt lat="42.6106723" lon="82.4057499">
        <ele>3010.0</ele>
      </trkpt>
      <trkpt lat="42.6105877" lon="82.4058145">
        <ele>3010.0</ele>
      </trkpt>
      <trkpt lat="42.6104968" lon="82.4058307">
        <ele>3010.0</ele>
      </trkpt>
      <trkpt lat="42.6104082" lon="82.4058599">
        <ele>3006.0</ele>
      </trkpt>
      <trkpt lat="42.6103138" lon="82.4058528">
        <ele>3006.0</ele>
      </trkpt>
      <trkpt lat="42.6102222" lon="82.4058473">
        <ele>3006.0</ele>
      </trkpt>
      <trkpt lat="42.6101241" lon="82.4058478">
        <ele>3010.0</ele>
      </trkpt>
      <trkpt lat="42.6100214" lon="82.4058537">
        <ele>3010.0</ele>
      </trkpt>
      <trkpt lat="42.6099215" lon="82.4058801">
        <ele>3010.0</ele>
      </trkpt>
      <trkpt lat="42.6098313" lon="82.4058987">
        <ele>3009.0</ele>
      </trkpt>
      <trkpt lat="42.6097279" lon="82.4059039">
        <ele>3009.0</ele>
      </trkpt>
      <trkpt lat="42.6096361" lon="82.4058982">
        <ele>3009.0</ele>
      </trkpt>
      <trkpt lat="42.6095435" lon="82.4059133">
        <ele>3011.0</ele>
      </trkpt>
      <trkpt lat="42.6094478" lon="82.4059471">
        <ele>3011.0</ele>
      </trkpt>
      <trkpt lat="42.6093539" lon="82.4059786">
        <ele>3018.0</ele>
      </trkpt>
      <trkpt lat="42.6092527" lon="82.4059986">
        <ele>3016.0</ele>
      </trkpt>
      <trkpt lat="42.609151" lon="82.4060275">
        <ele>3016.0</ele>
      </trkpt>
      <trkpt lat="42.6090585" lon="82.4060564">
        <ele>3016.0</ele>
      </trkpt>
      <trkpt lat="42.608963" lon="82.4060897">
        <ele>3017.0</ele>
      </trkpt>
      <trkpt lat="42.6088688" lon="82.4060995">
        <ele>3017.0</ele>
      </trkpt>
      <trkpt lat="42.6087753" lon="82.4061118">
        <ele>3017.0</ele>
      </trkpt>
      <trkpt lat="42.6086824" lon="82.4061417">
        <ele>3020.0</ele>
      </trkpt>
      <trkpt lat="42.6085934" lon="82.406118">
        <ele>3020.0</ele>
      </trkpt>
      <trkpt lat="42.6085027" lon="82.4060594">
        <ele>3020.0</ele>
      </trkpt>
      <trkpt lat="42.6084085" lon="82.4060291">
        <ele>3021.0</ele>
      </trkpt>
      <trkpt lat="42.6083071" lon="82.4060286">
        <ele>3021.0</ele>
      </trkpt>
      <trkpt lat="42.6082075" lon="82.4060144">
        <ele>3021.0</ele>
      </trkpt>
      <trkpt lat="42.6081156" lon="82.4059787">
        <ele>3022.0</ele>
      </trkpt>
      <trkpt lat="42.608025" lon="82.4059798">
        <ele>3022.0</ele>
      </trkpt>
      <trkpt lat="42.6079323" lon="82.4060108">
        <ele>3022.0</ele>
      </trkpt>
      <trkpt lat="42.6078426" lon="82.4060078">
        <ele>3022.0</ele>
      </trkpt>
      <trkpt lat="42.6077501" lon="82.4060243">
        <ele>3022.0</ele>
      </trkpt>
      <trkpt lat="42.6076576" lon="82.4060629">
        <ele>3022.0</ele>
      </trkpt>
      <trkpt lat="42.6075607" lon="82.4061076">
        <ele>3025.0</ele>
      </trkpt>
      <trkpt lat="42.6074655" lon="82.4061429">
        <ele>3025.0</ele>
      </trkpt>
      <trkpt lat="42.6073745" lon="82.4061744">
        <ele>3025.0</ele>
      </trkpt>
      <trkpt lat="42.6072959" lon="82.4062337">
        <ele>3027.0</ele>
      </trkpt>
      <trkpt lat="42.6072041" lon="82.4062946">
        <ele>3023.0</ele>
      </trkpt>
      <trkpt lat="42.6071087" lon="82.406336">
        <ele>3023.0</ele>
      </trkpt>
      <trkpt lat="42.6070168" lon="82.4063512">
        <ele>3027.0</ele>
      </trkpt>
      <trkpt lat="42.6069376" lon="82.406403">
        <ele>3027.0</ele>
      </trkpt>
      <trkpt lat="42.6068491" lon="82.406447">
        <ele>3027.0</ele>
      </trkpt>
      <trkpt lat="42.606746" lon="82.406482">
        <ele>3033.0</ele>
      </trkpt>
      <trkpt lat="42.6066502" lon="82.4064954">
        <ele>3033.0</ele>
      </trkpt>
      <trkpt lat="42.6065538" lon="82.4065151">
        <ele>3033.0</ele>
      </trkpt>
      <trkpt lat="42.6064536" lon="82.4065345">
        <ele>3036.0</ele>
      </trkpt>
      <trkpt lat="42.606359" lon="82.4065674">
        <ele>3036.0</ele>
      </trkpt>
      <trkpt lat="42.6062675" lon="82.4065857">
        <ele>3036.0</ele>
      </trkpt>
      <trkpt lat="42.6061713" lon="82.4066084">
        <ele>3041.0</ele>
      </trkpt>
      <trkpt lat="42.6060792" lon="82.4066267">
        <ele>3041.0</ele>
      </trkpt>
      <trkpt lat="42.6059863" lon="82.4066454">
        <ele>3041.0</ele>
      </trkpt>
      <trkpt lat="42.6058875" lon="82.4066664">
        <ele>3050.0</ele>
      </trkpt>
      <trkpt lat="42.6057931" lon="82.4066643">
        <ele>3050.0</ele>
      </trkpt>
      <trkpt lat="42.6057015" lon="82.406674">
        <ele>3050.0</ele>
      </trkpt>
      <trkpt lat="42.6056038" lon="82.4066988">
        <ele>3053.0</ele>
      </trkpt>
      <trkpt lat="42.6055135" lon="82.4067561">
        <ele>3053.0</ele>
      </trkpt>
      <trkpt lat="42.6054238" lon="82.4067778">
        <ele>3053.0</ele>
      </trkpt>
      <trkpt lat="42.6053329" lon="82.4067681">
        <ele>3054.0</ele>
      </trkpt>
      <trkpt lat="42.6052398" lon="82.4067693">
        <ele>3054.0</ele>
      </trkpt>
      <trkpt lat="42.605136" lon="82.4067872">
        <ele>3055.0</ele>
      </trkpt>
      <trkpt lat="42.6050395" lon="82.4068074">
        <ele>3054.0</ele>
      </trkpt>
      <trkpt lat="42.6049444" lon="82.406811">
        <ele>3054.0</ele>
      </trkpt>
      <trkpt lat="42.604852" lon="82.4068203">
        <ele>3055.0</ele>
      </trkpt>
      <trkpt lat="42.6047588" lon="82.4068324">
        <ele>3055.0</ele>
      </trkpt>
      <trkpt lat="42.6046609" lon="82.4068513">
        <ele>3055.0</ele>
      </trkpt>
      <trkpt lat="42.6045621" lon="82.4068611">
        <ele>3054.0</ele>
      </trkpt>
      <trkpt lat="42.6044678" lon="82.4068642">
        <ele>3054.0</ele>
      </trkpt>
      <trkpt lat="42.6043688" lon="82.4068838">
        <ele>3054.0</ele>
      </trkpt>
      <trkpt lat="42.6042758" lon="82.4068829">
        <ele>3052.0</ele>
      </trkpt>
      <trkpt lat="42.6041782" lon="82.4068836">
        <ele>3052.0</ele>
      </trkpt>
      <trkpt lat="42.604081" lon="82.4068616">
        <ele>3052.0</ele>
      </trkpt>
      <trkpt lat="42.6039851" lon="82.4068188">
        <ele>3051.0</ele>
      </trkpt>
      <trkpt lat="42.6038899" lon="82.4068123">
        <ele>3051.0</ele>
      </trkpt>
      <trkpt lat="42.6037924" lon="82.4067966">
        <ele>3054.0</ele>
      </trkpt>
      <trkpt lat="42.6036961" lon="82.4067857">
        <ele>3057.0</ele>
      </trkpt>
      <trkpt lat="42.6036027" lon="82.4067869">
        <ele>3057.0</ele>
      </trkpt>
      <trkpt lat="42.6035045" lon="82.4067967">
        <ele>3057.0</ele>
      </trkpt>
      <trkpt lat="42.6034077" lon="82.4068362">
        <ele>3058.0</ele>
      </trkpt>
      <trkpt lat="42.6032977" lon="82.4067847">
        <ele>3061.0</ele>
      </trkpt>
      <trkpt lat="42.603185" lon="82.4067389">
        <ele>3067.0</ele>
      </trkpt>
      <trkpt lat="42.6030913" lon="82.4066981">
        <ele>3067.0</ele>
      </trkpt>
      <trkpt lat="42.6029921" lon="82.4066454">
        <ele>3067.0</ele>
      </trkpt>
      <trkpt lat="42.6028935" lon="82.4066154">
        <ele>3071.0</ele>
      </trkpt>
      <trkpt lat="42.6027943" lon="82.4066233">
        <ele>3071.0</ele>
      </trkpt>
      <trkpt lat="42.6027" lon="82.4066487">
        <ele>3071.0</ele>
      </trkpt>
      <trkpt lat="42.6026783" lon="82.406655">
        <ele>3071.0</ele>
      </trkpt>
      <trkpt lat="42.602607" lon="82.4066773">
        <ele>3067.0</ele>
      </trkpt>
      <trkpt lat="42.6025206" lon="82.4067066">
        <ele>3067.0</ele>
      </trkpt>
      <trkpt lat="42.6024258" lon="82.4067442">
        <ele>3067.0</ele>
      </trkpt>
      <trkpt lat="42.6023294" lon="82.4067734">
        <ele>3067.0</ele>
      </trkpt>
      <trkpt lat="42.6022351" lon="82.4067646">
        <ele>3067.0</ele>
      </trkpt>
      <trkpt lat="42.6021394" lon="82.4067528">
        <ele>3067.0</ele>
      </trkpt>
      <trkpt lat="42.6020413" lon="82.4067586">
        <ele>3066.0</ele>
      </trkpt>
      <trkpt lat="42.6019494" lon="82.4067824">
        <ele>3066.0</ele>
      </trkpt>
      <trkpt lat="42.6018507" lon="82.4068078">
        <ele>3062.0</ele>
      </trkpt>
      <trkpt lat="42.6017557" lon="82.4068278">
        <ele>3065.0</ele>
      </trkpt>
      <trkpt lat="42.6016598" lon="82.4068655">
        <ele>3065.0</ele>
      </trkpt>
      <trkpt lat="42.6015673" lon="82.4069017">
        <ele>3065.0</ele>
      </trkpt>
      <trkpt lat="42.6014814" lon="82.4069439">
        <ele>3070.0</ele>
      </trkpt>
      <trkpt lat="42.6013888" lon="82.4069785">
        <ele>3070.0</ele>
      </trkpt>
      <trkpt lat="42.601295" lon="82.4070086">
        <ele>3070.0</ele>
      </trkpt>
      <trkpt lat="42.6011916" lon="82.4070331">
        <ele>3078.0</ele>
      </trkpt>
      <trkpt lat="42.6010924" lon="82.407046">
        <ele>3078.0</ele>
      </trkpt>
      <trkpt lat="42.6009934" lon="82.4070394">
        <ele>3078.0</ele>
      </trkpt>
      <trkpt lat="42.6008888" lon="82.4069841">
        <ele>3082.0</ele>
      </trkpt>
      <trkpt lat="42.6007981" lon="82.4069145">
        <ele>3082.0</ele>
      </trkpt>
      <trkpt lat="42.6007302" lon="82.406812">
        <ele>3082.0</ele>
      </trkpt>
      <trkpt lat="42.6006646" lon="82.4067029">
        <ele>3082.0</ele>
      </trkpt>
      <trkpt lat="42.6005972" lon="82.4065918">
        <ele>3082.0</ele>
      </trkpt>
      <trkpt lat="42.6005273" lon="82.4064904">
        <ele>3085.0</ele>
      </trkpt>
      <trkpt lat="42.600452" lon="82.4063765">
        <ele>3085.0</ele>
      </trkpt>
      <trkpt lat="42.6003717" lon="82.4062709">
        <ele>3086.0</ele>
      </trkpt>
      <trkpt lat="42.6002852" lon="82.4061899">
        <ele>3089.0</ele>
      </trkpt>
      <trkpt lat="42.6002026" lon="82.406114">
        <ele>3089.0</ele>
      </trkpt>
      <trkpt lat="42.6001301" lon="82.4060233">
        <ele>3093.0</ele>
      </trkpt>
      <trkpt lat="42.6000529" lon="82.4059566">
        <ele>3088.0</ele>
      </trkpt>
      <trkpt lat="42.5999702" lon="82.4059075">
        <ele>3088.0</ele>
      </trkpt>
      <trkpt lat="42.5998841" lon="82.4058592">
        <ele>3088.0</ele>
      </trkpt>
      <trkpt lat="42.5997995" lon="82.4058051">
        <ele>3090.0</ele>
      </trkpt>
      <trkpt lat="42.5997091" lon="82.4057536">
        <ele>3090.0</ele>
      </trkpt>
      <trkpt lat="42.5996373" lon="82.4057151">
        <ele>3090.0</ele>
      </trkpt>
      <trkpt lat="42.5995485" lon="82.4056737">
        <ele>3079.0</ele>
      </trkpt>
      <trkpt lat="42.5995113" lon="82.4056624">
        <ele>3079.0</ele>
      </trkpt>
      <trkpt lat="42.5994312" lon="82.4056227">
        <ele>3079.0</ele>
      </trkpt>
      <trkpt lat="42.5993267" lon="82.4055782">
        <ele>3079.0</ele>
      </trkpt>
      <trkpt lat="42.5992322" lon="82.4055163">
        <ele>3071.0</ele>
      </trkpt>
      <trkpt lat="42.5991395" lon="82.4054749">
        <ele>3071.0</ele>
      </trkpt>
      <trkpt lat="42.5990383" lon="82.4054332">
        <ele>3071.0</ele>
      </trkpt>
      <trkpt lat="42.5989379" lon="82.4053953">
        <ele>3071.0</ele>
      </trkpt>
      <trkpt lat="42.5988408" lon="82.4053636">
        <ele>3071.0</ele>
      </trkpt>
      <trkpt lat="42.5987535" lon="82.4053143">
        <ele>3071.0</ele>
      </trkpt>
      <trkpt lat="42.5986615" lon="82.4052559">
        <ele>3070.0</ele>
      </trkpt>
      <trkpt lat="42.598581" lon="82.405187">
        <ele>3070.0</ele>
      </trkpt>
      <trkpt lat="42.5984992" lon="82.4051338">
        <ele>3071.0</ele>
      </trkpt>
      <trkpt lat="42.5984155" lon="82.4050901">
        <ele>3074.0</ele>
      </trkpt>
      <trkpt lat="42.5983526" lon="82.4050721">
        <ele>3074.0</ele>
      </trkpt>
      <trkpt lat="42.5982495" lon="82.405072">
        <ele>3074.0</ele>
      </trkpt>
      <trkpt lat="42.5981553" lon="82.4050574">
        <ele>3076.0</ele>
      </trkpt>
      <trkpt lat="42.598059" lon="82.4050331">
        <ele>3076.0</ele>
      </trkpt>
      <trkpt lat="42.5979655" lon="82.4049989">
        <ele>3076.0</ele>
      </trkpt>
      <trkpt lat="42.5978724" lon="82.4049797">
        <ele>3078.0</ele>
      </trkpt>
      <trkpt lat="42.5977824" lon="82.4049622">
        <ele>3078.0</ele>
      </trkpt>
      <trkpt lat="42.5976939" lon="82.4049357">
        <ele>3078.0</ele>
      </trkpt>
      <trkpt lat="42.5975936" lon="82.4049425">
        <ele>3071.0</ele>
      </trkpt>
      <trkpt lat="42.5975005" lon="82.4049065">
        <ele>3071.0</ele>
      </trkpt>
      <trkpt lat="42.5974006" lon="82.4048757">
        <ele>3071.0</ele>
      </trkpt>
      <trkpt lat="42.5972976" lon="82.4048618">
        <ele>3065.0</ele>
      </trkpt>
      <trkpt lat="42.5971977" lon="82.4048612">
        <ele>3065.0</ele>
      </trkpt>
      <trkpt lat="42.5971076" lon="82.404909">
        <ele>3065.0</ele>
      </trkpt>
      <trkpt lat="42.5970155" lon="82.4049394">
        <ele>3063.0</ele>
      </trkpt>
      <trkpt lat="42.5969248" lon="82.4049521">
        <ele>3063.0</ele>
      </trkpt>
      <trkpt lat="42.5968325" lon="82.404939">
        <ele>3063.0</ele>
      </trkpt>
      <trkpt lat="42.5967386" lon="82.4049371">
        <ele>3064.0</ele>
      </trkpt>
      <trkpt lat="42.5966624" lon="82.4049353">
        <ele>3064.0</ele>
      </trkpt>
      <trkpt lat="42.5965743" lon="82.4049288">
        <ele>3064.0</ele>
      </trkpt>
      <trkpt lat="42.5964699" lon="82.4049114">
        <ele>3067.0</ele>
      </trkpt>
      <trkpt lat="42.5963695" lon="82.4049092">
        <ele>3067.0</ele>
      </trkpt>
      <trkpt lat="42.5962766" lon="82.4048851">
        <ele>3067.0</ele>
      </trkpt>
      <trkpt lat="42.5961841" lon="82.4048695">
        <ele>3069.0</ele>
      </trkpt>
      <trkpt lat="42.596082" lon="82.4048334">
        <ele>3075.0</ele>
      </trkpt>
      <trkpt lat="42.5959864" lon="82.4048126">
        <ele>3075.0</ele>
      </trkpt>
      <trkpt lat="42.5958901" lon="82.4047845">
        <ele>3066.0</ele>
      </trkpt>
      <trkpt lat="42.5957883" lon="82.4047835">
        <ele>3066.0</ele>
      </trkpt>
      <trkpt lat="42.5957249" lon="82.4047835">
        <ele>3066.0</ele>
      </trkpt>
      <trkpt lat="42.5956347" lon="82.4047813">
        <ele>3064.0</ele>
      </trkpt>
      <trkpt lat="42.595541" lon="82.4047656">
        <ele>3064.0</ele>
      </trkpt>
      <trkpt lat="42.5954485" lon="82.4047105">
        <ele>3064.0</ele>
      </trkpt>
      <trkpt lat="42.5953625" lon="82.4046475">
        <ele>3066.0</ele>
      </trkpt>
      <trkpt lat="42.5952921" lon="82.4045527">
        <ele>3065.0</ele>
      </trkpt>
      <trkpt lat="42.5952048" lon="82.4045206">
        <ele>3065.0</ele>
      </trkpt>
      <trkpt lat="42.5951791" lon="82.4043969">
        <ele>3065.0</ele>
      </trkpt>
      <trkpt lat="42.5951097" lon="82.4043059">
        <ele>3068.0</ele>
      </trkpt>
      <trkpt lat="42.5950363" lon="82.4042032">
        <ele>3070.0</ele>
      </trkpt>
      <trkpt lat="42.5949658" lon="82.404105">
        <ele>3070.0</ele>
      </trkpt>
      <trkpt lat="42.5948858" lon="82.404014">
        <ele>3072.0</ele>
      </trkpt>
      <trkpt lat="42.5948384" lon="82.4039051">
        <ele>3068.0</ele>
      </trkpt>
      <trkpt lat="42.594781" lon="82.4038012">
        <ele>3068.0</ele>
      </trkpt>
      <trkpt lat="42.5947257" lon="82.4036926">
        <ele>3068.0</ele>
      </trkpt>
      <trkpt lat="42.5946819" lon="82.4035754">
        <ele>3068.0</ele>
      </trkpt>
      <trkpt lat="42.5946425" lon="82.4034607">
        <ele>3068.0</ele>
      </trkpt>
      <trkpt lat="42.5946016" lon="82.4033356">
        <ele>3068.0</ele>
      </trkpt>
      <trkpt lat="42.5945604" lon="82.4032089">
        <ele>3065.0</ele>
      </trkpt>
      <trkpt lat="42.594528" lon="82.4030781">
        <ele>3066.0</ele>
      </trkpt>
      <trkpt lat="42.5944981" lon="82.4029453">
        <ele>3066.0</ele>
      </trkpt>
      <trkpt lat="42.5944841" lon="82.4028049">
        <ele>3067.0</ele>
      </trkpt>
      <trkpt lat="42.5944608" lon="82.4026816">
        <ele>3067.0</ele>
      </trkpt>
      <trkpt lat="42.5944217" lon="82.4025678">
        <ele>3070.0</ele>
      </trkpt>
      <trkpt lat="42.5943953" lon="82.4024512">
        <ele>3070.0</ele>
      </trkpt>
      <trkpt lat="42.5943566" lon="82.4023253">
        <ele>3069.0</ele>
      </trkpt>
      <trkpt lat="42.5943054" lon="82.4022044">
        <ele>3060.0</ele>
      </trkpt>
      <trkpt lat="42.594241" lon="82.4021132">
        <ele>3060.0</ele>
      </trkpt>
      <trkpt lat="42.5941744" lon="82.4020258">
        <ele>3064.0</ele>
      </trkpt>
      <trkpt lat="42.5941025" lon="82.4019324">
        <ele>3064.0</ele>
      </trkpt>
      <trkpt lat="42.5940299" lon="82.4018235">
        <ele>3064.0</ele>
      </trkpt>
      <trkpt lat="42.5939663" lon="82.4017185">
        <ele>3058.0</ele>
      </trkpt>
      <trkpt lat="42.5939137" lon="82.4016119">
        <ele>3058.0</ele>
      </trkpt>
      <trkpt lat="42.5939493" lon="82.4014866">
        <ele>3053.0</ele>
      </trkpt>
      <trkpt lat="42.5939046" lon="82.4013776">
        <ele>3053.0</ele>
      </trkpt>
      <trkpt lat="42.5938658" lon="82.4012534">
        <ele>3053.0</ele>
      </trkpt>
      <trkpt lat="42.5938439" lon="82.4011146">
        <ele>3048.0</ele>
      </trkpt>
      <trkpt lat="42.5938693" lon="82.4009782">
        <ele>3048.0</ele>
      </trkpt>
      <trkpt lat="42.5939022" lon="82.4008475">
        <ele>3047.0</ele>
      </trkpt>
      <trkpt lat="42.5939228" lon="82.4007126">
        <ele>3047.0</ele>
      </trkpt>
      <trkpt lat="42.5939343" lon="82.4006542">
        <ele>3046.0</ele>
      </trkpt>
      <trkpt lat="42.5938273" lon="82.4006418">
        <ele>3046.0</ele>
      </trkpt>
      <trkpt lat="42.5937334" lon="82.4005987">
        <ele>3040.0</ele>
      </trkpt>
      <trkpt lat="42.5937048" lon="82.4004798">
        <ele>3040.0</ele>
      </trkpt>
      <trkpt lat="42.5936743" lon="82.4003546">
        <ele>3037.0</ele>
      </trkpt>
      <trkpt lat="42.5936581" lon="82.400224">
        <ele>3037.0</ele>
      </trkpt>
      <trkpt lat="42.5936574" lon="82.4000905">
        <ele>3028.0</ele>
      </trkpt>
      <trkpt lat="42.5936171" lon="82.3999815">
        <ele>3028.0</ele>
      </trkpt>
      <trkpt lat="42.5936904" lon="82.4000695">
        <ele>3028.0</ele>
      </trkpt>
      <trkpt lat="42.5936631" lon="82.4001896">
        <ele>3037.0</ele>
      </trkpt>
      <trkpt lat="42.5936374" lon="82.4002593">
        <ele>3037.0</ele>
      </trkpt>
      <trkpt lat="42.5936767" lon="82.4003511">
        <ele>3037.0</ele>
      </trkpt>
      <trkpt lat="42.5937535" lon="82.4004241">
        <ele>3046.0</ele>
      </trkpt>
      <trkpt lat="42.593846" lon="82.4004909">
        <ele>3046.0</ele>
      </trkpt>
      <trkpt lat="42.5939306" lon="82.4005744">
        <ele>3046.0</ele>
      </trkpt>
      <trkpt lat="42.5939809" lon="82.400688">
        <ele>3046.0</ele>
      </trkpt>
      <trkpt lat="42.593971" lon="82.4007307">
        <ele>3047.0</ele>
      </trkpt>
      <trkpt lat="42.5938849" lon="82.4007587">
        <ele>3047.0</ele>
      </trkpt>
      <trkpt lat="42.5937862" lon="82.4007901">
        <ele>3047.0</ele>
      </trkpt>
      <trkpt lat="42.5936772" lon="82.40082">
        <ele>3043.0</ele>
      </trkpt>
      <trkpt lat="42.5935989" lon="82.4008941">
        <ele>3043.0</ele>
      </trkpt>
      <trkpt lat="42.5935249" lon="82.400976">
        <ele>3047.0</ele>
      </trkpt>
      <trkpt lat="42.5934405" lon="82.4010314">
        <ele>3044.0</ele>
      </trkpt>
      <trkpt lat="42.5933644" lon="82.400983">
        <ele>3044.0</ele>
      </trkpt>
      <trkpt lat="42.5932658" lon="82.4009776">
        <ele>3044.0</ele>
      </trkpt>
      <trkpt lat="42.5931734" lon="82.4010106">
        <ele>3043.0</ele>
      </trkpt>
      <trkpt lat="42.5930827" lon="82.4010606">
        <ele>3043.0</ele>
      </trkpt>
      <trkpt lat="42.5929954" lon="82.4011294">
        <ele>3043.0</ele>
      </trkpt>
      <trkpt lat="42.5929068" lon="82.4011134">
        <ele>3035.0</ele>
      </trkpt>
      <trkpt lat="42.5928118" lon="82.4010871">
        <ele>3035.0</ele>
      </trkpt>
      <trkpt lat="42.5927247" lon="82.4010285">
        <ele>3035.0</ele>
      </trkpt>
      <trkpt lat="42.5926451" lon="82.4010577">
        <ele>3035.0</ele>
      </trkpt>
      <trkpt lat="42.5926108" lon="82.4011677">
        <ele>3018.0</ele>
      </trkpt>
      <trkpt lat="42.5926245" lon="82.4012241">
        <ele>3018.0</ele>
      </trkpt>
      <trkpt lat="42.5927275" lon="82.4012962">
        <ele>3042.0</ele>
      </trkpt>
      <trkpt lat="42.592638" lon="82.401379">
        <ele>3029.0</ele>
      </trkpt>
      <trkpt lat="42.5925464" lon="82.4013753">
        <ele>3029.0</ele>
      </trkpt>
      <trkpt lat="42.5924747" lon="82.4014464">
        <ele>3029.0</ele>
      </trkpt>
      <trkpt lat="42.5925226" lon="82.4013804">
        <ele>3029.0</ele>
      </trkpt>
      <trkpt lat="42.592549" lon="82.4012586">
        <ele>3029.0</ele>
      </trkpt>
      <trkpt lat="42.5926359" lon="82.4012353">
        <ele>3018.0</ele>
      </trkpt>
      <trkpt lat="42.5927044" lon="82.4013112">
        <ele>3042.0</ele>
      </trkpt>
      <trkpt lat="42.5926978" lon="82.4012261">
        <ele>3035.0</ele>
      </trkpt>
      <trkpt lat="42.5926817" lon="82.4013521">
        <ele>3042.0</ele>
      </trkpt>
      <trkpt lat="42.5927386" lon="82.4012554">
        <ele>3042.0</ele>
      </trkpt>
      <trkpt lat="42.5928255" lon="82.4011739">
        <ele>3035.0</ele>
      </trkpt>
      <trkpt lat="42.5929151" lon="82.4011543">
        <ele>3035.0</ele>
      </trkpt>
      <trkpt lat="42.5929151" lon="82.4011543">
        <ele>3035.0</ele>
      </trkpt>
      <trkpt lat="42.5937062" lon="82.3998389">
        <ele>3017.0</ele>
      </trkpt>
      <trkpt lat="42.5937062" lon="82.3998389">
        <ele>3017.0</ele>
      </trkpt>
      <trkpt lat="42.5936757" lon="82.399812">
        <ele>3017.0</ele>
      </trkpt>
      <trkpt lat="42.5936646" lon="82.3997899">
        <ele>3017.0</ele>
      </trkpt>
      <trkpt lat="42.593702" lon="82.3997029">
        <ele>3017.0</ele>
      </trkpt>
      <trkpt lat="42.5937519" lon="82.3995904">
        <ele>3032.0</ele>
      </trkpt>
      <trkpt lat="42.5937996" lon="82.3994582">
        <ele>3023.0</ele>
      </trkpt>
      <trkpt lat="42.5938149" lon="82.3993226">
        <ele>3023.0</ele>
      </trkpt>
      <trkpt lat="42.5939032" lon="82.3993238">
        <ele>3023.0</ele>
      </trkpt>
      <trkpt lat="42.5938946" lon="82.3993456">
        <ele>3023.0</ele>
      </trkpt>
      <trkpt lat="42.5939692" lon="82.3992799">
        <ele>3011.0</ele>
      </trkpt>
      <trkpt lat="42.5940736" lon="82.3992354">
        <ele>3028.0</ele>
      </trkpt>
      <trkpt lat="42.5941279" lon="82.3992384">
        <ele>3028.0</ele>
      </trkpt>
      <trkpt lat="42.5940674" lon="82.3992734">
        <ele>3028.0</ele>
      </trkpt>
      <trkpt lat="42.5940118" lon="82.399303">
        <ele>3011.0</ele>
      </trkpt>
      <trkpt lat="42.5940934" lon="82.3992741">
        <ele>3028.0</ele>
      </trkpt>
      <trkpt lat="42.5941291" lon="82.3991477">
        <ele>3028.0</ele>
      </trkpt>
      <trkpt lat="42.5941967" lon="82.399057">
        <ele>3028.0</ele>
      </trkpt>
      <trkpt lat="42.5942379" lon="82.3989297">
        <ele>3020.0</ele>
      </trkpt>
      <trkpt lat="42.5942779" lon="82.3987985">
        <ele>3020.0</ele>
      </trkpt>
      <trkpt lat="42.5943068" lon="82.3986753">
        <ele>3037.0</ele>
      </trkpt>
      <trkpt lat="42.5943309" lon="82.398541">
        <ele>3037.0</ele>
      </trkpt>
      <trkpt lat="42.5943629" lon="82.3984122">
        <ele>3028.0</ele>
      </trkpt>
      <trkpt lat="42.5944165" lon="82.3983058">
        <ele>3028.0</ele>
      </trkpt>
      <trkpt lat="42.5944664" lon="82.3981875">
        <ele>3026.0</ele>
      </trkpt>
      <trkpt lat="42.5945052" lon="82.3980665">
        <ele>3026.0</ele>
      </trkpt>
      <trkpt lat="42.5945147" lon="82.397944">
        <ele>3026.0</ele>
      </trkpt>
      <trkpt lat="42.5945494" lon="82.3978347">
        <ele>3021.0</ele>
      </trkpt>
      <trkpt lat="42.5945879" lon="82.3977211">
        <ele>3040.0</ele>
      </trkpt>
      <trkpt lat="42.594643" lon="82.3976227">
        <ele>3029.0</ele>
      </trkpt>
      <trkpt lat="42.5946529" lon="82.3974996">
        <ele>3029.0</ele>
      </trkpt>
      <trkpt lat="42.5946517" lon="82.3973555">
        <ele>3025.0</ele>
      </trkpt>
      <trkpt lat="42.5946331" lon="82.3972292">
        <ele>3025.0</ele>
      </trkpt>
      <trkpt lat="42.5946198" lon="82.3970959">
        <ele>3025.0</ele>
      </trkpt>
      <trkpt lat="42.5946295" lon="82.3969586">
        <ele>3019.0</ele>
      </trkpt>
      <trkpt lat="42.5946423" lon="82.3968147">
        <ele>3019.0</ele>
      </trkpt>
      <trkpt lat="42.5946526" lon="82.3966697">
        <ele>3016.0</ele>
      </trkpt>
      <trkpt lat="42.5946515" lon="82.3965406">
        <ele>3016.0</ele>
      </trkpt>
      <trkpt lat="42.5946225" lon="82.3964125">
        <ele>3014.0</ele>
      </trkpt>
      <trkpt lat="42.59459" lon="82.3962921">
        <ele>3014.0</ele>
      </trkpt>
      <trkpt lat="42.5945394" lon="82.3961822">
        <ele>3013.0</ele>
      </trkpt>
      <trkpt lat="42.5944713" lon="82.3960948">
        <ele>3013.0</ele>
      </trkpt>
      <trkpt lat="42.5943839" lon="82.396016">
        <ele>3013.0</ele>
      </trkpt>
      <trkpt lat="42.5943486" lon="82.3959703">
        <ele>3017.0</ele>
      </trkpt>
      <trkpt lat="42.59433" lon="82.3958712">
        <ele>3017.0</ele>
      </trkpt>
      <trkpt lat="42.5942698" lon="82.3957749">
        <ele>3019.0</ele>
      </trkpt>
      <trkpt lat="42.5942097" lon="82.3956608">
        <ele>3026.0</ele>
      </trkpt>
      <trkpt lat="42.5941724" lon="82.3955296">
        <ele>3026.0</ele>
      </trkpt>
      <trkpt lat="42.5941315" lon="82.3954015">
        <ele>3029.0</ele>
      </trkpt>
      <trkpt lat="42.5940732" lon="82.3952914">
        <ele>3029.0</ele>
      </trkpt>
      <trkpt lat="42.5940113" lon="82.395183">
        <ele>3026.0</ele>
      </trkpt>
      <trkpt lat="42.5939661" lon="82.3950727">
        <ele>3027.0</ele>
      </trkpt>
      <trkpt lat="42.5939515" lon="82.3949447">
        <ele>3027.0</ele>
      </trkpt>
      <trkpt lat="42.5939003" lon="82.3948435">
        <ele>3031.0</ele>
      </trkpt>
      <trkpt lat="42.5938162" lon="82.394764">
        <ele>3031.0</ele>
      </trkpt>
      <trkpt lat="42.5937389" lon="82.3946859">
        <ele>3027.0</ele>
      </trkpt>
      <trkpt lat="42.5936634" lon="82.3946007">
        <ele>3027.0</ele>
      </trkpt>
      <trkpt lat="42.5935907" lon="82.3945151">
        <ele>3035.0</ele>
      </trkpt>
      <trkpt lat="42.5935385" lon="82.3944104">
        <ele>3035.0</ele>
      </trkpt>
      <trkpt lat="42.5934899" lon="82.3942988">
        <ele>3044.0</ele>
      </trkpt>
      <trkpt lat="42.5934371" lon="82.394186">
        <ele>3036.0</ele>
      </trkpt>
      <trkpt lat="42.5933874" lon="82.3940781">
        <ele>3036.0</ele>
      </trkpt>
      <trkpt lat="42.5933271" lon="82.3939652">
        <ele>3043.0</ele>
      </trkpt>
      <trkpt lat="42.5932606" lon="82.3938729">
        <ele>3043.0</ele>
      </trkpt>
      <trkpt lat="42.5932088" lon="82.3937705">
        <ele>3043.0</ele>
      </trkpt>
      <trkpt lat="42.5931712" lon="82.3936529">
        <ele>3041.0</ele>
      </trkpt>
      <trkpt lat="42.593115" lon="82.3935397">
        <ele>3041.0</ele>
      </trkpt>
      <trkpt lat="42.593053" lon="82.3934287">
        <ele>3048.0</ele>
      </trkpt>
      <trkpt lat="42.5929916" lon="82.3933204">
        <ele>3048.0</ele>
      </trkpt>
      <trkpt lat="42.5929256" lon="82.3932169">
        <ele>3048.0</ele>
      </trkpt>
      <trkpt lat="42.5928668" lon="82.3931167">
        <ele>3044.0</ele>
      </trkpt>
      <trkpt lat="42.5928137" lon="82.3930126">
        <ele>3044.0</ele>
      </trkpt>
      <trkpt lat="42.5927506" lon="82.3929054">
        <ele>3051.0</ele>
      </trkpt>
      <trkpt lat="42.5926813" lon="82.3928069">
        <ele>3051.0</ele>
      </trkpt>
      <trkpt lat="42.592613" lon="82.3927071">
        <ele>3041.0</ele>
      </trkpt>
      <trkpt lat="42.5925426" lon="82.3926236">
        <ele>3047.0</ele>
      </trkpt>
      <trkpt lat="42.5924731" lon="82.392507">
        <ele>3047.0</ele>
      </trkpt>
      <trkpt lat="42.5924007" lon="82.3923976">
        <ele>3047.0</ele>
      </trkpt>
      <trkpt lat="42.5923361" lon="82.3922937">
        <ele>3035.0</ele>
      </trkpt>
      <trkpt lat="42.5922561" lon="82.3922312">
        <ele>3035.0</ele>
      </trkpt>
      <trkpt lat="42.5921667" lon="82.3921827">
        <ele>3035.0</ele>
      </trkpt>
      <trkpt lat="42.5920825" lon="82.3921245">
        <ele>3034.0</ele>
      </trkpt>
      <trkpt lat="42.5920132" lon="82.3920283">
        <ele>3037.0</ele>
      </trkpt>
      <trkpt lat="42.5919533" lon="82.3919476">
        <ele>3037.0</ele>
      </trkpt>
      <trkpt lat="42.5918757" lon="82.3918727">
        <ele>3037.0</ele>
      </trkpt>
      <trkpt lat="42.591777" lon="82.3918224">
        <ele>3033.0</ele>
      </trkpt>
      <trkpt lat="42.5916732" lon="82.391813">
        <ele>3033.0</ele>
      </trkpt>
      <trkpt lat="42.5915741" lon="82.3918729">
        <ele>3033.0</ele>
      </trkpt>
      <trkpt lat="42.5914939" lon="82.3919698">
        <ele>3024.0</ele>
      </trkpt>
      <trkpt lat="42.5914035" lon="82.3919995">
        <ele>3024.0</ele>
      </trkpt>
      <trkpt lat="42.5913261" lon="82.3920705">
        <ele>3024.0</ele>
      </trkpt>
      <trkpt lat="42.5912825" lon="82.3919696">
        <ele>3024.0</ele>
      </trkpt>
      <trkpt lat="42.5913077" lon="82.3920021">
        <ele>3024.0</ele>
      </trkpt>
      <trkpt lat="42.5912625" lon="82.3919247">
        <ele>3024.0</ele>
      </trkpt>
      <trkpt lat="42.59124" lon="82.3919139">
        <ele>3020.0</ele>
      </trkpt>
      <trkpt lat="42.5911613" lon="82.3918967">
        <ele>3020.0</ele>
      </trkpt>
      <trkpt lat="42.5910616" lon="82.3919001">
        <ele>3020.0</ele>
      </trkpt>
      <trkpt lat="42.5909717" lon="82.3918181">
        <ele>3015.0</ele>
      </trkpt>
      <trkpt lat="42.590919" lon="82.3917159">
        <ele>3024.0</ele>
      </trkpt>
      <trkpt lat="42.5908344" lon="82.3916447">
        <ele>3024.0</ele>
      </trkpt>
      <trkpt lat="42.5907787" lon="82.3915426">
        <ele>3024.0</ele>
      </trkpt>
      <trkpt lat="42.5907344" lon="82.391418">
        <ele>3022.0</ele>
      </trkpt>
      <trkpt lat="42.5906687" lon="82.3913128">
        <ele>3023.0</ele>
      </trkpt>
      <trkpt lat="42.5906182" lon="82.391201">
        <ele>3029.0</ele>
      </trkpt>
      <trkpt lat="42.590566" lon="82.391098">
        <ele>3029.0</ele>
      </trkpt>
      <trkpt lat="42.5905307" lon="82.3909811">
        <ele>3029.0</ele>
      </trkpt>
      <trkpt lat="42.5904968" lon="82.3908456">
        <ele>3033.0</ele>
      </trkpt>
      <trkpt lat="42.5904668" lon="82.3907188">
        <ele>3033.0</ele>
      </trkpt>
      <trkpt lat="42.5904306" lon="82.3906016">
        <ele>3032.0</ele>
      </trkpt>
      <trkpt lat="42.5903943" lon="82.3904694">
        <ele>3038.0</ele>
      </trkpt>
      <trkpt lat="42.5903444" lon="82.3903468">
        <ele>3033.0</ele>
      </trkpt>
      <trkpt lat="42.5902745" lon="82.3902313">
        <ele>3033.0</ele>
      </trkpt>
      <trkpt lat="42.5902029" lon="82.390114">
        <ele>3031.0</ele>
      </trkpt>
      <trkpt lat="42.590131" lon="82.3900081">
        <ele>3029.0</ele>
      </trkpt>
      <trkpt lat="42.5900781" lon="82.3898843">
        <ele>3029.0</ele>
      </trkpt>
      <trkpt lat="42.5900032" lon="82.3897643">
        <ele>3026.0</ele>
      </trkpt>
      <trkpt lat="42.5899395" lon="82.3896569">
        <ele>3026.0</ele>
      </trkpt>
      <trkpt lat="42.5898989" lon="82.3895215">
        <ele>3023.0</ele>
      </trkpt>
      <trkpt lat="42.5898468" lon="82.3894022">
        <ele>3023.0</ele>
      </trkpt>
      <trkpt lat="42.5897783" lon="82.3892812">
        <ele>3022.0</ele>
      </trkpt>
      <trkpt lat="42.589691" lon="82.3891663">
        <ele>3022.0</ele>
      </trkpt>
      <trkpt lat="42.5896008" lon="82.389069">
        <ele>3022.0</ele>
      </trkpt>
      <trkpt lat="42.5895028" lon="82.3889927">
        <ele>3029.0</ele>
      </trkpt>
      <trkpt lat="42.5893984" lon="82.3889202">
        <ele>3029.0</ele>
      </trkpt>
      <trkpt lat="42.5893104" lon="82.3888625">
        <ele>3029.0</ele>
      </trkpt>
      <trkpt lat="42.5892127" lon="82.3888031">
        <ele>3031.0</ele>
      </trkpt>
      <trkpt lat="42.5891213" lon="82.3887486">
        <ele>3035.0</ele>
      </trkpt>
      <trkpt lat="42.5890416" lon="82.3886755">
        <ele>3035.0</ele>
      </trkpt>
      <trkpt lat="42.5889621" lon="82.3886121">
        <ele>3045.0</ele>
      </trkpt>
      <trkpt lat="42.5888774" lon="82.3885535">
        <ele>3045.0</ele>
      </trkpt>
      <trkpt lat="42.5887862" lon="82.3884853">
        <ele>3045.0</ele>
      </trkpt>
      <trkpt lat="42.5886886" lon="82.3884468">
        <ele>3044.0</ele>
      </trkpt>
      <trkpt lat="42.588594" lon="82.3884073">
        <ele>3044.0</ele>
      </trkpt>
      <trkpt lat="42.5885063" lon="82.3883573">
        <ele>3044.0</ele>
      </trkpt>
      <trkpt lat="42.588421" lon="82.3883045">
        <ele>3048.0</ele>
      </trkpt>
      <trkpt lat="42.5883283" lon="82.388258">
        <ele>3048.0</ele>
      </trkpt>
      <trkpt lat="42.5882364" lon="82.3881959">
        <ele>3048.0</ele>
      </trkpt>
      <trkpt lat="42.5881648" lon="82.388115">
        <ele>3046.0</ele>
      </trkpt>
      <trkpt lat="42.5880937" lon="82.3880396">
        <ele>3046.0</ele>
      </trkpt>
      <trkpt lat="42.5880082" lon="82.3879823">
        <ele>3046.0</ele>
      </trkpt>
      <trkpt lat="42.5879158" lon="82.3879237">
        <ele>3047.0</ele>
      </trkpt>
      <trkpt lat="42.5878194" lon="82.3878635">
        <ele>3047.0</ele>
      </trkpt>
      <trkpt lat="42.5877214" lon="82.3878197">
        <ele>3047.0</ele>
      </trkpt>
      <trkpt lat="42.5877372" lon="82.3877915">
        <ele>3047.0</ele>
      </trkpt>
      <trkpt lat="42.5876604" lon="82.3877475">
        <ele>3047.0</ele>
      </trkpt>
      <trkpt lat="42.5875791" lon="82.387669">
        <ele>3039.0</ele>
      </trkpt>
      <trkpt lat="42.5874897" lon="82.3875859">
        <ele>3041.0</ele>
      </trkpt>
      <trkpt lat="42.5873967" lon="82.387509">
        <ele>3041.0</ele>
      </trkpt>
      <trkpt lat="42.5873047" lon="82.3874646">
        <ele>3038.0</ele>
      </trkpt>
      <trkpt lat="42.5872107" lon="82.3874243">
        <ele>3038.0</ele>
      </trkpt>
      <trkpt lat="42.5871172" lon="82.3873846">
        <ele>3038.0</ele>
      </trkpt>
      <trkpt lat="42.5870267" lon="82.3873533">
        <ele>3042.0</ele>
      </trkpt>
      <trkpt lat="42.5869261" lon="82.3873182">
        <ele>3042.0</ele>
      </trkpt>
      <trkpt lat="42.5868209" lon="82.387331">
        <ele>3042.0</ele>
      </trkpt>
      <trkpt lat="42.5867204" lon="82.3873426">
        <ele>3041.0</ele>
      </trkpt>
      <trkpt lat="42.5866218" lon="82.38732">
        <ele>3041.0</ele>
      </trkpt>
      <trkpt lat="42.5865247" lon="82.3873095">
        <ele>3040.0</ele>
      </trkpt>
      <trkpt lat="42.5864652" lon="82.387293">
        <ele>3040.0</ele>
      </trkpt>
      <trkpt lat="42.5863861" lon="82.3872597">
        <ele>3040.0</ele>
      </trkpt>
      <trkpt lat="42.5862929" lon="82.3872416">
        <ele>3040.0</ele>
      </trkpt>
      <trkpt lat="42.5861983" lon="82.3872437">
        <ele>3039.0</ele>
      </trkpt>
      <trkpt lat="42.5861007" lon="82.3872703">
        <ele>3039.0</ele>
      </trkpt>
      <trkpt lat="42.5860284" lon="82.3872731">
        <ele>3039.0</ele>
      </trkpt>
      <trkpt lat="42.5859914" lon="82.3871514">
        <ele>3039.0</ele>
      </trkpt>
      <trkpt lat="42.5859216" lon="82.3870702">
        <ele>3041.0</ele>
      </trkpt>
      <trkpt lat="42.5858298" lon="82.3870441">
        <ele>3041.0</ele>
      </trkpt>
      <trkpt lat="42.5857314" lon="82.3870049">
        <ele>3041.0</ele>
      </trkpt>
      <trkpt lat="42.5856297" lon="82.3869518">
        <ele>3046.0</ele>
      </trkpt>
      <trkpt lat="42.5855574" lon="82.386857">
        <ele>3046.0</ele>
      </trkpt>
      <trkpt lat="42.5854939" lon="82.3867542">
        <ele>3048.0</ele>
      </trkpt>
      <trkpt lat="42.5854148" lon="82.3866772">
        <ele>3044.0</ele>
      </trkpt>
      <trkpt lat="42.5853382" lon="82.386591">
        <ele>3044.0</ele>
      </trkpt>
      <trkpt lat="42.5852606" lon="82.3865041">
        <ele>3049.0</ele>
      </trkpt>
      <trkpt lat="42.5851736" lon="82.3864529">
        <ele>3049.0</ele>
      </trkpt>
      <trkpt lat="42.5850908" lon="82.3863812">
        <ele>3036.0</ele>
      </trkpt>
      <trkpt lat="42.5850119" lon="82.3863127">
        <ele>3036.0</ele>
      </trkpt>
      <trkpt lat="42.5849295" lon="82.3862308">
        <ele>3043.0</ele>
      </trkpt>
      <trkpt lat="42.5848373" lon="82.3862057">
        <ele>3035.0</ele>
      </trkpt>
      <trkpt lat="42.5847458" lon="82.386226">
        <ele>3035.0</ele>
      </trkpt>
      <trkpt lat="42.5846479" lon="82.3862325">
        <ele>3035.0</ele>
      </trkpt>
      <trkpt lat="42.5845546" lon="82.3862342">
        <ele>3031.0</ele>
      </trkpt>
      <trkpt lat="42.5844612" lon="82.3862324">
        <ele>3031.0</ele>
      </trkpt>
      <trkpt lat="42.5843618" lon="82.3862427">
        <ele>3031.0</ele>
      </trkpt>
      <trkpt lat="42.5842722" lon="82.3862751">
        <ele>3023.0</ele>
      </trkpt>
      <trkpt lat="42.5841933" lon="82.386211">
        <ele>3030.0</ele>
      </trkpt>
      <trkpt lat="42.5841022" lon="82.386157">
        <ele>3030.0</ele>
      </trkpt>
      <trkpt lat="42.5840128" lon="82.3861153">
        <ele>3031.0</ele>
      </trkpt>
      <trkpt lat="42.5839262" lon="82.3860504">
        <ele>3031.0</ele>
      </trkpt>
      <trkpt lat="42.5838405" lon="82.3859744">
        <ele>3031.0</ele>
      </trkpt>
      <trkpt lat="42.5837627" lon="82.385883">
        <ele>3036.0</ele>
      </trkpt>
      <trkpt lat="42.5837182" lon="82.3858077">
        <ele>3027.0</ele>
      </trkpt>
      <trkpt lat="42.5836512" lon="82.3857403">
        <ele>3027.0</ele>
      </trkpt>
      <trkpt lat="42.5836196" lon="82.3856263">
        <ele>3029.0</ele>
      </trkpt>
      <trkpt lat="42.5835759" lon="82.3855173">
        <ele>3029.0</ele>
      </trkpt>
      <trkpt lat="42.583529" lon="82.3853996">
        <ele>3047.0</ele>
      </trkpt>
      <trkpt lat="42.5834899" lon="82.3852796">
        <ele>3047.0</ele>
      </trkpt>
      <trkpt lat="42.5834449" lon="82.3851675">
        <ele>3023.0</ele>
      </trkpt>
      <trkpt lat="42.5833678" lon="82.3851015">
        <ele>3034.0</ele>
      </trkpt>
      <trkpt lat="42.5832809" lon="82.3850344">
        <ele>3034.0</ele>
      </trkpt>
      <trkpt lat="42.5832247" lon="82.3849293">
        <ele>3034.0</ele>
      </trkpt>
      <trkpt lat="42.5832425" lon="82.3848059">
        <ele>3047.0</ele>
      </trkpt>
      <trkpt lat="42.5831993" lon="82.3847082">
        <ele>3047.0</ele>
      </trkpt>
      <trkpt lat="42.5831627" lon="82.3845959">
        <ele>3031.0</ele>
      </trkpt>
      <trkpt lat="42.5830871" lon="82.3845374">
        <ele>3046.0</ele>
      </trkpt>
      <trkpt lat="42.5829954" lon="82.3844824">
        <ele>3046.0</ele>
      </trkpt>
      <trkpt lat="42.5829014" lon="82.384492">
        <ele>3026.0</ele>
      </trkpt>
      <trkpt lat="42.5828033" lon="82.3844872">
        <ele>3026.0</ele>
      </trkpt>
      <trkpt lat="42.5827008" lon="82.3844874">
        <ele>3026.0</ele>
      </trkpt>
      <trkpt lat="42.5825936" lon="82.3844938">
        <ele>3012.0</ele>
      </trkpt>
      <trkpt lat="42.5824863" lon="82.3844922">
        <ele>3012.0</ele>
      </trkpt>
      <trkpt lat="42.5823883" lon="82.3845048">
        <ele>3012.0</ele>
      </trkpt>
      <trkpt lat="42.5822943" lon="82.3845551">
        <ele>3002.0</ele>
      </trkpt>
      <trkpt lat="42.5822324" lon="82.3846009">
        <ele>2994.0</ele>
      </trkpt>
      <trkpt lat="42.582148" lon="82.3846002">
        <ele>2994.0</ele>
      </trkpt>
      <trkpt lat="42.5820511" lon="82.3846357">
        <ele>2997.0</ele>
      </trkpt>
      <trkpt lat="42.581946" lon="82.3846465">
        <ele>2997.0</ele>
      </trkpt>
      <trkpt lat="42.5818453" lon="82.3846582">
        <ele>2997.0</ele>
      </trkpt>
      <trkpt lat="42.5817483" lon="82.3846685">
        <ele>2990.0</ele>
      </trkpt>
      <trkpt lat="42.5816559" lon="82.3846552">
        <ele>2990.0</ele>
      </trkpt>
      <trkpt lat="42.5815585" lon="82.3846453">
        <ele>2990.0</ele>
      </trkpt>
      <trkpt lat="42.5814817" lon="82.384645">
        <ele>2985.0</ele>
      </trkpt>
      <trkpt lat="42.5813904" lon="82.3846518">
        <ele>2985.0</ele>
      </trkpt>
      <trkpt lat="42.5813024" lon="82.3847027">
        <ele>2985.0</ele>
      </trkpt>
      <trkpt lat="42.5812052" lon="82.3847212">
        <ele>2987.0</ele>
      </trkpt>
      <trkpt lat="42.5811071" lon="82.3847329">
        <ele>2987.0</ele>
      </trkpt>
      <trkpt lat="42.5810124" lon="82.3847559">
        <ele>2987.0</ele>
      </trkpt>
      <trkpt lat="42.5809159" lon="82.3848038">
        <ele>2997.0</ele>
      </trkpt>
      <trkpt lat="42.5808169" lon="82.3848395">
        <ele>2997.0</ele>
      </trkpt>
      <trkpt lat="42.5807133" lon="82.3848418">
        <ele>2997.0</ele>
      </trkpt>
      <trkpt lat="42.5806189" lon="82.3848443">
        <ele>3001.0</ele>
      </trkpt>
      <trkpt lat="42.5805214" lon="82.3848469">
        <ele>3001.0</ele>
      </trkpt>
      <trkpt lat="42.5804139" lon="82.3848403">
        <ele>3002.0</ele>
      </trkpt>
      <trkpt lat="42.5803124" lon="82.3848488">
        <ele>3002.0</ele>
      </trkpt>
      <trkpt lat="42.580215" lon="82.3848568">
        <ele>3002.0</ele>
      </trkpt>
      <trkpt lat="42.5801134" lon="82.3848671">
        <ele>2996.0</ele>
      </trkpt>
      <trkpt lat="42.5800166" lon="82.3848759">
        <ele>2996.0</ele>
      </trkpt>
      <trkpt lat="42.5799076" lon="82.3848641">
        <ele>2996.0</ele>
      </trkpt>
      <trkpt lat="42.5797996" lon="82.3848577">
        <ele>3003.0</ele>
      </trkpt>
      <trkpt lat="42.5796861" lon="82.3848675">
        <ele>2998.0</ele>
      </trkpt>
      <trkpt lat="42.579583" lon="82.3848834">
        <ele>3000.0</ele>
      </trkpt>
      <trkpt lat="42.5794843" lon="82.3848927">
        <ele>3000.0</ele>
      </trkpt>
      <trkpt lat="42.5793837" lon="82.3848974">
        <ele>3000.0</ele>
      </trkpt>
      <trkpt lat="42.5792772" lon="82.3849">
        <ele>2998.0</ele>
      </trkpt>
      <trkpt lat="42.5791807" lon="82.3849219">
        <ele>2998.0</ele>
      </trkpt>
      <trkpt lat="42.5790869" lon="82.384915">
        <ele>2998.0</ele>
      </trkpt>
      <trkpt lat="42.5789906" lon="82.3849198">
        <ele>2994.0</ele>
      </trkpt>
      <trkpt lat="42.5788946" lon="82.3849136">
        <ele>2994.0</ele>
      </trkpt>
      <trkpt lat="42.5787905" lon="82.3849102">
        <ele>2994.0</ele>
      </trkpt>
      <trkpt lat="42.5786925" lon="82.384897">
        <ele>2992.0</ele>
      </trkpt>
      <trkpt lat="42.5785947" lon="82.3848554">
        <ele>2992.0</ele>
      </trkpt>
      <trkpt lat="42.5784989" lon="82.3847915">
        <ele>2992.0</ele>
      </trkpt>
      <trkpt lat="42.5784134" lon="82.3847281">
        <ele>2994.0</ele>
      </trkpt>
      <trkpt lat="42.578323" lon="82.3846482">
        <ele>2994.0</ele>
      </trkpt>
      <trkpt lat="42.5782684" lon="82.3845708">
        <ele>3000.0</ele>
      </trkpt>
      <trkpt lat="42.5781943" lon="82.3845822">
        <ele>3013.0</ele>
      </trkpt>
      <trkpt lat="42.5781031" lon="82.3846157">
        <ele>3008.0</ele>
      </trkpt>
      <trkpt lat="42.5780112" lon="82.3846131">
        <ele>3008.0</ele>
      </trkpt>
      <trkpt lat="42.5779117" lon="82.3846009">
        <ele>3021.0</ele>
      </trkpt>
      <trkpt lat="42.5778597" lon="82.3847014">
        <ele>3021.0</ele>
      </trkpt>
      <trkpt lat="42.5778305" lon="82.3848293">
        <ele>3021.0</ele>
      </trkpt>
      <trkpt lat="42.577826" lon="82.3849554">
        <ele>3008.0</ele>
      </trkpt>
      <trkpt lat="42.5777304" lon="82.3849345">
        <ele>3008.0</ele>
      </trkpt>
      <trkpt lat="42.5776419" lon="82.3848538">
        <ele>3021.0</ele>
      </trkpt>
      <trkpt lat="42.5775514" lon="82.3848565">
        <ele>3038.0</ele>
      </trkpt>
      <trkpt lat="42.5774569" lon="82.3848646">
        <ele>3022.0</ele>
      </trkpt>
      <trkpt lat="42.5773981" lon="82.3848527">
        <ele>3038.0</ele>
      </trkpt>
      <trkpt lat="42.5773217" lon="82.3849003">
        <ele>3038.0</ele>
      </trkpt>
      <trkpt lat="42.5772492" lon="82.384973">
        <ele>3038.0</ele>
      </trkpt>
      <trkpt lat="42.5771674" lon="82.384914">
        <ele>3038.0</ele>
      </trkpt>
      <trkpt lat="42.5770648" lon="82.3849616">
        <ele>3052.0</ele>
      </trkpt>
      <trkpt lat="42.5769676" lon="82.3849633">
        <ele>3052.0</ele>
      </trkpt>
      <trkpt lat="42.5768775" lon="82.3849396">
        <ele>3052.0</ele>
      </trkpt>
      <trkpt lat="42.5767787" lon="82.3849358">
        <ele>3062.0</ele>
      </trkpt>
      <trkpt lat="42.5767166" lon="82.3849307">
        <ele>3062.0</ele>
      </trkpt>
      <trkpt lat="42.5766454" lon="82.3850147">
        <ele>3062.0</ele>
      </trkpt>
      <trkpt lat="42.5765735" lon="82.3850921">
        <ele>3062.0</ele>
      </trkpt>
      <trkpt lat="42.576529" lon="82.3851573">
        <ele>3027.0</ele>
      </trkpt>
      <trkpt lat="42.5764798" lon="82.3852579">
        <ele>3032.0</ele>
      </trkpt>
      <trkpt lat="42.5764129" lon="82.3853453">
        <ele>3032.0</ele>
      </trkpt>
      <trkpt lat="42.5763198" lon="82.3853624">
        <ele>3032.0</ele>
      </trkpt>
      <trkpt lat="42.5763163" lon="82.3852351">
        <ele>3032.0</ele>
      </trkpt>
      <trkpt lat="42.5763532" lon="82.3850906">
        <ele>3072.0</ele>
      </trkpt>
      <trkpt lat="42.5763649" lon="82.3850266">
        <ele>3072.0</ele>
      </trkpt>
      <trkpt lat="42.5764342" lon="82.384943">
        <ele>3072.0</ele>
      </trkpt>
      <trkpt lat="42.5762699" lon="82.3852687">
        <ele>3032.0</ele>
      </trkpt>
      <trkpt lat="42.5762399" lon="82.3853527">
        <ele>3065.0</ele>
      </trkpt>
      <trkpt lat="42.5762409" lon="82.3853724">
        <ele>3065.0</ele>
      </trkpt>
      <trkpt lat="42.57631" lon="82.3852636">
        <ele>3032.0</ele>
      </trkpt>
      <trkpt lat="42.5763145" lon="82.3852514">
        <ele>3032.0</ele>
      </trkpt>
      <trkpt lat="42.5762338" lon="82.3853402">
        <ele>3065.0</ele>
      </trkpt>
      <trkpt lat="42.576144" lon="82.3852945">
        <ele>3065.0</ele>
      </trkpt>
      <trkpt lat="42.5760648" lon="82.3852313">
        <ele>3065.0</ele>
      </trkpt>
      <trkpt lat="42.5759701" lon="82.3852358">
        <ele>3071.0</ele>
      </trkpt>
      <trkpt lat="42.5758817" lon="82.3853065">
        <ele>3071.0</ele>
      </trkpt>
      <trkpt lat="42.5758216" lon="82.3854199">
        <ele>3033.0</ele>
      </trkpt>
      <trkpt lat="42.5757665" lon="82.3855387">
        <ele>3033.0</ele>
      </trkpt>
      <trkpt lat="42.5756929" lon="82.3856254">
        <ele>3038.0</ele>
      </trkpt>
      <trkpt lat="42.5756269" lon="82.3857194">
        <ele>3002.0</ele>
      </trkpt>
      <trkpt lat="42.5755466" lon="82.3857795">
        <ele>3002.0</ele>
      </trkpt>
      <trkpt lat="42.5754625" lon="82.3858481">
        <ele>3002.0</ele>
      </trkpt>
      <trkpt lat="42.5753972" lon="82.3859348">
        <ele>3022.0</ele>
      </trkpt>
      <trkpt lat="42.5753209" lon="82.3860279">
        <ele>3007.0</ele>
      </trkpt>
      <trkpt lat="42.5752435" lon="82.3861043">
        <ele>3007.0</ele>
      </trkpt>
      <trkpt lat="42.5751769" lon="82.3861919">
        <ele>3007.0</ele>
      </trkpt>
      <trkpt lat="42.5751216" lon="82.3862938">
        <ele>3006.0</ele>
      </trkpt>
      <trkpt lat="42.5750772" lon="82.3864046">
        <ele>3006.0</ele>
      </trkpt>
      <trkpt lat="42.5750235" lon="82.3865204">
        <ele>3006.0</ele>
      </trkpt>
      <trkpt lat="42.5749714" lon="82.3866314">
        <ele>2996.0</ele>
      </trkpt>
      <trkpt lat="42.5749198" lon="82.3867411">
        <ele>2996.0</ele>
      </trkpt>
      <trkpt lat="42.5748673" lon="82.3868454">
        <ele>2996.0</ele>
      </trkpt>
      <trkpt lat="42.574794" lon="82.3869239">
        <ele>2990.0</ele>
      </trkpt>
      <trkpt lat="42.5747247" lon="82.387014">
        <ele>2990.0</ele>
      </trkpt>
      <trkpt lat="42.5746413" lon="82.387098">
        <ele>2988.0</ele>
      </trkpt>
      <trkpt lat="42.5745532" lon="82.3871484">
        <ele>2984.0</ele>
      </trkpt>
      <trkpt lat="42.5744655" lon="82.3872308">
        <ele>2984.0</ele>
      </trkpt>
      <trkpt lat="42.5743822" lon="82.3873107">
        <ele>2984.0</ele>
      </trkpt>
      <trkpt lat="42.5742973" lon="82.3873675">
        <ele>2984.0</ele>
      </trkpt>
      <trkpt lat="42.5742115" lon="82.3874144">
        <ele>2984.0</ele>
      </trkpt>
      <trkpt lat="42.5741143" lon="82.3874411">
        <ele>2984.0</ele>
      </trkpt>
      <trkpt lat="42.5740211" lon="82.3875059">
        <ele>2996.0</ele>
      </trkpt>
      <trkpt lat="42.5739702" lon="82.3875465">
        <ele>2996.0</ele>
      </trkpt>
      <trkpt lat="42.5739048" lon="82.3876058">
        <ele>2996.0</ele>
      </trkpt>
      <trkpt lat="42.5738312" lon="82.3876769">
        <ele>2996.0</ele>
      </trkpt>
      <trkpt lat="42.5737531" lon="82.3877467">
        <ele>2996.0</ele>
      </trkpt>
      <trkpt lat="42.5736802" lon="82.3878335">
        <ele>3009.0</ele>
      </trkpt>
      <trkpt lat="42.5736146" lon="82.3879293">
        <ele>3005.0</ele>
      </trkpt>
      <trkpt lat="42.5735587" lon="82.3880322">
        <ele>3005.0</ele>
      </trkpt>
      <trkpt lat="42.5735055" lon="82.38814">
        <ele>3005.0</ele>
      </trkpt>
      <trkpt lat="42.5734371" lon="82.388238">
        <ele>3005.0</ele>
      </trkpt>
      <trkpt lat="42.5733684" lon="82.3883328">
        <ele>3005.0</ele>
      </trkpt>
      <trkpt lat="42.5732898" lon="82.3884277">
        <ele>3005.0</ele>
      </trkpt>
      <trkpt lat="42.5731976" lon="82.388474">
        <ele>2999.0</ele>
      </trkpt>
      <trkpt lat="42.5731053" lon="82.3885">
        <ele>3006.0</ele>
      </trkpt>
      <trkpt lat="42.5730121" lon="82.3884855">
        <ele>3006.0</ele>
      </trkpt>
      <trkpt lat="42.5729212" lon="82.3885034">
        <ele>3006.0</ele>
      </trkpt>
      <trkpt lat="42.5728571" lon="82.3885819">
        <ele>3017.0</ele>
      </trkpt>
      <trkpt lat="42.5728004" lon="82.3886847">
        <ele>3017.0</ele>
      </trkpt>
      <trkpt lat="42.5727186" lon="82.3887612">
        <ele>3011.0</ele>
      </trkpt>
      <trkpt lat="42.5726972" lon="82.3887964">
        <ele>3011.0</ele>
      </trkpt>
      <trkpt lat="42.572328" lon="82.3885506">
        <ele>3028.0</ele>
      </trkpt>
      <trkpt lat="42.5727543" lon="82.3887875">
        <ele>3011.0</ele>
      </trkpt>
      <trkpt lat="42.5727343" lon="82.3888406">
        <ele>3011.0</ele>
      </trkpt>
      <trkpt lat="42.5726782" lon="82.3889388">
        <ele>3011.0</ele>
      </trkpt>
      <trkpt lat="42.5725927" lon="82.3890334">
        <ele>3013.0</ele>
      </trkpt>
      <trkpt lat="42.5725116" lon="82.3891372">
        <ele>3013.0</ele>
      </trkpt>
      <trkpt lat="42.5724438" lon="82.3892587">
        <ele>3013.0</ele>
      </trkpt>
      <trkpt lat="42.5723993" lon="82.3893795">
        <ele>3008.0</ele>
      </trkpt>
      <trkpt lat="42.5723656" lon="82.3894549">
        <ele>3008.0</ele>
      </trkpt>
      <trkpt lat="42.5723341" lon="82.3895602">
        <ele>3004.0</ele>
      </trkpt>
      <trkpt lat="42.5722946" lon="82.3896841">
        <ele>2998.0</ele>
      </trkpt>
      <trkpt lat="42.5722485" lon="82.3898048">
        <ele>2998.0</ele>
      </trkpt>
      <trkpt lat="42.5721989" lon="82.389939">
        <ele>2999.0</ele>
      </trkpt>
      <trkpt lat="42.5721486" lon="82.3900528">
        <ele>2999.0</ele>
      </trkpt>
      <trkpt lat="42.5720822" lon="82.3901416">
        <ele>2994.0</ele>
      </trkpt>
      <trkpt lat="42.572005" lon="82.3902213">
        <ele>2994.0</ele>
      </trkpt>
      <trkpt lat="42.571937" lon="82.3903183">
        <ele>2994.0</ele>
      </trkpt>
      <trkpt lat="42.5718785" lon="82.3904229">
        <ele>2995.0</ele>
      </trkpt>
      <trkpt lat="42.5718614" lon="82.3904569">
        <ele>2995.0</ele>
      </trkpt>
      <trkpt lat="42.57184" lon="82.3905448">
        <ele>2995.0</ele>
      </trkpt>
      <trkpt lat="42.5717736" lon="82.390643">
        <ele>2992.0</ele>
      </trkpt>
      <trkpt lat="42.5717059" lon="82.3907431">
        <ele>2993.0</ele>
      </trkpt>
      <trkpt lat="42.571629" lon="82.3908473">
        <ele>2993.0</ele>
      </trkpt>
      <trkpt lat="42.5715555" lon="82.3909335">
        <ele>2993.0</ele>
      </trkpt>
      <trkpt lat="42.5714775" lon="82.3910085">
        <ele>3004.0</ele>
      </trkpt>
      <trkpt lat="42.5714009" lon="82.3911065">
        <ele>3004.0</ele>
      </trkpt>
      <trkpt lat="42.5713289" lon="82.3911931">
        <ele>3004.0</ele>
      </trkpt>
      <trkpt lat="42.571258" lon="82.3912737">
        <ele>3007.0</ele>
      </trkpt>
      <trkpt lat="42.5711876" lon="82.391376">
        <ele>3012.0</ele>
      </trkpt>
      <trkpt lat="42.5711169" lon="82.3914747">
        <ele>3012.0</ele>
      </trkpt>
      <trkpt lat="42.5710333" lon="82.3915525">
        <ele>3021.0</ele>
      </trkpt>
      <trkpt lat="42.570978" lon="82.3916548">
        <ele>3021.0</ele>
      </trkpt>
      <trkpt lat="42.5709264" lon="82.3917563">
        <ele>3033.0</ele>
      </trkpt>
      <trkpt lat="42.5708623" lon="82.3918398">
        <ele>3040.0</ele>
      </trkpt>
      <trkpt lat="42.5707909" lon="82.3919146">
        <ele>3040.0</ele>
      </trkpt>
      <trkpt lat="42.5707042" lon="82.3919661">
        <ele>3040.0</ele>
      </trkpt>
      <trkpt lat="42.5707449" lon="82.3920198">
        <ele>3040.0</ele>
      </trkpt>
      <trkpt lat="42.5708169" lon="82.3920985">
        <ele>3052.0</ele>
      </trkpt>
      <trkpt lat="42.5709002" lon="82.3921938">
        <ele>3052.0</ele>
      </trkpt>
      <trkpt lat="42.5709187" lon="82.3923164">
        <ele>3052.0</ele>
      </trkpt>
      <trkpt lat="42.5708503" lon="82.3923809">
        <ele>3063.0</ele>
      </trkpt>
      <trkpt lat="42.5707494" lon="82.3923811">
        <ele>3063.0</ele>
      </trkpt>
      <trkpt lat="42.5706463" lon="82.3923813">
        <ele>3064.0</ele>
      </trkpt>
      <trkpt lat="42.5705473" lon="82.3923923">
        <ele>3064.0</ele>
      </trkpt>
      <trkpt lat="42.5704693" lon="82.3923297">
        <ele>3050.0</ele>
      </trkpt>
      <trkpt lat="42.5703839" lon="82.3922738">
        <ele>3064.0</ele>
      </trkpt>
      <trkpt lat="42.5703051" lon="82.3923184">
        <ele>3064.0</ele>
      </trkpt>
      <trkpt lat="42.5702189" lon="82.3922842">
        <ele>3064.0</ele>
      </trkpt>
      <trkpt lat="42.5701229" lon="82.3922561">
        <ele>3071.0</ele>
      </trkpt>
      <trkpt lat="42.5700266" lon="82.3922402">
        <ele>3071.0</ele>
      </trkpt>
      <trkpt lat="42.5699373" lon="82.3922047">
        <ele>3071.0</ele>
      </trkpt>
      <trkpt lat="42.5698484" lon="82.3921713">
        <ele>3083.0</ele>
      </trkpt>
      <trkpt lat="42.5697579" lon="82.3921152">
        <ele>3083.0</ele>
      </trkpt>
      <trkpt lat="42.5696629" lon="82.3920984">
        <ele>3083.0</ele>
      </trkpt>
      <trkpt lat="42.5695705" lon="82.3921004">
        <ele>3095.0</ele>
      </trkpt>
      <trkpt lat="42.569481" lon="82.3920587">
        <ele>3089.0</ele>
      </trkpt>
      <trkpt lat="42.5693885" lon="82.3920092">
        <ele>3089.0</ele>
      </trkpt>
      <trkpt lat="42.5692959" lon="82.3919522">
        <ele>3083.0</ele>
      </trkpt>
      <trkpt lat="42.5692058" lon="82.3919085">
        <ele>3083.0</ele>
      </trkpt>
      <trkpt lat="42.569121" lon="82.3918636">
        <ele>3083.0</ele>
      </trkpt>
      <trkpt lat="42.5690303" lon="82.3918446">
        <ele>3083.0</ele>
      </trkpt>
      <trkpt lat="42.5689417" lon="82.391873">
        <ele>3092.0</ele>
      </trkpt>
      <trkpt lat="42.5688561" lon="82.3919448">
        <ele>3092.0</ele>
      </trkpt>
      <trkpt lat="42.5687707" lon="82.3919913">
        <ele>3092.0</ele>
      </trkpt>
      <trkpt lat="42.5686736" lon="82.3919605">
        <ele>3107.0</ele>
      </trkpt>
      <trkpt lat="42.568599" lon="82.3918847">
        <ele>3107.0</ele>
      </trkpt>
      <trkpt lat="42.5685227" lon="82.3918009">
        <ele>3105.0</ele>
      </trkpt>
      <trkpt lat="42.5685014" lon="82.39168">
        <ele>3105.0</ele>
      </trkpt>
      <trkpt lat="42.5684637" lon="82.3915628">
        <ele>3117.0</ele>
      </trkpt>
      <trkpt lat="42.5683912" lon="82.3914845">
        <ele>3119.0</ele>
      </trkpt>
      <trkpt lat="42.5683172" lon="82.3913887">
        <ele>3119.0</ele>
      </trkpt>
      <trkpt lat="42.5682451" lon="82.3913015">
        <ele>3119.0</ele>
      </trkpt>
      <trkpt lat="42.5681578" lon="82.3912467">
        <ele>3142.0</ele>
      </trkpt>
      <trkpt lat="42.5680781" lon="82.3912935">
        <ele>3135.0</ele>
      </trkpt>
      <trkpt lat="42.5680353" lon="82.39141">
        <ele>3135.0</ele>
      </trkpt>
      <trkpt lat="42.5679672" lon="82.391499">
        <ele>3135.0</ele>
      </trkpt>
      <trkpt lat="42.5679626" lon="82.3916208">
        <ele>3132.0</ele>
      </trkpt>
      <trkpt lat="42.5679652" lon="82.3917548">
        <ele>3132.0</ele>
      </trkpt>
      <trkpt lat="42.5679236" lon="82.3918737">
        <ele>3129.0</ele>
      </trkpt>
      <trkpt lat="42.5678724" lon="82.3918256">
        <ele>3160.0</ele>
      </trkpt>
      <trkpt lat="42.5678321" lon="82.3916988">
        <ele>3153.0</ele>
      </trkpt>
      <trkpt lat="42.5677694" lon="82.3915809">
        <ele>3153.0</ele>
      </trkpt>
      <trkpt lat="42.5676771" lon="82.3915042">
        <ele>3158.0</ele>
      </trkpt>
      <trkpt lat="42.5675867" lon="82.3914517">
        <ele>3168.0</ele>
      </trkpt>
      <trkpt lat="42.5674906" lon="82.391426">
        <ele>3168.0</ele>
      </trkpt>
      <trkpt lat="42.5674147" lon="82.3913429">
        <ele>3168.0</ele>
      </trkpt>
      <trkpt lat="42.5673301" lon="82.3912934">
        <ele>3174.0</ele>
      </trkpt>
      <trkpt lat="42.5672517" lon="82.3912301">
        <ele>3199.0</ele>
      </trkpt>
      <trkpt lat="42.5671591" lon="82.3911993">
        <ele>3199.0</ele>
      </trkpt>
      <trkpt lat="42.5670669" lon="82.3911756">
        <ele>3206.0</ele>
      </trkpt>
      <trkpt lat="42.5669723" lon="82.3911751">
        <ele>3206.0</ele>
      </trkpt>
      <trkpt lat="42.566892" lon="82.3911221">
        <ele>3206.0</ele>
      </trkpt>
      <trkpt lat="42.5668044" lon="82.3911244">
        <ele>3209.0</ele>
      </trkpt>
      <trkpt lat="42.5667304" lon="82.3911933">
        <ele>3209.0</ele>
      </trkpt>
      <trkpt lat="42.5666583" lon="82.3912795">
        <ele>3193.0</ele>
      </trkpt>
      <trkpt lat="42.5665793" lon="82.391351">
        <ele>3193.0</ele>
      </trkpt>
      <trkpt lat="42.5664944" lon="82.3913441">
        <ele>3199.0</ele>
      </trkpt>
      <trkpt lat="42.566428" lon="82.3914038">
        <ele>3199.0</ele>
      </trkpt>
      <trkpt lat="42.5663786" lon="82.3915087">
        <ele>3199.0</ele>
      </trkpt>
      <trkpt lat="42.5663359" lon="82.3916231">
        <ele>3190.0</ele>
      </trkpt>
      <trkpt lat="42.5662714" lon="82.3917107">
        <ele>3190.0</ele>
      </trkpt>
      <trkpt lat="42.5661991" lon="82.3917983">
        <ele>3198.0</ele>
      </trkpt>
      <trkpt lat="42.5661199" lon="82.3918564">
        <ele>3193.0</ele>
      </trkpt>
      <trkpt lat="42.5660961" lon="82.391969">
        <ele>3193.0</ele>
      </trkpt>
      <trkpt lat="42.5660658" lon="82.391977">
        <ele>3193.0</ele>
      </trkpt>
      <trkpt lat="42.5660206" lon="82.3920495">
        <ele>3193.0</ele>
      </trkpt>
      <trkpt lat="42.5659892" lon="82.3921594">
        <ele>3195.0</ele>
      </trkpt>
      <trkpt lat="42.565956" lon="82.3922932">
        <ele>3205.0</ele>
      </trkpt>
      <trkpt lat="42.5658873" lon="82.3923741">
        <ele>3207.0</ele>
      </trkpt>
      <trkpt lat="42.5658127" lon="82.3923228">
        <ele>3205.0</ele>
      </trkpt>
      <trkpt lat="42.5657432" lon="82.392242">
        <ele>3205.0</ele>
      </trkpt>
      <trkpt lat="42.5656896" lon="82.3921366">
        <ele>3207.0</ele>
      </trkpt>
      <trkpt lat="42.5657184" lon="82.3922328">
        <ele>3205.0</ele>
      </trkpt>
      <trkpt lat="42.5656279" lon="82.3922369">
        <ele>3207.0</ele>
      </trkpt>
      <trkpt lat="42.565538" lon="82.3922427">
        <ele>3207.0</ele>
      </trkpt>
      <trkpt lat="42.5654977" lon="82.392352">
        <ele>3207.0</ele>
      </trkpt>
      <trkpt lat="42.5654006" lon="82.3923579">
        <ele>3218.0</ele>
      </trkpt>
      <trkpt lat="42.565317" lon="82.3923047">
        <ele>3218.0</ele>
      </trkpt>
      <trkpt lat="42.5652286" lon="82.3922598">
        <ele>3218.0</ele>
      </trkpt>
      <trkpt lat="42.5651458" lon="82.3922049">
        <ele>3218.0</ele>
      </trkpt>
      <trkpt lat="42.5650704" lon="82.3921306">
        <ele>3229.0</ele>
      </trkpt>
      <trkpt lat="42.5649972" lon="82.3920443">
        <ele>3222.0</ele>
      </trkpt>
      <trkpt lat="42.5649195" lon="82.3919722">
        <ele>3222.0</ele>
      </trkpt>
      <trkpt lat="42.5648429" lon="82.3918947">
        <ele>3235.0</ele>
      </trkpt>
      <trkpt lat="42.5647828" lon="82.3917908">
        <ele>3235.0</ele>
      </trkpt>
      <trkpt lat="42.5647205" lon="82.3916726">
        <ele>3235.0</ele>
      </trkpt>
      <trkpt lat="42.5646948" lon="82.3915433">
        <ele>3235.0</ele>
      </trkpt>
      <trkpt lat="42.5646697" lon="82.3914176">
        <ele>3237.0</ele>
      </trkpt>
      <trkpt lat="42.564626" lon="82.3913093">
        <ele>3237.0</ele>
      </trkpt>
      <trkpt lat="42.5645711" lon="82.3912088">
        <ele>3254.0</ele>
      </trkpt>
      <trkpt lat="42.5644953" lon="82.3911089">
        <ele>3254.0</ele>
      </trkpt>
      <trkpt lat="42.5644573" lon="82.3909885">
        <ele>3254.0</ele>
      </trkpt>
      <trkpt lat="42.564399" lon="82.3908919">
        <ele>3267.0</ele>
      </trkpt>
      <trkpt lat="42.5643168" lon="82.3908366">
        <ele>3267.0</ele>
      </trkpt>
      <trkpt lat="42.5642257" lon="82.3907908">
        <ele>3274.0</ele>
      </trkpt>
      <trkpt lat="42.5641379" lon="82.3907467">
        <ele>3274.0</ele>
      </trkpt>
      <trkpt lat="42.5640477" lon="82.3907189">
        <ele>3274.0</ele>
      </trkpt>
      <trkpt lat="42.563953" lon="82.3907383">
        <ele>3279.0</ele>
      </trkpt>
      <trkpt lat="42.5638626" lon="82.3907165">
        <ele>3279.0</ele>
      </trkpt>
      <trkpt lat="42.5637689" lon="82.3906935">
        <ele>3287.0</ele>
      </trkpt>
      <trkpt lat="42.5636798" lon="82.3906373">
        <ele>3282.0</ele>
      </trkpt>
      <trkpt lat="42.5635863" lon="82.3906324">
        <ele>3282.0</ele>
      </trkpt>
      <trkpt lat="42.5634967" lon="82.3905946">
        <ele>3282.0</ele>
      </trkpt>
      <trkpt lat="42.5634285" lon="82.3904962">
        <ele>3281.0</ele>
      </trkpt>
      <trkpt lat="42.5634257" lon="82.3903776">
        <ele>3281.0</ele>
      </trkpt>
      <trkpt lat="42.5634033" lon="82.3902583">
        <ele>3281.0</ele>
      </trkpt>
      <trkpt lat="42.5633739" lon="82.3901393">
        <ele>3281.0</ele>
      </trkpt>
      <trkpt lat="42.5633262" lon="82.3900326">
        <ele>3283.0</ele>
      </trkpt>
      <trkpt lat="42.563257" lon="82.3899464">
        <ele>3283.0</ele>
      </trkpt>
      <trkpt lat="42.5631774" lon="82.3898697">
        <ele>3281.0</ele>
      </trkpt>
      <trkpt lat="42.5631291" lon="82.3897617">
        <ele>3278.0</ele>
      </trkpt>
      <trkpt lat="42.5630999" lon="82.3896455">
        <ele>3278.0</ele>
      </trkpt>
      <trkpt lat="42.5630949" lon="82.3895199">
        <ele>3281.0</ele>
      </trkpt>
      <trkpt lat="42.5631211" lon="82.3893986">
        <ele>3281.0</ele>
      </trkpt>
      <trkpt lat="42.5631552" lon="82.3892765">
        <ele>3285.0</ele>
      </trkpt>
      <trkpt lat="42.5631549" lon="82.3891412">
        <ele>3285.0</ele>
      </trkpt>
      <trkpt lat="42.5631442" lon="82.3890013">
        <ele>3297.0</ele>
      </trkpt>
      <trkpt lat="42.5631472" lon="82.3888627">
        <ele>3297.0</ele>
      </trkpt>
      <trkpt lat="42.5631355" lon="82.3887271">
        <ele>3297.0</ele>
      </trkpt>
      <trkpt lat="42.5630974" lon="82.3886125">
        <ele>3297.0</ele>
      </trkpt>
      <trkpt lat="42.5630432" lon="82.3885042">
        <ele>3297.0</ele>
      </trkpt>
      <trkpt lat="42.5629812" lon="82.3883966">
        <ele>3295.0</ele>
      </trkpt>
      <trkpt lat="42.5629285" lon="82.3882862">
        <ele>3295.0</ele>
      </trkpt>
      <trkpt lat="42.5629072" lon="82.3881582">
        <ele>3294.0</ele>
      </trkpt>
      <trkpt lat="42.5628709" lon="82.3880446">
        <ele>3294.0</ele>
      </trkpt>
      <trkpt lat="42.5628237" lon="82.3879404">
        <ele>3294.0</ele>
      </trkpt>
      <trkpt lat="42.562785" lon="82.3878281">
        <ele>3298.0</ele>
      </trkpt>
      <trkpt lat="42.5627442" lon="82.3877142">
        <ele>3298.0</ele>
      </trkpt>
      <trkpt lat="42.5626901" lon="82.3876072">
        <ele>3299.0</ele>
      </trkpt>
      <trkpt lat="42.5626172" lon="82.3875196">
        <ele>3289.0</ele>
      </trkpt>
      <trkpt lat="42.5625303" lon="82.3874404">
        <ele>3289.0</ele>
      </trkpt>
      <trkpt lat="42.5624561" lon="82.3873619">
        <ele>3289.0</ele>
      </trkpt>
      <trkpt lat="42.5623849" lon="82.3872798">
        <ele>3291.0</ele>
      </trkpt>
      <trkpt lat="42.5623047" lon="82.3872155">
        <ele>3282.0</ele>
      </trkpt>
      <trkpt lat="42.5622132" lon="82.3871655">
        <ele>3282.0</ele>
      </trkpt>
      <trkpt lat="42.5621333" lon="82.3870934">
        <ele>3282.0</ele>
      </trkpt>
      <trkpt lat="42.5620809" lon="82.3869841">
        <ele>3280.0</ele>
      </trkpt>
      <trkpt lat="42.5620716" lon="82.3868414">
        <ele>3280.0</ele>
      </trkpt>
      <trkpt lat="42.5620055" lon="82.3867474">
        <ele>3288.0</ele>
      </trkpt>
      <trkpt lat="42.5619392" lon="82.386658">
        <ele>3288.0</ele>
      </trkpt>
      <trkpt lat="42.5618511" lon="82.3866112">
        <ele>3288.0</ele>
      </trkpt>
      <trkpt lat="42.5617676" lon="82.3866798">
        <ele>3285.0</ele>
      </trkpt>
      <trkpt lat="42.5616807" lon="82.3867422">
        <ele>3285.0</ele>
      </trkpt>
      <trkpt lat="42.561592" lon="82.3867908">
        <ele>3285.0</ele>
      </trkpt>
      <trkpt lat="42.5614989" lon="82.3867905">
        <ele>3291.0</ele>
      </trkpt>
      <trkpt lat="42.5613964" lon="82.3867705">
        <ele>3291.0</ele>
      </trkpt>
      <trkpt lat="42.5612997" lon="82.3867131">
        <ele>3291.0</ele>
      </trkpt>
      <trkpt lat="42.561212" lon="82.386659">
        <ele>3288.0</ele>
      </trkpt>
      <trkpt lat="42.5611172" lon="82.3866328">
        <ele>3288.0</ele>
      </trkpt>
      <trkpt lat="42.5610223" lon="82.3866167">
        <ele>3288.0</ele>
      </trkpt>
      <trkpt lat="42.5609333" lon="82.3865846">
        <ele>3282.0</ele>
      </trkpt>
      <trkpt lat="42.5608585" lon="82.3865721">
        <ele>3282.0</ele>
      </trkpt>
      <trkpt lat="42.5608611" lon="82.3866725">
        <ele>3282.0</ele>
      </trkpt>
      <trkpt lat="42.5608604" lon="82.386811">
        <ele>3277.0</ele>
      </trkpt>
      <trkpt lat="42.560849" lon="82.386912">
        <ele>3277.0</ele>
      </trkpt>
      <trkpt lat="42.5607799" lon="82.3869565">
        <ele>3277.0</ele>
      </trkpt>
      <trkpt lat="42.5607063" lon="82.3868938">
        <ele>3277.0</ele>
      </trkpt>
      <trkpt lat="42.5606169" lon="82.3868502">
        <ele>3275.0</ele>
      </trkpt>
      <trkpt lat="42.5605199" lon="82.3867803">
        <ele>3278.0</ele>
      </trkpt>
      <trkpt lat="42.5604236" lon="82.3867462">
        <ele>3278.0</ele>
      </trkpt>
      <trkpt lat="42.5603224" lon="82.3867289">
        <ele>3281.0</ele>
      </trkpt>
      <trkpt lat="42.5602258" lon="82.3867151">
        <ele>3281.0</ele>
      </trkpt>
      <trkpt lat="42.5601343" lon="82.3866637">
        <ele>3283.0</ele>
      </trkpt>
      <trkpt lat="42.5600419" lon="82.3866334">
        <ele>3283.0</ele>
      </trkpt>
      <trkpt lat="42.5599504" lon="82.3866205">
        <ele>3283.0</ele>
      </trkpt>
      <trkpt lat="42.5598477" lon="82.3866093">
        <ele>3281.0</ele>
      </trkpt>
      <trkpt lat="42.559754" lon="82.3865945">
        <ele>3281.0</ele>
      </trkpt>
      <trkpt lat="42.5596665" lon="82.386554">
        <ele>3281.0</ele>
      </trkpt>
      <trkpt lat="42.5595838" lon="82.3864982">
        <ele>3284.0</ele>
      </trkpt>
      <trkpt lat="42.5595398" lon="82.3865704">
        <ele>3286.0</ele>
      </trkpt>
      <trkpt lat="42.559478" lon="82.3866537">
        <ele>3286.0</ele>
      </trkpt>
      <trkpt lat="42.5593995" lon="82.3866378">
        <ele>3286.0</ele>
      </trkpt>
      <trkpt lat="42.5593145" lon="82.386584">
        <ele>3286.0</ele>
      </trkpt>
      <trkpt lat="42.5592186" lon="82.3865488">
        <ele>3292.0</ele>
      </trkpt>
      <trkpt lat="42.5591217" lon="82.3865182">
        <ele>3288.0</ele>
      </trkpt>
      <trkpt lat="42.5590284" lon="82.3865088">
        <ele>3288.0</ele>
      </trkpt>
      <trkpt lat="42.5589441" lon="82.3864424">
        <ele>3293.0</ele>
      </trkpt>
      <trkpt lat="42.5588576" lon="82.3863817">
        <ele>3293.0</ele>
      </trkpt>
      <trkpt lat="42.5587674" lon="82.3863116">
        <ele>3293.0</ele>
      </trkpt>
      <trkpt lat="42.5587424" lon="82.3862957">
        <ele>3306.0</ele>
      </trkpt>
      <trkpt lat="42.5586758" lon="82.3863558">
        <ele>3306.0</ele>
      </trkpt>
      <trkpt lat="42.5585829" lon="82.3863715">
        <ele>3306.0</ele>
      </trkpt>
      <trkpt lat="42.5584822" lon="82.3863612">
        <ele>3306.0</ele>
      </trkpt>
      <trkpt lat="42.5583932" lon="82.386324">
        <ele>3316.0</ele>
      </trkpt>
      <trkpt lat="42.5583004" lon="82.3863214">
        <ele>3316.0</ele>
      </trkpt>
      <trkpt lat="42.5581971" lon="82.3863344">
        <ele>3316.0</ele>
      </trkpt>
      <trkpt lat="42.5581161" lon="82.3862771">
        <ele>3326.0</ele>
      </trkpt>
      <trkpt lat="42.5580305" lon="82.3862317">
        <ele>3332.0</ele>
      </trkpt>
      <trkpt lat="42.5579432" lon="82.3862549">
        <ele>3326.0</ele>
      </trkpt>
      <trkpt lat="42.5579215" lon="82.3862761">
        <ele>3326.0</ele>
      </trkpt>
      <trkpt lat="42.5578792" lon="82.3863605">
        <ele>3336.0</ele>
      </trkpt>
      <trkpt lat="42.5577863" lon="82.3863477">
        <ele>3336.0</ele>
      </trkpt>
      <trkpt lat="42.5577078" lon="82.3864136">
        <ele>3336.0</ele>
      </trkpt>
      <trkpt lat="42.5576351" lon="82.3864903">
        <ele>3344.0</ele>
      </trkpt>
      <trkpt lat="42.5575683" lon="82.3865793">
        <ele>3345.0</ele>
      </trkpt>
      <trkpt lat="42.5575188" lon="82.3866857">
        <ele>3345.0</ele>
      </trkpt>
      <trkpt lat="42.5574687" lon="82.3867999">
        <ele>3345.0</ele>
      </trkpt>
      <trkpt lat="42.5574115" lon="82.3869078">
        <ele>3351.0</ele>
      </trkpt>
      <trkpt lat="42.5573592" lon="82.3870187">
        <ele>3356.0</ele>
      </trkpt>
      <trkpt lat="42.5572754" lon="82.3870707">
        <ele>3356.0</ele>
      </trkpt>
      <trkpt lat="42.5573018" lon="82.3871874">
        <ele>3369.0</ele>
      </trkpt>
      <trkpt lat="42.5572551" lon="82.3872874">
        <ele>3369.0</ele>
      </trkpt>
      <trkpt lat="42.5572138" lon="82.3873983">
        <ele>3379.0</ele>
      </trkpt>
      <trkpt lat="42.5571653" lon="82.3875067">
        <ele>3379.0</ele>
      </trkpt>
      <trkpt lat="42.5571242" lon="82.3876249">
        <ele>3379.0</ele>
      </trkpt>
      <trkpt lat="42.5570971" lon="82.3877444">
        <ele>3387.0</ele>
      </trkpt>
      <trkpt lat="42.5570755" lon="82.3878702">
        <ele>3386.0</ele>
      </trkpt>
      <trkpt lat="42.5570353" lon="82.3879911">
        <ele>3392.0</ele>
      </trkpt>
      <trkpt lat="42.5569907" lon="82.3881042">
        <ele>3392.0</ele>
      </trkpt>
      <trkpt lat="42.5569652" lon="82.3882309">
        <ele>3392.0</ele>
      </trkpt>
      <trkpt lat="42.5569113" lon="82.3883294">
        <ele>3392.0</ele>
      </trkpt>
      <trkpt lat="42.556864" lon="82.3884343">
        <ele>3392.0</ele>
      </trkpt>
      <trkpt lat="42.5568018" lon="82.3885296">
        <ele>3405.0</ele>
      </trkpt>
      <trkpt lat="42.5567556" lon="82.3886408">
        <ele>3405.0</ele>
      </trkpt>
      <trkpt lat="42.5566732" lon="82.3886747">
        <ele>3405.0</ele>
      </trkpt>
      <trkpt lat="42.5565925" lon="82.3887289">
        <ele>3405.0</ele>
      </trkpt>
      <trkpt lat="42.5565023" lon="82.3887439">
        <ele>3423.0</ele>
      </trkpt>
      <trkpt lat="42.5564148" lon="82.3887781">
        <ele>3423.0</ele>
      </trkpt>
      <trkpt lat="42.5563262" lon="82.3888321">
        <ele>3423.0</ele>
      </trkpt>
      <trkpt lat="42.556238" lon="82.3888822">
        <ele>3445.0</ele>
      </trkpt>
      <trkpt lat="42.5561442" lon="82.3888725">
        <ele>3445.0</ele>
      </trkpt>
      <trkpt lat="42.5560575" lon="82.3889121">
        <ele>3445.0</ele>
      </trkpt>
      <trkpt lat="42.5559654" lon="82.3888859">
        <ele>3451.0</ele>
      </trkpt>
      <trkpt lat="42.5559445" lon="82.3888748">
        <ele>3451.0</ele>
      </trkpt>
      <trkpt lat="42.5558799" lon="82.3889375">
        <ele>3451.0</ele>
      </trkpt>
      <trkpt lat="42.555804" lon="82.3890052">
        <ele>3451.0</ele>
      </trkpt>
      <trkpt lat="42.5557205" lon="82.3890543">
        <ele>3457.0</ele>
      </trkpt>
      <trkpt lat="42.5556328" lon="82.3889992">
        <ele>3462.0</ele>
      </trkpt>
      <trkpt lat="42.5555901" lon="82.3888834">
        <ele>3462.0</ele>
      </trkpt>
      <trkpt lat="42.5555519" lon="82.388771">
        <ele>3462.0</ele>
      </trkpt>
      <trkpt lat="42.5555083" lon="82.3886584">
        <ele>3463.0</ele>
      </trkpt>
      <trkpt lat="42.5555014" lon="82.3885375">
        <ele>3463.0</ele>
      </trkpt>
      <trkpt lat="42.555527" lon="82.388413">
        <ele>3468.0</ele>
      </trkpt>
      <trkpt lat="42.5556404" lon="82.3883516">
        <ele>3468.0</ele>
      </trkpt>
      <trkpt lat="42.5555337" lon="82.3883217">
        <ele>3468.0</ele>
      </trkpt>
      <trkpt lat="42.555433" lon="82.3882957">
        <ele>3468.0</ele>
      </trkpt>
      <trkpt lat="42.5553491" lon="82.3882369">
        <ele>3471.0</ele>
      </trkpt>
      <trkpt lat="42.5552721" lon="82.388172">
        <ele>3471.0</ele>
      </trkpt>
      <trkpt lat="42.5552102" lon="82.3880712">
        <ele>3471.0</ele>
      </trkpt>
      <trkpt lat="42.5551626" lon="82.3879463">
        <ele>3471.0</ele>
      </trkpt>
      <trkpt lat="42.5550726" lon="82.3878999">
        <ele>3475.0</ele>
      </trkpt>
      <trkpt lat="42.5550296" lon="82.3879913">
        <ele>3474.0</ele>
      </trkpt>
      <trkpt lat="42.5549472" lon="82.3880412">
        <ele>3474.0</ele>
      </trkpt>
      <trkpt lat="42.5548757" lon="82.3881273">
        <ele>3474.0</ele>
      </trkpt>
      <trkpt lat="42.5548251" lon="82.3881308">
        <ele>3479.0</ele>
      </trkpt>
      <trkpt lat="42.5547543" lon="82.388186">
        <ele>3479.0</ele>
      </trkpt>
      <trkpt lat="42.5546703" lon="82.3882527">
        <ele>3476.0</ele>
      </trkpt>
      <trkpt lat="42.5545779" lon="82.3882463">
        <ele>3484.0</ele>
      </trkpt>
      <trkpt lat="42.55448" lon="82.3882249">
        <ele>3484.0</ele>
      </trkpt>
      <trkpt lat="42.5543829" lon="82.3881611">
        <ele>3483.0</ele>
      </trkpt>
      <trkpt lat="42.5542887" lon="82.3881282">
        <ele>3497.0</ele>
      </trkpt>
      <trkpt lat="42.5542023" lon="82.3881723">
        <ele>3497.0</ele>
      </trkpt>
      <trkpt lat="42.5541097" lon="82.3882192">
        <ele>3495.0</ele>
      </trkpt>
      <trkpt lat="42.554012" lon="82.3882478">
        <ele>3501.0</ele>
      </trkpt>
      <trkpt lat="42.5539225" lon="82.3882106">
        <ele>3501.0</ele>
      </trkpt>
      <trkpt lat="42.5538379" lon="82.3881428">
        <ele>3511.0</ele>
      </trkpt>
      <trkpt lat="42.5537644" lon="82.3880501">
        <ele>3511.0</ele>
      </trkpt>
      <trkpt lat="42.5536759" lon="82.3880201">
        <ele>3522.0</ele>
      </trkpt>
      <trkpt lat="42.5535848" lon="82.3880078">
        <ele>3522.0</ele>
      </trkpt>
      <trkpt lat="42.553495" lon="82.3880279">
        <ele>3522.0</ele>
      </trkpt>
      <trkpt lat="42.5534067" lon="82.3880011">
        <ele>3526.0</ele>
      </trkpt>
      <trkpt lat="42.5533216" lon="82.3879259">
        <ele>3526.0</ele>
      </trkpt>
      <trkpt lat="42.5532395" lon="82.387849">
        <ele>3534.0</ele>
      </trkpt>
      <trkpt lat="42.5531632" lon="82.3877651">
        <ele>3539.0</ele>
      </trkpt>
      <trkpt lat="42.5531156" lon="82.3876448">
        <ele>3539.0</ele>
      </trkpt>
      <trkpt lat="42.5531028" lon="82.3875048">
        <ele>3542.0</ele>
      </trkpt>
      <trkpt lat="42.5530452" lon="82.3873843">
        <ele>3542.0</ele>
      </trkpt>
      <trkpt lat="42.5529784" lon="82.3872792">
        <ele>3544.0</ele>
      </trkpt>
      <trkpt lat="42.5529216" lon="82.3871719">
        <ele>3544.0</ele>
      </trkpt>
      <trkpt lat="42.5528415" lon="82.3871027">
        <ele>3548.0</ele>
      </trkpt>
      <trkpt lat="42.5527529" lon="82.3870469">
        <ele>3551.0</ele>
      </trkpt>
      <trkpt lat="42.5526977" lon="82.3870105">
        <ele>3551.0</ele>
      </trkpt>
      <trkpt lat="42.5526451" lon="82.386928">
        <ele>3551.0</ele>
      </trkpt>
      <trkpt lat="42.5526028" lon="82.386819">
        <ele>3558.0</ele>
      </trkpt>
      <trkpt lat="42.5525341" lon="82.3867411">
        <ele>3562.0</ele>
      </trkpt>
      <trkpt lat="42.5524388" lon="82.3867289">
        <ele>3562.0</ele>
      </trkpt>
      <trkpt lat="42.5523444" lon="82.3867018">
        <ele>3564.0</ele>
      </trkpt>
      <trkpt lat="42.5522489" lon="82.3866962">
        <ele>3564.0</ele>
      </trkpt>
      <trkpt lat="42.5521571" lon="82.3866824">
        <ele>3564.0</ele>
      </trkpt>
      <trkpt lat="42.5520635" lon="82.3866497">
        <ele>3565.0</ele>
      </trkpt>
      <trkpt lat="42.5519689" lon="82.3866772">
        <ele>3565.0</ele>
      </trkpt>
      <trkpt lat="42.5518906" lon="82.3867571">
        <ele>3565.0</ele>
      </trkpt>
      <trkpt lat="42.5518406" lon="82.386705">
        <ele>3565.0</ele>
      </trkpt>
      <trkpt lat="42.5517717" lon="82.3866333">
        <ele>3570.0</ele>
      </trkpt>
      <trkpt lat="42.551684" lon="82.3865644">
        <ele>3570.0</ele>
      </trkpt>
      <trkpt lat="42.5516355" lon="82.386461">
        <ele>3577.0</ele>
      </trkpt>
      <trkpt lat="42.5515454" lon="82.3864646">
        <ele>3577.0</ele>
      </trkpt>
      <trkpt lat="42.5514595" lon="82.3863975">
        <ele>3587.0</ele>
      </trkpt>
      <trkpt lat="42.5513649" lon="82.3864151">
        <ele>3587.0</ele>
      </trkpt>
      <trkpt lat="42.5512931" lon="82.3863341">
        <ele>3587.0</ele>
      </trkpt>
      <trkpt lat="42.5512318" lon="82.3862351">
        <ele>3598.0</ele>
      </trkpt>
      <trkpt lat="42.5511609" lon="82.3861517">
        <ele>3598.0</ele>
      </trkpt>
      <trkpt lat="42.5511512" lon="82.3860319">
        <ele>3598.0</ele>
      </trkpt>
      <trkpt lat="42.5510968" lon="82.3859464">
        <ele>3607.0</ele>
      </trkpt>
      <trkpt lat="42.5510302" lon="82.3858363">
        <ele>3607.0</ele>
      </trkpt>
      <trkpt lat="42.5509984" lon="82.3857097">
        <ele>3607.0</ele>
      </trkpt>
      <trkpt lat="42.5509819" lon="82.3855798">
        <ele>3614.0</ele>
      </trkpt>
      <trkpt lat="42.5510122" lon="82.3854617">
        <ele>3614.0</ele>
      </trkpt>
      <trkpt lat="42.5510791" lon="82.3853689">
        <ele>3617.0</ele>
      </trkpt>
      <trkpt lat="42.5511629" lon="82.3853011">
        <ele>3617.0</ele>
      </trkpt>
      <trkpt lat="42.5512423" lon="82.3852136">
        <ele>3617.0</ele>
      </trkpt>
      <trkpt lat="42.5511701" lon="82.385151">
        <ele>3617.0</ele>
      </trkpt>
      <trkpt lat="42.5510789" lon="82.3851405">
        <ele>3617.0</ele>
      </trkpt>
      <trkpt lat="42.5510687" lon="82.3850328">
        <ele>3624.0</ele>
      </trkpt>
      <trkpt lat="42.5510345" lon="82.3849076">
        <ele>3624.0</ele>
      </trkpt>
      <trkpt lat="42.5509491" lon="82.3848689">
        <ele>3626.0</ele>
      </trkpt>
      <trkpt lat="42.5508452" lon="82.3848775">
        <ele>3626.0</ele>
      </trkpt>
      <trkpt lat="42.5507502" lon="82.3849179">
        <ele>3626.0</ele>
      </trkpt>
      <trkpt lat="42.5506781" lon="82.3850089">
        <ele>3629.0</ele>
      </trkpt>
      <trkpt lat="42.5506344" lon="82.3851211">
        <ele>3629.0</ele>
      </trkpt>
      <trkpt lat="42.5505548" lon="82.3851414">
        <ele>3633.0</ele>
      </trkpt>
      <trkpt lat="42.5504775" lon="82.3850776">
        <ele>3629.0</ele>
      </trkpt>
      <trkpt lat="42.5504345" lon="82.3851418">
        <ele>3633.0</ele>
      </trkpt>
      <trkpt lat="42.5503539" lon="82.3851552">
        <ele>3640.0</ele>
      </trkpt>
      <trkpt lat="42.5502509" lon="82.3851587">
        <ele>3640.0</ele>
      </trkpt>
      <trkpt lat="42.5501516" lon="82.3851564">
        <ele>3640.0</ele>
      </trkpt>
      <trkpt lat="42.5500528" lon="82.3851565">
        <ele>3648.0</ele>
      </trkpt>
      <trkpt lat="42.5499692" lon="82.3851121">
        <ele>3636.0</ele>
      </trkpt>
      <trkpt lat="42.5498804" lon="82.3850887">
        <ele>3636.0</ele>
      </trkpt>
      <trkpt lat="42.549789" lon="82.385068">
        <ele>3648.0</ele>
      </trkpt>
      <trkpt lat="42.5497505" lon="82.3851549">
        <ele>3658.0</ele>
      </trkpt>
      <trkpt lat="42.5496873" lon="82.3851419">
        <ele>3658.0</ele>
      </trkpt>
      <trkpt lat="42.5496308" lon="82.3852277">
        <ele>3658.0</ele>
      </trkpt>
      <trkpt lat="42.5495358" lon="82.3852152">
        <ele>3670.0</ele>
      </trkpt>
      <trkpt lat="42.5494669" lon="82.3852878">
        <ele>3670.0</ele>
      </trkpt>
      <trkpt lat="42.5493808" lon="82.3853207">
        <ele>3670.0</ele>
      </trkpt>
      <trkpt lat="42.5493222" lon="82.3854235">
        <ele>3682.0</ele>
      </trkpt>
      <trkpt lat="42.5492896" lon="82.3855393">
        <ele>3699.0</ele>
      </trkpt>
      <trkpt lat="42.5492043" lon="82.3854799">
        <ele>3699.0</ele>
      </trkpt>
      <trkpt lat="42.5491613" lon="82.3855937">
        <ele>3699.0</ele>
      </trkpt>
      <trkpt lat="42.549072" lon="82.3856271">
        <ele>3699.0</ele>
      </trkpt>
      <trkpt lat="42.5490581" lon="82.3857408">
        <ele>3706.0</ele>
      </trkpt>
      <trkpt lat="42.5490199" lon="82.3858558">
        <ele>3718.0</ele>
      </trkpt>
      <trkpt lat="42.5489764" lon="82.3859774">
        <ele>3724.0</ele>
      </trkpt>
      <trkpt lat="42.5489679" lon="82.385993">
        <ele>3724.0</ele>
      </trkpt>
      <trkpt lat="42.548935" lon="82.3860899">
        <ele>3724.0</ele>
      </trkpt>
      <trkpt lat="42.5489067" lon="82.3862158">
        <ele>3724.0</ele>
      </trkpt>
      <trkpt lat="42.5488107" lon="82.3862636">
        <ele>3737.0</ele>
      </trkpt>
      <trkpt lat="42.5487672" lon="82.3863714">
        <ele>3737.0</ele>
      </trkpt>
      <trkpt lat="42.5487606" lon="82.3864944">
        <ele>3737.0</ele>
      </trkpt>
      <trkpt lat="42.5487393" lon="82.3866169">
        <ele>3751.0</ele>
      </trkpt>
      <trkpt lat="42.5486996" lon="82.3867339">
        <ele>3751.0</ele>
      </trkpt>
      <trkpt lat="42.5486467" lon="82.386837">
        <ele>3762.0</ele>
      </trkpt>
      <trkpt lat="42.5485927" lon="82.386937">
        <ele>3762.0</ele>
      </trkpt>
      <trkpt lat="42.5485327" lon="82.3870292">
        <ele>3762.0</ele>
      </trkpt>
      <trkpt lat="42.5485375" lon="82.3871574">
        <ele>3774.0</ele>
      </trkpt>
      <trkpt lat="42.5484689" lon="82.3872398">
        <ele>3770.0</ele>
      </trkpt>
      <trkpt lat="42.5484991" lon="82.3873559">
        <ele>3774.0</ele>
      </trkpt>
      <trkpt lat="42.5484253" lon="82.387434">
        <ele>3786.0</ele>
      </trkpt>
      <trkpt lat="42.5483576" lon="82.3875242">
        <ele>3786.0</ele>
      </trkpt>
      <trkpt lat="42.5484192" lon="82.3876141">
        <ele>3786.0</ele>
      </trkpt>
      <trkpt lat="42.5483588" lon="82.3877044">
        <ele>3798.0</ele>
      </trkpt>
      <trkpt lat="42.5483043" lon="82.3878044">
        <ele>3798.0</ele>
      </trkpt>
      <trkpt lat="42.5482541" lon="82.3879178">
        <ele>3805.0</ele>
      </trkpt>
      <trkpt lat="42.5482884" lon="82.3880307">
        <ele>3805.0</ele>
      </trkpt>
      <trkpt lat="42.5483838" lon="82.3880659">
        <ele>3805.0</ele>
      </trkpt>
      <trkpt lat="42.5484722" lon="82.3880947">
        <ele>3809.0</ele>
      </trkpt>
      <trkpt lat="42.5482559" lon="82.3880361">
        <ele>3805.0</ele>
      </trkpt>
      <trkpt lat="42.5484346" lon="82.3881424">
        <ele>3805.0</ele>
      </trkpt>
      <trkpt lat="42.5483791" lon="82.3882423">
        <ele>3813.0</ele>
      </trkpt>
      <trkpt lat="42.548348" lon="82.3882704">
        <ele>3813.0</ele>
      </trkpt>
      <trkpt lat="42.5482532" lon="82.388324">
        <ele>3813.0</ele>
      </trkpt>
      <trkpt lat="42.5481794" lon="82.3883991">
        <ele>3813.0</ele>
      </trkpt>
      <trkpt lat="42.5481064" lon="82.3884864">
        <ele>3822.0</ele>
      </trkpt>
      <trkpt lat="42.5480472" lon="82.3885854">
        <ele>3822.0</ele>
      </trkpt>
      <trkpt lat="42.548004" lon="82.3887092">
        <ele>3822.0</ele>
      </trkpt>
      <trkpt lat="42.5479721" lon="82.3888429">
        <ele>3829.0</ele>
      </trkpt>
      <trkpt lat="42.547941" lon="82.3889784">
        <ele>3829.0</ele>
      </trkpt>
      <trkpt lat="42.5479146" lon="82.3891109">
        <ele>3847.0</ele>
      </trkpt>
      <trkpt lat="42.5478963" lon="82.3892345">
        <ele>3847.0</ele>
      </trkpt>
      <trkpt lat="42.5478932" lon="82.3893656">
        <ele>3849.0</ele>
      </trkpt>
      <trkpt lat="42.5478891" lon="82.3894961">
        <ele>3849.0</ele>
      </trkpt>
      <trkpt lat="42.5479059" lon="82.3896376">
        <ele>3850.0</ele>
      </trkpt>
      <trkpt lat="42.5479183" lon="82.3897794">
        <ele>3835.0</ele>
      </trkpt>
      <trkpt lat="42.5479538" lon="82.3899125">
        <ele>3830.0</ele>
      </trkpt>
      <trkpt lat="42.5479901" lon="82.3900486">
        <ele>3830.0</ele>
      </trkpt>
      <trkpt lat="42.5480161" lon="82.390186">
        <ele>3828.0</ele>
      </trkpt>
      <trkpt lat="42.5480195" lon="82.3903257">
        <ele>3828.0</ele>
      </trkpt>
      <trkpt lat="42.5480192" lon="82.3904669">
        <ele>3826.0</ele>
      </trkpt>
      <trkpt lat="42.5480091" lon="82.3905976">
        <ele>3826.0</ele>
      </trkpt>
      <trkpt lat="42.5479842" lon="82.3907371">
        <ele>3822.0</ele>
      </trkpt>
      <trkpt lat="42.547967" lon="82.3908751">
        <ele>3822.0</ele>
      </trkpt>
      <trkpt lat="42.5479478" lon="82.390999">
        <ele>3817.0</ele>
      </trkpt>
      <trkpt lat="42.5479582" lon="82.3911295">
        <ele>3817.0</ele>
      </trkpt>
      <trkpt lat="42.5479661" lon="82.3912252">
        <ele>3817.0</ele>
      </trkpt>
      <trkpt lat="42.5479491" lon="82.3913576">
        <ele>3814.0</ele>
      </trkpt>
      <trkpt lat="42.5478982" lon="82.3914962">
        <ele>3812.0</ele>
      </trkpt>
      <trkpt lat="42.5479017" lon="82.3915809">
        <ele>3810.0</ele>
      </trkpt>
      <trkpt lat="42.5479172" lon="82.3916991">
        <ele>3813.0</ele>
      </trkpt>
      <trkpt lat="42.547941" lon="82.3918209">
        <ele>3814.0</ele>
      </trkpt>
      <trkpt lat="42.5479864" lon="82.3919499">
        <ele>3814.0</ele>
      </trkpt>
      <trkpt lat="42.5480437" lon="82.3920723">
        <ele>3814.0</ele>
      </trkpt>
      <trkpt lat="42.5480866" lon="82.3921891">
        <ele>3811.0</ele>
      </trkpt>
      <trkpt lat="42.5481493" lon="82.3923048">
        <ele>3811.0</ele>
      </trkpt>
      <trkpt lat="42.5482109" lon="82.3924208">
        <ele>3827.0</ele>
      </trkpt>
      <trkpt lat="42.5482702" lon="82.3925107">
        <ele>3827.0</ele>
      </trkpt>
      <trkpt lat="42.5483161" lon="82.3926146">
        <ele>3827.0</ele>
      </trkpt>
      <trkpt lat="42.5483427" lon="82.392739">
        <ele>3824.0</ele>
      </trkpt>
      <trkpt lat="42.5483247" lon="82.3928677">
        <ele>3824.0</ele>
      </trkpt>
      <trkpt lat="42.548296" lon="82.3930027">
        <ele>3815.0</ele>
      </trkpt>
      <trkpt lat="42.548255" lon="82.3931364">
        <ele>3815.0</ele>
      </trkpt>
      <trkpt lat="42.5482125" lon="82.3932575">
        <ele>3815.0</ele>
      </trkpt>
      <trkpt lat="42.5481647" lon="82.3933662">
        <ele>3786.0</ele>
      </trkpt>
      <trkpt lat="42.5481123" lon="82.3934663">
        <ele>3786.0</ele>
      </trkpt>
      <trkpt lat="42.5480765" lon="82.3935808">
        <ele>3788.0</ele>
      </trkpt>
      <trkpt lat="42.5480342" lon="82.3937041">
        <ele>3788.0</ele>
      </trkpt>
      <trkpt lat="42.548001" lon="82.3938321">
        <ele>3781.0</ele>
      </trkpt>
      <trkpt lat="42.5479872" lon="82.3939732">
        <ele>3781.0</ele>
      </trkpt>
      <trkpt lat="42.5479483" lon="82.3941052">
        <ele>3777.0</ele>
      </trkpt>
      <trkpt lat="42.5479035" lon="82.3942336">
        <ele>3763.0</ele>
      </trkpt>
      <trkpt lat="42.5478434" lon="82.3943466">
        <ele>3765.0</ele>
      </trkpt>
      <trkpt lat="42.5477793" lon="82.3944559">
        <ele>3765.0</ele>
      </trkpt>
      <trkpt lat="42.5477301" lon="82.3945655">
        <ele>3765.0</ele>
      </trkpt>
      <trkpt lat="42.5477041" lon="82.3946881">
        <ele>3758.0</ele>
      </trkpt>
      <trkpt lat="42.5476695" lon="82.3948104">
        <ele>3758.0</ele>
      </trkpt>
      <trkpt lat="42.5476325" lon="82.394937">
        <ele>3739.0</ele>
      </trkpt>
      <trkpt lat="42.5476005" lon="82.3950582">
        <ele>3739.0</ele>
      </trkpt>
      <trkpt lat="42.5475742" lon="82.39518">
        <ele>3739.0</ele>
      </trkpt>
      <trkpt lat="42.5475372" lon="82.3952914">
        <ele>3739.0</ele>
      </trkpt>
      <trkpt lat="42.5475001" lon="82.3954055">
        <ele>3739.0</ele>
      </trkpt>
      <trkpt lat="42.5474534" lon="82.3955132">
        <ele>3739.0</ele>
      </trkpt>
      <trkpt lat="42.5473931" lon="82.3956046">
        <ele>3739.0</ele>
      </trkpt>
      <trkpt lat="42.5473268" lon="82.3955496">
        <ele>3718.0</ele>
      </trkpt>
      <trkpt lat="42.5472396" lon="82.3955209">
        <ele>3718.0</ele>
      </trkpt>
      <trkpt lat="42.5471652" lon="82.3955758">
        <ele>3718.0</ele>
      </trkpt>
      <trkpt lat="42.5471061" lon="82.3956856">
        <ele>3718.0</ele>
      </trkpt>
      <trkpt lat="42.5470547" lon="82.3957996">
        <ele>3699.0</ele>
      </trkpt>
      <trkpt lat="42.547" lon="82.3959037">
        <ele>3699.0</ele>
      </trkpt>
      <trkpt lat="42.5469318" lon="82.3959847">
        <ele>3706.0</ele>
      </trkpt>
      <trkpt lat="42.5468509" lon="82.3960514">
        <ele>3706.0</ele>
      </trkpt>
      <trkpt lat="42.5467713" lon="82.3961298">
        <ele>3688.0</ele>
      </trkpt>
      <trkpt lat="42.5466917" lon="82.3961988">
        <ele>3688.0</ele>
      </trkpt>
      <trkpt lat="42.5466189" lon="82.3962732">
        <ele>3690.0</ele>
      </trkpt>
      <trkpt lat="42.5465374" lon="82.3963474">
        <ele>3690.0</ele>
      </trkpt>
      <trkpt lat="42.5464565" lon="82.3964199">
        <ele>3680.0</ele>
      </trkpt>
      <trkpt lat="42.5463744" lon="82.3964833">
        <ele>3680.0</ele>
      </trkpt>
      <trkpt lat="42.5462885" lon="82.3965342">
        <ele>3683.0</ele>
      </trkpt>
      <trkpt lat="42.5462055" lon="82.396593">
        <ele>3667.0</ele>
      </trkpt>
      <trkpt lat="42.5461277" lon="82.3966662">
        <ele>3667.0</ele>
      </trkpt>
      <trkpt lat="42.5460417" lon="82.3967332">
        <ele>3667.0</ele>
      </trkpt>
      <trkpt lat="42.5459492" lon="82.3967649">
        <ele>3658.0</ele>
      </trkpt>
      <trkpt lat="42.5458842" lon="82.3968513">
        <ele>3652.0</ele>
      </trkpt>
      <trkpt lat="42.5458247" lon="82.396951">
        <ele>3652.0</ele>
      </trkpt>
      <trkpt lat="42.5457796" lon="82.39707">
        <ele>3652.0</ele>
      </trkpt>
      <trkpt lat="42.5457347" lon="82.3971858">
        <ele>3659.0</ele>
      </trkpt>
      <trkpt lat="42.5456541" lon="82.3972414">
        <ele>3649.0</ele>
      </trkpt>
      <trkpt lat="42.5455628" lon="82.3972902">
        <ele>3649.0</ele>
      </trkpt>
      <trkpt lat="42.545463" lon="82.3973217">
        <ele>3649.0</ele>
      </trkpt>
      <trkpt lat="42.5453662" lon="82.3973625">
        <ele>3651.0</ele>
      </trkpt>
      <trkpt lat="42.545268" lon="82.3973945">
        <ele>3651.0</ele>
      </trkpt>
      <trkpt lat="42.5451762" lon="82.3974443">
        <ele>3651.0</ele>
      </trkpt>
      <trkpt lat="42.5450849" lon="82.3974742">
        <ele>3637.0</ele>
      </trkpt>
      <trkpt lat="42.5449922" lon="82.3974757">
        <ele>3637.0</ele>
      </trkpt>
      <trkpt lat="42.5448992" lon="82.3974697">
        <ele>3637.0</ele>
      </trkpt>
      <trkpt lat="42.5448157" lon="82.3975099">
        <ele>3620.0</ele>
      </trkpt>
      <trkpt lat="42.544797" lon="82.3976197">
        <ele>3620.0</ele>
      </trkpt>
      <trkpt lat="42.5447955" lon="82.3977505">
        <ele>3623.0</ele>
      </trkpt>
      <trkpt lat="42.5447975" lon="82.3978824">
        <ele>3623.0</ele>
      </trkpt>
      <trkpt lat="42.5447299" lon="82.3979036">
        <ele>3623.0</ele>
      </trkpt>
      <trkpt lat="42.5446448" lon="82.3978622">
        <ele>3623.0</ele>
      </trkpt>
      <trkpt lat="42.5445603" lon="82.3977879">
        <ele>3606.0</ele>
      </trkpt>
      <trkpt lat="42.5444686" lon="82.3977367">
        <ele>3606.0</ele>
      </trkpt>
      <trkpt lat="42.5443665" lon="82.3977144">
        <ele>3606.0</ele>
      </trkpt>
      <trkpt lat="42.5442724" lon="82.3977409">
        <ele>3591.0</ele>
      </trkpt>
      <trkpt lat="42.544198" lon="82.3978322">
        <ele>3591.0</ele>
      </trkpt>
      <trkpt lat="42.5441109" lon="82.3978813">
        <ele>3591.0</ele>
      </trkpt>
      <trkpt lat="42.544025" lon="82.397931">
        <ele>3575.0</ele>
      </trkpt>
      <trkpt lat="42.5439342" lon="82.3979899">
        <ele>3575.0</ele>
      </trkpt>
      <trkpt lat="42.5438357" lon="82.3980408">
        <ele>3575.0</ele>
      </trkpt>
      <trkpt lat="42.5437319" lon="82.3981059">
        <ele>3565.0</ele>
      </trkpt>
      <trkpt lat="42.5436613" lon="82.3981744">
        <ele>3565.0</ele>
      </trkpt>
      <trkpt lat="42.5435739" lon="82.3982243">
        <ele>3568.0</ele>
      </trkpt>
      <trkpt lat="42.543483" lon="82.398236">
        <ele>3568.0</ele>
      </trkpt>
      <trkpt lat="42.5433942" lon="82.3982648">
        <ele>3558.0</ele>
      </trkpt>
      <trkpt lat="42.5432757" lon="82.3983185">
        <ele>3558.0</ele>
      </trkpt>
      <trkpt lat="42.5432298" lon="82.3983031">
        <ele>3558.0</ele>
      </trkpt>
      <trkpt lat="42.5431601" lon="82.3983499">
        <ele>3549.0</ele>
      </trkpt>
      <trkpt lat="42.5430781" lon="82.3983894">
        <ele>3549.0</ele>
      </trkpt>
      <trkpt lat="42.543" lon="82.3984655">
        <ele>3549.0</ele>
      </trkpt>
      <trkpt lat="42.5429691" lon="82.3985012">
        <ele>3551.0</ele>
      </trkpt>
      <trkpt lat="42.5428995" lon="82.3985416">
        <ele>3547.0</ele>
      </trkpt>
      <trkpt lat="42.5428097" lon="82.3985237">
        <ele>3547.0</ele>
      </trkpt>
      <trkpt lat="42.5427212" lon="82.3984629">
        <ele>3544.0</ele>
      </trkpt>
      <trkpt lat="42.5426357" lon="82.3983895">
        <ele>3545.0</ele>
      </trkpt>
      <trkpt lat="42.5425576" lon="82.3983133">
        <ele>3545.0</ele>
      </trkpt>
      <trkpt lat="42.5424738" lon="82.3982491">
        <ele>3545.0</ele>
      </trkpt>
      <trkpt lat="42.5423934" lon="82.3981738">
        <ele>3547.0</ele>
      </trkpt>
      <trkpt lat="42.5423032" lon="82.3981076">
        <ele>3548.0</ele>
      </trkpt>
      <trkpt lat="42.542212" lon="82.3980643">
        <ele>3548.0</ele>
      </trkpt>
      <trkpt lat="42.5421234" lon="82.3980176">
        <ele>3548.0</ele>
      </trkpt>
      <trkpt lat="42.5420321" lon="82.3979997">
        <ele>3549.0</ele>
      </trkpt>
      <trkpt lat="42.5419391" lon="82.3980278">
        <ele>3549.0</ele>
      </trkpt>
      <trkpt lat="42.5418529" lon="82.3980079">
        <ele>3549.0</ele>
      </trkpt>
      <trkpt lat="42.541764" lon="82.3980116">
        <ele>3557.0</ele>
      </trkpt>
      <trkpt lat="42.5416685" lon="82.3979919">
        <ele>3557.0</ele>
      </trkpt>
      <trkpt lat="42.54157" lon="82.3979552">
        <ele>3557.0</ele>
      </trkpt>
      <trkpt lat="42.5414858" lon="82.397884">
        <ele>3555.0</ele>
      </trkpt>
      <trkpt lat="42.5414083" lon="82.3978038">
        <ele>3555.0</ele>
      </trkpt>
      <trkpt lat="42.5413239" lon="82.3977345">
        <ele>3555.0</ele>
      </trkpt>
      <trkpt lat="42.5412324" lon="82.3976706">
        <ele>3551.0</ele>
      </trkpt>
      <trkpt lat="42.5411424" lon="82.397611">
        <ele>3549.0</ele>
      </trkpt>
      <trkpt lat="42.5410647" lon="82.3975385">
        <ele>3549.0</ele>
      </trkpt>
      <trkpt lat="42.5409901" lon="82.3974611">
        <ele>3549.0</ele>
      </trkpt>
      <trkpt lat="42.5409302" lon="82.3973667">
        <ele>3544.0</ele>
      </trkpt>
      <trkpt lat="42.5408637" lon="82.3972743">
        <ele>3539.0</ele>
      </trkpt>
      <trkpt lat="42.5408027" lon="82.3971711">
        <ele>3539.0</ele>
      </trkpt>
      <trkpt lat="42.5407294" lon="82.3970805">
        <ele>3537.0</ele>
      </trkpt>
      <trkpt lat="42.5406402" lon="82.3970455">
        <ele>3537.0</ele>
      </trkpt>
      <trkpt lat="42.5405566" lon="82.3969804">
        <ele>3537.0</ele>
      </trkpt>
      <trkpt lat="42.5404679" lon="82.3969059">
        <ele>3537.0</ele>
      </trkpt>
      <trkpt lat="42.5403801" lon="82.3968408">
        <ele>3541.0</ele>
      </trkpt>
      <trkpt lat="42.5402831" lon="82.3967909">
        <ele>3541.0</ele>
      </trkpt>
      <trkpt lat="42.5401969" lon="82.3967304">
        <ele>3541.0</ele>
      </trkpt>
      <trkpt lat="42.540122" lon="82.3966516">
        <ele>3542.0</ele>
      </trkpt>
      <trkpt lat="42.54005" lon="82.3965732">
        <ele>3542.0</ele>
      </trkpt>
      <trkpt lat="42.5399727" lon="82.3965074">
        <ele>3547.0</ele>
      </trkpt>
      <trkpt lat="42.5398939" lon="82.3964349">
        <ele>3547.0</ele>
      </trkpt>
      <trkpt lat="42.5398299" lon="82.3963437">
        <ele>3548.0</ele>
      </trkpt>
      <trkpt lat="42.539762" lon="82.3962621">
        <ele>3548.0</ele>
      </trkpt>
      <trkpt lat="42.5396926" lon="82.3961727">
        <ele>3553.0</ele>
      </trkpt>
      <trkpt lat="42.5396202" lon="82.3960959">
        <ele>3553.0</ele>
      </trkpt>
      <trkpt lat="42.5395439" lon="82.3960172">
        <ele>3548.0</ele>
      </trkpt>
      <trkpt lat="42.5394558" lon="82.3959652">
        <ele>3551.0</ele>
      </trkpt>
      <trkpt lat="42.5393666" lon="82.3959043">
        <ele>3551.0</ele>
      </trkpt>
      <trkpt lat="42.5392919" lon="82.3958215">
        <ele>3540.0</ele>
      </trkpt>
      <trkpt lat="42.539214" lon="82.3957577">
        <ele>3540.0</ele>
      </trkpt>
      <trkpt lat="42.5391262" lon="82.3957044">
        <ele>3540.0</ele>
      </trkpt>
      <trkpt lat="42.5390443" lon="82.3956345">
        <ele>3550.0</ele>
      </trkpt>
      <trkpt lat="42.5389677" lon="82.3955446">
        <ele>3537.0</ele>
      </trkpt>
      <trkpt lat="42.5388976" lon="82.3954498">
        <ele>3537.0</ele>
      </trkpt>
      <trkpt lat="42.5388238" lon="82.3953638">
        <ele>3542.0</ele>
      </trkpt>
      <trkpt lat="42.538752" lon="82.3952867">
        <ele>3542.0</ele>
      </trkpt>
      <trkpt lat="42.5386692" lon="82.3952111">
        <ele>3531.0</ele>
      </trkpt>
      <trkpt lat="42.5386006" lon="82.3951156">
        <ele>3527.0</ele>
      </trkpt>
      <trkpt lat="42.5385309" lon="82.3950339">
        <ele>3527.0</ele>
      </trkpt>
      <trkpt lat="42.538461" lon="82.3949453">
        <ele>3528.0</ele>
      </trkpt>
      <trkpt lat="42.5383891" lon="82.3948691">
        <ele>3528.0</ele>
      </trkpt>
      <trkpt lat="42.53832" lon="82.3947863">
        <ele>3525.0</ele>
      </trkpt>
      <trkpt lat="42.5382642" lon="82.3946839">
        <ele>3525.0</ele>
      </trkpt>
      <trkpt lat="42.5381771" lon="82.394632">
        <ele>3519.0</ele>
      </trkpt>
      <trkpt lat="42.5381042" lon="82.3945531">
        <ele>3513.0</ele>
      </trkpt>
      <trkpt lat="42.5380556" lon="82.3944497">
        <ele>3513.0</ele>
      </trkpt>
      <trkpt lat="42.5379854" lon="82.3943707">
        <ele>3513.0</ele>
      </trkpt>
      <trkpt lat="42.5379158" lon="82.3942891">
        <ele>3506.0</ele>
      </trkpt>
      <trkpt lat="42.537888" lon="82.3942517">
        <ele>3506.0</ele>
      </trkpt>
      <trkpt lat="42.5378222" lon="82.3942041">
        <ele>3506.0</ele>
      </trkpt>
      <trkpt lat="42.5377301" lon="82.3942043">
        <ele>3506.0</ele>
      </trkpt>
      <trkpt lat="42.5376466" lon="82.3941462">
        <ele>3506.0</ele>
      </trkpt>
      <trkpt lat="42.53756" lon="82.3940855">
        <ele>3512.0</ele>
      </trkpt>
      <trkpt lat="42.5374883" lon="82.3939962">
        <ele>3506.0</ele>
      </trkpt>
      <trkpt lat="42.5374132" lon="82.3939191">
        <ele>3506.0</ele>
      </trkpt>
      <trkpt lat="42.5373328" lon="82.3938523">
        <ele>3523.0</ele>
      </trkpt>
      <trkpt lat="42.5372675" lon="82.3937602">
        <ele>3523.0</ele>
      </trkpt>
      <trkpt lat="42.5372053" lon="82.3936576">
        <ele>3519.0</ele>
      </trkpt>
      <trkpt lat="42.5371413" lon="82.3935441">
        <ele>3519.0</ele>
      </trkpt>
      <trkpt lat="42.5370876" lon="82.3934308">
        <ele>3521.0</ele>
      </trkpt>
      <trkpt lat="42.5370191" lon="82.3933458">
        <ele>3522.0</ele>
      </trkpt>
      <trkpt lat="42.5369539" lon="82.3932468">
        <ele>3522.0</ele>
      </trkpt>
      <trkpt lat="42.5369154" lon="82.3931342">
        <ele>3515.0</ele>
      </trkpt>
      <trkpt lat="42.5368829" lon="82.393014">
        <ele>3515.0</ele>
      </trkpt>
      <trkpt lat="42.5368454" lon="82.3928922">
        <ele>3515.0</ele>
      </trkpt>
      <trkpt lat="42.5367843" lon="82.3927889">
        <ele>3495.0</ele>
      </trkpt>
      <trkpt lat="42.5367133" lon="82.3926934">
        <ele>3495.0</ele>
      </trkpt>
      <trkpt lat="42.5366451" lon="82.3926">
        <ele>3499.0</ele>
      </trkpt>
      <trkpt lat="42.5365698" lon="82.3925168">
        <ele>3499.0</ele>
      </trkpt>
      <trkpt lat="42.5364868" lon="82.3924433">
        <ele>3485.0</ele>
      </trkpt>
      <trkpt lat="42.5363954" lon="82.3924039">
        <ele>3485.0</ele>
      </trkpt>
      <trkpt lat="42.5363014" lon="82.3923829">
        <ele>3485.0</ele>
      </trkpt>
      <trkpt lat="42.5362066" lon="82.3923519">
        <ele>3481.0</ele>
      </trkpt>
      <trkpt lat="42.5361075" lon="82.3923243">
        <ele>3481.0</ele>
      </trkpt>
      <trkpt lat="42.5360061" lon="82.3922995">
        <ele>3481.0</ele>
      </trkpt>
      <trkpt lat="42.5359011" lon="82.3922732">
        <ele>3464.0</ele>
      </trkpt>
      <trkpt lat="42.5358077" lon="82.3922501">
        <ele>3464.0</ele>
      </trkpt>
      <trkpt lat="42.5357112" lon="82.3922451">
        <ele>3464.0</ele>
      </trkpt>
      <trkpt lat="42.5356132" lon="82.3922292">
        <ele>3454.0</ele>
      </trkpt>
      <trkpt lat="42.5355145" lon="82.3922154">
        <ele>3454.0</ele>
      </trkpt>
      <trkpt lat="42.5354214" lon="82.3922138">
        <ele>3454.0</ele>
      </trkpt>
      <trkpt lat="42.53533" lon="82.3922161">
        <ele>3454.0</ele>
      </trkpt>
      <trkpt lat="42.5352414" lon="82.3922446">
        <ele>3454.0</ele>
      </trkpt>
      <trkpt lat="42.5351498" lon="82.3922645">
        <ele>3454.0</ele>
      </trkpt>
      <trkpt lat="42.5350506" lon="82.3922865">
        <ele>3455.0</ele>
      </trkpt>
      <trkpt lat="42.5349545" lon="82.3923175">
        <ele>3455.0</ele>
      </trkpt>
      <trkpt lat="42.5348642" lon="82.3923659">
        <ele>3448.0</ele>
      </trkpt>
      <trkpt lat="42.534779" lon="82.392431">
        <ele>3453.0</ele>
      </trkpt>
      <trkpt lat="42.5346879" lon="82.3924665">
        <ele>3453.0</ele>
      </trkpt>
      <trkpt lat="42.5346012" lon="82.392517">
        <ele>3453.0</ele>
      </trkpt>
      <trkpt lat="42.5345066" lon="82.3925339">
        <ele>3458.0</ele>
      </trkpt>
      <trkpt lat="42.5344165" lon="82.3925712">
        <ele>3458.0</ele>
      </trkpt>
      <trkpt lat="42.5343235" lon="82.3925867">
        <ele>3458.0</ele>
      </trkpt>
      <trkpt lat="42.5342318" lon="82.3925808">
        <ele>3455.0</ele>
      </trkpt>
      <trkpt lat="42.534136" lon="82.3925857">
        <ele>3455.0</ele>
      </trkpt>
      <trkpt lat="42.5340379" lon="82.3925793">
        <ele>3455.0</ele>
      </trkpt>
      <trkpt lat="42.5339461" lon="82.3925945">
        <ele>3454.0</ele>
      </trkpt>
      <trkpt lat="42.5338535" lon="82.3926185">
        <ele>3454.0</ele>
      </trkpt>
      <trkpt lat="42.5337552" lon="82.3926493">
        <ele>3443.0</ele>
      </trkpt>
      <trkpt lat="42.5336659" lon="82.3926886">
        <ele>3438.0</ele>
      </trkpt>
      <trkpt lat="42.5335775" lon="82.392728">
        <ele>3438.0</ele>
      </trkpt>
      <trkpt lat="42.5334888" lon="82.3927777">
        <ele>3438.0</ele>
      </trkpt>
      <trkpt lat="42.5334043" lon="82.3928431">
        <ele>3440.0</ele>
      </trkpt>
      <trkpt lat="42.5333112" lon="82.3928859">
        <ele>3440.0</ele>
      </trkpt>
      <trkpt lat="42.533217" lon="82.3929209">
        <ele>3425.0</ele>
      </trkpt>
      <trkpt lat="42.5331152" lon="82.3929258">
        <ele>3432.0</ele>
      </trkpt>
      <trkpt lat="42.5330159" lon="82.3929469">
        <ele>3432.0</ele>
      </trkpt>
      <trkpt lat="42.5329233" lon="82.3929782">
        <ele>3432.0</ele>
      </trkpt>
      <trkpt lat="42.5328322" lon="82.3930038">
        <ele>3437.0</ele>
      </trkpt>
      <trkpt lat="42.5327402" lon="82.3930456">
        <ele>3437.0</ele>
      </trkpt>
      <trkpt lat="42.5326443" lon="82.3930782">
        <ele>3437.0</ele>
      </trkpt>
      <trkpt lat="42.5325518" lon="82.3931136">
        <ele>3437.0</ele>
      </trkpt>
      <trkpt lat="42.5324524" lon="82.3931436">
        <ele>3437.0</ele>
      </trkpt>
      <trkpt lat="42.5323574" lon="82.3931611">
        <ele>3423.0</ele>
      </trkpt>
      <trkpt lat="42.5322657" lon="82.3931589">
        <ele>3423.0</ele>
      </trkpt>
      <trkpt lat="42.5321751" lon="82.3931817">
        <ele>3423.0</ele>
      </trkpt>
      <trkpt lat="42.5320833" lon="82.3932162">
        <ele>3402.0</ele>
      </trkpt>
      <trkpt lat="42.5319823" lon="82.3932471">
        <ele>3402.0</ele>
      </trkpt>
      <trkpt lat="42.5318833" lon="82.3932507">
        <ele>3402.0</ele>
      </trkpt>
      <trkpt lat="42.5317811" lon="82.3932483">
        <ele>3396.0</ele>
      </trkpt>
      <trkpt lat="42.5316794" lon="82.3932542">
        <ele>3396.0</ele>
      </trkpt>
      <trkpt lat="42.5315882" lon="82.3932856">
        <ele>3396.0</ele>
      </trkpt>
      <trkpt lat="42.5315039" lon="82.393336">
        <ele>3399.0</ele>
      </trkpt>
      <trkpt lat="42.5314125" lon="82.3933661">
        <ele>3399.0</ele>
      </trkpt>
      <trkpt lat="42.531319" lon="82.3933909">
        <ele>3399.0</ele>
      </trkpt>
      <trkpt lat="42.5312249" lon="82.3934122">
        <ele>3399.0</ele>
      </trkpt>
      <trkpt lat="42.5311325" lon="82.3934329">
        <ele>3399.0</ele>
      </trkpt>
      <trkpt lat="42.5310385" lon="82.3934363">
        <ele>3399.0</ele>
      </trkpt>
      <trkpt lat="42.5309543" lon="82.3934761">
        <ele>3389.0</ele>
      </trkpt>
      <trkpt lat="42.530859" lon="82.3935019">
        <ele>3389.0</ele>
      </trkpt>
      <trkpt lat="42.5307648" lon="82.3935376">
        <ele>3389.0</ele>
      </trkpt>
      <trkpt lat="42.5306687" lon="82.3935834">
        <ele>3389.0</ele>
      </trkpt>
      <trkpt lat="42.5305796" lon="82.3936255">
        <ele>3389.0</ele>
      </trkpt>
      <trkpt lat="42.5304907" lon="82.3936583">
        <ele>3389.0</ele>
      </trkpt>
      <trkpt lat="42.5303989" lon="82.3936881">
        <ele>3388.0</ele>
      </trkpt>
      <trkpt lat="42.5303076" lon="82.3937303">
        <ele>3388.0</ele>
      </trkpt>
      <trkpt lat="42.5302171" lon="82.3937809">
        <ele>3378.0</ele>
      </trkpt>
      <trkpt lat="42.5301202" lon="82.3938155">
        <ele>3378.0</ele>
      </trkpt>
      <trkpt lat="42.5300229" lon="82.3938485">
        <ele>3378.0</ele>
      </trkpt>
      <trkpt lat="42.5299241" lon="82.3938597">
        <ele>3378.0</ele>
      </trkpt>
      <trkpt lat="42.5298365" lon="82.3938786">
        <ele>3375.0</ele>
      </trkpt>
      <trkpt lat="42.5297496" lon="82.3939004">
        <ele>3375.0</ele>
      </trkpt>
      <trkpt lat="42.5296699" lon="82.3939597">
        <ele>3375.0</ele>
      </trkpt>
      <trkpt lat="42.5295874" lon="82.3940385">
        <ele>3370.0</ele>
      </trkpt>
      <trkpt lat="42.5295006" lon="82.3940992">
        <ele>3367.0</ele>
      </trkpt>
      <trkpt lat="42.5294064" lon="82.3941301">
        <ele>3367.0</ele>
      </trkpt>
      <trkpt lat="42.5293143" lon="82.3941517">
        <ele>3367.0</ele>
      </trkpt>
      <trkpt lat="42.5292198" lon="82.3941863">
        <ele>3354.0</ele>
      </trkpt>
      <trkpt lat="42.5291245" lon="82.3942237">
        <ele>3354.0</ele>
      </trkpt>
      <trkpt lat="42.5290364" lon="82.3942714">
        <ele>3354.0</ele>
      </trkpt>
      <trkpt lat="42.5289458" lon="82.3943228">
        <ele>3348.0</ele>
      </trkpt>
      <trkpt lat="42.5288662" lon="82.3943939">
        <ele>3348.0</ele>
      </trkpt>
      <trkpt lat="42.5287846" lon="82.3944712">
        <ele>3348.0</ele>
      </trkpt>
      <trkpt lat="42.5287037" lon="82.3945488">
        <ele>3339.0</ele>
      </trkpt>
      <trkpt lat="42.5286337" lon="82.3946449">
        <ele>3335.0</ele>
      </trkpt>
      <trkpt lat="42.5285567" lon="82.3947406">
        <ele>3335.0</ele>
      </trkpt>
      <trkpt lat="42.5284853" lon="82.394833">
        <ele>3335.0</ele>
      </trkpt>
      <trkpt lat="42.5284166" lon="82.394921">
        <ele>3335.0</ele>
      </trkpt>
      <trkpt lat="42.5283364" lon="82.395004">
        <ele>3335.0</ele>
      </trkpt>
      <trkpt lat="42.5282546" lon="82.3950858">
        <ele>3335.0</ele>
      </trkpt>
      <trkpt lat="42.5281673" lon="82.3951292">
        <ele>3341.0</ele>
      </trkpt>
      <trkpt lat="42.52808" lon="82.3951658">
        <ele>3340.0</ele>
      </trkpt>
      <trkpt lat="42.5280291" lon="82.3952667">
        <ele>3340.0</ele>
      </trkpt>
      <trkpt lat="42.5279402" lon="82.3952969">
        <ele>3340.0</ele>
      </trkpt>
      <trkpt lat="42.5278403" lon="82.3953058">
        <ele>3344.0</ele>
      </trkpt>
      <trkpt lat="42.527742" lon="82.3952949">
        <ele>3344.0</ele>
      </trkpt>
      <trkpt lat="42.5276513" lon="82.3952457">
        <ele>3344.0</ele>
      </trkpt>
      <trkpt lat="42.5275752" lon="82.3951454">
        <ele>3343.0</ele>
      </trkpt>
      <trkpt lat="42.5275215" lon="82.395034">
        <ele>3337.0</ele>
      </trkpt>
      <trkpt lat="42.5274579" lon="82.3949444">
        <ele>3337.0</ele>
      </trkpt>
      <trkpt lat="42.527396" lon="82.3948478">
        <ele>3327.0</ele>
      </trkpt>
      <trkpt lat="42.527325" lon="82.3947572">
        <ele>3318.0</ele>
      </trkpt>
      <trkpt lat="42.5272343" lon="82.3947326">
        <ele>3318.0</ele>
      </trkpt>
      <trkpt lat="42.5271385" lon="82.394768">
        <ele>3318.0</ele>
      </trkpt>
      <trkpt lat="42.5270695" lon="82.3948636">
        <ele>3323.0</ele>
      </trkpt>
      <trkpt lat="42.5269868" lon="82.3948962">
        <ele>3323.0</ele>
      </trkpt>
      <trkpt lat="42.5268895" lon="82.3948756">
        <ele>3323.0</ele>
      </trkpt>
      <trkpt lat="42.5267934" lon="82.3948686">
        <ele>3313.0</ele>
      </trkpt>
      <trkpt lat="42.5267089" lon="82.3949216">
        <ele>3313.0</ele>
      </trkpt>
      <trkpt lat="42.526617" lon="82.3949861">
        <ele>3313.0</ele>
      </trkpt>
      <trkpt lat="42.5265149" lon="82.395013">
        <ele>3301.0</ele>
      </trkpt>
      <trkpt lat="42.5264187" lon="82.3950262">
        <ele>3301.0</ele>
      </trkpt>
      <trkpt lat="42.526314" lon="82.3950193">
        <ele>3301.0</ele>
      </trkpt>
      <trkpt lat="42.5262096" lon="82.3950443">
        <ele>3294.0</ele>
      </trkpt>
      <trkpt lat="42.526112" lon="82.3950556">
        <ele>3294.0</ele>
      </trkpt>
      <trkpt lat="42.5260409" lon="82.395046">
        <ele>3294.0</ele>
      </trkpt>
      <trkpt lat="42.5259496" lon="82.3950521">
        <ele>3290.0</ele>
      </trkpt>
      <trkpt lat="42.5258517" lon="82.3950572">
        <ele>3290.0</ele>
      </trkpt>
      <trkpt lat="42.5257486" lon="82.3950659">
        <ele>3290.0</ele>
      </trkpt>
      <trkpt lat="42.5256464" lon="82.3950822">
        <ele>3281.0</ele>
      </trkpt>
      <trkpt lat="42.5255461" lon="82.3950871">
        <ele>3281.0</ele>
      </trkpt>
      <trkpt lat="42.5254438" lon="82.3950813">
        <ele>3281.0</ele>
      </trkpt>
      <trkpt lat="42.5253466" lon="82.3950683">
        <ele>3274.0</ele>
      </trkpt>
      <trkpt lat="42.5252523" lon="82.3950646">
        <ele>3274.0</ele>
      </trkpt>
      <trkpt lat="42.5251538" lon="82.3950897">
        <ele>3274.0</ele>
      </trkpt>
      <trkpt lat="42.5250526" lon="82.3951106">
        <ele>3266.0</ele>
      </trkpt>
      <trkpt lat="42.5249591" lon="82.3951635">
        <ele>3270.0</ele>
      </trkpt>
      <trkpt lat="42.5248708" lon="82.3952365">
        <ele>3270.0</ele>
      </trkpt>
      <trkpt lat="42.5247892" lon="82.3953075">
        <ele>3261.0</ele>
      </trkpt>
      <trkpt lat="42.524703" lon="82.3953728">
        <ele>3261.0</ele>
      </trkpt>
      <trkpt lat="42.5246145" lon="82.395429">
        <ele>3275.0</ele>
      </trkpt>
      <trkpt lat="42.5245363" lon="82.3955116">
        <ele>3265.0</ele>
      </trkpt>
      <trkpt lat="42.5244663" lon="82.3956015">
        <ele>3265.0</ele>
      </trkpt>
      <trkpt lat="42.5243866" lon="82.3956789">
        <ele>3265.0</ele>
      </trkpt>
      <trkpt lat="42.5243101" lon="82.3957554">
        <ele>3277.0</ele>
      </trkpt>
      <trkpt lat="42.5242275" lon="82.3958287">
        <ele>3267.0</ele>
      </trkpt>
      <trkpt lat="42.5241265" lon="82.3958707">
        <ele>3267.0</ele>
      </trkpt>
      <trkpt lat="42.5240253" lon="82.3958961">
        <ele>3263.0</ele>
      </trkpt>
      <trkpt lat="42.5239421" lon="82.3959507">
        <ele>3263.0</ele>
      </trkpt>
      <trkpt lat="42.5238534" lon="82.3960147">
        <ele>3270.0</ele>
      </trkpt>
      <trkpt lat="42.5237748" lon="82.3961041">
        <ele>3270.0</ele>
      </trkpt>
      <trkpt lat="42.5236953" lon="82.3961714">
        <ele>3266.0</ele>
      </trkpt>
      <trkpt lat="42.5236055" lon="82.3962151">
        <ele>3266.0</ele>
      </trkpt>
      <trkpt lat="42.5235052" lon="82.3961709">
        <ele>3266.0</ele>
      </trkpt>
      <trkpt lat="42.5234134" lon="82.3961992">
        <ele>3259.0</ele>
      </trkpt>
      <trkpt lat="42.523319" lon="82.3962158">
        <ele>3259.0</ele>
      </trkpt>
      <trkpt lat="42.5233042" lon="82.3962636">
        <ele>3272.0</ele>
      </trkpt>
      <trkpt lat="42.5232349" lon="82.3962439">
        <ele>3259.0</ele>
      </trkpt>
      <trkpt lat="42.5231459" lon="82.3962251">
        <ele>3256.0</ele>
      </trkpt>
      <trkpt lat="42.5230522" lon="82.3962169">
        <ele>3256.0</ele>
      </trkpt>
      <trkpt lat="42.5229613" lon="82.3961676">
        <ele>3256.0</ele>
      </trkpt>
      <trkpt lat="42.5228669" lon="82.3961861">
        <ele>3251.0</ele>
      </trkpt>
      <trkpt lat="42.5227783" lon="82.3962339">
        <ele>3251.0</ele>
      </trkpt>
      <trkpt lat="42.5226854" lon="82.3962602">
        <ele>3256.0</ele>
      </trkpt>
      <trkpt lat="42.5225837" lon="82.3963022">
        <ele>3241.0</ele>
      </trkpt>
      <trkpt lat="42.5224855" lon="82.3963545">
        <ele>3241.0</ele>
      </trkpt>
      <trkpt lat="42.5224238" lon="82.3964489">
        <ele>3241.0</ele>
      </trkpt>
      <trkpt lat="42.522354" lon="82.3965297">
        <ele>3228.0</ele>
      </trkpt>
      <trkpt lat="42.5222663" lon="82.3965715">
        <ele>3228.0</ele>
      </trkpt>
      <trkpt lat="42.5221769" lon="82.3966142">
        <ele>3228.0</ele>
      </trkpt>
      <trkpt lat="42.5220904" lon="82.396683">
        <ele>3228.0</ele>
      </trkpt>
      <trkpt lat="42.5220001" lon="82.3967246">
        <ele>3224.0</ele>
      </trkpt>
      <trkpt lat="42.5219466" lon="82.396828">
        <ele>3221.0</ele>
      </trkpt>
      <trkpt lat="42.5218832" lon="82.396933">
        <ele>3221.0</ele>
      </trkpt>
      <trkpt lat="42.521816" lon="82.3970362">
        <ele>3221.0</ele>
      </trkpt>
      <trkpt lat="42.5217776" lon="82.3971617">
        <ele>3218.0</ele>
      </trkpt>
      <trkpt lat="42.5217343" lon="82.3972808">
        <ele>3218.0</ele>
      </trkpt>
      <trkpt lat="42.5216708" lon="82.3973957">
        <ele>3220.0</ele>
      </trkpt>
      <trkpt lat="42.5215949" lon="82.3974934">
        <ele>3220.0</ele>
      </trkpt>
      <trkpt lat="42.5215245" lon="82.3975921">
        <ele>3208.0</ele>
      </trkpt>
      <trkpt lat="42.5214555" lon="82.3977001">
        <ele>3211.0</ele>
      </trkpt>
      <trkpt lat="42.5213801" lon="82.3977907">
        <ele>3211.0</ele>
      </trkpt>
      <trkpt lat="42.5213026" lon="82.3978751">
        <ele>3211.0</ele>
      </trkpt>
      <trkpt lat="42.5212107" lon="82.3979419">
        <ele>3205.0</ele>
      </trkpt>
      <trkpt lat="42.5211475" lon="82.3980421">
        <ele>3205.0</ele>
      </trkpt>
      <trkpt lat="42.5210762" lon="82.3981349">
        <ele>3205.0</ele>
      </trkpt>
      <trkpt lat="42.5210017" lon="82.3982246">
        <ele>3214.0</ele>
      </trkpt>
      <trkpt lat="42.5209208" lon="82.3982976">
        <ele>3202.0</ele>
      </trkpt>
      <trkpt lat="42.5208391" lon="82.3983627">
        <ele>3202.0</ele>
      </trkpt>
      <trkpt lat="42.5207498" lon="82.3984047">
        <ele>3202.0</ele>
      </trkpt>
      <trkpt lat="42.5206661" lon="82.3984789">
        <ele>3195.0</ele>
      </trkpt>
      <trkpt lat="42.5205881" lon="82.3985663">
        <ele>3195.0</ele>
      </trkpt>
      <trkpt lat="42.5205267" lon="82.3986666">
        <ele>3195.0</ele>
      </trkpt>
      <trkpt lat="42.5204483" lon="82.3987287">
        <ele>3195.0</ele>
      </trkpt>
      <trkpt lat="42.5203628" lon="82.3988027">
        <ele>3193.0</ele>
      </trkpt>
      <trkpt lat="42.520281" lon="82.3988796">
        <ele>3193.0</ele>
      </trkpt>
      <trkpt lat="42.5201843" lon="82.398924">
        <ele>3193.0</ele>
      </trkpt>
      <trkpt lat="42.5201001" lon="82.3990055">
        <ele>3178.0</ele>
      </trkpt>
      <trkpt lat="42.5200266" lon="82.3991001">
        <ele>3188.0</ele>
      </trkpt>
      <trkpt lat="42.5199362" lon="82.3991679">
        <ele>3188.0</ele>
      </trkpt>
      <trkpt lat="42.519856" lon="82.3992346">
        <ele>3174.0</ele>
      </trkpt>
      <trkpt lat="42.5197705" lon="82.3992707">
        <ele>3174.0</ele>
      </trkpt>
      <trkpt lat="42.5196891" lon="82.3993237">
        <ele>3183.0</ele>
      </trkpt>
      <trkpt lat="42.5196024" lon="82.399358">
        <ele>3183.0</ele>
      </trkpt>
      <trkpt lat="42.5195058" lon="82.3993819">
        <ele>3174.0</ele>
      </trkpt>
      <trkpt lat="42.5194091" lon="82.3994173">
        <ele>3174.0</ele>
      </trkpt>
      <trkpt lat="42.5193072" lon="82.3994412">
        <ele>3174.0</ele>
      </trkpt>
      <trkpt lat="42.5192135" lon="82.3994877">
        <ele>3177.0</ele>
      </trkpt>
      <trkpt lat="42.5191254" lon="82.3995324">
        <ele>3177.0</ele>
      </trkpt>
      <trkpt lat="42.5190376" lon="82.399558">
        <ele>3177.0</ele>
      </trkpt>
      <trkpt lat="42.5189394" lon="82.3995813">
        <ele>3183.0</ele>
      </trkpt>
      <trkpt lat="42.5188464" lon="82.3995813">
        <ele>3183.0</ele>
      </trkpt>
      <trkpt lat="42.5187542" lon="82.3995846">
        <ele>3190.0</ele>
      </trkpt>
      <trkpt lat="42.5186621" lon="82.3995737">
        <ele>3175.0</ele>
      </trkpt>
      <trkpt lat="42.5185663" lon="82.3995635">
        <ele>3175.0</ele>
      </trkpt>
      <trkpt lat="42.5184742" lon="82.3995745">
        <ele>3175.0</ele>
      </trkpt>
      <trkpt lat="42.5183717" lon="82.3996005">
        <ele>3182.0</ele>
      </trkpt>
      <trkpt lat="42.5182675" lon="82.3996298">
        <ele>3182.0</ele>
      </trkpt>
      <trkpt lat="42.5181674" lon="82.3996653">
        <ele>3166.0</ele>
      </trkpt>
      <trkpt lat="42.5180756" lon="82.3997098">
        <ele>3166.0</ele>
      </trkpt>
      <trkpt lat="42.5179929" lon="82.3997626">
        <ele>3166.0</ele>
      </trkpt>
      <trkpt lat="42.5179082" lon="82.3998204">
        <ele>3163.0</ele>
      </trkpt>
      <trkpt lat="42.5178161" lon="82.3998757">
        <ele>3170.0</ele>
      </trkpt>
      <trkpt lat="42.5177268" lon="82.3999317">
        <ele>3170.0</ele>
      </trkpt>
      <trkpt lat="42.5176354" lon="82.3999918">
        <ele>3167.0</ele>
      </trkpt>
      <trkpt lat="42.5175393" lon="82.4000442">
        <ele>3167.0</ele>
      </trkpt>
      <trkpt lat="42.5174457" lon="82.4001098">
        <ele>3167.0</ele>
      </trkpt>
      <trkpt lat="42.5173581" lon="82.4001742">
        <ele>3158.0</ele>
      </trkpt>
      <trkpt lat="42.5172865" lon="82.4002566">
        <ele>3158.0</ele>
      </trkpt>
      <trkpt lat="42.5172157" lon="82.4003493">
        <ele>3158.0</ele>
      </trkpt>
      <trkpt lat="42.5171367" lon="82.4004157">
        <ele>3158.0</ele>
      </trkpt>
      <trkpt lat="42.5170529" lon="82.4004977">
        <ele>3160.0</ele>
      </trkpt>
      <trkpt lat="42.5169848" lon="82.4005837">
        <ele>3160.0</ele>
      </trkpt>
      <trkpt lat="42.5169042" lon="82.4006643">
        <ele>3160.0</ele>
      </trkpt>
      <trkpt lat="42.5168349" lon="82.4007498">
        <ele>3174.0</ele>
      </trkpt>
      <trkpt lat="42.5168986" lon="82.4006578">
        <ele>3160.0</ele>
      </trkpt>
      <trkpt lat="42.5169771" lon="82.4005308">
        <ele>3160.0</ele>
      </trkpt>
      <trkpt lat="42.516937" lon="82.400466">
        <ele>3160.0</ele>
      </trkpt>
      <trkpt lat="42.5168715" lon="82.4005191">
        <ele>3160.0</ele>
      </trkpt>
      <trkpt lat="42.5168066" lon="82.4006292">
        <ele>3160.0</ele>
      </trkpt>
      <trkpt lat="42.5167453" lon="82.4007579">
        <ele>3153.0</ele>
      </trkpt>
      <trkpt lat="42.5166863" lon="82.4008837">
        <ele>3153.0</ele>
      </trkpt>
      <trkpt lat="42.5166308" lon="82.4009997">
        <ele>3164.0</ele>
      </trkpt>
      <trkpt lat="42.5165818" lon="82.4011107">
        <ele>3164.0</ele>
      </trkpt>
      <trkpt lat="42.5165283" lon="82.4012307">
        <ele>3164.0</ele>
      </trkpt>
      <trkpt lat="42.5164745" lon="82.4013631">
        <ele>3155.0</ele>
      </trkpt>
      <trkpt lat="42.516409" lon="82.4014723">
        <ele>3155.0</ele>
      </trkpt>
      <trkpt lat="42.5163721" lon="82.4015278">
        <ele>3155.0</ele>
      </trkpt>
      <trkpt lat="42.5163232" lon="82.4016167">
        <ele>3163.0</ele>
      </trkpt>
      <trkpt lat="42.5162515" lon="82.4016981">
        <ele>3163.0</ele>
      </trkpt>
      <trkpt lat="42.5161725" lon="82.401772">
        <ele>3149.0</ele>
      </trkpt>
      <trkpt lat="42.5160872" lon="82.4018541">
        <ele>3153.0</ele>
      </trkpt>
      <trkpt lat="42.5160289" lon="82.4019158">
        <ele>3153.0</ele>
      </trkpt>
      <trkpt lat="42.515957" lon="82.4019756">
        <ele>3145.0</ele>
      </trkpt>
      <trkpt lat="42.5158904" lon="82.4020577">
        <ele>3145.0</ele>
      </trkpt>
      <trkpt lat="42.5158191" lon="82.4021395">
        <ele>3153.0</ele>
      </trkpt>
      <trkpt lat="42.51574" lon="82.402223">
        <ele>3153.0</ele>
      </trkpt>
      <trkpt lat="42.5156635" lon="82.4023174">
        <ele>3131.0</ele>
      </trkpt>
      <trkpt lat="42.5155843" lon="82.4024064">
        <ele>3148.0</ele>
      </trkpt>
      <trkpt lat="42.5154947" lon="82.4024779">
        <ele>3148.0</ele>
      </trkpt>
      <trkpt lat="42.5154049" lon="82.4025433">
        <ele>3122.0</ele>
      </trkpt>
      <trkpt lat="42.5153107" lon="82.4026034">
        <ele>3122.0</ele>
      </trkpt>
      <trkpt lat="42.5152287" lon="82.4026817">
        <ele>3143.0</ele>
      </trkpt>
      <trkpt lat="42.5151561" lon="82.4027593">
        <ele>3143.0</ele>
      </trkpt>
      <trkpt lat="42.5150863" lon="82.4028568">
        <ele>3121.0</ele>
      </trkpt>
      <trkpt lat="42.5150262" lon="82.4029537">
        <ele>3131.0</ele>
      </trkpt>
      <trkpt lat="42.5149634" lon="82.4030435">
        <ele>3131.0</ele>
      </trkpt>
      <trkpt lat="42.5149034" lon="82.4031435">
        <ele>3131.0</ele>
      </trkpt>
      <trkpt lat="42.5148508" lon="82.4032524">
        <ele>3131.0</ele>
      </trkpt>
      <trkpt lat="42.5147937" lon="82.4033552">
        <ele>3131.0</ele>
      </trkpt>
      <trkpt lat="42.5147307" lon="82.403462">
        <ele>3131.0</ele>
      </trkpt>
      <trkpt lat="42.5146575" lon="82.4035534">
        <ele>3153.0</ele>
      </trkpt>
      <trkpt lat="42.5145993" lon="82.4036521">
        <ele>3153.0</ele>
      </trkpt>
      <trkpt lat="42.5145351" lon="82.4037602">
        <ele>3128.0</ele>
      </trkpt>
      <trkpt lat="42.5144657" lon="82.4038623">
        <ele>3128.0</ele>
      </trkpt>
      <trkpt lat="42.5144019" lon="82.4039683">
        <ele>3128.0</ele>
      </trkpt>
      <trkpt lat="42.5143413" lon="82.4040839">
        <ele>3153.0</ele>
      </trkpt>
      <trkpt lat="42.514276" lon="82.4041852">
        <ele>3117.0</ele>
      </trkpt>
      <trkpt lat="42.5142071" lon="82.4042716">
        <ele>3117.0</ele>
      </trkpt>
      <trkpt lat="42.5141346" lon="82.4043726">
        <ele>3121.0</ele>
      </trkpt>
      <trkpt lat="42.5140687" lon="82.4044915">
        <ele>3121.0</ele>
      </trkpt>
      <trkpt lat="42.5140061" lon="82.4046079">
        <ele>3116.0</ele>
      </trkpt>
      <trkpt lat="42.5139513" lon="82.4047188">
        <ele>3116.0</ele>
      </trkpt>
      <trkpt lat="42.5138949" lon="82.4048309">
        <ele>3116.0</ele>
      </trkpt>
      <trkpt lat="42.5138363" lon="82.4049469">
        <ele>3127.0</ele>
      </trkpt>
      <trkpt lat="42.513758" lon="82.405068">
        <ele>3127.0</ele>
      </trkpt>
      <trkpt lat="42.5136795" lon="82.4051982">
        <ele>3102.0</ele>
      </trkpt>
      <trkpt lat="42.5136116" lon="82.4053012">
        <ele>3102.0</ele>
      </trkpt>
      <trkpt lat="42.5135316" lon="82.405404">
        <ele>3102.0</ele>
      </trkpt>
      <trkpt lat="42.5134536" lon="82.4054923">
        <ele>3093.0</ele>
      </trkpt>
      <trkpt lat="42.5133746" lon="82.4055761">
        <ele>3093.0</ele>
      </trkpt>
      <trkpt lat="42.5133069" lon="82.4056625">
        <ele>3093.0</ele>
      </trkpt>
      <trkpt lat="42.5132322" lon="82.4057653">
        <ele>3095.0</ele>
      </trkpt>
      <trkpt lat="42.5131614" lon="82.4058516">
        <ele>3087.0</ele>
      </trkpt>
      <trkpt lat="42.5130848" lon="82.4059537">
        <ele>3087.0</ele>
      </trkpt>
      <trkpt lat="42.5130176" lon="82.4060691">
        <ele>3090.0</ele>
      </trkpt>
      <trkpt lat="42.5129459" lon="82.4061906">
        <ele>3090.0</ele>
      </trkpt>
      <trkpt lat="42.5128775" lon="82.4062879">
        <ele>3089.0</ele>
      </trkpt>
      <trkpt lat="42.5127975" lon="82.4063983">
        <ele>3089.0</ele>
      </trkpt>
      <trkpt lat="42.5127256" lon="82.4065038">
        <ele>3089.0</ele>
      </trkpt>
      <trkpt lat="42.5126555" lon="82.4066013">
        <ele>3096.0</ele>
      </trkpt>
      <trkpt lat="42.51259" lon="82.4066962">
        <ele>3087.0</ele>
      </trkpt>
      <trkpt lat="42.5125046" lon="82.4067857">
        <ele>3087.0</ele>
      </trkpt>
      <trkpt lat="42.5124083" lon="82.4068592">
        <ele>3105.0</ele>
      </trkpt>
      <trkpt lat="42.5123131" lon="82.406933">
        <ele>3088.0</ele>
      </trkpt>
      <trkpt lat="42.5122107" lon="82.4069955">
        <ele>3088.0</ele>
      </trkpt>
      <trkpt lat="42.5121136" lon="82.4070498">
        <ele>3088.0</ele>
      </trkpt>
      <trkpt lat="42.5120206" lon="82.4071039">
        <ele>3084.0</ele>
      </trkpt>
      <trkpt lat="42.511936" lon="82.4071608">
        <ele>3084.0</ele>
      </trkpt>
      <trkpt lat="42.5118579" lon="82.4072294">
        <ele>3084.0</ele>
      </trkpt>
      <trkpt lat="42.5118181" lon="82.4073367">
        <ele>3084.0</ele>
      </trkpt>
      <trkpt lat="42.5117963" lon="82.4074598">
        <ele>3074.0</ele>
      </trkpt>
      <trkpt lat="42.5117592" lon="82.4075791">
        <ele>3074.0</ele>
      </trkpt>
      <trkpt lat="42.5117162" lon="82.4076993">
        <ele>3085.0</ele>
      </trkpt>
      <trkpt lat="42.5116694" lon="82.4078258">
        <ele>3085.0</ele>
      </trkpt>
      <trkpt lat="42.5116379" lon="82.40795">
        <ele>3088.0</ele>
      </trkpt>
      <trkpt lat="42.511615" lon="82.4080829">
        <ele>3088.0</ele>
      </trkpt>
      <trkpt lat="42.5115921" lon="82.4082202">
        <ele>3086.0</ele>
      </trkpt>
      <trkpt lat="42.5115566" lon="82.4083509">
        <ele>3086.0</ele>
      </trkpt>
      <trkpt lat="42.511521" lon="82.408478">
        <ele>3070.0</ele>
      </trkpt>
      <trkpt lat="42.5114702" lon="82.4085971">
        <ele>3070.0</ele>
      </trkpt>
      <trkpt lat="42.5114253" lon="82.4087308">
        <ele>3070.0</ele>
      </trkpt>
      <trkpt lat="42.5113838" lon="82.4088614">
        <ele>3067.0</ele>
      </trkpt>
      <trkpt lat="42.5113443" lon="82.4089931">
        <ele>3067.0</ele>
      </trkpt>
      <trkpt lat="42.5113097" lon="82.4091186">
        <ele>3069.0</ele>
      </trkpt>
      <trkpt lat="42.5112754" lon="82.409238">
        <ele>3069.0</ele>
      </trkpt>
      <trkpt lat="42.5112391" lon="82.4093687">
        <ele>3058.0</ele>
      </trkpt>
      <trkpt lat="42.5112026" lon="82.409503">
        <ele>3058.0</ele>
      </trkpt>
      <trkpt lat="42.5111666" lon="82.4096218">
        <ele>3056.0</ele>
      </trkpt>
      <trkpt lat="42.5111227" lon="82.4097437">
        <ele>3056.0</ele>
      </trkpt>
      <trkpt lat="42.5110739" lon="82.4098681">
        <ele>3052.0</ele>
      </trkpt>
      <trkpt lat="42.5110422" lon="82.4099887">
        <ele>3052.0</ele>
      </trkpt>
      <trkpt lat="42.5109879" lon="82.4100986">
        <ele>3052.0</ele>
      </trkpt>
      <trkpt lat="42.5109166" lon="82.4101888">
        <ele>3049.0</ele>
      </trkpt>
      <trkpt lat="42.510856" lon="82.4102862">
        <ele>3049.0</ele>
      </trkpt>
      <trkpt lat="42.510818" lon="82.4103488">
        <ele>3049.0</ele>
      </trkpt>
      <trkpt lat="42.5107647" lon="82.4104301">
        <ele>3060.0</ele>
      </trkpt>
      <trkpt lat="42.5106878" lon="82.4105146">
        <ele>3043.0</ele>
      </trkpt>
      <trkpt lat="42.5106304" lon="82.4106194">
        <ele>3043.0</ele>
      </trkpt>
      <trkpt lat="42.5105853" lon="82.4107513">
        <ele>3045.0</ele>
      </trkpt>
      <trkpt lat="42.5105299" lon="82.4108682">
        <ele>3045.0</ele>
      </trkpt>
      <trkpt lat="42.5104889" lon="82.410996">
        <ele>3051.0</ele>
      </trkpt>
      <trkpt lat="42.5104308" lon="82.4111162">
        <ele>3051.0</ele>
      </trkpt>
      <trkpt lat="42.5103686" lon="82.4112405">
        <ele>3036.0</ele>
      </trkpt>
      <trkpt lat="42.5103109" lon="82.4113548">
        <ele>3036.0</ele>
      </trkpt>
      <trkpt lat="42.5102579" lon="82.4114618">
        <ele>3036.0</ele>
      </trkpt>
      <trkpt lat="42.5101998" lon="82.4115659">
        <ele>3038.0</ele>
      </trkpt>
      <trkpt lat="42.5101486" lon="82.4116787">
        <ele>3038.0</ele>
      </trkpt>
      <trkpt lat="42.5100992" lon="82.4117927">
        <ele>3032.0</ele>
      </trkpt>
      <trkpt lat="42.5100486" lon="82.411904">
        <ele>3036.0</ele>
      </trkpt>
      <trkpt lat="42.5099942" lon="82.4120054">
        <ele>3036.0</ele>
      </trkpt>
      <trkpt lat="42.5099156" lon="82.4120577">
        <ele>3036.0</ele>
      </trkpt>
      <trkpt lat="42.5098358" lon="82.4121185">
        <ele>3030.0</ele>
      </trkpt>
      <trkpt lat="42.5097471" lon="82.4121818">
        <ele>3030.0</ele>
      </trkpt>
      <trkpt lat="42.5096536" lon="82.4122464">
        <ele>3030.0</ele>
      </trkpt>
      <trkpt lat="42.5095729" lon="82.4123204">
        <ele>3024.0</ele>
      </trkpt>
      <trkpt lat="42.5095024" lon="82.4124102">
        <ele>3028.0</ele>
      </trkpt>
      <trkpt lat="42.5094459" lon="82.4125161">
        <ele>3028.0</ele>
      </trkpt>
      <trkpt lat="42.5093874" lon="82.4126233">
        <ele>3028.0</ele>
      </trkpt>
      <trkpt lat="42.5093153" lon="82.4127323">
        <ele>3032.0</ele>
      </trkpt>
      <trkpt lat="42.5092404" lon="82.4128294">
        <ele>3024.0</ele>
      </trkpt>
      <trkpt lat="42.5091941" lon="82.412948">
        <ele>3026.0</ele>
      </trkpt>
      <trkpt lat="42.5091869" lon="82.4130814">
        <ele>3026.0</ele>
      </trkpt>
      <trkpt lat="42.5091729" lon="82.4132227">
        <ele>3028.0</ele>
      </trkpt>
      <trkpt lat="42.5091281" lon="82.4133625">
        <ele>3028.0</ele>
      </trkpt>
      <trkpt lat="42.5090779" lon="82.4134862">
        <ele>3027.0</ele>
      </trkpt>
      <trkpt lat="42.5090212" lon="82.413603">
        <ele>3016.0</ele>
      </trkpt>
      <trkpt lat="42.5089611" lon="82.4137143">
        <ele>3016.0</ele>
      </trkpt>
      <trkpt lat="42.5088975" lon="82.413811">
        <ele>3017.0</ele>
      </trkpt>
      <trkpt lat="42.5088461" lon="82.4139184">
        <ele>3017.0</ele>
      </trkpt>
      <trkpt lat="42.5088034" lon="82.4140402">
        <ele>3021.0</ele>
      </trkpt>
      <trkpt lat="42.5087671" lon="82.4141659">
        <ele>3021.0</ele>
      </trkpt>
      <trkpt lat="42.5087216" lon="82.4142936">
        <ele>3015.0</ele>
      </trkpt>
      <trkpt lat="42.5086648" lon="82.4144152">
        <ele>3017.0</ele>
      </trkpt>
      <trkpt lat="42.5085913" lon="82.4145069">
        <ele>3017.0</ele>
      </trkpt>
      <trkpt lat="42.5085017" lon="82.414564">
        <ele>3017.0</ele>
      </trkpt>
      <trkpt lat="42.5084096" lon="82.4146126">
        <ele>3013.0</ele>
      </trkpt>
      <trkpt lat="42.5083242" lon="82.414699">
        <ele>3013.0</ele>
      </trkpt>
      <trkpt lat="42.5082548" lon="82.4148002">
        <ele>3013.0</ele>
      </trkpt>
      <trkpt lat="42.5081852" lon="82.414896">
        <ele>3006.0</ele>
      </trkpt>
      <trkpt lat="42.5081156" lon="82.4149658">
        <ele>3006.0</ele>
      </trkpt>
      <trkpt lat="42.5080227" lon="82.4149886">
        <ele>3006.0</ele>
      </trkpt>
      <trkpt lat="42.5079334" lon="82.415029">
        <ele>3006.0</ele>
      </trkpt>
      <trkpt lat="42.5078512" lon="82.4151165">
        <ele>3009.0</ele>
      </trkpt>
      <trkpt lat="42.5077729" lon="82.4152146">
        <ele>3007.0</ele>
      </trkpt>
      <trkpt lat="42.5077247" lon="82.4153199">
        <ele>3007.0</ele>
      </trkpt>
      <trkpt lat="42.5076556" lon="82.4154114">
        <ele>3007.0</ele>
      </trkpt>
      <trkpt lat="42.5075866" lon="82.41551">
        <ele>3005.0</ele>
      </trkpt>
      <trkpt lat="42.5075187" lon="82.4156205">
        <ele>3005.0</ele>
      </trkpt>
      <trkpt lat="42.507463" lon="82.4157313">
        <ele>2999.0</ele>
      </trkpt>
      <trkpt lat="42.5073937" lon="82.415831">
        <ele>2999.0</ele>
      </trkpt>
      <trkpt lat="42.5073196" lon="82.4159217">
        <ele>3016.0</ele>
      </trkpt>
      <trkpt lat="42.5072454" lon="82.4159984">
        <ele>3007.0</ele>
      </trkpt>
      <trkpt lat="42.5071646" lon="82.4160847">
        <ele>3007.0</ele>
      </trkpt>
      <trkpt lat="42.5070948" lon="82.4161875">
        <ele>3007.0</ele>
      </trkpt>
      <trkpt lat="42.5070506" lon="82.4163062">
        <ele>3008.0</ele>
      </trkpt>
      <trkpt lat="42.5069874" lon="82.4164133">
        <ele>3008.0</ele>
      </trkpt>
      <trkpt lat="42.5069223" lon="82.4165286">
        <ele>2996.0</ele>
      </trkpt>
      <trkpt lat="42.5068627" lon="82.4166479">
        <ele>2996.0</ele>
      </trkpt>
      <trkpt lat="42.5068129" lon="82.4167736">
        <ele>2996.0</ele>
      </trkpt>
      <trkpt lat="42.506756" lon="82.4168974">
        <ele>3001.0</ele>
      </trkpt>
      <trkpt lat="42.5067065" lon="82.417022">
        <ele>3001.0</ele>
      </trkpt>
      <trkpt lat="42.506676" lon="82.4171422">
        <ele>2998.0</ele>
      </trkpt>
      <trkpt lat="42.5066392" lon="82.4172619">
        <ele>2998.0</ele>
      </trkpt>
      <trkpt lat="42.5065881" lon="82.417377">
        <ele>2998.0</ele>
      </trkpt>
      <trkpt lat="42.5065187" lon="82.4174771">
        <ele>3002.0</ele>
      </trkpt>
      <trkpt lat="42.506469" lon="82.4175957">
        <ele>3002.0</ele>
      </trkpt>
      <trkpt lat="42.5064418" lon="82.4177241">
        <ele>2996.0</ele>
      </trkpt>
      <trkpt lat="42.5064048" lon="82.4178387">
        <ele>2996.0</ele>
      </trkpt>
      <trkpt lat="42.5063582" lon="82.417968">
        <ele>2989.0</ele>
      </trkpt>
      <trkpt lat="42.5063029" lon="82.4180775">
        <ele>2989.0</ele>
      </trkpt>
      <trkpt lat="42.5062367" lon="82.418178">
        <ele>2995.0</ele>
      </trkpt>
      <trkpt lat="42.5061696" lon="82.4182697">
        <ele>2986.0</ele>
      </trkpt>
      <trkpt lat="42.5060959" lon="82.4183586">
        <ele>2986.0</ele>
      </trkpt>
      <trkpt lat="42.5060291" lon="82.4184608">
        <ele>2986.0</ele>
      </trkpt>
      <trkpt lat="42.5059567" lon="82.418559">
        <ele>2989.0</ele>
      </trkpt>
      <trkpt lat="42.5058789" lon="82.4186659">
        <ele>2989.0</ele>
      </trkpt>
      <trkpt lat="42.5058619" lon="82.4188041">
        <ele>2982.0</ele>
      </trkpt>
      <trkpt lat="42.5058742" lon="82.4189365">
        <ele>2982.0</ele>
      </trkpt>
      <trkpt lat="42.5059385" lon="82.4190535">
        <ele>2982.0</ele>
      </trkpt>
      <trkpt lat="42.5059696" lon="82.4191723">
        <ele>2982.0</ele>
      </trkpt>
      <trkpt lat="42.5059508" lon="82.4192944">
        <ele>2982.0</ele>
      </trkpt>
      <trkpt lat="42.5059108" lon="82.4193608">
        <ele>2984.0</ele>
      </trkpt>
      <trkpt lat="42.5058866" lon="82.4194733">
        <ele>2984.0</ele>
      </trkpt>
      <trkpt lat="42.5058603" lon="82.4196129">
        <ele>2989.0</ele>
      </trkpt>
      <trkpt lat="42.5058172" lon="82.4197466">
        <ele>2989.0</ele>
      </trkpt>
      <trkpt lat="42.5057654" lon="82.4198702">
        <ele>2995.0</ele>
      </trkpt>
      <trkpt lat="42.5057065" lon="82.4199929">
        <ele>2995.0</ele>
      </trkpt>
      <trkpt lat="42.5056559" lon="82.4201237">
        <ele>2991.0</ele>
      </trkpt>
      <trkpt lat="42.5056171" lon="82.4202695">
        <ele>2994.0</ele>
      </trkpt>
      <trkpt lat="42.5055724" lon="82.4204133">
        <ele>2994.0</ele>
      </trkpt>
      <trkpt lat="42.5055183" lon="82.4205537">
        <ele>2999.0</ele>
      </trkpt>
      <trkpt lat="42.5054736" lon="82.4206654">
        <ele>2999.0</ele>
      </trkpt>
      <trkpt lat="42.5054329" lon="82.4207732">
        <ele>3002.0</ele>
      </trkpt>
      <trkpt lat="42.5053631" lon="82.4208766">
        <ele>2988.0</ele>
      </trkpt>
      <trkpt lat="42.5052892" lon="82.4209577">
        <ele>2988.0</ele>
      </trkpt>
      <trkpt lat="42.505239" lon="82.421059">
        <ele>2992.0</ele>
      </trkpt>
      <trkpt lat="42.5052009" lon="82.4211926">
        <ele>2992.0</ele>
      </trkpt>
      <trkpt lat="42.5051694" lon="82.4213228">
        <ele>2993.0</ele>
      </trkpt>
      <trkpt lat="42.5051269" lon="82.4214457">
        <ele>2982.0</ele>
      </trkpt>
      <trkpt lat="42.5050947" lon="82.4215814">
        <ele>2980.0</ele>
      </trkpt>
      <trkpt lat="42.5050758" lon="82.4217277">
        <ele>2980.0</ele>
      </trkpt>
      <trkpt lat="42.505054" lon="82.4218734">
        <ele>2989.0</ele>
      </trkpt>
      <trkpt lat="42.5050145" lon="82.4219956">
        <ele>2989.0</ele>
      </trkpt>
      <trkpt lat="42.5049745" lon="82.4221125">
        <ele>3007.0</ele>
      </trkpt>
      <trkpt lat="42.5049231" lon="82.4222447">
        <ele>3007.0</ele>
      </trkpt>
      <trkpt lat="42.5048467" lon="82.4223453">
        <ele>2981.0</ele>
      </trkpt>
      <trkpt lat="42.5048044" lon="82.4223734">
        <ele>2985.0</ele>
      </trkpt>
      <trkpt lat="42.5047386" lon="82.4224236">
        <ele>2985.0</ele>
      </trkpt>
      <trkpt lat="42.5046549" lon="82.4224737">
        <ele>2985.0</ele>
      </trkpt>
      <trkpt lat="42.5045767" lon="82.4225518">
        <ele>2979.0</ele>
      </trkpt>
      <trkpt lat="42.5044766" lon="82.4226074">
        <ele>2979.0</ele>
      </trkpt>
      <trkpt lat="42.5043821" lon="82.4227011">
        <ele>2978.0</ele>
      </trkpt>
      <trkpt lat="42.5043119" lon="82.4228289">
        <ele>2978.0</ele>
      </trkpt>
      <trkpt lat="42.5042514" lon="82.4229671">
        <ele>2973.0</ele>
      </trkpt>
      <trkpt lat="42.5041994" lon="82.4230805">
        <ele>2973.0</ele>
      </trkpt>
      <trkpt lat="42.5041345" lon="82.4231956">
        <ele>2995.0</ele>
      </trkpt>
      <trkpt lat="42.5040501" lon="82.4232876">
        <ele>2995.0</ele>
      </trkpt>
      <trkpt lat="42.5039415" lon="82.4233226">
        <ele>2966.0</ele>
      </trkpt>
      <trkpt lat="42.5038276" lon="82.4233242">
        <ele>2966.0</ele>
      </trkpt>
      <trkpt lat="42.5037081" lon="82.4233031">
        <ele>2959.0</ele>
      </trkpt>
      <trkpt lat="42.503609" lon="82.4232658">
        <ele>2959.0</ele>
      </trkpt>
      <trkpt lat="42.5034988" lon="82.423233">
        <ele>2959.0</ele>
      </trkpt>
      <trkpt lat="42.5033878" lon="82.423231">
        <ele>2958.0</ele>
      </trkpt>
      <trkpt lat="42.5032885" lon="82.4232754">
        <ele>2958.0</ele>
      </trkpt>
      <trkpt lat="42.5032015" lon="82.4233548">
        <ele>2958.0</ele>
      </trkpt>
      <trkpt lat="42.5031274" lon="82.423459">
        <ele>2962.0</ele>
      </trkpt>
      <trkpt lat="42.5030495" lon="82.4235555">
        <ele>2959.0</ele>
      </trkpt>
      <trkpt lat="42.502969" lon="82.4236509">
        <ele>2959.0</ele>
      </trkpt>
      <trkpt lat="42.5028805" lon="82.4237415">
        <ele>2955.0</ele>
      </trkpt>
      <trkpt lat="42.5027882" lon="82.4238202">
        <ele>2955.0</ele>
      </trkpt>
      <trkpt lat="42.5027011" lon="82.4238777">
        <ele>2955.0</ele>
      </trkpt>
      <trkpt lat="42.502604" lon="82.4239453">
        <ele>2953.0</ele>
      </trkpt>
      <trkpt lat="42.5025093" lon="82.4240066">
        <ele>2953.0</ele>
      </trkpt>
      <trkpt lat="42.5024226" lon="82.4240758">
        <ele>2953.0</ele>
      </trkpt>
      <trkpt lat="42.5023493" lon="82.4241608">
        <ele>2950.0</ele>
      </trkpt>
      <trkpt lat="42.5022946" lon="82.4242628">
        <ele>2950.0</ele>
      </trkpt>
      <trkpt lat="42.5022523" lon="82.4243729">
        <ele>2951.0</ele>
      </trkpt>
      <trkpt lat="42.502197" lon="82.424477">
        <ele>2951.0</ele>
      </trkpt>
      <trkpt lat="42.502112" lon="82.4245549">
        <ele>2951.0</ele>
      </trkpt>
      <trkpt lat="42.5020727" lon="82.4245679">
        <ele>2951.0</ele>
      </trkpt>
      <trkpt lat="42.5020498" lon="82.4246556">
        <ele>2956.0</ele>
      </trkpt>
      <trkpt lat="42.5020455" lon="82.4247787">
        <ele>2956.0</ele>
      </trkpt>
      <trkpt lat="42.5020298" lon="82.4249071">
        <ele>2954.0</ele>
      </trkpt>
      <trkpt lat="42.5019721" lon="82.4249966">
        <ele>2954.0</ele>
      </trkpt>
      <trkpt lat="42.5019325" lon="82.4251128">
        <ele>2954.0</ele>
      </trkpt>
      <trkpt lat="42.5019555" lon="82.4252281">
        <ele>2951.0</ele>
      </trkpt>
      <trkpt lat="42.5019343" lon="82.4253516">
        <ele>2951.0</ele>
      </trkpt>
      <trkpt lat="42.5018981" lon="82.4254799">
        <ele>2947.0</ele>
      </trkpt>
      <trkpt lat="42.5018493" lon="82.4255185">
        <ele>2947.0</ele>
      </trkpt>
      <trkpt lat="42.5017544" lon="82.4254365">
        <ele>2945.0</ele>
      </trkpt>
      <trkpt lat="42.501663" lon="82.4254788">
        <ele>2945.0</ele>
      </trkpt>
      <trkpt lat="42.5016318" lon="82.4255326">
        <ele>2945.0</ele>
      </trkpt>
      <trkpt lat="42.5015815" lon="82.4256262">
        <ele>2945.0</ele>
      </trkpt>
      <trkpt lat="42.5015447" lon="82.4256775">
        <ele>2945.0</ele>
      </trkpt>
      <trkpt lat="42.5014911" lon="82.4257743">
        <ele>2945.0</ele>
      </trkpt>
      <trkpt lat="42.5014239" lon="82.4258843">
        <ele>2945.0</ele>
      </trkpt>
      <trkpt lat="42.5013363" lon="82.4259797">
        <ele>2947.0</ele>
      </trkpt>
      <trkpt lat="42.5012504" lon="82.4260637">
        <ele>2947.0</ele>
      </trkpt>
      <trkpt lat="42.5011745" lon="82.4261463">
        <ele>2946.0</ele>
      </trkpt>
      <trkpt lat="42.5011118" lon="82.4262175">
        <ele>2946.0</ele>
      </trkpt>
      <trkpt lat="42.5010353" lon="82.4262798">
        <ele>2946.0</ele>
      </trkpt>
      <trkpt lat="42.5009655" lon="82.4263634">
        <ele>2947.0</ele>
      </trkpt>
      <trkpt lat="42.5008929" lon="82.4264404">
        <ele>2947.0</ele>
      </trkpt>
      <trkpt lat="42.5008091" lon="82.4264879">
        <ele>2947.0</ele>
      </trkpt>
      <trkpt lat="42.5007229" lon="82.4265401">
        <ele>2942.0</ele>
      </trkpt>
      <trkpt lat="42.5006379" lon="82.4266059">
        <ele>2944.0</ele>
      </trkpt>
      <trkpt lat="42.5005589" lon="82.4266924">
        <ele>2944.0</ele>
      </trkpt>
      <trkpt lat="42.5004823" lon="82.42679">
        <ele>2944.0</ele>
      </trkpt>
      <trkpt lat="42.5004199" lon="82.4269047">
        <ele>2943.0</ele>
      </trkpt>
      <trkpt lat="42.5003558" lon="82.4270194">
        <ele>2951.0</ele>
      </trkpt>
      <trkpt lat="42.5002847" lon="82.4271318">
        <ele>2950.0</ele>
      </trkpt>
      <trkpt lat="42.5002159" lon="82.4272338">
        <ele>2950.0</ele>
      </trkpt>
      <trkpt lat="42.500154" lon="82.4273423">
        <ele>2950.0</ele>
      </trkpt>
      <trkpt lat="42.500093" lon="82.4274468">
        <ele>2946.0</ele>
      </trkpt>
      <trkpt lat="42.5000406" lon="82.4275545">
        <ele>2946.0</ele>
      </trkpt>
      <trkpt lat="42.4999847" lon="82.4276544">
        <ele>2942.0</ele>
      </trkpt>
      <trkpt lat="42.4999237" lon="82.42775">
        <ele>2942.0</ele>
      </trkpt>
      <trkpt lat="42.499856" lon="82.4278372">
        <ele>2943.0</ele>
      </trkpt>
      <trkpt lat="42.4997694" lon="82.4278918">
        <ele>2943.0</ele>
      </trkpt>
      <trkpt lat="42.4996682" lon="82.4279303">
        <ele>2938.0</ele>
      </trkpt>
      <trkpt lat="42.4995711" lon="82.4279593">
        <ele>2935.0</ele>
      </trkpt>
      <trkpt lat="42.4994757" lon="82.4279946">
        <ele>2935.0</ele>
      </trkpt>
      <trkpt lat="42.4993832" lon="82.4280369">
        <ele>2935.0</ele>
      </trkpt>
      <trkpt lat="42.4992927" lon="82.428085">
        <ele>2928.0</ele>
      </trkpt>
      <trkpt lat="42.4992111" lon="82.4281431">
        <ele>2928.0</ele>
      </trkpt>
      <trkpt lat="42.4991285" lon="82.4282094">
        <ele>2921.0</ele>
      </trkpt>
      <trkpt lat="42.4990387" lon="82.4282452">
        <ele>2921.0</ele>
      </trkpt>
      <trkpt lat="42.4989446" lon="82.4282543">
        <ele>2919.0</ele>
      </trkpt>
      <trkpt lat="42.4988515" lon="82.4282647">
        <ele>2919.0</ele>
      </trkpt>
      <trkpt lat="42.4987607" lon="82.4282882">
        <ele>2919.0</ele>
      </trkpt>
      <trkpt lat="42.49866" lon="82.4283343">
        <ele>2922.0</ele>
      </trkpt>
      <trkpt lat="42.4985731" lon="82.4284125">
        <ele>2922.0</ele>
      </trkpt>
      <trkpt lat="42.4985302" lon="82.4285416">
        <ele>2914.0</ele>
      </trkpt>
      <trkpt lat="42.498506" lon="82.4286754">
        <ele>2914.0</ele>
      </trkpt>
      <trkpt lat="42.498496" lon="82.4288149">
        <ele>2915.0</ele>
      </trkpt>
      <trkpt lat="42.4984954" lon="82.4289543">
        <ele>2915.0</ele>
      </trkpt>
      <trkpt lat="42.4984962" lon="82.4290992">
        <ele>2922.0</ele>
      </trkpt>
      <trkpt lat="42.4984406" lon="82.4291895">
        <ele>2918.0</ele>
      </trkpt>
      <trkpt lat="42.4984053" lon="82.429303">
        <ele>2918.0</ele>
      </trkpt>
      <trkpt lat="42.4983715" lon="82.4294297">
        <ele>2922.0</ele>
      </trkpt>
      <trkpt lat="42.4983256" lon="82.4295423">
        <ele>2922.0</ele>
      </trkpt>
      <trkpt lat="42.4982804" lon="82.429668">
        <ele>2928.0</ele>
      </trkpt>
      <trkpt lat="42.49827" lon="82.4297404">
        <ele>2928.0</ele>
      </trkpt>
      <trkpt lat="42.4983027" lon="82.429837">
        <ele>2928.0</ele>
      </trkpt>
      <trkpt lat="42.4982987" lon="82.4299625">
        <ele>2932.0</ele>
      </trkpt>
      <trkpt lat="42.4982613" lon="82.4300945">
        <ele>2932.0</ele>
      </trkpt>
      <trkpt lat="42.4982135" lon="82.4302233">
        <ele>2934.0</ele>
      </trkpt>
      <trkpt lat="42.4981766" lon="82.4303453">
        <ele>2925.0</ele>
      </trkpt>
      <trkpt lat="42.4981412" lon="82.4304602">
        <ele>2928.0</ele>
      </trkpt>
      <trkpt lat="42.4980946" lon="82.4305756">
        <ele>2928.0</ele>
      </trkpt>
      <trkpt lat="42.4980957" lon="82.4307137">
        <ele>2929.0</ele>
      </trkpt>
      <trkpt lat="42.4980749" lon="82.4308324">
        <ele>2929.0</ele>
      </trkpt>
      <trkpt lat="42.4980469" lon="82.4309559">
        <ele>2929.0</ele>
      </trkpt>
      <trkpt lat="42.4980209" lon="82.431087">
        <ele>2930.0</ele>
      </trkpt>
      <trkpt lat="42.4980023" lon="82.4312164">
        <ele>2930.0</ele>
      </trkpt>
      <trkpt lat="42.4979761" lon="82.4313466">
        <ele>2931.0</ele>
      </trkpt>
      <trkpt lat="42.4979519" lon="82.4314779">
        <ele>2931.0</ele>
      </trkpt>
      <trkpt lat="42.4979365" lon="82.4316046">
        <ele>2928.0</ele>
      </trkpt>
      <trkpt lat="42.4979157" lon="82.4317419">
        <ele>2923.0</ele>
      </trkpt>
      <trkpt lat="42.4978825" lon="82.4318632">
        <ele>2919.0</ele>
      </trkpt>
      <trkpt lat="42.497844" lon="82.4319878">
        <ele>2919.0</ele>
      </trkpt>
      <trkpt lat="42.4978145" lon="82.4321118">
        <ele>2916.0</ele>
      </trkpt>
      <trkpt lat="42.4977779" lon="82.4322398">
        <ele>2916.0</ele>
      </trkpt>
      <trkpt lat="42.4977059" lon="82.4323412">
        <ele>2916.0</ele>
      </trkpt>
      <trkpt lat="42.4976292" lon="82.4324339">
        <ele>2912.0</ele>
      </trkpt>
      <trkpt lat="42.497557" lon="82.4325383">
        <ele>2912.0</ele>
      </trkpt>
      <trkpt lat="42.4974902" lon="82.432662">
        <ele>2917.0</ele>
      </trkpt>
      <trkpt lat="42.4974377" lon="82.432774">
        <ele>2917.0</ele>
      </trkpt>
      <trkpt lat="42.4973916" lon="82.4328909">
        <ele>2917.0</ele>
      </trkpt>
      <trkpt lat="42.4973263" lon="82.4329888">
        <ele>2910.0</ele>
      </trkpt>
      <trkpt lat="42.4972401" lon="82.4330384">
        <ele>2910.0</ele>
      </trkpt>
      <trkpt lat="42.4971496" lon="82.4330224">
        <ele>2910.0</ele>
      </trkpt>
      <trkpt lat="42.49705" lon="82.4330155">
        <ele>2907.0</ele>
      </trkpt>
      <trkpt lat="42.4969544" lon="82.4330022">
        <ele>2907.0</ele>
      </trkpt>
      <trkpt lat="42.4968527" lon="82.4329901">
        <ele>2907.0</ele>
      </trkpt>
      <trkpt lat="42.4967587" lon="82.4329777">
        <ele>2906.0</ele>
      </trkpt>
      <trkpt lat="42.4966619" lon="82.4329746">
        <ele>2906.0</ele>
      </trkpt>
      <trkpt lat="42.4965754" lon="82.4330132">
        <ele>2906.0</ele>
      </trkpt>
      <trkpt lat="42.4964975" lon="82.4330908">
        <ele>2909.0</ele>
      </trkpt>
      <trkpt lat="42.4964245" lon="82.4331847">
        <ele>2909.0</ele>
      </trkpt>
      <trkpt lat="42.4963554" lon="82.4332857">
        <ele>2906.0</ele>
      </trkpt>
      <trkpt lat="42.4962898" lon="82.4333864">
        <ele>2906.0</ele>
      </trkpt>
      <trkpt lat="42.4962319" lon="82.433496">
        <ele>2916.0</ele>
      </trkpt>
      <trkpt lat="42.4961811" lon="82.4336028">
        <ele>2916.0</ele>
      </trkpt>
      <trkpt lat="42.4961351" lon="82.4337118">
        <ele>2916.0</ele>
      </trkpt>
      <trkpt lat="42.4960864" lon="82.433826">
        <ele>2913.0</ele>
      </trkpt>
      <trkpt lat="42.4960394" lon="82.4339563">
        <ele>2913.0</ele>
      </trkpt>
      <trkpt lat="42.4960141" lon="82.434087">
        <ele>2916.0</ele>
      </trkpt>
      <trkpt lat="42.4959888" lon="82.4342242">
        <ele>2916.0</ele>
      </trkpt>
      <trkpt lat="42.4959806" lon="82.434355">
        <ele>2913.0</ele>
      </trkpt>
      <trkpt lat="42.4959552" lon="82.434488">
        <ele>2919.0</ele>
      </trkpt>
      <trkpt lat="42.4959048" lon="82.4346008">
        <ele>2911.0</ele>
      </trkpt>
      <trkpt lat="42.4958538" lon="82.4347102">
        <ele>2911.0</ele>
      </trkpt>
      <trkpt lat="42.4958188" lon="82.4348275">
        <ele>2911.0</ele>
      </trkpt>
      <trkpt lat="42.495795" lon="82.4349493">
        <ele>2911.0</ele>
      </trkpt>
      <trkpt lat="42.4957725" lon="82.4350853">
        <ele>2911.0</ele>
      </trkpt>
      <trkpt lat="42.4957728" lon="82.4352153">
        <ele>2907.0</ele>
      </trkpt>
      <trkpt lat="42.495807" lon="82.4353318">
        <ele>2907.0</ele>
      </trkpt>
      <trkpt lat="42.4958394" lon="82.4354533">
        <ele>2908.0</ele>
      </trkpt>
      <trkpt lat="42.4958454" lon="82.435581">
        <ele>2908.0</ele>
      </trkpt>
      <trkpt lat="42.4958479" lon="82.4357179">
        <ele>2907.0</ele>
      </trkpt>
      <trkpt lat="42.495869" lon="82.4358532">
        <ele>2907.0</ele>
      </trkpt>
      <trkpt lat="42.4958958" lon="82.4359829">
        <ele>2907.0</ele>
      </trkpt>
      <trkpt lat="42.4959139" lon="82.4361142">
        <ele>2907.0</ele>
      </trkpt>
      <trkpt lat="42.4959143" lon="82.4362492">
        <ele>2907.0</ele>
      </trkpt>
      <trkpt lat="42.4959009" lon="82.4363794">
        <ele>2902.0</ele>
      </trkpt>
      <trkpt lat="42.4958906" lon="82.4365167">
        <ele>2902.0</ele>
      </trkpt>
      <trkpt lat="42.4958817" lon="82.4366445">
        <ele>2902.0</ele>
      </trkpt>
      <trkpt lat="42.4958757" lon="82.436769">
        <ele>2902.0</ele>
      </trkpt>
      <trkpt lat="42.4958716" lon="82.4368945">
        <ele>2902.0</ele>
      </trkpt>
      <trkpt lat="42.4958688" lon="82.4370197">
        <ele>2902.0</ele>
      </trkpt>
      <trkpt lat="42.4958681" lon="82.437146">
        <ele>2901.0</ele>
      </trkpt>
      <trkpt lat="42.4958713" lon="82.4372702">
        <ele>2901.0</ele>
      </trkpt>
      <trkpt lat="42.495865" lon="82.4373945">
        <ele>2896.0</ele>
      </trkpt>
      <trkpt lat="42.4958477" lon="82.4375149">
        <ele>2896.0</ele>
      </trkpt>
      <trkpt lat="42.4958011" lon="82.4376238">
        <ele>2896.0</ele>
      </trkpt>
      <trkpt lat="42.4957295" lon="82.4377284">
        <ele>2892.0</ele>
      </trkpt>
      <trkpt lat="42.4956565" lon="82.4378354">
        <ele>2892.0</ele>
      </trkpt>
      <trkpt lat="42.4955876" lon="82.4379424">
        <ele>2891.0</ele>
      </trkpt>
      <trkpt lat="42.4955184" lon="82.4380467">
        <ele>2891.0</ele>
      </trkpt>
      <trkpt lat="42.4954444" lon="82.4381399">
        <ele>2891.0</ele>
      </trkpt>
      <trkpt lat="42.495369" lon="82.4382289">
        <ele>2888.0</ele>
      </trkpt>
      <trkpt lat="42.4953172" lon="82.4383373">
        <ele>2888.0</ele>
      </trkpt>
      <trkpt lat="42.4952767" lon="82.4384621">
        <ele>2888.0</ele>
      </trkpt>
      <trkpt lat="42.4952545" lon="82.4385893">
        <ele>2885.0</ele>
      </trkpt>
      <trkpt lat="42.495237" lon="82.438712">
        <ele>2885.0</ele>
      </trkpt>
      <trkpt lat="42.4952156" lon="82.438839">
        <ele>2883.0</ele>
      </trkpt>
      <trkpt lat="42.4951904" lon="82.4389629">
        <ele>2883.0</ele>
      </trkpt>
      <trkpt lat="42.4951534" lon="82.4390833">
        <ele>2884.0</ele>
      </trkpt>
      <trkpt lat="42.4951094" lon="82.4391983">
        <ele>2882.0</ele>
      </trkpt>
      <trkpt lat="42.4950952" lon="82.439318">
        <ele>2884.0</ele>
      </trkpt>
      <trkpt lat="42.4950899" lon="82.4394473">
        <ele>2884.0</ele>
      </trkpt>
      <trkpt lat="42.4950438" lon="82.4395505">
        <ele>2884.0</ele>
      </trkpt>
      <trkpt lat="42.4950008" lon="82.439669">
        <ele>2886.0</ele>
      </trkpt>
      <trkpt lat="42.4949835" lon="82.4397964">
        <ele>2886.0</ele>
      </trkpt>
      <trkpt lat="42.4949609" lon="82.4399235">
        <ele>2892.0</ele>
      </trkpt>
      <trkpt lat="42.4949532" lon="82.4400538">
        <ele>2892.0</ele>
      </trkpt>
      <trkpt lat="42.4948809" lon="82.4401147">
        <ele>2892.0</ele>
      </trkpt>
      <trkpt lat="42.494797" lon="82.4401779">
        <ele>2890.0</ele>
      </trkpt>
      <trkpt lat="42.4947664" lon="82.4402874">
        <ele>2890.0</ele>
      </trkpt>
      <trkpt lat="42.4947402" lon="82.4404253">
        <ele>2890.0</ele>
      </trkpt>
      <trkpt lat="42.4947" lon="82.4405655">
        <ele>2890.0</ele>
      </trkpt>
      <trkpt lat="42.4946386" lon="82.4406431">
        <ele>2890.0</ele>
      </trkpt>
      <trkpt lat="42.4946386" lon="82.4406431">
        <ele>2890.0</ele>
      </trkpt>
      <trkpt lat="42.4947078" lon="82.4406715">
        <ele>2890.0</ele>
      </trkpt>
      <trkpt lat="42.4947078" lon="82.4406715">
        <ele>2890.0</ele>
      </trkpt>
      <trkpt lat="42.4946981" lon="82.4406621">
        <ele>2890.0</ele>
      </trkpt>
      <trkpt lat="42.4947027" lon="82.4406482">
        <ele>2890.0</ele>
      </trkpt>
      <trkpt lat="42.4947142" lon="82.440654">
        <ele>2890.0</ele>
      </trkpt>
      <trkpt lat="42.4947036" lon="82.4407886">
        <ele>2889.0</ele>
      </trkpt>
      <trkpt lat="42.4947169" lon="82.4409289">
        <ele>2889.0</ele>
      </trkpt>
      <trkpt lat="42.4947275" lon="82.4410576">
        <ele>2890.0</ele>
      </trkpt>
      <trkpt lat="42.4947332" lon="82.4411866">
        <ele>2890.0</ele>
      </trkpt>
      <trkpt lat="42.4947917" lon="82.4412424">
        <ele>2890.0</ele>
      </trkpt>
      <trkpt lat="42.4948023" lon="82.4413633">
        <ele>2891.0</ele>
      </trkpt>
      <trkpt lat="42.49482" lon="82.4414912">
        <ele>2891.0</ele>
      </trkpt>
      <trkpt lat="42.4948265" lon="82.4416171">
        <ele>2891.0</ele>
      </trkpt>
      <trkpt lat="42.4948623" lon="82.441748">
        <ele>2892.0</ele>
      </trkpt>
      <trkpt lat="42.4949152" lon="82.441863">
        <ele>2895.0</ele>
      </trkpt>
      <trkpt lat="42.4949694" lon="82.4419799">
        <ele>2895.0</ele>
      </trkpt>
      <trkpt lat="42.4950217" lon="82.4420616">
        <ele>2895.0</ele>
      </trkpt>
      <trkpt lat="42.4950403" lon="82.4421765">
        <ele>2894.0</ele>
      </trkpt>
      <trkpt lat="42.4950583" lon="82.4423253">
        <ele>2894.0</ele>
      </trkpt>
      <trkpt lat="42.4950837" lon="82.4423869">
        <ele>2898.0</ele>
      </trkpt>
      <trkpt lat="42.495129" lon="82.4424762">
        <ele>2898.0</ele>
      </trkpt>
      <trkpt lat="42.4951769" lon="82.4425825">
        <ele>2895.0</ele>
      </trkpt>
      <trkpt lat="42.4952267" lon="82.4426951">
        <ele>2896.0</ele>
      </trkpt>
      <trkpt lat="42.495251" lon="82.4428261">
        <ele>2896.0</ele>
      </trkpt>
      <trkpt lat="42.4952916" lon="82.4429566">
        <ele>2895.0</ele>
      </trkpt>
      <trkpt lat="42.4953452" lon="82.4430757">
        <ele>2895.0</ele>
      </trkpt>
      <trkpt lat="42.4953977" lon="82.4431838">
        <ele>2895.0</ele>
      </trkpt>
      <trkpt lat="42.4953976" lon="82.4432923">
        <ele>2894.0</ele>
      </trkpt>
      <trkpt lat="42.4954139" lon="82.443407">
        <ele>2894.0</ele>
      </trkpt>
      <trkpt lat="42.4954503" lon="82.4435257">
        <ele>2887.0</ele>
      </trkpt>
      <trkpt lat="42.4954322" lon="82.4436398">
        <ele>2887.0</ele>
      </trkpt>
      <trkpt lat="42.4954147" lon="82.4437752">
        <ele>2894.0</ele>
      </trkpt>
      <trkpt lat="42.4953978" lon="82.4439098">
        <ele>2894.0</ele>
      </trkpt>
      <trkpt lat="42.4953568" lon="82.4440273">
        <ele>2894.0</ele>
      </trkpt>
      <trkpt lat="42.4953336" lon="82.4441536">
        <ele>2894.0</ele>
      </trkpt>
      <trkpt lat="42.49532" lon="82.4443172">
        <ele>2892.0</ele>
      </trkpt>
      <trkpt lat="42.4953178" lon="82.4444673">
        <ele>2892.0</ele>
      </trkpt>
      <trkpt lat="42.4953441" lon="82.4445968">
        <ele>2892.0</ele>
      </trkpt>
      <trkpt lat="42.4953872" lon="82.444716">
        <ele>2892.0</ele>
      </trkpt>
      <trkpt lat="42.4954391" lon="82.4448431">
        <ele>2897.0</ele>
      </trkpt>
      <trkpt lat="42.4954896" lon="82.4449628">
        <ele>2892.0</ele>
      </trkpt>
      <trkpt lat="42.49552" lon="82.4451025">
        <ele>2892.0</ele>
      </trkpt>
      <trkpt lat="42.4955697" lon="82.4452371">
        <ele>2889.0</ele>
      </trkpt>
      <trkpt lat="42.4956488" lon="82.4453265">
        <ele>2889.0</ele>
      </trkpt>
      <trkpt lat="42.4957383" lon="82.4453909">
        <ele>2897.0</ele>
      </trkpt>
      <trkpt lat="42.4958081" lon="82.445475">
        <ele>2898.0</ele>
      </trkpt>
      <trkpt lat="42.4958617" lon="82.445585">
        <ele>2898.0</ele>
      </trkpt>
      <trkpt lat="42.49593" lon="82.4456693">
        <ele>2898.0</ele>
      </trkpt>
      <trkpt lat="42.4960098" lon="82.4457599">
        <ele>2894.0</ele>
      </trkpt>
      <trkpt lat="42.4960319" lon="82.4458569">
        <ele>2894.0</ele>
      </trkpt>
      <trkpt lat="42.4960712" lon="82.445971">
        <ele>2894.0</ele>
      </trkpt>
      <trkpt lat="42.4961509" lon="82.4459994">
        <ele>2892.0</ele>
      </trkpt>
      <trkpt lat="42.4962354" lon="82.446059">
        <ele>2892.0</ele>
      </trkpt>
      <trkpt lat="42.4963089" lon="82.4461544">
        <ele>2889.0</ele>
      </trkpt>
      <trkpt lat="42.4963753" lon="82.4462634">
        <ele>2895.0</ele>
      </trkpt>
      <trkpt lat="42.4964422" lon="82.4463733">
        <ele>2895.0</ele>
      </trkpt>
      <trkpt lat="42.4965049" lon="82.446471">
        <ele>2895.0</ele>
      </trkpt>
      <trkpt lat="42.4965808" lon="82.4465601">
        <ele>2890.0</ele>
      </trkpt>
      <trkpt lat="42.496649" lon="82.4466524">
        <ele>2890.0</ele>
      </trkpt>
      <trkpt lat="42.4967205" lon="82.4467629">
        <ele>2890.0</ele>
      </trkpt>
      <trkpt lat="42.4967894" lon="82.4468611">
        <ele>2886.0</ele>
      </trkpt>
      <trkpt lat="42.4968505" lon="82.446958">
        <ele>2886.0</ele>
      </trkpt>
      <trkpt lat="42.496885" lon="82.4470758">
        <ele>2886.0</ele>
      </trkpt>
      <trkpt lat="42.4968736" lon="82.4472024">
        <ele>2877.0</ele>
      </trkpt>
      <trkpt lat="42.4968776" lon="82.4473284">
        <ele>2877.0</ele>
      </trkpt>
      <trkpt lat="42.4969444" lon="82.4474231">
        <ele>2871.0</ele>
      </trkpt>
      <trkpt lat="42.4970027" lon="82.4475453">
        <ele>2871.0</ele>
      </trkpt>
      <trkpt lat="42.4970037" lon="82.4476795">
        <ele>2866.0</ele>
      </trkpt>
      <trkpt lat="42.4969795" lon="82.4478194">
        <ele>2866.0</ele>
      </trkpt>
      <trkpt lat="42.4969654" lon="82.4479526">
        <ele>2862.0</ele>
      </trkpt>
      <trkpt lat="42.4969631" lon="82.448085">
        <ele>2862.0</ele>
      </trkpt>
      <trkpt lat="42.4969906" lon="82.448218">
        <ele>2866.0</ele>
      </trkpt>
      <trkpt lat="42.4970281" lon="82.4483411">
        <ele>2866.0</ele>
      </trkpt>
      <trkpt lat="42.4970659" lon="82.4484573">
        <ele>2866.0</ele>
      </trkpt>
      <trkpt lat="42.4971195" lon="82.4485773">
        <ele>2869.0</ele>
      </trkpt>
      <trkpt lat="42.4971923" lon="82.4486872">
        <ele>2869.0</ele>
      </trkpt>
      <trkpt lat="42.4972826" lon="82.448768">
        <ele>2872.0</ele>
      </trkpt>
      <trkpt lat="42.4973803" lon="82.4488426">
        <ele>2865.0</ele>
      </trkpt>
      <trkpt lat="42.4974706" lon="82.4489145">
        <ele>2865.0</ele>
      </trkpt>
      <trkpt lat="42.4975573" lon="82.4489647">
        <ele>2865.0</ele>
      </trkpt>
      <trkpt lat="42.4976469" lon="82.4489903">
        <ele>2859.0</ele>
      </trkpt>
      <trkpt lat="42.4977412" lon="82.4490258">
        <ele>2859.0</ele>
      </trkpt>
      <trkpt lat="42.4978383" lon="82.4490451">
        <ele>2855.0</ele>
      </trkpt>
      <trkpt lat="42.4979435" lon="82.4490603">
        <ele>2857.0</ele>
      </trkpt>
      <trkpt lat="42.4980421" lon="82.4490942">
        <ele>2857.0</ele>
      </trkpt>
      <trkpt lat="42.498121" lon="82.449178">
        <ele>2857.0</ele>
      </trkpt>
      <trkpt lat="42.4982012" lon="82.4492462">
        <ele>2859.0</ele>
      </trkpt>
      <trkpt lat="42.4982892" lon="82.4492748">
        <ele>2859.0</ele>
      </trkpt>
      <trkpt lat="42.4983368" lon="82.4492832">
        <ele>2859.0</ele>
      </trkpt>
      <trkpt lat="42.4984267" lon="82.4492862">
        <ele>2859.0</ele>
      </trkpt>
      <trkpt lat="42.4985155" lon="82.4493163">
        <ele>2848.0</ele>
      </trkpt>
      <trkpt lat="42.4986062" lon="82.4493488">
        <ele>2848.0</ele>
      </trkpt>
      <trkpt lat="42.4987045" lon="82.4493537">
        <ele>2848.0</ele>
      </trkpt>
      <trkpt lat="42.4988108" lon="82.449345">
        <ele>2844.0</ele>
      </trkpt>
      <trkpt lat="42.498919" lon="82.4493269">
        <ele>2844.0</ele>
      </trkpt>
      <trkpt lat="42.4990271" lon="82.4492999">
        <ele>2846.0</ele>
      </trkpt>
      <trkpt lat="42.4991351" lon="82.4492682">
        <ele>2839.0</ele>
      </trkpt>
      <trkpt lat="42.4992376" lon="82.4492336">
        <ele>2839.0</ele>
      </trkpt>
      <trkpt lat="42.4993324" lon="82.4492024">
        <ele>2845.0</ele>
      </trkpt>
      <trkpt lat="42.4994313" lon="82.4491815">
        <ele>2845.0</ele>
      </trkpt>
      <trkpt lat="42.4995429" lon="82.4491763">
        <ele>2845.0</ele>
      </trkpt>
      <trkpt lat="42.4996552" lon="82.4491663">
        <ele>2843.0</ele>
      </trkpt>
      <trkpt lat="42.4997657" lon="82.44919">
        <ele>2843.0</ele>
      </trkpt>
      <trkpt lat="42.4998646" lon="82.4492379">
        <ele>2839.0</ele>
      </trkpt>
      <trkpt lat="42.4999742" lon="82.4492807">
        <ele>2839.0</ele>
      </trkpt>
      <trkpt lat="42.5000771" lon="82.449317">
        <ele>2838.0</ele>
      </trkpt>
      <trkpt lat="42.5001764" lon="82.4493239">
        <ele>2836.0</ele>
      </trkpt>
      <trkpt lat="42.5002747" lon="82.4493151">
        <ele>2836.0</ele>
      </trkpt>
      <trkpt lat="42.5003737" lon="82.4493109">
        <ele>2836.0</ele>
      </trkpt>
      <trkpt lat="42.5004724" lon="82.4492661">
        <ele>2839.0</ele>
      </trkpt>
      <trkpt lat="42.5005684" lon="82.4492208">
        <ele>2839.0</ele>
      </trkpt>
      <trkpt lat="42.5006644" lon="82.4491768">
        <ele>2839.0</ele>
      </trkpt>
      <trkpt lat="42.5007571" lon="82.4491671">
        <ele>2843.0</ele>
      </trkpt>
      <trkpt lat="42.500835" lon="82.4492233">
        <ele>2843.0</ele>
      </trkpt>
      <trkpt lat="42.5009058" lon="82.4493047">
        <ele>2843.0</ele>
      </trkpt>
      <trkpt lat="42.5009721" lon="82.4493959">
        <ele>2839.0</ele>
      </trkpt>
      <trkpt lat="42.5010294" lon="82.4495061">
        <ele>2838.0</ele>
      </trkpt>
      <trkpt lat="42.5010979" lon="82.4495973">
        <ele>2836.0</ele>
      </trkpt>
      <trkpt lat="42.5011838" lon="82.44968">
        <ele>2836.0</ele>
      </trkpt>
      <trkpt lat="42.5012435" lon="82.4497878">
        <ele>2836.0</ele>
      </trkpt>
      <trkpt lat="42.5012785" lon="82.4499243">
        <ele>2836.0</ele>
      </trkpt>
      <trkpt lat="42.5012903" lon="82.4500685">
        <ele>2836.0</ele>
      </trkpt>
      <trkpt lat="42.5012969" lon="82.4502013">
        <ele>2833.0</ele>
      </trkpt>
      <trkpt lat="42.5013135" lon="82.4503291">
        <ele>2833.0</ele>
      </trkpt>
      <trkpt lat="42.5013558" lon="82.4504477">
        <ele>2833.0</ele>
      </trkpt>
      <trkpt lat="42.5014335" lon="82.4505426">
        <ele>2833.0</ele>
      </trkpt>
      <trkpt lat="42.5015283" lon="82.4506">
        <ele>2830.0</ele>
      </trkpt>
      <trkpt lat="42.5016279" lon="82.4506545">
        <ele>2830.0</ele>
      </trkpt>
      <trkpt lat="42.5017203" lon="82.4507357">
        <ele>2830.0</ele>
      </trkpt>
      <trkpt lat="42.5017975" lon="82.4508365">
        <ele>2830.0</ele>
      </trkpt>
      <trkpt lat="42.5018692" lon="82.4509331">
        <ele>2828.0</ele>
      </trkpt>
      <trkpt lat="42.501956" lon="82.4510172">
        <ele>2828.0</ele>
      </trkpt>
      <trkpt lat="42.502047" lon="82.4511067">
        <ele>2828.0</ele>
      </trkpt>
      <trkpt lat="42.5021099" lon="82.4512064">
        <ele>2821.0</ele>
      </trkpt>
      <trkpt lat="42.5021617" lon="82.4513098">
        <ele>2821.0</ele>
      </trkpt>
      <trkpt lat="42.5022156" lon="82.4514143">
        <ele>2821.0</ele>
      </trkpt>
      <trkpt lat="42.5022754" lon="82.4515398">
        <ele>2824.0</ele>
      </trkpt>
      <trkpt lat="42.5023316" lon="82.4516769">
        <ele>2824.0</ele>
      </trkpt>
      <trkpt lat="42.5023989" lon="82.4517739">
        <ele>2816.0</ele>
      </trkpt>
      <trkpt lat="42.502474" lon="82.4518563">
        <ele>2818.0</ele>
      </trkpt>
      <trkpt lat="42.5025483" lon="82.4519285">
        <ele>2818.0</ele>
      </trkpt>
      <trkpt lat="42.5026187" lon="82.4520091">
        <ele>2818.0</ele>
      </trkpt>
      <trkpt lat="42.502697" lon="82.4520851">
        <ele>2820.0</ele>
      </trkpt>
      <trkpt lat="42.5027824" lon="82.4521454">
        <ele>2820.0</ele>
      </trkpt>
      <trkpt lat="42.5028688" lon="82.4522024">
        <ele>2820.0</ele>
      </trkpt>
      <trkpt lat="42.5029556" lon="82.452259">
        <ele>2820.0</ele>
      </trkpt>
      <trkpt lat="42.5030357" lon="82.4523293">
        <ele>2820.0</ele>
      </trkpt>
      <trkpt lat="42.5031074" lon="82.4524152">
        <ele>2823.0</ele>
      </trkpt>
      <trkpt lat="42.5031792" lon="82.4525045">
        <ele>2823.0</ele>
      </trkpt>
      <trkpt lat="42.5032532" lon="82.4526133">
        <ele>2819.0</ele>
      </trkpt>
      <trkpt lat="42.5033226" lon="82.4527103">
        <ele>2820.0</ele>
      </trkpt>
      <trkpt lat="42.5034017" lon="82.4528006">
        <ele>2820.0</ele>
      </trkpt>
      <trkpt lat="42.5034613" lon="82.4529006">
        <ele>2820.0</ele>
      </trkpt>
      <trkpt lat="42.5035215" lon="82.4530268">
        <ele>2818.0</ele>
      </trkpt>
      <trkpt lat="42.5035843" lon="82.4531441">
        <ele>2818.0</ele>
      </trkpt>
      <trkpt lat="42.5036445" lon="82.453258">
        <ele>2817.0</ele>
      </trkpt>
      <trkpt lat="42.5037213" lon="82.4533673">
        <ele>2817.0</ele>
      </trkpt>
      <trkpt lat="42.5038114" lon="82.4534671">
        <ele>2824.0</ele>
      </trkpt>
      <trkpt lat="42.5039007" lon="82.4535767">
        <ele>2820.0</ele>
      </trkpt>
      <trkpt lat="42.5039584" lon="82.4536845">
        <ele>2820.0</ele>
      </trkpt>
      <trkpt lat="42.5040168" lon="82.4538074">
        <ele>2815.0</ele>
      </trkpt>
      <trkpt lat="42.5040613" lon="82.4539512">
        <ele>2825.0</ele>
      </trkpt>
      <trkpt lat="42.5040957" lon="82.4540785">
        <ele>2821.0</ele>
      </trkpt>
      <trkpt lat="42.5041302" lon="82.454201">
        <ele>2821.0</ele>
      </trkpt>
      <trkpt lat="42.5041589" lon="82.4543293">
        <ele>2817.0</ele>
      </trkpt>
      <trkpt lat="42.5041589" lon="82.4544726">
        <ele>2817.0</ele>
      </trkpt>
      <trkpt lat="42.5041495" lon="82.4546115">
        <ele>2807.0</ele>
      </trkpt>
      <trkpt lat="42.5041563" lon="82.4547538">
        <ele>2807.0</ele>
      </trkpt>
      <trkpt lat="42.5041771" lon="82.4548832">
        <ele>2802.0</ele>
      </trkpt>
      <trkpt lat="42.504206" lon="82.4550075">
        <ele>2802.0</ele>
      </trkpt>
      <trkpt lat="42.5042394" lon="82.4551229">
        <ele>2802.0</ele>
      </trkpt>
      <trkpt lat="42.5042608" lon="82.4552604">
        <ele>2795.0</ele>
      </trkpt>
      <trkpt lat="42.5042745" lon="82.4553916">
        <ele>2795.0</ele>
      </trkpt>
      <trkpt lat="42.504281" lon="82.4555237">
        <ele>2798.0</ele>
      </trkpt>
      <trkpt lat="42.5042953" lon="82.4556796">
        <ele>2798.0</ele>
      </trkpt>
      <trkpt lat="42.5043215" lon="82.4558147">
        <ele>2791.0</ele>
      </trkpt>
      <trkpt lat="42.5043416" lon="82.4559417">
        <ele>2791.0</ele>
      </trkpt>
      <trkpt lat="42.5043492" lon="82.4560897">
        <ele>2787.0</ele>
      </trkpt>
      <trkpt lat="42.5043164" lon="82.4562115">
        <ele>2787.0</ele>
      </trkpt>
      <trkpt lat="42.5043403" lon="82.4563183">
        <ele>2785.0</ele>
      </trkpt>
      <trkpt lat="42.5043604" lon="82.4564481">
        <ele>2785.0</ele>
      </trkpt>
      <trkpt lat="42.5043478" lon="82.4566003">
        <ele>2783.0</ele>
      </trkpt>
      <trkpt lat="42.504312" lon="82.4567523">
        <ele>2783.0</ele>
      </trkpt>
      <trkpt lat="42.5042807" lon="82.4568837">
        <ele>2789.0</ele>
      </trkpt>
      <trkpt lat="42.5042635" lon="82.4570062">
        <ele>2789.0</ele>
      </trkpt>
      <trkpt lat="42.5042621" lon="82.4571448">
        <ele>2790.0</ele>
      </trkpt>
      <trkpt lat="42.5042966" lon="82.4572677">
        <ele>2790.0</ele>
      </trkpt>
      <trkpt lat="42.5043107" lon="82.4574168">
        <ele>2785.0</ele>
      </trkpt>
      <trkpt lat="42.5043614" lon="82.4575278">
        <ele>2785.0</ele>
      </trkpt>
      <trkpt lat="42.5044422" lon="82.4576262">
        <ele>2785.0</ele>
      </trkpt>
      <trkpt lat="42.5045113" lon="82.4577468">
        <ele>2783.0</ele>
      </trkpt>
      <trkpt lat="42.5045702" lon="82.4578549">
        <ele>2783.0</ele>
      </trkpt>
      <trkpt lat="42.5046268" lon="82.4579643">
        <ele>2784.0</ele>
      </trkpt>
      <trkpt lat="42.5046781" lon="82.4580937">
        <ele>2784.0</ele>
      </trkpt>
      <trkpt lat="42.5047066" lon="82.458226">
        <ele>2782.0</ele>
      </trkpt>
      <trkpt lat="42.504702" lon="82.4582717">
        <ele>2782.0</ele>
      </trkpt>
      <trkpt lat="42.5047586" lon="82.4583474">
        <ele>2782.0</ele>
      </trkpt>
      <trkpt lat="42.5047524" lon="82.4584739">
        <ele>2781.0</ele>
      </trkpt>
      <trkpt lat="42.5047888" lon="82.458587">
        <ele>2781.0</ele>
      </trkpt>
      <trkpt lat="42.5048033" lon="82.458712">
        <ele>2781.0</ele>
      </trkpt>
      <trkpt lat="42.5048208" lon="82.4588506">
        <ele>2779.0</ele>
      </trkpt>
      <trkpt lat="42.5048707" lon="82.4589604">
        <ele>2787.0</ele>
      </trkpt>
      <trkpt lat="42.5049072" lon="82.4590948">
        <ele>2787.0</ele>
      </trkpt>
      <trkpt lat="42.5049106" lon="82.4592442">
        <ele>2787.0</ele>
      </trkpt>
      <trkpt lat="42.5048898" lon="82.459373">
        <ele>2784.0</ele>
      </trkpt>
      <trkpt lat="42.5048607" lon="82.4595151">
        <ele>2779.0</ele>
      </trkpt>
      <trkpt lat="42.5048452" lon="82.4596629">
        <ele>2776.0</ele>
      </trkpt>
      <trkpt lat="42.5048591" lon="82.4598079">
        <ele>2776.0</ele>
      </trkpt>
      <trkpt lat="42.5048699" lon="82.4599622">
        <ele>2774.0</ele>
      </trkpt>
      <trkpt lat="42.5048553" lon="82.4600961">
        <ele>2775.0</ele>
      </trkpt>
      <trkpt lat="42.5048547" lon="82.4601652">
        <ele>2772.0</ele>
      </trkpt>
      <trkpt lat="42.5048716" lon="82.4602752">
        <ele>2773.0</ele>
      </trkpt>
      <trkpt lat="42.5048843" lon="82.4604126">
        <ele>2773.0</ele>
      </trkpt>
      <trkpt lat="42.504923" lon="82.4605607">
        <ele>2772.0</ele>
      </trkpt>
      <trkpt lat="42.5049595" lon="82.4607096">
        <ele>2772.0</ele>
      </trkpt>
      <trkpt lat="42.5049891" lon="82.4608553">
        <ele>2772.0</ele>
      </trkpt>
      <trkpt lat="42.5050201" lon="82.4609977">
        <ele>2769.0</ele>
      </trkpt>
      <trkpt lat="42.5050303" lon="82.4611526">
        <ele>2769.0</ele>
      </trkpt>
      <trkpt lat="42.5050241" lon="82.4612838">
        <ele>2771.0</ele>
      </trkpt>
      <trkpt lat="42.5050173" lon="82.4614097">
        <ele>2771.0</ele>
      </trkpt>
      <trkpt lat="42.5050192" lon="82.4615334">
        <ele>2769.0</ele>
      </trkpt>
      <trkpt lat="42.5050135" lon="82.4616635">
        <ele>2769.0</ele>
      </trkpt>
      <trkpt lat="42.5049928" lon="82.461792">
        <ele>2769.0</ele>
      </trkpt>
      <trkpt lat="42.5049656" lon="82.4619133">
        <ele>2767.0</ele>
      </trkpt>
      <trkpt lat="42.5049284" lon="82.4620341">
        <ele>2767.0</ele>
      </trkpt>
      <trkpt lat="42.5048907" lon="82.4621525">
        <ele>2767.0</ele>
      </trkpt>
      <trkpt lat="42.5048388" lon="82.4622688">
        <ele>2761.0</ele>
      </trkpt>
      <trkpt lat="42.5047838" lon="82.4623855">
        <ele>2761.0</ele>
      </trkpt>
      <trkpt lat="42.5047212" lon="82.4625086">
        <ele>2761.0</ele>
      </trkpt>
      <trkpt lat="42.5046511" lon="82.4626349">
        <ele>2761.0</ele>
      </trkpt>
      <trkpt lat="42.5046064" lon="82.462775">
        <ele>2762.0</ele>
      </trkpt>
      <trkpt lat="42.5045885" lon="82.4629176">
        <ele>2763.0</ele>
      </trkpt>
      <trkpt lat="42.5046075" lon="82.463051">
        <ele>2763.0</ele>
      </trkpt>
      <trkpt lat="42.5046265" lon="82.463184">
        <ele>2763.0</ele>
      </trkpt>
      <trkpt lat="42.5046512" lon="82.4633295">
        <ele>2767.0</ele>
      </trkpt>
      <trkpt lat="42.5046365" lon="82.4634781">
        <ele>2770.0</ele>
      </trkpt>
      <trkpt lat="42.5046013" lon="82.4636233">
        <ele>2770.0</ele>
      </trkpt>
      <trkpt lat="42.5045669" lon="82.4637467">
        <ele>2783.0</ele>
      </trkpt>
      <trkpt lat="42.5045378" lon="82.4638654">
        <ele>2786.0</ele>
      </trkpt>
      <trkpt lat="42.504529" lon="82.4638918">
        <ele>2786.0</ele>
      </trkpt>
      <trkpt lat="42.5045546" lon="82.4639937">
        <ele>2786.0</ele>
      </trkpt>
      <trkpt lat="42.5045803" lon="82.464121">
        <ele>2782.0</ele>
      </trkpt>
      <trkpt lat="42.5045975" lon="82.464268">
        <ele>2769.0</ele>
      </trkpt>
      <trkpt lat="42.5046109" lon="82.4643999">
        <ele>2767.0</ele>
      </trkpt>
      <trkpt lat="42.5045838" lon="82.4645432">
        <ele>2767.0</ele>
      </trkpt>
      <trkpt lat="42.5045503" lon="82.4646959">
        <ele>2767.0</ele>
      </trkpt>
      <trkpt lat="42.5045384" lon="82.4648486">
        <ele>2767.0</ele>
      </trkpt>
      <trkpt lat="42.5045263" lon="82.4650051">
        <ele>2761.0</ele>
      </trkpt>
      <trkpt lat="42.5045083" lon="82.4651348">
        <ele>2761.0</ele>
      </trkpt>
      <trkpt lat="42.5045056" lon="82.4652431">
        <ele>2756.0</ele>
      </trkpt>
      <trkpt lat="42.5044879" lon="82.4653792">
        <ele>2756.0</ele>
      </trkpt>
      <trkpt lat="42.5044178" lon="82.4654887">
        <ele>2766.0</ele>
      </trkpt>
      <trkpt lat="42.5043478" lon="82.4655934">
        <ele>2766.0</ele>
      </trkpt>
      <trkpt lat="42.5043128" lon="82.4657338">
        <ele>2769.0</ele>
      </trkpt>
      <trkpt lat="42.5042777" lon="82.4658785">
        <ele>2771.0</ele>
      </trkpt>
      <trkpt lat="42.5042782" lon="82.4660369">
        <ele>2767.0</ele>
      </trkpt>
      <trkpt lat="42.5043067" lon="82.4661893">
        <ele>2771.0</ele>
      </trkpt>
      <trkpt lat="42.504318" lon="82.4663414">
        <ele>2773.0</ele>
      </trkpt>
      <trkpt lat="42.504289" lon="82.4664881">
        <ele>2762.0</ele>
      </trkpt>
      <trkpt lat="42.5042297" lon="82.4666154">
        <ele>2757.0</ele>
      </trkpt>
      <trkpt lat="42.5041485" lon="82.4667168">
        <ele>2757.0</ele>
      </trkpt>
      <trkpt lat="42.5040652" lon="82.4667936">
        <ele>2757.0</ele>
      </trkpt>
      <trkpt lat="42.503984" lon="82.4668611">
        <ele>2744.0</ele>
      </trkpt>
      <trkpt lat="42.5039158" lon="82.4669507">
        <ele>2744.0</ele>
      </trkpt>
      <trkpt lat="42.5038761" lon="82.4670832">
        <ele>2744.0</ele>
      </trkpt>
      <trkpt lat="42.5038998" lon="82.4672109">
        <ele>2741.0</ele>
      </trkpt>
      <trkpt lat="42.5038878" lon="82.4673527">
        <ele>2741.0</ele>
      </trkpt>
      <trkpt lat="42.5038304" lon="82.4674599">
        <ele>2735.0</ele>
      </trkpt>
      <trkpt lat="42.5037425" lon="82.4675415">
        <ele>2748.0</ele>
      </trkpt>
      <trkpt lat="42.5036509" lon="82.4676091">
        <ele>2748.0</ele>
      </trkpt>
      <trkpt lat="42.5035692" lon="82.4676861">
        <ele>2732.0</ele>
      </trkpt>
      <trkpt lat="42.5035072" lon="82.4677892">
        <ele>2732.0</ele>
      </trkpt>
      <trkpt lat="42.5034755" lon="82.4679224">
        <ele>2727.0</ele>
      </trkpt>
      <trkpt lat="42.5034518" lon="82.4680566">
        <ele>2744.0</ele>
      </trkpt>
      <trkpt lat="42.5034183" lon="82.4681823">
        <ele>2744.0</ele>
      </trkpt>
      <trkpt lat="42.503368" lon="82.4682954">
        <ele>2729.0</ele>
      </trkpt>
      <trkpt lat="42.5032961" lon="82.4683956">
        <ele>2729.0</ele>
      </trkpt>
      <trkpt lat="42.5032131" lon="82.4684795">
        <ele>2722.0</ele>
      </trkpt>
      <trkpt lat="42.5031235" lon="82.4685293">
        <ele>2726.0</ele>
      </trkpt>
      <trkpt lat="42.503025" lon="82.4685788">
        <ele>2726.0</ele>
      </trkpt>
      <trkpt lat="42.5029399" lon="82.4686547">
        <ele>2726.0</ele>
      </trkpt>
      <trkpt lat="42.502866" lon="82.46876">
        <ele>2731.0</ele>
      </trkpt>
      <trkpt lat="42.5028024" lon="82.4688567">
        <ele>2731.0</ele>
      </trkpt>
      <trkpt lat="42.5027348" lon="82.4689535">
        <ele>2731.0</ele>
      </trkpt>
      <trkpt lat="42.5026516" lon="82.469034">
        <ele>2715.0</ele>
      </trkpt>
      <trkpt lat="42.5025676" lon="82.4691208">
        <ele>2733.0</ele>
      </trkpt>
      <trkpt lat="42.5024992" lon="82.4692201">
        <ele>2733.0</ele>
      </trkpt>
      <trkpt lat="42.5024359" lon="82.469333">
        <ele>2717.0</ele>
      </trkpt>
      <trkpt lat="42.5023905" lon="82.469461">
        <ele>2717.0</ele>
      </trkpt>
      <trkpt lat="42.5023712" lon="82.4696011">
        <ele>2722.0</ele>
      </trkpt>
      <trkpt lat="42.5023319" lon="82.4697379">
        <ele>2720.0</ele>
      </trkpt>
      <trkpt lat="42.5022619" lon="82.4698434">
        <ele>2720.0</ele>
      </trkpt>
      <trkpt lat="42.5021794" lon="82.4699273">
        <ele>2721.0</ele>
      </trkpt>
      <trkpt lat="42.5020905" lon="82.4699998">
        <ele>2721.0</ele>
      </trkpt>
      <trkpt lat="42.5020012" lon="82.4700795">
        <ele>2723.0</ele>
      </trkpt>
      <trkpt lat="42.5019236" lon="82.4701711">
        <ele>2720.0</ele>
      </trkpt>
      <trkpt lat="42.5018467" lon="82.4702484">
        <ele>2720.0</ele>
      </trkpt>
      <trkpt lat="42.5017677" lon="82.4703443">
        <ele>2720.0</ele>
      </trkpt>
      <trkpt lat="42.501687" lon="82.4704394">
        <ele>2715.0</ele>
      </trkpt>
      <trkpt lat="42.5016369" lon="82.4705688">
        <ele>2715.0</ele>
      </trkpt>
      <trkpt lat="42.501575" lon="82.4706918">
        <ele>2715.0</ele>
      </trkpt>
      <trkpt lat="42.5015134" lon="82.4707951">
        <ele>2719.0</ele>
      </trkpt>
      <trkpt lat="42.5014592" lon="82.470894">
        <ele>2719.0</ele>
      </trkpt>
      <trkpt lat="42.5013968" lon="82.4709794">
        <ele>2718.0</ele>
      </trkpt>
      <trkpt lat="42.5013142" lon="82.4710453">
        <ele>2718.0</ele>
      </trkpt>
      <trkpt lat="42.5012369" lon="82.4711137">
        <ele>2721.0</ele>
      </trkpt>
      <trkpt lat="42.5011822" lon="82.4712158">
        <ele>2721.0</ele>
      </trkpt>
      <trkpt lat="42.5011471" lon="82.4713326">
        <ele>2716.0</ele>
      </trkpt>
      <trkpt lat="42.5011412" lon="82.4714665">
        <ele>2716.0</ele>
      </trkpt>
      <trkpt lat="42.5011377" lon="82.4716052">
        <ele>2716.0</ele>
      </trkpt>
      <trkpt lat="42.5010961" lon="82.4717234">
        <ele>2716.0</ele>
      </trkpt>
      <trkpt lat="42.5010432" lon="82.4718325">
        <ele>2713.0</ele>
      </trkpt>
      <trkpt lat="42.5009737" lon="82.4719269">
        <ele>2713.0</ele>
      </trkpt>
      <trkpt lat="42.5009032" lon="82.4720122">
        <ele>2707.0</ele>
      </trkpt>
      <trkpt lat="42.5008442" lon="82.4721241">
        <ele>2707.0</ele>
      </trkpt>
      <trkpt lat="42.5008062" lon="82.4722622">
        <ele>2707.0</ele>
      </trkpt>
      <trkpt lat="42.500777" lon="82.472401">
        <ele>2707.0</ele>
      </trkpt>
      <trkpt lat="42.5007475" lon="82.4725378">
        <ele>2707.0</ele>
      </trkpt>
      <trkpt lat="42.5007272" lon="82.4726179">
        <ele>2707.0</ele>
      </trkpt>
      <trkpt lat="42.5006985" lon="82.4727468">
        <ele>2710.0</ele>
      </trkpt>
      <trkpt lat="42.5006747" lon="82.4728795">
        <ele>2711.0</ele>
      </trkpt>
      <trkpt lat="42.5006461" lon="82.4730058">
        <ele>2711.0</ele>
      </trkpt>
      <trkpt lat="42.5006265" lon="82.4731319">
        <ele>2711.0</ele>
      </trkpt>
      <trkpt lat="42.500617" lon="82.4732763">
        <ele>2709.0</ele>
      </trkpt>
      <trkpt lat="42.5006077" lon="82.4734242">
        <ele>2709.0</ele>
      </trkpt>
      <trkpt lat="42.5006019" lon="82.4735677">
        <ele>2707.0</ele>
      </trkpt>
      <trkpt lat="42.5005943" lon="82.4736996">
        <ele>2707.0</ele>
      </trkpt>
      <trkpt lat="42.500604" lon="82.4738223">
        <ele>2705.0</ele>
      </trkpt>
      <trkpt lat="42.5006162" lon="82.4739576">
        <ele>2705.0</ele>
      </trkpt>
      <trkpt lat="42.5006121" lon="82.4740892">
        <ele>2702.0</ele>
      </trkpt>
      <trkpt lat="42.5005982" lon="82.474184">
        <ele>2702.0</ele>
      </trkpt>
      <trkpt lat="42.5005854" lon="82.4743029">
        <ele>2702.0</ele>
      </trkpt>
      <trkpt lat="42.5005259" lon="82.4744161">
        <ele>2703.0</ele>
      </trkpt>
      <trkpt lat="42.5004845" lon="82.474557">
        <ele>2703.0</ele>
      </trkpt>
      <trkpt lat="42.5004238" lon="82.4746637">
        <ele>2704.0</ele>
      </trkpt>
      <trkpt lat="42.5003444" lon="82.4747604">
        <ele>2699.0</ele>
      </trkpt>
      <trkpt lat="42.5002566" lon="82.4748545">
        <ele>2699.0</ele>
      </trkpt>
      <trkpt lat="42.5001655" lon="82.4749471">
        <ele>2701.0</ele>
      </trkpt>
      <trkpt lat="42.5000583" lon="82.4750128">
        <ele>2699.0</ele>
      </trkpt>
      <trkpt lat="42.499964" lon="82.4750532">
        <ele>2699.0</ele>
      </trkpt>
      <trkpt lat="42.4998576" lon="82.4750919">
        <ele>2711.0</ele>
      </trkpt>
      <trkpt lat="42.4998083" lon="82.4751979">
        <ele>2710.0</ele>
      </trkpt>
      <trkpt lat="42.4997817" lon="82.4753265">
        <ele>2710.0</ele>
      </trkpt>
      <trkpt lat="42.4997323" lon="82.4754671">
        <ele>2715.0</ele>
      </trkpt>
      <trkpt lat="42.499667" lon="82.4755769">
        <ele>2715.0</ele>
      </trkpt>
      <trkpt lat="42.4995916" lon="82.475664">
        <ele>2715.0</ele>
      </trkpt>
      <trkpt lat="42.4995256" lon="82.4757879">
        <ele>2729.0</ele>
      </trkpt>
      <trkpt lat="42.4994759" lon="82.4759265">
        <ele>2729.0</ele>
      </trkpt>
      <trkpt lat="42.4994193" lon="82.4760587">
        <ele>2728.0</ele>
      </trkpt>
      <trkpt lat="42.4993658" lon="82.4761766">
        <ele>2728.0</ele>
      </trkpt>
      <trkpt lat="42.4993312" lon="82.4762958">
        <ele>2724.0</ele>
      </trkpt>
      <trkpt lat="42.4993015" lon="82.476426">
        <ele>2725.0</ele>
      </trkpt>
      <trkpt lat="42.4992672" lon="82.4765572">
        <ele>2711.0</ele>
      </trkpt>
      <trkpt lat="42.4992217" lon="82.4766904">
        <ele>2711.0</ele>
      </trkpt>
      <trkpt lat="42.4991557" lon="82.4767925">
        <ele>2711.0</ele>
      </trkpt>
      <trkpt lat="42.4990694" lon="82.4768678">
        <ele>2701.0</ele>
      </trkpt>
      <trkpt lat="42.4989763" lon="82.4769208">
        <ele>2701.0</ele>
      </trkpt>
      <trkpt lat="42.4989331" lon="82.4769444">
        <ele>2701.0</ele>
      </trkpt>
      <trkpt lat="42.4988672" lon="82.4769957">
        <ele>2701.0</ele>
      </trkpt>
      <trkpt lat="42.4987785" lon="82.4770527">
        <ele>2701.0</ele>
      </trkpt>
      <trkpt lat="42.4986982" lon="82.4771475">
        <ele>2699.0</ele>
      </trkpt>
      <trkpt lat="42.4986608" lon="82.4772745">
        <ele>2699.0</ele>
      </trkpt>
      <trkpt lat="42.4986644" lon="82.4774039">
        <ele>2685.0</ele>
      </trkpt>
      <trkpt lat="42.4987167" lon="82.4775316">
        <ele>2685.0</ele>
      </trkpt>
      <trkpt lat="42.4987498" lon="82.4776636">
        <ele>2675.0</ele>
      </trkpt>
      <trkpt lat="42.4987603" lon="82.477796">
        <ele>2682.0</ele>
      </trkpt>
      <trkpt lat="42.4987468" lon="82.4779455">
        <ele>2677.0</ele>
      </trkpt>
      <trkpt lat="42.4987166" lon="82.4780809">
        <ele>2677.0</ele>
      </trkpt>
      <trkpt lat="42.4986547" lon="82.4781984">
        <ele>2681.0</ele>
      </trkpt>
      <trkpt lat="42.4985823" lon="82.4782881">
        <ele>2681.0</ele>
      </trkpt>
      <trkpt lat="42.4985026" lon="82.4783671">
        <ele>2681.0</ele>
      </trkpt>
      <trkpt lat="42.4984146" lon="82.4784557">
        <ele>2677.0</ele>
      </trkpt>
      <trkpt lat="42.4983498" lon="82.478574">
        <ele>2680.0</ele>
      </trkpt>
      <trkpt lat="42.4983005" lon="82.4786914">
        <ele>2680.0</ele>
      </trkpt>
      <trkpt lat="42.4982834" lon="82.4788356">
        <ele>2683.0</ele>
      </trkpt>
      <trkpt lat="42.4982812" lon="82.4789693">
        <ele>2683.0</ele>
      </trkpt>
      <trkpt lat="42.4982744" lon="82.4791195">
        <ele>2687.0</ele>
      </trkpt>
      <trkpt lat="42.4982534" lon="82.4792467">
        <ele>2687.0</ele>
      </trkpt>
      <trkpt lat="42.4982268" lon="82.4793874">
        <ele>2690.0</ele>
      </trkpt>
      <trkpt lat="42.4981979" lon="82.4795331">
        <ele>2690.0</ele>
      </trkpt>
      <trkpt lat="42.4981412" lon="82.4796745">
        <ele>2682.0</ele>
      </trkpt>
      <trkpt lat="42.4980767" lon="82.4797848">
        <ele>2682.0</ele>
      </trkpt>
      <trkpt lat="42.4979958" lon="82.4798894">
        <ele>2682.0</ele>
      </trkpt>
      <trkpt lat="42.4979168" lon="82.4800074">
        <ele>2682.0</ele>
      </trkpt>
      <trkpt lat="42.4978369" lon="82.4801221">
        <ele>2679.0</ele>
      </trkpt>
      <trkpt lat="42.4977576" lon="82.4802058">
        <ele>2680.0</ele>
      </trkpt>
      <trkpt lat="42.4976807" lon="82.4803146">
        <ele>2680.0</ele>
      </trkpt>
      <trkpt lat="42.4976222" lon="82.4804188">
        <ele>2683.0</ele>
      </trkpt>
      <trkpt lat="42.4975916" lon="82.4804657">
        <ele>2683.0</ele>
      </trkpt>
      <trkpt lat="42.4975513" lon="82.4805502">
        <ele>2683.0</ele>
      </trkpt>
      <trkpt lat="42.4974926" lon="82.4806352">
        <ele>2683.0</ele>
      </trkpt>
      <trkpt lat="42.4974166" lon="82.4807267">
        <ele>2687.0</ele>
      </trkpt>
      <trkpt lat="42.49732" lon="82.4808207">
        <ele>2685.0</ele>
      </trkpt>
      <trkpt lat="42.497223" lon="82.4808827">
        <ele>2685.0</ele>
      </trkpt>
      <trkpt lat="42.4971272" lon="82.4809595">
        <ele>2685.0</ele>
      </trkpt>
      <trkpt lat="42.4970532" lon="82.4810439">
        <ele>2677.0</ele>
      </trkpt>
      <trkpt lat="42.4969706" lon="82.4811483">
        <ele>2677.0</ele>
      </trkpt>
      <trkpt lat="42.4968888" lon="82.4812499">
        <ele>2677.0</ele>
      </trkpt>
      <trkpt lat="42.4968063" lon="82.4813617">
        <ele>2673.0</ele>
      </trkpt>
      <trkpt lat="42.4967397" lon="82.4814843">
        <ele>2665.0</ele>
      </trkpt>
      <trkpt lat="42.4966962" lon="82.4816074">
        <ele>2667.0</ele>
      </trkpt>
      <trkpt lat="42.4966657" lon="82.4817393">
        <ele>2667.0</ele>
      </trkpt>
      <trkpt lat="42.4966315" lon="82.4818563">
        <ele>2669.0</ele>
      </trkpt>
      <trkpt lat="42.4965698" lon="82.4819704">
        <ele>2669.0</ele>
      </trkpt>
      <trkpt lat="42.4964851" lon="82.4820699">
        <ele>2667.0</ele>
      </trkpt>
      <trkpt lat="42.496397" lon="82.4821593">
        <ele>2668.0</ele>
      </trkpt>
      <trkpt lat="42.4963241" lon="82.4822479">
        <ele>2668.0</ele>
      </trkpt>
      <trkpt lat="42.4962508" lon="82.4823304">
        <ele>2668.0</ele>
      </trkpt>
      <trkpt lat="42.4961689" lon="82.48239">
        <ele>2675.0</ele>
      </trkpt>
      <trkpt lat="42.4960758" lon="82.4824534">
        <ele>2675.0</ele>
      </trkpt>
      <trkpt lat="42.4960211" lon="82.4825029">
        <ele>2675.0</ele>
      </trkpt>
      <trkpt lat="42.4959335" lon="82.482566">
        <ele>2669.0</ele>
      </trkpt>
      <trkpt lat="42.4958518" lon="82.4826361">
        <ele>2669.0</ele>
      </trkpt>
      <trkpt lat="42.4957605" lon="82.4827197">
        <ele>2668.0</ele>
      </trkpt>
      <trkpt lat="42.4956638" lon="82.4827996">
        <ele>2664.0</ele>
      </trkpt>
      <trkpt lat="42.4955798" lon="82.4828682">
        <ele>2664.0</ele>
      </trkpt>
      <trkpt lat="42.4954955" lon="82.4829244">
        <ele>2661.0</ele>
      </trkpt>
      <trkpt lat="42.4954019" lon="82.4829479">
        <ele>2664.0</ele>
      </trkpt>
      <trkpt lat="42.4953075" lon="82.482977">
        <ele>2664.0</ele>
      </trkpt>
      <trkpt lat="42.4952289" lon="82.483049">
        <ele>2664.0</ele>
      </trkpt>
      <trkpt lat="42.4951591" lon="82.4831435">
        <ele>2664.0</ele>
      </trkpt>
      <trkpt lat="42.4950792" lon="82.4832474">
        <ele>2663.0</ele>
      </trkpt>
      <trkpt lat="42.4950017" lon="82.4833364">
        <ele>2663.0</ele>
      </trkpt>
      <trkpt lat="42.4949244" lon="82.4834208">
        <ele>2663.0</ele>
      </trkpt>
      <trkpt lat="42.4948504" lon="82.4835109">
        <ele>2662.0</ele>
      </trkpt>
      <trkpt lat="42.4947782" lon="82.4836031">
        <ele>2662.0</ele>
      </trkpt>
      <trkpt lat="42.4947102" lon="82.4836943">
        <ele>2662.0</ele>
      </trkpt>
      <trkpt lat="42.4946384" lon="82.4837867">
        <ele>2664.0</ele>
      </trkpt>
      <trkpt lat="42.4945656" lon="82.4838709">
        <ele>2658.0</ele>
      </trkpt>
      <trkpt lat="42.4944882" lon="82.4839498">
        <ele>2658.0</ele>
      </trkpt>
      <trkpt lat="42.4944084" lon="82.4840345">
        <ele>2663.0</ele>
      </trkpt>
      <trkpt lat="42.4943262" lon="82.484119">
        <ele>2663.0</ele>
      </trkpt>
      <trkpt lat="42.4942341" lon="82.484186">
        <ele>2660.0</ele>
      </trkpt>
      <trkpt lat="42.4941354" lon="82.4842267">
        <ele>2660.0</ele>
      </trkpt>
      <trkpt lat="42.494032" lon="82.4842793">
        <ele>2660.0</ele>
      </trkpt>
      <trkpt lat="42.4939323" lon="82.4843396">
        <ele>2661.0</ele>
      </trkpt>
      <trkpt lat="42.4938397" lon="82.4844089">
        <ele>2661.0</ele>
      </trkpt>
      <trkpt lat="42.4937534" lon="82.4845048">
        <ele>2661.0</ele>
      </trkpt>
      <trkpt lat="42.4936753" lon="82.4846033">
        <ele>2667.0</ele>
      </trkpt>
      <trkpt lat="42.4935961" lon="82.4847">
        <ele>2667.0</ele>
      </trkpt>
      <trkpt lat="42.4935082" lon="82.4847649">
        <ele>2667.0</ele>
      </trkpt>
      <trkpt lat="42.4934113" lon="82.4847785">
        <ele>2652.0</ele>
      </trkpt>
      <trkpt lat="42.4933055" lon="82.4847441">
        <ele>2652.0</ele>
      </trkpt>
      <trkpt lat="42.4932073" lon="82.4847376">
        <ele>2652.0</ele>
      </trkpt>
      <trkpt lat="42.493139" lon="82.4848235">
        <ele>2649.0</ele>
      </trkpt>
      <trkpt lat="42.4930566" lon="82.4848837">
        <ele>2665.0</ele>
      </trkpt>
      <trkpt lat="42.4929539" lon="82.4848896">
        <ele>2665.0</ele>
      </trkpt>
      <trkpt lat="42.4928426" lon="82.4848862">
        <ele>2649.0</ele>
      </trkpt>
      <trkpt lat="42.4927375" lon="82.4848509">
        <ele>2651.0</ele>
      </trkpt>
      <trkpt lat="42.492682" lon="82.4848131">
        <ele>2651.0</ele>
      </trkpt>
      <trkpt lat="42.492607" lon="82.4847785">
        <ele>2650.0</ele>
      </trkpt>
      <trkpt lat="42.4925248" lon="82.4847351">
        <ele>2650.0</ele>
      </trkpt>
      <trkpt lat="42.4924355" lon="82.4847192">
        <ele>2650.0</ele>
      </trkpt>
      <trkpt lat="42.4923429" lon="82.4847352">
        <ele>2651.0</ele>
      </trkpt>
      <trkpt lat="42.4922468" lon="82.4847688">
        <ele>2651.0</ele>
      </trkpt>
      <trkpt lat="42.4921526" lon="82.4848204">
        <ele>2651.0</ele>
      </trkpt>
      <trkpt lat="42.4920451" lon="82.4848359">
        <ele>2653.0</ele>
      </trkpt>
      <trkpt lat="42.4919464" lon="82.4848264">
        <ele>2653.0</ele>
      </trkpt>
      <trkpt lat="42.4918887" lon="82.4848009">
        <ele>2653.0</ele>
      </trkpt>
      <trkpt lat="42.4918236" lon="82.4848434">
        <ele>2653.0</ele>
      </trkpt>
      <trkpt lat="42.4917753" lon="82.4849537">
        <ele>2659.0</ele>
      </trkpt>
      <trkpt lat="42.4916942" lon="82.4850251">
        <ele>2659.0</ele>
      </trkpt>
      <trkpt lat="42.4916006" lon="82.4850483">
        <ele>2659.0</ele>
      </trkpt>
      <trkpt lat="42.4915048" lon="82.4850356">
        <ele>2659.0</ele>
      </trkpt>
      <trkpt lat="42.4914045" lon="82.4849992">
        <ele>2659.0</ele>
      </trkpt>
      <trkpt lat="42.4913031" lon="82.4849603">
        <ele>2659.0</ele>
      </trkpt>
      <trkpt lat="42.491207" lon="82.4849326">
        <ele>2656.0</ele>
      </trkpt>
      <trkpt lat="42.4911103" lon="82.4849403">
        <ele>2656.0</ele>
      </trkpt>
      <trkpt lat="42.4910105" lon="82.4849678">
        <ele>2656.0</ele>
      </trkpt>
      <trkpt lat="42.4909059" lon="82.484996">
        <ele>2657.0</ele>
      </trkpt>
      <trkpt lat="42.4907928" lon="82.4849938">
        <ele>2657.0</ele>
      </trkpt>
      <trkpt lat="42.4906795" lon="82.4849673">
        <ele>2648.0</ele>
      </trkpt>
      <trkpt lat="42.4905785" lon="82.4849682">
        <ele>2648.0</ele>
      </trkpt>
      <trkpt lat="42.4904839" lon="82.4850138">
        <ele>2648.0</ele>
      </trkpt>
      <trkpt lat="42.4903792" lon="82.4850287">
        <ele>2643.0</ele>
      </trkpt>
      <trkpt lat="42.4902948" lon="82.4849676">
        <ele>2643.0</ele>
      </trkpt>
      <trkpt lat="42.4902086" lon="82.484881">
        <ele>2643.0</ele>
      </trkpt>
      <trkpt lat="42.4901335" lon="82.4847935">
        <ele>2660.0</ele>
      </trkpt>
      <trkpt lat="42.4900484" lon="82.484714">
        <ele>2660.0</ele>
      </trkpt>
      <trkpt lat="42.4899585" lon="82.4846805">
        <ele>2660.0</ele>
      </trkpt>
      <trkpt lat="42.4898656" lon="82.4847114">
        <ele>2660.0</ele>
      </trkpt>
      <trkpt lat="42.4897628" lon="82.4847536">
        <ele>2666.0</ele>
      </trkpt>
      <trkpt lat="42.4896548" lon="82.4847958">
        <ele>2666.0</ele>
      </trkpt>
      <trkpt lat="42.4895505" lon="82.4848514">
        <ele>2669.0</ele>
      </trkpt>
      <trkpt lat="42.4894552" lon="82.4849328">
        <ele>2650.0</ele>
      </trkpt>
      <trkpt lat="42.4893729" lon="82.4850426">
        <ele>2650.0</ele>
      </trkpt>
      <trkpt lat="42.489304" lon="82.485158">
        <ele>2634.0</ele>
      </trkpt>
      <trkpt lat="42.489244" lon="82.4852693">
        <ele>2634.0</ele>
      </trkpt>
      <trkpt lat="42.4892038" lon="82.4853864">
        <ele>2634.0</ele>
      </trkpt>
      <trkpt lat="42.4891883" lon="82.4855108">
        <ele>2627.0</ele>
      </trkpt>
      <trkpt lat="42.4891529" lon="82.4856211">
        <ele>2627.0</ele>
      </trkpt>
      <trkpt lat="42.4890962" lon="82.4857122">
        <ele>2631.0</ele>
      </trkpt>
      <trkpt lat="42.4890353" lon="82.4858029">
        <ele>2631.0</ele>
      </trkpt>
      <trkpt lat="42.4889737" lon="82.4859001">
        <ele>2626.0</ele>
      </trkpt>
      <trkpt lat="42.4888957" lon="82.4859738">
        <ele>2633.0</ele>
      </trkpt>
      <trkpt lat="42.4888041" lon="82.4860069">
        <ele>2633.0</ele>
      </trkpt>
      <trkpt lat="42.4887092" lon="82.4860153">
        <ele>2632.0</ele>
      </trkpt>
      <trkpt lat="42.4886174" lon="82.48603">
        <ele>2632.0</ele>
      </trkpt>
      <trkpt lat="42.4885293" lon="82.4860467">
        <ele>2632.0</ele>
      </trkpt>
      <trkpt lat="42.4884402" lon="82.4860128">
        <ele>2635.0</ele>
      </trkpt>
      <trkpt lat="42.4883449" lon="82.4860081">
        <ele>2635.0</ele>
      </trkpt>
      <trkpt lat="42.4882511" lon="82.4860391">
        <ele>2635.0</ele>
      </trkpt>
      <trkpt lat="42.4881582" lon="82.4860781">
        <ele>2639.0</ele>
      </trkpt>
      <trkpt lat="42.4880655" lon="82.4861118">
        <ele>2639.0</ele>
      </trkpt>
      <trkpt lat="42.4879657" lon="82.4861372">
        <ele>2639.0</ele>
      </trkpt>
      <trkpt lat="42.4878656" lon="82.4861751">
        <ele>2639.0</ele>
      </trkpt>
      <trkpt lat="42.487766" lon="82.4862156">
        <ele>2639.0</ele>
      </trkpt>
      <trkpt lat="42.4876737" lon="82.4862642">
        <ele>2644.0</ele>
      </trkpt>
      <trkpt lat="42.4875884" lon="82.4863157">
        <ele>2639.0</ele>
      </trkpt>
      <trkpt lat="42.4874992" lon="82.4863732">
        <ele>2639.0</ele>
      </trkpt>
      <trkpt lat="42.4874061" lon="82.4864256">
        <ele>2639.0</ele>
      </trkpt>
      <trkpt lat="42.4873085" lon="82.4864565">
        <ele>2632.0</ele>
      </trkpt>
      <trkpt lat="42.4872126" lon="82.4864864">
        <ele>2632.0</ele>
      </trkpt>
      <trkpt lat="42.4871164" lon="82.4865244">
        <ele>2632.0</ele>
      </trkpt>
      <trkpt lat="42.4870116" lon="82.4865535">
        <ele>2629.0</ele>
      </trkpt>
      <trkpt lat="42.4869233" lon="82.4866058">
        <ele>2629.0</ele>
      </trkpt>
      <trkpt lat="42.4868382" lon="82.4866722">
        <ele>2629.0</ele>
      </trkpt>
      <trkpt lat="42.4867474" lon="82.4867363">
        <ele>2619.0</ele>
      </trkpt>
      <trkpt lat="42.4866833" lon="82.4868312">
        <ele>2625.0</ele>
      </trkpt>
      <trkpt lat="42.4866726" lon="82.4868504">
        <ele>2625.0</ele>
      </trkpt>
      <trkpt lat="42.4865943" lon="82.4868363">
        <ele>2625.0</ele>
      </trkpt>
      <trkpt lat="42.4864936" lon="82.4868372">
        <ele>2612.0</ele>
      </trkpt>
      <trkpt lat="42.4863994" lon="82.486864">
        <ele>2612.0</ele>
      </trkpt>
      <trkpt lat="42.4862959" lon="82.4869337">
        <ele>2612.0</ele>
      </trkpt>
      <trkpt lat="42.4862036" lon="82.4870022">
        <ele>2609.0</ele>
      </trkpt>
      <trkpt lat="42.4861158" lon="82.4870655">
        <ele>2609.0</ele>
      </trkpt>
      <trkpt lat="42.4860277" lon="82.4871132">
        <ele>2608.0</ele>
      </trkpt>
      <trkpt lat="42.4859308" lon="82.487183">
        <ele>2599.0</ele>
      </trkpt>
      <trkpt lat="42.485842" lon="82.4872856">
        <ele>2599.0</ele>
      </trkpt>
      <trkpt lat="42.4857629" lon="82.487371">
        <ele>2600.0</ele>
      </trkpt>
      <trkpt lat="42.485669" lon="82.4874368">
        <ele>2600.0</ele>
      </trkpt>
      <trkpt lat="42.4855678" lon="82.4874759">
        <ele>2600.0</ele>
      </trkpt>
      <trkpt lat="42.4854691" lon="82.4875144">
        <ele>2600.0</ele>
      </trkpt>
      <trkpt lat="42.4853716" lon="82.4875365">
        <ele>2597.0</ele>
      </trkpt>
      <trkpt lat="42.4852755" lon="82.4875502">
        <ele>2597.0</ele>
      </trkpt>
      <trkpt lat="42.4851871" lon="82.487578">
        <ele>2597.0</ele>
      </trkpt>
      <trkpt lat="42.4850978" lon="82.4875736">
        <ele>2598.0</ele>
      </trkpt>
      <trkpt lat="42.4850121" lon="82.4875332">
        <ele>2598.0</ele>
      </trkpt>
      <trkpt lat="42.4849318" lon="82.4874669">
        <ele>2598.0</ele>
      </trkpt>
      <trkpt lat="42.4848377" lon="82.4874172">
        <ele>2601.0</ele>
      </trkpt>
      <trkpt lat="42.4847993" lon="82.4874219">
        <ele>2601.0</ele>
      </trkpt>
      <trkpt lat="42.4847378" lon="82.487482">
        <ele>2601.0</ele>
      </trkpt>
      <trkpt lat="42.4846583" lon="82.4875538">
        <ele>2601.0</ele>
      </trkpt>
      <trkpt lat="42.4845504" lon="82.4876111">
        <ele>2601.0</ele>
      </trkpt>
      <trkpt lat="42.4844381" lon="82.4876406">
        <ele>2596.0</ele>
      </trkpt>
      <trkpt lat="42.4843223" lon="82.4876655">
        <ele>2596.0</ele>
      </trkpt>
      <trkpt lat="42.4842103" lon="82.4876831">
        <ele>2597.0</ele>
      </trkpt>
      <trkpt lat="42.4840975" lon="82.4877081">
        <ele>2597.0</ele>
      </trkpt>
      <trkpt lat="42.4839933" lon="82.487765">
        <ele>2596.0</ele>
      </trkpt>
      <trkpt lat="42.483907" lon="82.4878344">
        <ele>2596.0</ele>
      </trkpt>
      <trkpt lat="42.4838099" lon="82.4879104">
        <ele>2596.0</ele>
      </trkpt>
      <trkpt lat="42.4837176" lon="82.4880045">
        <ele>2596.0</ele>
      </trkpt>
      <trkpt lat="42.4836176" lon="82.488078">
        <ele>2596.0</ele>
      </trkpt>
      <trkpt lat="42.4835229" lon="82.4881454">
        <ele>2596.0</ele>
      </trkpt>
      <trkpt lat="42.4834334" lon="82.4882324">
        <ele>2601.0</ele>
      </trkpt>
      <trkpt lat="42.483339" lon="82.4883043">
        <ele>2601.0</ele>
      </trkpt>
      <trkpt lat="42.4832339" lon="82.4883463">
        <ele>2601.0</ele>
      </trkpt>
      <trkpt lat="42.4831358" lon="82.4883467">
        <ele>2601.0</ele>
      </trkpt>
      <trkpt lat="42.4830372" lon="82.488338">
        <ele>2601.0</ele>
      </trkpt>
      <trkpt lat="42.4829417" lon="82.4883533">
        <ele>2601.0</ele>
      </trkpt>
      <trkpt lat="42.4828483" lon="82.4884013">
        <ele>2599.0</ele>
      </trkpt>
      <trkpt lat="42.4827663" lon="82.4884791">
        <ele>2596.0</ele>
      </trkpt>
      <trkpt lat="42.4827002" lon="82.4885764">
        <ele>2596.0</ele>
      </trkpt>
      <trkpt lat="42.4826438" lon="82.4886842">
        <ele>2596.0</ele>
      </trkpt>
      <trkpt lat="42.4825795" lon="82.4887834">
        <ele>2593.0</ele>
      </trkpt>
      <trkpt lat="42.4825088" lon="82.4888745">
        <ele>2593.0</ele>
      </trkpt>
      <trkpt lat="42.4824401" lon="82.4889662">
        <ele>2593.0</ele>
      </trkpt>
      <trkpt lat="42.4823683" lon="82.4890554">
        <ele>2592.0</ele>
      </trkpt>
      <trkpt lat="42.4822948" lon="82.4891559">
        <ele>2598.0</ele>
      </trkpt>
      <trkpt lat="42.4822088" lon="82.4892343">
        <ele>2598.0</ele>
      </trkpt>
      <trkpt lat="42.4821007" lon="82.4892592">
        <ele>2598.0</ele>
      </trkpt>
      <trkpt lat="42.4820037" lon="82.489226">
        <ele>2607.0</ele>
      </trkpt>
      <trkpt lat="42.4819088" lon="82.4891926">
        <ele>2607.0</ele>
      </trkpt>
      <trkpt lat="42.4818118" lon="82.4892267">
        <ele>2607.0</ele>
      </trkpt>
      <trkpt lat="42.4817384" lon="82.4893043">
        <ele>2609.0</ele>
      </trkpt>
      <trkpt lat="42.4816673" lon="82.4893967">
        <ele>2604.0</ele>
      </trkpt>
      <trkpt lat="42.4815936" lon="82.4894941">
        <ele>2604.0</ele>
      </trkpt>
      <trkpt lat="42.4815077" lon="82.4895819">
        <ele>2603.0</ele>
      </trkpt>
      <trkpt lat="42.4814098" lon="82.4896628">
        <ele>2595.0</ele>
      </trkpt>
      <trkpt lat="42.4813302" lon="82.4897436">
        <ele>2595.0</ele>
      </trkpt>
      <trkpt lat="42.4812616" lon="82.4898338">
        <ele>2595.0</ele>
      </trkpt>
      <trkpt lat="42.4811999" lon="82.4899356">
        <ele>2594.0</ele>
      </trkpt>
      <trkpt lat="42.4811421" lon="82.4900445">
        <ele>2594.0</ele>
      </trkpt>
      <trkpt lat="42.4810873" lon="82.4901522">
        <ele>2593.0</ele>
      </trkpt>
      <trkpt lat="42.4810304" lon="82.4902541">
        <ele>2593.0</ele>
      </trkpt>
      <trkpt lat="42.4809702" lon="82.4903297">
        <ele>2589.0</ele>
      </trkpt>
      <trkpt lat="42.480905" lon="82.4904215">
        <ele>2593.0</ele>
      </trkpt>
      <trkpt lat="42.4808306" lon="82.4904981">
        <ele>2593.0</ele>
      </trkpt>
      <trkpt lat="42.4807309" lon="82.4905751">
        <ele>2593.0</ele>
      </trkpt>
      <trkpt lat="42.4806441" lon="82.4906458">
        <ele>2599.0</ele>
      </trkpt>
      <trkpt lat="42.4805492" lon="82.4907293">
        <ele>2589.0</ele>
      </trkpt>
      <trkpt lat="42.4804418" lon="82.4907882">
        <ele>2589.0</ele>
      </trkpt>
      <trkpt lat="42.4803519" lon="82.490852">
        <ele>2595.0</ele>
      </trkpt>
      <trkpt lat="42.4802636" lon="82.4908931">
        <ele>2595.0</ele>
      </trkpt>
      <trkpt lat="42.4801746" lon="82.4909258">
        <ele>2595.0</ele>
      </trkpt>
      <trkpt lat="42.4800671" lon="82.4909614">
        <ele>2611.0</ele>
      </trkpt>
      <trkpt lat="42.4799926" lon="82.4910208">
        <ele>2593.0</ele>
      </trkpt>
      <trkpt lat="42.4799134" lon="82.4910018">
        <ele>2593.0</ele>
      </trkpt>
      <trkpt lat="42.4798193" lon="82.491029">
        <ele>2603.0</ele>
      </trkpt>
      <trkpt lat="42.4797254" lon="82.4910844">
        <ele>2603.0</ele>
      </trkpt>
      <trkpt lat="42.4796243" lon="82.4911299">
        <ele>2603.0</ele>
      </trkpt>
      <trkpt lat="42.479561" lon="82.4911579">
        <ele>2610.0</ele>
      </trkpt>
      <trkpt lat="42.4794824" lon="82.4912018">
        <ele>2610.0</ele>
      </trkpt>
      <trkpt lat="42.4793914" lon="82.4912686">
        <ele>2590.0</ele>
      </trkpt>
      <trkpt lat="42.4793044" lon="82.4913287">
        <ele>2589.0</ele>
      </trkpt>
      <trkpt lat="42.4792047" lon="82.4913713">
        <ele>2589.0</ele>
      </trkpt>
      <trkpt lat="42.4791136" lon="82.4914072">
        <ele>2589.0</ele>
      </trkpt>
      <trkpt lat="42.4790123" lon="82.4914496">
        <ele>2593.0</ele>
      </trkpt>
      <trkpt lat="42.4789158" lon="82.4914707">
        <ele>2593.0</ele>
      </trkpt>
      <trkpt lat="42.4788218" lon="82.4914847">
        <ele>2593.0</ele>
      </trkpt>
      <trkpt lat="42.4787269" lon="82.4914939">
        <ele>2588.0</ele>
      </trkpt>
      <trkpt lat="42.4786308" lon="82.4915146">
        <ele>2588.0</ele>
      </trkpt>
      <trkpt lat="42.4785374" lon="82.4915154">
        <ele>2588.0</ele>
      </trkpt>
      <trkpt lat="42.4784473" lon="82.4914993">
        <ele>2583.0</ele>
      </trkpt>
      <trkpt lat="42.4783541" lon="82.4915056">
        <ele>2583.0</ele>
      </trkpt>
      <trkpt lat="42.4782649" lon="82.4915476">
        <ele>2570.0</ele>
      </trkpt>
      <trkpt lat="42.4781818" lon="82.4916181">
        <ele>2568.0</ele>
      </trkpt>
      <trkpt lat="42.4781052" lon="82.4917189">
        <ele>2568.0</ele>
      </trkpt>
      <trkpt lat="42.4780202" lon="82.4918069">
        <ele>2561.0</ele>
      </trkpt>
      <trkpt lat="42.4779393" lon="82.4918866">
        <ele>2561.0</ele>
      </trkpt>
      <trkpt lat="42.4778434" lon="82.491926">
        <ele>2564.0</ele>
      </trkpt>
      <trkpt lat="42.4777404" lon="82.491946">
        <ele>2564.0</ele>
      </trkpt>
      <trkpt lat="42.4776414" lon="82.4919721">
        <ele>2564.0</ele>
      </trkpt>
      <trkpt lat="42.4775377" lon="82.4919995">
        <ele>2569.0</ele>
      </trkpt>
      <trkpt lat="42.4774311" lon="82.4920202">
        <ele>2569.0</ele>
      </trkpt>
      <trkpt lat="42.477326" lon="82.4920366">
        <ele>2574.0</ele>
      </trkpt>
      <trkpt lat="42.4772263" lon="82.4920442">
        <ele>2574.0</ele>
      </trkpt>
      <trkpt lat="42.4771273" lon="82.4920252">
        <ele>2574.0</ele>
      </trkpt>
      <trkpt lat="42.4770201" lon="82.4919988">
        <ele>2580.0</ele>
      </trkpt>
      <trkpt lat="42.476919" lon="82.4920298">
        <ele>2580.0</ele>
      </trkpt>
      <trkpt lat="42.4768106" lon="82.4920823">
        <ele>2580.0</ele>
      </trkpt>
      <trkpt lat="42.4767033" lon="82.4920946">
        <ele>2595.0</ele>
      </trkpt>
      <trkpt lat="42.4766152" lon="82.4920559">
        <ele>2589.0</ele>
      </trkpt>
      <trkpt lat="42.4765367" lon="82.4919508">
        <ele>2589.0</ele>
      </trkpt>
      <trkpt lat="42.4764761" lon="82.491833">
        <ele>2598.0</ele>
      </trkpt>
      <trkpt lat="42.4764224" lon="82.4917233">
        <ele>2591.0</ele>
      </trkpt>
      <trkpt lat="42.4763655" lon="82.4915889">
        <ele>2591.0</ele>
      </trkpt>
      <trkpt lat="42.4763073" lon="82.491452">
        <ele>2594.0</ele>
      </trkpt>
      <trkpt lat="42.4762246" lon="82.4913486">
        <ele>2595.0</ele>
      </trkpt>
      <trkpt lat="42.4761196" lon="82.4913085">
        <ele>2595.0</ele>
      </trkpt>
      <trkpt lat="42.4760091" lon="82.4913297">
        <ele>2595.0</ele>
      </trkpt>
      <trkpt lat="42.4758978" lon="82.4913747">
        <ele>2588.0</ele>
      </trkpt>
      <trkpt lat="42.4757864" lon="82.491409">
        <ele>2588.0</ele>
      </trkpt>
      <trkpt lat="42.4756744" lon="82.4914099">
        <ele>2579.0</ele>
      </trkpt>
      <trkpt lat="42.4755667" lon="82.491401">
        <ele>2579.0</ele>
      </trkpt>
      <trkpt lat="42.475464" lon="82.4913976">
        <ele>2579.0</ele>
      </trkpt>
      <trkpt lat="42.4753476" lon="82.4914143">
        <ele>2570.0</ele>
      </trkpt>
      <trkpt lat="42.4752451" lon="82.4914271">
        <ele>2570.0</ele>
      </trkpt>
      <trkpt lat="42.4751362" lon="82.4914129">
        <ele>2565.0</ele>
      </trkpt>
      <trkpt lat="42.4750308" lon="82.4913741">
        <ele>2565.0</ele>
      </trkpt>
      <trkpt lat="42.4749593" lon="82.4913201">
        <ele>2565.0</ele>
      </trkpt>
      <trkpt lat="42.4748692" lon="82.4912818">
        <ele>2565.0</ele>
      </trkpt>
      <trkpt lat="42.4747785" lon="82.4912335">
        <ele>2561.0</ele>
      </trkpt>
      <trkpt lat="42.4746871" lon="82.49119">
        <ele>2561.0</ele>
      </trkpt>
      <trkpt lat="42.4745932" lon="82.4911477">
        <ele>2561.0</ele>
      </trkpt>
      <trkpt lat="42.4744981" lon="82.491113">
        <ele>2557.0</ele>
      </trkpt>
      <trkpt lat="42.4743967" lon="82.4910856">
        <ele>2557.0</ele>
      </trkpt>
      <trkpt lat="42.4742949" lon="82.4910578">
        <ele>2560.0</ele>
      </trkpt>
      <trkpt lat="42.4741955" lon="82.491028">
        <ele>2560.0</ele>
      </trkpt>
      <trkpt lat="42.4740979" lon="82.4909934">
        <ele>2560.0</ele>
      </trkpt>
      <trkpt lat="42.4739923" lon="82.4909828">
        <ele>2560.0</ele>
      </trkpt>
      <trkpt lat="42.4738966" lon="82.490985">
        <ele>2560.0</ele>
      </trkpt>
      <trkpt lat="42.4738089" lon="82.4910295">
        <ele>2560.0</ele>
      </trkpt>
      <trkpt lat="42.4737292" lon="82.4910994">
        <ele>2569.0</ele>
      </trkpt>
      <trkpt lat="42.4736568" lon="82.4911876">
        <ele>2569.0</ele>
      </trkpt>
      <trkpt lat="42.4735863" lon="82.491279">
        <ele>2557.0</ele>
      </trkpt>
      <trkpt lat="42.4735129" lon="82.4913648">
        <ele>2557.0</ele>
      </trkpt>
      <trkpt lat="42.473439" lon="82.4914494">
        <ele>2564.0</ele>
      </trkpt>
      <trkpt lat="42.4733613" lon="82.4915438">
        <ele>2556.0</ele>
      </trkpt>
      <trkpt lat="42.473295" lon="82.4916562">
        <ele>2556.0</ele>
      </trkpt>
      <trkpt lat="42.4732514" lon="82.4917797">
        <ele>2556.0</ele>
      </trkpt>
      <trkpt lat="42.47319" lon="82.4918687">
        <ele>2556.0</ele>
      </trkpt>
      <trkpt lat="42.4731368" lon="82.4919757">
        <ele>2556.0</ele>
      </trkpt>
      <trkpt lat="42.4731644" lon="82.4920968">
        <ele>2556.0</ele>
      </trkpt>
      <trkpt lat="42.4731566" lon="82.4922317">
        <ele>2556.0</ele>
      </trkpt>
      <trkpt lat="42.4731308" lon="82.4923767">
        <ele>2550.0</ele>
      </trkpt>
      <trkpt lat="42.4731012" lon="82.492501">
        <ele>2550.0</ele>
      </trkpt>
      <trkpt lat="42.4730686" lon="82.4926189">
        <ele>2550.0</ele>
      </trkpt>
      <trkpt lat="42.4730314" lon="82.4927334">
        <ele>2550.0</ele>
      </trkpt>
      <trkpt lat="42.4729809" lon="82.4928372">
        <ele>2550.0</ele>
      </trkpt>
      <trkpt lat="42.4729211" lon="82.4929322">
        <ele>2551.0</ele>
      </trkpt>
      <trkpt lat="42.4728587" lon="82.493028">
        <ele>2550.0</ele>
      </trkpt>
      <trkpt lat="42.4728" lon="82.4931339">
        <ele>2550.0</ele>
      </trkpt>
      <trkpt lat="42.4727558" lon="82.4932452">
        <ele>2549.0</ele>
      </trkpt>
      <trkpt lat="42.4727097" lon="82.4933533">
        <ele>2549.0</ele>
      </trkpt>
      <trkpt lat="42.4726486" lon="82.4934495">
        <ele>2549.0</ele>
      </trkpt>
      <trkpt lat="42.4725764" lon="82.4935328">
        <ele>2549.0</ele>
      </trkpt>
      <trkpt lat="42.4725023" lon="82.4936138">
        <ele>2549.0</ele>
      </trkpt>
      <trkpt lat="42.4724361" lon="82.4937019">
        <ele>2549.0</ele>
      </trkpt>
      <trkpt lat="42.4723657" lon="82.4937825">
        <ele>2555.0</ele>
      </trkpt>
      <trkpt lat="42.4722814" lon="82.4938399">
        <ele>2565.0</ele>
      </trkpt>
      <trkpt lat="42.4721904" lon="82.4939076">
        <ele>2565.0</ele>
      </trkpt>
      <trkpt lat="42.4721154" lon="82.4939909">
        <ele>2565.0</ele>
      </trkpt>
      <trkpt lat="42.4720362" lon="82.4940707">
        <ele>2569.0</ele>
      </trkpt>
      <trkpt lat="42.4719528" lon="82.4941368">
        <ele>2569.0</ele>
      </trkpt>
      <trkpt lat="42.4718663" lon="82.494198">
        <ele>2569.0</ele>
      </trkpt>
      <trkpt lat="42.4717782" lon="82.4942546">
        <ele>2563.0</ele>
      </trkpt>
      <trkpt lat="42.4716828" lon="82.4943183">
        <ele>2565.0</ele>
      </trkpt>
      <trkpt lat="42.4715939" lon="82.4943654">
        <ele>2565.0</ele>
      </trkpt>
      <trkpt lat="42.4715017" lon="82.494386">
        <ele>2568.0</ele>
      </trkpt>
      <trkpt lat="42.4714096" lon="82.4943703">
        <ele>2568.0</ele>
      </trkpt>
      <trkpt lat="42.4713164" lon="82.4943433">
        <ele>2568.0</ele>
      </trkpt>
      <trkpt lat="42.4712269" lon="82.4942981">
        <ele>2575.0</ele>
      </trkpt>
      <trkpt lat="42.4711562" lon="82.4942596">
        <ele>2575.0</ele>
      </trkpt>
      <trkpt lat="42.4710669" lon="82.4942129">
        <ele>2575.0</ele>
      </trkpt>
      <trkpt lat="42.470981" lon="82.4941607">
        <ele>2575.0</ele>
      </trkpt>
      <trkpt lat="42.4708872" lon="82.494117">
        <ele>2574.0</ele>
      </trkpt>
      <trkpt lat="42.4708671" lon="82.4941043">
        <ele>2574.0</ele>
      </trkpt>
      <trkpt lat="42.4708484" lon="82.4939993">
        <ele>2567.0</ele>
      </trkpt>
      <trkpt lat="42.4707852" lon="82.4939044">
        <ele>2567.0</ele>
      </trkpt>
      <trkpt lat="42.4707111" lon="82.4938133">
        <ele>2567.0</ele>
      </trkpt>
      <trkpt lat="42.4706272" lon="82.4937177">
        <ele>2566.0</ele>
      </trkpt>
      <trkpt lat="42.4705325" lon="82.4936433">
        <ele>2566.0</ele>
      </trkpt>
      <trkpt lat="42.470441" lon="82.4935922">
        <ele>2566.0</ele>
      </trkpt>
      <trkpt lat="42.4703489" lon="82.49356">
        <ele>2595.0</ele>
      </trkpt>
      <trkpt lat="42.4702595" lon="82.4935298">
        <ele>2595.0</ele>
      </trkpt>
      <trkpt lat="42.4701658" lon="82.4934931">
        <ele>2595.0</ele>
      </trkpt>
      <trkpt lat="42.4700682" lon="82.4934516">
        <ele>2593.0</ele>
      </trkpt>
      <trkpt lat="42.4699664" lon="82.4933976">
        <ele>2593.0</ele>
      </trkpt>
      <trkpt lat="42.4698784" lon="82.4933194">
        <ele>2593.0</ele>
      </trkpt>
      <trkpt lat="42.4698" lon="82.4932249">
        <ele>2602.0</ele>
      </trkpt>
      <trkpt lat="42.4697439" lon="82.4931148">
        <ele>2588.0</ele>
      </trkpt>
      <trkpt lat="42.4697" lon="82.4929921">
        <ele>2588.0</ele>
      </trkpt>
      <trkpt lat="42.4696403" lon="82.4928943">
        <ele>2573.0</ele>
      </trkpt>
      <trkpt lat="42.4695588" lon="82.4928303">
        <ele>2566.0</ele>
      </trkpt>
      <trkpt lat="42.4694578" lon="82.4927781">
        <ele>2566.0</ele>
      </trkpt>
      <trkpt lat="42.4693509" lon="82.4927292">
        <ele>2566.0</ele>
      </trkpt>
      <trkpt lat="42.4692555" lon="82.4926706">
        <ele>2554.0</ele>
      </trkpt>
      <trkpt lat="42.4692279" lon="82.492652">
        <ele>2554.0</ele>
      </trkpt>
      <trkpt lat="42.4691512" lon="82.4926767">
        <ele>2554.0</ele>
      </trkpt>
      <trkpt lat="42.4690648" lon="82.4927383">
        <ele>2554.0</ele>
      </trkpt>
      <trkpt lat="42.4689876" lon="82.49282">
        <ele>2541.0</ele>
      </trkpt>
      <trkpt lat="42.4689144" lon="82.4929112">
        <ele>2541.0</ele>
      </trkpt>
      <trkpt lat="42.4688472" lon="82.4930088">
        <ele>2543.0</ele>
      </trkpt>
      <trkpt lat="42.4687702" lon="82.4931053">
        <ele>2543.0</ele>
      </trkpt>
      <trkpt lat="42.4686858" lon="82.4931906">
        <ele>2538.0</ele>
      </trkpt>
      <trkpt lat="42.4686166" lon="82.4932343">
        <ele>2536.0</ele>
      </trkpt>
      <trkpt lat="42.4685599" lon="82.4933336">
        <ele>2536.0</ele>
      </trkpt>
      <trkpt lat="42.4685174" lon="82.4934492">
        <ele>2536.0</ele>
      </trkpt>
      <trkpt lat="42.4684465" lon="82.4935654">
        <ele>2530.0</ele>
      </trkpt>
      <trkpt lat="42.46839" lon="82.4936897">
        <ele>2530.0</ele>
      </trkpt>
      <trkpt lat="42.4683212" lon="82.4937948">
        <ele>2534.0</ele>
      </trkpt>
      <trkpt lat="42.4682394" lon="82.4938932">
        <ele>2534.0</ele>
      </trkpt>
      <trkpt lat="42.468166" lon="82.4939816">
        <ele>2530.0</ele>
      </trkpt>
      <trkpt lat="42.4681095" lon="82.4941009">
        <ele>2535.0</ele>
      </trkpt>
      <trkpt lat="42.4680702" lon="82.4942169">
        <ele>2535.0</ele>
      </trkpt>
      <trkpt lat="42.4680158" lon="82.4943143">
        <ele>2553.0</ele>
      </trkpt>
      <trkpt lat="42.4679401" lon="82.494375">
        <ele>2553.0</ele>
      </trkpt>
      <trkpt lat="42.4678633" lon="82.4944373">
        <ele>2545.0</ele>
      </trkpt>
      <trkpt lat="42.4677904" lon="82.4945107">
        <ele>2545.0</ele>
      </trkpt>
      <trkpt lat="42.4677123" lon="82.4945786">
        <ele>2545.0</ele>
      </trkpt>
      <trkpt lat="42.4676239" lon="82.4946101">
        <ele>2547.0</ele>
      </trkpt>
      <trkpt lat="42.4675287" lon="82.4945985">
        <ele>2547.0</ele>
      </trkpt>
      <trkpt lat="42.467434" lon="82.4945727">
        <ele>2540.0</ele>
      </trkpt>
      <trkpt lat="42.4673267" lon="82.4945605">
        <ele>2533.0</ele>
      </trkpt>
      <trkpt lat="42.4672248" lon="82.4946046">
        <ele>2540.0</ele>
      </trkpt>
      <trkpt lat="42.4671596" lon="82.4946978">
        <ele>2540.0</ele>
      </trkpt>
      <trkpt lat="42.4670996" lon="82.4948019">
        <ele>2540.0</ele>
      </trkpt>
      <trkpt lat="42.467024" lon="82.4948689">
        <ele>2547.0</ele>
      </trkpt>
      <trkpt lat="42.4669351" lon="82.4948698">
        <ele>2547.0</ele>
      </trkpt>
      <trkpt lat="42.4668481" lon="82.494815">
        <ele>2537.0</ele>
      </trkpt>
      <trkpt lat="42.4667607" lon="82.4947344">
        <ele>2539.0</ele>
      </trkpt>
      <trkpt lat="42.4666734" lon="82.4946584">
        <ele>2539.0</ele>
      </trkpt>
      <trkpt lat="42.466582" lon="82.4945968">
        <ele>2539.0</ele>
      </trkpt>
      <trkpt lat="42.4664935" lon="82.494533">
        <ele>2546.0</ele>
      </trkpt>
      <trkpt lat="42.4664095" lon="82.494455">
        <ele>2546.0</ele>
      </trkpt>
      <trkpt lat="42.4663231" lon="82.4943828">
        <ele>2546.0</ele>
      </trkpt>
      <trkpt lat="42.4662383" lon="82.4943073">
        <ele>2551.0</ele>
      </trkpt>
      <trkpt lat="42.4661686" lon="82.4942064">
        <ele>2549.0</ele>
      </trkpt>
      <trkpt lat="42.4661032" lon="82.4940979">
        <ele>2549.0</ele>
      </trkpt>
      <trkpt lat="42.466029" lon="82.4940014">
        <ele>2548.0</ele>
      </trkpt>
      <trkpt lat="42.4659483" lon="82.4939144">
        <ele>2546.0</ele>
      </trkpt>
      <trkpt lat="42.4658637" lon="82.4938363">
        <ele>2546.0</ele>
      </trkpt>
      <trkpt lat="42.4657829" lon="82.4937491">
        <ele>2543.0</ele>
      </trkpt>
      <trkpt lat="42.4657156" lon="82.4936456">
        <ele>2543.0</ele>
      </trkpt>
      <trkpt lat="42.4656614" lon="82.4935256">
        <ele>2544.0</ele>
      </trkpt>
      <trkpt lat="42.4656234" lon="82.4933922">
        <ele>2542.0</ele>
      </trkpt>
      <trkpt lat="42.465594" lon="82.4932468">
        <ele>2542.0</ele>
      </trkpt>
      <trkpt lat="42.4655501" lon="82.4931042">
        <ele>2542.0</ele>
      </trkpt>
      <trkpt lat="42.4655158" lon="82.4929679">
        <ele>2542.0</ele>
      </trkpt>
      <trkpt lat="42.4654537" lon="82.4928474">
        <ele>2546.0</ele>
      </trkpt>
      <trkpt lat="42.4654193" lon="82.4928014">
        <ele>2546.0</ele>
      </trkpt>
      <trkpt lat="42.4654015" lon="82.4927067">
        <ele>2546.0</ele>
      </trkpt>
      <trkpt lat="42.4653766" lon="82.4925858">
        <ele>2550.0</ele>
      </trkpt>
      <trkpt lat="42.4653359" lon="82.4924723">
        <ele>2550.0</ele>
      </trkpt>
      <trkpt lat="42.4652602" lon="82.4923983">
        <ele>2550.0</ele>
      </trkpt>
      <trkpt lat="42.4651679" lon="82.492333">
        <ele>2556.0</ele>
      </trkpt>
      <trkpt lat="42.4650773" lon="82.4922489">
        <ele>2551.0</ele>
      </trkpt>
      <trkpt lat="42.4650053" lon="82.4921378">
        <ele>2551.0</ele>
      </trkpt>
      <trkpt lat="42.4649496" lon="82.4920275">
        <ele>2549.0</ele>
      </trkpt>
      <trkpt lat="42.4648965" lon="82.4919204">
        <ele>2549.0</ele>
      </trkpt>
      <trkpt lat="42.4648452" lon="82.4918179">
        <ele>2546.0</ele>
      </trkpt>
      <trkpt lat="42.4647757" lon="82.4917159">
        <ele>2546.0</ele>
      </trkpt>
      <trkpt lat="42.464712" lon="82.4916215">
        <ele>2546.0</ele>
      </trkpt>
      <trkpt lat="42.4646538" lon="82.4915246">
        <ele>2543.0</ele>
      </trkpt>
      <trkpt lat="42.4645962" lon="82.4914195">
        <ele>2543.0</ele>
      </trkpt>
      <trkpt lat="42.4645455" lon="82.4913046">
        <ele>2542.0</ele>
      </trkpt>
      <trkpt lat="42.4644969" lon="82.491179">
        <ele>2545.0</ele>
      </trkpt>
      <trkpt lat="42.4644451" lon="82.4910538">
        <ele>2545.0</ele>
      </trkpt>
      <trkpt lat="42.464388" lon="82.4909298">
        <ele>2553.0</ele>
      </trkpt>
      <trkpt lat="42.4643353" lon="82.4908146">
        <ele>2553.0</ele>
      </trkpt>
      <trkpt lat="42.4642804" lon="82.4907049">
        <ele>2547.0</ele>
      </trkpt>
      <trkpt lat="42.4642115" lon="82.4906071">
        <ele>2552.0</ele>
      </trkpt>
      <trkpt lat="42.4641461" lon="82.4904984">
        <ele>2552.0</ele>
      </trkpt>
      <trkpt lat="42.4640786" lon="82.4903929">
        <ele>2560.0</ele>
      </trkpt>
      <trkpt lat="42.4640121" lon="82.4902883">
        <ele>2549.0</ele>
      </trkpt>
      <trkpt lat="42.4639395" lon="82.4901929">
        <ele>2549.0</ele>
      </trkpt>
      <trkpt lat="42.4638566" lon="82.4901121">
        <ele>2553.0</ele>
      </trkpt>
      <trkpt lat="42.4637652" lon="82.4900516">
        <ele>2553.0</ele>
      </trkpt>
      <trkpt lat="42.4636723" lon="82.4899761">
        <ele>2547.0</ele>
      </trkpt>
      <trkpt lat="42.4635816" lon="82.4898815">
        <ele>2547.0</ele>
      </trkpt>
      <trkpt lat="42.4635215" lon="82.4897632">
        <ele>2550.0</ele>
      </trkpt>
      <trkpt lat="42.463453" lon="82.4896802">
        <ele>2547.0</ele>
      </trkpt>
      <trkpt lat="42.4633634" lon="82.4896768">
        <ele>2547.0</ele>
      </trkpt>
      <trkpt lat="42.4633264" lon="82.4896771">
        <ele>2547.0</ele>
      </trkpt>
      <trkpt lat="42.4632631" lon="82.4896371">
        <ele>2547.0</ele>
      </trkpt>
      <trkpt lat="42.4631869" lon="82.4895794">
        <ele>2549.0</ele>
      </trkpt>
      <trkpt lat="42.4631189" lon="82.4894949">
        <ele>2549.0</ele>
      </trkpt>
      <trkpt lat="42.463047" lon="82.4893989">
        <ele>2549.0</ele>
      </trkpt>
      <trkpt lat="42.4629887" lon="82.4892962">
        <ele>2558.0</ele>
      </trkpt>
      <trkpt lat="42.4629127" lon="82.4892056">
        <ele>2545.0</ele>
      </trkpt>
      <trkpt lat="42.4628487" lon="82.4891044">
        <ele>2545.0</ele>
      </trkpt>
      <trkpt lat="42.4627567" lon="82.4890616">
        <ele>2545.0</ele>
      </trkpt>
      <trkpt lat="42.4626612" lon="82.4890594">
        <ele>2545.0</ele>
      </trkpt>
      <trkpt lat="42.4625648" lon="82.4890587">
        <ele>2533.0</ele>
      </trkpt>
      <trkpt lat="42.4624577" lon="82.489038">
        <ele>2533.0</ele>
      </trkpt>
      <trkpt lat="42.4623549" lon="82.4890268">
        <ele>2530.0</ele>
      </trkpt>
      <trkpt lat="42.4622555" lon="82.4890115">
        <ele>2530.0</ele>
      </trkpt>
      <trkpt lat="42.4621572" lon="82.4889918">
        <ele>2530.0</ele>
      </trkpt>
      <trkpt lat="42.4620638" lon="82.4889633">
        <ele>2524.0</ele>
      </trkpt>
      <trkpt lat="42.4619694" lon="82.4889324">
        <ele>2524.0</ele>
      </trkpt>
      <trkpt lat="42.4618794" lon="82.4888872">
        <ele>2524.0</ele>
      </trkpt>
      <trkpt lat="42.4617924" lon="82.4888381">
        <ele>2524.0</ele>
      </trkpt>
      <trkpt lat="42.461712" lon="82.488773">
        <ele>2524.0</ele>
      </trkpt>
      <trkpt lat="42.4616273" lon="82.4887088">
        <ele>2522.0</ele>
      </trkpt>
      <trkpt lat="42.4615365" lon="82.4886542">
        <ele>2522.0</ele>
      </trkpt>
      <trkpt lat="42.461447" lon="82.4885989">
        <ele>2529.0</ele>
      </trkpt>
      <trkpt lat="42.4613569" lon="82.4885557">
        <ele>2529.0</ele>
      </trkpt>
      <trkpt lat="42.4612605" lon="82.4885244">
        <ele>2529.0</ele>
      </trkpt>
      <trkpt lat="42.4611616" lon="82.4884956">
        <ele>2535.0</ele>
      </trkpt>
      <trkpt lat="42.4610528" lon="82.4884667">
        <ele>2531.0</ele>
      </trkpt>
      <trkpt lat="42.4609521" lon="82.4884411">
        <ele>2537.0</ele>
      </trkpt>
      <trkpt lat="42.4608543" lon="82.4884268">
        <ele>2537.0</ele>
      </trkpt>
      <trkpt lat="42.4607576" lon="82.4884164">
        <ele>2537.0</ele>
      </trkpt>
      <trkpt lat="42.4606642" lon="82.4884063">
        <ele>2540.0</ele>
      </trkpt>
      <trkpt lat="42.4605745" lon="82.4883901">
        <ele>2540.0</ele>
      </trkpt>
      <trkpt lat="42.4604726" lon="82.4883686">
        <ele>2540.0</ele>
      </trkpt>
      <trkpt lat="42.4603729" lon="82.4883552">
        <ele>2525.0</ele>
      </trkpt>
      <trkpt lat="42.460264" lon="82.4883416">
        <ele>2525.0</ele>
      </trkpt>
      <trkpt lat="42.4601626" lon="82.488378">
        <ele>2525.0</ele>
      </trkpt>
      <trkpt lat="42.4600695" lon="82.4884017">
        <ele>2514.0</ele>
      </trkpt>
      <trkpt lat="42.459964" lon="82.4883996">
        <ele>2514.0</ele>
      </trkpt>
      <trkpt lat="42.4598581" lon="82.4883909">
        <ele>2512.0</ele>
      </trkpt>
      <trkpt lat="42.4597684" lon="82.4884316">
        <ele>2512.0</ele>
      </trkpt>
      <trkpt lat="42.4596927" lon="82.4885172">
        <ele>2520.0</ele>
      </trkpt>
      <trkpt lat="42.4596201" lon="82.4886108">
        <ele>2520.0</ele>
      </trkpt>
      <trkpt lat="42.4595268" lon="82.4886827">
        <ele>2520.0</ele>
      </trkpt>
      <trkpt lat="42.4594293" lon="82.4887008">
        <ele>2520.0</ele>
      </trkpt>
      <trkpt lat="42.4593326" lon="82.4886759">
        <ele>2520.0</ele>
      </trkpt>
      <trkpt lat="42.4592388" lon="82.4886347">
        <ele>2516.0</ele>
      </trkpt>
      <trkpt lat="42.4592081" lon="82.4886064">
        <ele>2516.0</ele>
      </trkpt>
      <trkpt lat="42.4591356" lon="82.4885746">
        <ele>2516.0</ele>
      </trkpt>
      <trkpt lat="42.4590543" lon="82.4885145">
        <ele>2516.0</ele>
      </trkpt>
      <trkpt lat="42.4589856" lon="82.4884171">
        <ele>2514.0</ele>
      </trkpt>
      <trkpt lat="42.4589241" lon="82.4883064">
        <ele>2514.0</ele>
      </trkpt>
      <trkpt lat="42.4588576" lon="82.4882032">
        <ele>2514.0</ele>
      </trkpt>
      <trkpt lat="42.45878" lon="82.488122">
        <ele>2514.0</ele>
      </trkpt>
      <trkpt lat="42.4586947" lon="82.4880691">
        <ele>2513.0</ele>
      </trkpt>
      <trkpt lat="42.4585986" lon="82.4880429">
        <ele>2513.0</ele>
      </trkpt>
      <trkpt lat="42.4584986" lon="82.4880298">
        <ele>2513.0</ele>
      </trkpt>
      <trkpt lat="42.4583978" lon="82.4880277">
        <ele>2513.0</ele>
      </trkpt>
      <trkpt lat="42.4582953" lon="82.488028">
        <ele>2513.0</ele>
      </trkpt>
      <trkpt lat="42.4581939" lon="82.4880194">
        <ele>2516.0</ele>
      </trkpt>
      <trkpt lat="42.4580925" lon="82.4880029">
        <ele>2516.0</ele>
      </trkpt>
      <trkpt lat="42.4579893" lon="82.4879845">
        <ele>2516.0</ele>
      </trkpt>
      <trkpt lat="42.4578848" lon="82.4879619">
        <ele>2518.0</ele>
      </trkpt>
      <trkpt lat="42.4577805" lon="82.4879312">
        <ele>2518.0</ele>
      </trkpt>
      <trkpt lat="42.4576801" lon="82.487892">
        <ele>2516.0</ele>
      </trkpt>
      <trkpt lat="42.4575797" lon="82.4878543">
        <ele>2519.0</ele>
      </trkpt>
      <trkpt lat="42.4574893" lon="82.4878134">
        <ele>2519.0</ele>
      </trkpt>
      <trkpt lat="42.4574003" lon="82.4877734">
        <ele>2519.0</ele>
      </trkpt>
      <trkpt lat="42.4573239" lon="82.4876905">
        <ele>2524.0</ele>
      </trkpt>
      <trkpt lat="42.4572615" lon="82.4875873">
        <ele>2524.0</ele>
      </trkpt>
      <trkpt lat="42.4571906" lon="82.4875037">
        <ele>2524.0</ele>
      </trkpt>
      <trkpt lat="42.4571366" lon="82.487426">
        <ele>2524.0</ele>
      </trkpt>
      <trkpt lat="42.457051" lon="82.4873508">
        <ele>2518.0</ele>
      </trkpt>
      <trkpt lat="42.4569742" lon="82.4872661">
        <ele>2518.0</ele>
      </trkpt>
      <trkpt lat="42.4569343" lon="82.4872507">
        <ele>2518.0</ele>
      </trkpt>
      <trkpt lat="42.4568789" lon="82.4871676">
        <ele>2518.0</ele>
      </trkpt>
      <trkpt lat="42.4568218" lon="82.4870515">
        <ele>2516.0</ele>
      </trkpt>
      <trkpt lat="42.4567612" lon="82.4869221">
        <ele>2520.0</ele>
      </trkpt>
      <trkpt lat="42.4567213" lon="82.4867954">
        <ele>2516.0</ele>
      </trkpt>
      <trkpt lat="42.4566791" lon="82.4866671">
        <ele>2516.0</ele>
      </trkpt>
      <trkpt lat="42.4566334" lon="82.4865381">
        <ele>2516.0</ele>
      </trkpt>
      <trkpt lat="42.4565778" lon="82.4864142">
        <ele>2517.0</ele>
      </trkpt>
      <trkpt lat="42.4565203" lon="82.4862917">
        <ele>2527.0</ele>
      </trkpt>
      <trkpt lat="42.4564934" lon="82.4861577">
        <ele>2522.0</ele>
      </trkpt>
      <trkpt lat="42.4565044" lon="82.4860171">
        <ele>2522.0</ele>
      </trkpt>
      <trkpt lat="42.4565181" lon="82.4859582">
        <ele>2514.0</ele>
      </trkpt>
      <trkpt lat="42.456545" lon="82.4858414">
        <ele>2508.0</ele>
      </trkpt>
      <trkpt lat="42.4565724" lon="82.4857097">
        <ele>2508.0</ele>
      </trkpt>
      <trkpt lat="42.4565791" lon="82.4855698">
        <ele>2505.0</ele>
      </trkpt>
      <trkpt lat="42.4565613" lon="82.4854304">
        <ele>2505.0</ele>
      </trkpt>
      <trkpt lat="42.4565244" lon="82.4852901">
        <ele>2501.0</ele>
      </trkpt>
      <trkpt lat="42.4564811" lon="82.4851491">
        <ele>2501.0</ele>
      </trkpt>
      <trkpt lat="42.4564364" lon="82.4850101">
        <ele>2500.0</ele>
      </trkpt>
      <trkpt lat="42.4564288" lon="82.4848684">
        <ele>2500.0</ele>
      </trkpt>
      <trkpt lat="42.4564666" lon="82.484726">
        <ele>2500.0</ele>
      </trkpt>
      <trkpt lat="42.456502" lon="82.4846019">
        <ele>2500.0</ele>
      </trkpt>
      <trkpt lat="42.456518" lon="82.4844662">
        <ele>2503.0</ele>
      </trkpt>
      <trkpt lat="42.4564664" lon="82.4843662">
        <ele>2503.0</ele>
      </trkpt>
      <trkpt lat="42.4564375" lon="82.4843383">
        <ele>2503.0</ele>
      </trkpt>
      <trkpt lat="42.4564012" lon="82.4842463">
        <ele>2503.0</ele>
      </trkpt>
      <trkpt lat="42.4563319" lon="82.4841508">
        <ele>2503.0</ele>
      </trkpt>
      <trkpt lat="42.4562546" lon="82.4840436">
        <ele>2503.0</ele>
      </trkpt>
      <trkpt lat="42.4561494" lon="82.4840138">
        <ele>2514.0</ele>
      </trkpt>
      <trkpt lat="42.4560367" lon="82.4839774">
        <ele>2514.0</ele>
      </trkpt>
      <trkpt lat="42.4559232" lon="82.483951">
        <ele>2508.0</ele>
      </trkpt>
      <trkpt lat="42.4558118" lon="82.4839207">
        <ele>2508.0</ele>
      </trkpt>
      <trkpt lat="42.4557652" lon="82.4838597">
        <ele>2508.0</ele>
      </trkpt>
      <trkpt lat="42.455688" lon="82.4838352">
        <ele>2491.0</ele>
      </trkpt>
      <trkpt lat="42.4555821" lon="82.4838464">
        <ele>2491.0</ele>
      </trkpt>
      <trkpt lat="42.4554716" lon="82.483882">
        <ele>2491.0</ele>
      </trkpt>
      <trkpt lat="42.4553752" lon="82.4839592">
        <ele>2485.0</ele>
      </trkpt>
      <trkpt lat="42.4552867" lon="82.4840616">
        <ele>2488.0</ele>
      </trkpt>
      <trkpt lat="42.4551974" lon="82.4841671">
        <ele>2488.0</ele>
      </trkpt>
      <trkpt lat="42.4551005" lon="82.4842582">
        <ele>2480.0</ele>
      </trkpt>
      <trkpt lat="42.4550016" lon="82.4843357">
        <ele>2484.0</ele>
      </trkpt>
      <trkpt lat="42.4549011" lon="82.4843909">
        <ele>2484.0</ele>
      </trkpt>
      <trkpt lat="42.4547958" lon="82.4844202">
        <ele>2479.0</ele>
      </trkpt>
      <trkpt lat="42.4546876" lon="82.4844245">
        <ele>2479.0</ele>
      </trkpt>
      <trkpt lat="42.4545887" lon="82.48438">
        <ele>2479.0</ele>
      </trkpt>
      <trkpt lat="42.4544948" lon="82.4843398">
        <ele>2479.0</ele>
      </trkpt>
      <trkpt lat="42.454401" lon="82.4843107">
        <ele>2479.0</ele>
      </trkpt>
      <trkpt lat="42.4543058" lon="82.484307">
        <ele>2479.0</ele>
      </trkpt>
      <trkpt lat="42.4542326" lon="82.4843047">
        <ele>2476.0</ele>
      </trkpt>
      <trkpt lat="42.454144" lon="82.4842932">
        <ele>2476.0</ele>
      </trkpt>
      <trkpt lat="42.4540462" lon="82.4843125">
        <ele>2480.0</ele>
      </trkpt>
      <trkpt lat="42.4539498" lon="82.484341">
        <ele>2493.0</ele>
      </trkpt>
      <trkpt lat="42.4538539" lon="82.4843676">
        <ele>2493.0</ele>
      </trkpt>
      <trkpt lat="42.4537632" lon="82.4843443">
        <ele>2493.0</ele>
      </trkpt>
      <trkpt lat="42.4537382" lon="82.4843219">
        <ele>2493.0</ele>
      </trkpt>
      <trkpt lat="42.4536829" lon="82.4842487">
        <ele>2489.0</ele>
      </trkpt>
      <trkpt lat="42.4536178" lon="82.4841591">
        <ele>2489.0</ele>
      </trkpt>
      <trkpt lat="42.4535448" lon="82.4840502">
        <ele>2489.0</ele>
      </trkpt>
      <trkpt lat="42.4534762" lon="82.4839456">
        <ele>2491.0</ele>
      </trkpt>
      <trkpt lat="42.4534037" lon="82.4838472">
        <ele>2497.0</ele>
      </trkpt>
      <trkpt lat="42.4533306" lon="82.483763">
        <ele>2497.0</ele>
      </trkpt>
      <trkpt lat="42.4532599" lon="82.4836778">
        <ele>2498.0</ele>
      </trkpt>
      <trkpt lat="42.4531852" lon="82.4835993">
        <ele>2504.0</ele>
      </trkpt>
      <trkpt lat="42.4531111" lon="82.4835198">
        <ele>2504.0</ele>
      </trkpt>
      <trkpt lat="42.4530343" lon="82.4834209">
        <ele>2498.0</ele>
      </trkpt>
      <trkpt lat="42.4529373" lon="82.4833426">
        <ele>2498.0</ele>
      </trkpt>
      <trkpt lat="42.4528541" lon="82.4832653">
        <ele>2496.0</ele>
      </trkpt>
      <trkpt lat="42.4527716" lon="82.4831971">
        <ele>2496.0</ele>
      </trkpt>
      <trkpt lat="42.4526842" lon="82.4831329">
        <ele>2495.0</ele>
      </trkpt>
      <trkpt lat="42.4525965" lon="82.4830727">
        <ele>2495.0</ele>
      </trkpt>
      <trkpt lat="42.4525111" lon="82.4830185">
        <ele>2495.0</ele>
      </trkpt>
      <trkpt lat="42.4524269" lon="82.4829521">
        <ele>2495.0</ele>
      </trkpt>
      <trkpt lat="42.4523506" lon="82.4828692">
        <ele>2493.0</ele>
      </trkpt>
      <trkpt lat="42.4522796" lon="82.4827752">
        <ele>2493.0</ele>
      </trkpt>
      <trkpt lat="42.4522174" lon="82.4826759">
        <ele>2493.0</ele>
      </trkpt>
      <trkpt lat="42.4521575" lon="82.4825768">
        <ele>2496.0</ele>
      </trkpt>
      <trkpt lat="42.4520978" lon="82.4824685">
        <ele>2496.0</ele>
      </trkpt>
      <trkpt lat="42.4520393" lon="82.4823682">
        <ele>2489.0</ele>
      </trkpt>
      <trkpt lat="42.4519667" lon="82.4822691">
        <ele>2491.0</ele>
      </trkpt>
      <trkpt lat="42.4519064" lon="82.4821683">
        <ele>2491.0</ele>
      </trkpt>
      <trkpt lat="42.4518444" lon="82.4820652">
        <ele>2501.0</ele>
      </trkpt>
      <trkpt lat="42.4517669" lon="82.4819851">
        <ele>2495.0</ele>
      </trkpt>
      <trkpt lat="42.451683" lon="82.4819231">
        <ele>2495.0</ele>
      </trkpt>
      <trkpt lat="42.4515973" lon="82.4818609">
        <ele>2495.0</ele>
      </trkpt>
      <trkpt lat="42.4515065" lon="82.4818029">
        <ele>2498.0</ele>
      </trkpt>
      <trkpt lat="42.4514128" lon="82.4817528">
        <ele>2498.0</ele>
      </trkpt>
      <trkpt lat="42.4513227" lon="82.4817176">
        <ele>2498.0</ele>
      </trkpt>
      <trkpt lat="42.4512353" lon="82.4816845">
        <ele>2485.0</ele>
      </trkpt>
      <trkpt lat="42.45115" lon="82.481644">
        <ele>2485.0</ele>
      </trkpt>
      <trkpt lat="42.4510618" lon="82.4816021">
        <ele>2485.0</ele>
      </trkpt>
      <trkpt lat="42.4509718" lon="82.4815562">
        <ele>2482.0</ele>
      </trkpt>
      <trkpt lat="42.4508746" lon="82.4815027">
        <ele>2497.0</ele>
      </trkpt>
      <trkpt lat="42.4507845" lon="82.4814522">
        <ele>2497.0</ele>
      </trkpt>
      <trkpt lat="42.450698" lon="82.4813987">
        <ele>2497.0</ele>
      </trkpt>
      <trkpt lat="42.4506065" lon="82.4813645">
        <ele>2487.0</ele>
      </trkpt>
      <trkpt lat="42.4505118" lon="82.4813374">
        <ele>2487.0</ele>
      </trkpt>
      <trkpt lat="42.4504098" lon="82.4813075">
        <ele>2482.0</ele>
      </trkpt>
      <trkpt lat="42.4503189" lon="82.4812633">
        <ele>2482.0</ele>
      </trkpt>
      <trkpt lat="42.4502283" lon="82.4811875">
        <ele>2488.0</ele>
      </trkpt>
      <trkpt lat="42.4501457" lon="82.481115">
        <ele>2488.0</ele>
      </trkpt>
      <trkpt lat="42.4500675" lon="82.4810492">
        <ele>2480.0</ele>
      </trkpt>
      <trkpt lat="42.4499858" lon="82.4809797">
        <ele>2480.0</ele>
      </trkpt>
      <trkpt lat="42.4498997" lon="82.480919">
        <ele>2495.0</ele>
      </trkpt>
      <trkpt lat="42.4498108" lon="82.480867">
        <ele>2475.0</ele>
      </trkpt>
      <trkpt lat="42.4497195" lon="82.4808197">
        <ele>2475.0</ele>
      </trkpt>
      <trkpt lat="42.4496283" lon="82.4807709">
        <ele>2475.0</ele>
      </trkpt>
      <trkpt lat="42.4495358" lon="82.4807214">
        <ele>2481.0</ele>
      </trkpt>
      <trkpt lat="42.449441" lon="82.4806772">
        <ele>2484.0</ele>
      </trkpt>
      <trkpt lat="42.449341" lon="82.480635">
        <ele>2484.0</ele>
      </trkpt>
      <trkpt lat="42.4492391" lon="82.4805914">
        <ele>2475.0</ele>
      </trkpt>
      <trkpt lat="42.4491326" lon="82.4805926">
        <ele>2475.0</ele>
      </trkpt>
      <trkpt lat="42.4490398" lon="82.4806244">
        <ele>2475.0</ele>
      </trkpt>
      <trkpt lat="42.4489957" lon="82.4806009">
        <ele>2478.0</ele>
      </trkpt>
      <trkpt lat="42.4489345" lon="82.4806474">
        <ele>2478.0</ele>
      </trkpt>
      <trkpt lat="42.4489477" lon="82.4805768">
        <ele>2478.0</ele>
      </trkpt>
      <trkpt lat="42.4489325" lon="82.4804439">
        <ele>2478.0</ele>
      </trkpt>
      <trkpt lat="42.448924" lon="82.4803784">
        <ele>2487.0</ele>
      </trkpt>
      <trkpt lat="42.4488735" lon="82.480287">
        <ele>2487.0</ele>
      </trkpt>
      <trkpt lat="42.4487891" lon="82.4802228">
        <ele>2487.0</ele>
      </trkpt>
      <trkpt lat="42.448698" lon="82.4801779">
        <ele>2479.0</ele>
      </trkpt>
      <trkpt lat="42.4486036" lon="82.4801379">
        <ele>2483.0</ele>
      </trkpt>
      <trkpt lat="42.4485024" lon="82.4801026">
        <ele>2483.0</ele>
      </trkpt>
      <trkpt lat="42.4484045" lon="82.4801411">
        <ele>2474.0</ele>
      </trkpt>
      <trkpt lat="42.4483567" lon="82.4802466">
        <ele>2474.0</ele>
      </trkpt>
      <trkpt lat="42.4483515" lon="82.4803836">
        <ele>2474.0</ele>
      </trkpt>
      <trkpt lat="42.4483323" lon="82.4803244">
        <ele>2474.0</ele>
      </trkpt>
      <trkpt lat="42.4483143" lon="82.4802031">
        <ele>2474.0</ele>
      </trkpt>
      <trkpt lat="42.4482576" lon="82.4800887">
        <ele>2477.0</ele>
      </trkpt>
      <trkpt lat="42.4482031" lon="82.4799538">
        <ele>2477.0</ele>
      </trkpt>
      <trkpt lat="42.4481302" lon="82.4798628">
        <ele>2467.0</ele>
      </trkpt>
      <trkpt lat="42.4480439" lon="82.4798064">
        <ele>2470.0</ele>
      </trkpt>
      <trkpt lat="42.4479471" lon="82.4797694">
        <ele>2470.0</ele>
      </trkpt>
      <trkpt lat="42.4478563" lon="82.4797008">
        <ele>2467.0</ele>
      </trkpt>
      <trkpt lat="42.4477811" lon="82.4795976">
        <ele>2467.0</ele>
      </trkpt>
      <trkpt lat="42.4477232" lon="82.4794747">
        <ele>2465.0</ele>
      </trkpt>
      <trkpt lat="42.4476693" lon="82.4793508">
        <ele>2465.0</ele>
      </trkpt>
      <trkpt lat="42.4476111" lon="82.4792353">
        <ele>2466.0</ele>
      </trkpt>
      <trkpt lat="42.4475362" lon="82.4791356">
        <ele>2466.0</ele>
      </trkpt>
      <trkpt lat="42.4474519" lon="82.479064">
        <ele>2466.0</ele>
      </trkpt>
      <trkpt lat="42.4473666" lon="82.4789702">
        <ele>2467.0</ele>
      </trkpt>
      <trkpt lat="42.4472879" lon="82.4788671">
        <ele>2462.0</ele>
      </trkpt>
      <trkpt lat="42.447204" lon="82.4787761">
        <ele>2462.0</ele>
      </trkpt>
      <trkpt lat="42.4471019" lon="82.4787345">
        <ele>2460.0</ele>
      </trkpt>
      <trkpt lat="42.4469934" lon="82.4787085">
        <ele>2460.0</ele>
      </trkpt>
      <trkpt lat="42.446887" lon="82.4786789">
        <ele>2460.0</ele>
      </trkpt>
      <trkpt lat="42.4467871" lon="82.4786349">
        <ele>2460.0</ele>
      </trkpt>
      <trkpt lat="42.4466923" lon="82.4785796">
        <ele>2460.0</ele>
      </trkpt>
      <trkpt lat="42.4465953" lon="82.4785306">
        <ele>2460.0</ele>
      </trkpt>
      <trkpt lat="42.446494" lon="82.4784931">
        <ele>2469.0</ele>
      </trkpt>
      <trkpt lat="42.446397" lon="82.4784264">
        <ele>2467.0</ele>
      </trkpt>
      <trkpt lat="42.4463123" lon="82.4783332">
        <ele>2467.0</ele>
      </trkpt>
      <trkpt lat="42.4462272" lon="82.4782359">
        <ele>2467.0</ele>
      </trkpt>
      <trkpt lat="42.4461397" lon="82.478144">
        <ele>2468.0</ele>
      </trkpt>
      <trkpt lat="42.4460489" lon="82.4780651">
        <ele>2468.0</ele>
      </trkpt>
      <trkpt lat="42.4459502" lon="82.4780076">
        <ele>2472.0</ele>
      </trkpt>
      <trkpt lat="42.4458436" lon="82.4779641">
        <ele>2472.0</ele>
      </trkpt>
      <trkpt lat="42.4457328" lon="82.4779347">
        <ele>2472.0</ele>
      </trkpt>
      <trkpt lat="42.4456203" lon="82.4779153">
        <ele>2479.0</ele>
      </trkpt>
      <trkpt lat="42.4455102" lon="82.4778804">
        <ele>2479.0</ele>
      </trkpt>
      <trkpt lat="42.4454064" lon="82.4778274">
        <ele>2469.0</ele>
      </trkpt>
      <trkpt lat="42.4453086" lon="82.4777746">
        <ele>2469.0</ele>
      </trkpt>
      <trkpt lat="42.4452099" lon="82.4777647">
        <ele>2469.0</ele>
      </trkpt>
      <trkpt lat="42.4451091" lon="82.4777931">
        <ele>2468.0</ele>
      </trkpt>
      <trkpt lat="42.4450055" lon="82.4778352">
        <ele>2468.0</ele>
      </trkpt>
      <trkpt lat="42.4448994" lon="82.4778641">
        <ele>2468.0</ele>
      </trkpt>
      <trkpt lat="42.444799" lon="82.4778929">
        <ele>2460.0</ele>
      </trkpt>
      <trkpt lat="42.4447007" lon="82.4779119">
        <ele>2460.0</ele>
      </trkpt>
      <trkpt lat="42.4446031" lon="82.477925">
        <ele>2458.0</ele>
      </trkpt>
      <trkpt lat="42.4445077" lon="82.4779285">
        <ele>2454.0</ele>
      </trkpt>
      <trkpt lat="42.4444028" lon="82.47791">
        <ele>2459.0</ele>
      </trkpt>
      <trkpt lat="42.4443" lon="82.4778638">
        <ele>2458.0</ele>
      </trkpt>
      <trkpt lat="42.4442063" lon="82.4778238">
        <ele>2458.0</ele>
      </trkpt>
      <trkpt lat="42.444119" lon="82.4777681">
        <ele>2458.0</ele>
      </trkpt>
      <trkpt lat="42.4440272" lon="82.4777239">
        <ele>2451.0</ele>
      </trkpt>
      <trkpt lat="42.4439355" lon="82.4776749">
        <ele>2451.0</ele>
      </trkpt>
      <trkpt lat="42.4438404" lon="82.4776259">
        <ele>2459.0</ele>
      </trkpt>
      <trkpt lat="42.4437457" lon="82.4775934">
        <ele>2445.0</ele>
      </trkpt>
      <trkpt lat="42.4436455" lon="82.4775496">
        <ele>2445.0</ele>
      </trkpt>
      <trkpt lat="42.4436327" lon="82.4774944">
        <ele>2445.0</ele>
      </trkpt>
      <trkpt lat="42.4437415" lon="82.4774218">
        <ele>2445.0</ele>
      </trkpt>
      <trkpt lat="42.4436959" lon="82.4776124">
        <ele>2445.0</ele>
      </trkpt>
      <trkpt lat="42.4436845" lon="82.4774896">
        <ele>2445.0</ele>
      </trkpt>
      <trkpt lat="42.4436266" lon="82.4775932">
        <ele>2445.0</ele>
      </trkpt>
      <trkpt lat="42.4435913" lon="82.4776272">
        <ele>2445.0</ele>
      </trkpt>
      <trkpt lat="42.4436457" lon="82.4775286">
        <ele>2445.0</ele>
      </trkpt>
      <trkpt lat="42.4437093" lon="82.4774405">
        <ele>2445.0</ele>
      </trkpt>
      <trkpt lat="42.443711" lon="82.4774004">
        <ele>2445.0</ele>
      </trkpt>
      <trkpt lat="42.4435944" lon="82.4774092">
        <ele>2445.0</ele>
      </trkpt>
      <trkpt lat="42.4434927" lon="82.4773781">
        <ele>2445.0</ele>
      </trkpt>
      <trkpt lat="42.4433869" lon="82.4773577">
        <ele>2449.0</ele>
      </trkpt>
      <trkpt lat="42.4432758" lon="82.4773513">
        <ele>2449.0</ele>
      </trkpt>
      <trkpt lat="42.4431664" lon="82.4773588">
        <ele>2450.0</ele>
      </trkpt>
      <trkpt lat="42.4430566" lon="82.4773746">
        <ele>2442.0</ele>
      </trkpt>
      <trkpt lat="42.4429444" lon="82.4773795">
        <ele>2442.0</ele>
      </trkpt>
      <trkpt lat="42.4428334" lon="82.4773787">
        <ele>2445.0</ele>
      </trkpt>
      <trkpt lat="42.4427184" lon="82.4773799">
        <ele>2445.0</ele>
      </trkpt>
      <trkpt lat="42.4426072" lon="82.477404">
        <ele>2450.0</ele>
      </trkpt>
      <trkpt lat="42.442518" lon="82.4774872">
        <ele>2450.0</ele>
      </trkpt>
      <trkpt lat="42.4424286" lon="82.4775891">
        <ele>2450.0</ele>
      </trkpt>
      <trkpt lat="42.4423431" lon="82.4777015">
        <ele>2447.0</ele>
      </trkpt>
      <trkpt lat="42.4422701" lon="82.4777909">
        <ele>2447.0</ele>
      </trkpt>
      <trkpt lat="42.4421957" lon="82.4778644">
        <ele>2447.0</ele>
      </trkpt>
      <trkpt lat="42.4421151" lon="82.4779538">
        <ele>2446.0</ele>
      </trkpt>
      <trkpt lat="42.4420327" lon="82.4780486">
        <ele>2447.0</ele>
      </trkpt>
      <trkpt lat="42.4419777" lon="82.4781614">
        <ele>2447.0</ele>
      </trkpt>
      <trkpt lat="42.4419056" lon="82.478257">
        <ele>2447.0</ele>
      </trkpt>
      <trkpt lat="42.4418229" lon="82.4783495">
        <ele>2447.0</ele>
      </trkpt>
      <trkpt lat="42.4417288" lon="82.4784221">
        <ele>2447.0</ele>
      </trkpt>
      <trkpt lat="42.4416222" lon="82.4784499">
        <ele>2447.0</ele>
      </trkpt>
      <trkpt lat="42.441508" lon="82.4784334">
        <ele>2448.0</ele>
      </trkpt>
      <trkpt lat="42.4414061" lon="82.4783747">
        <ele>2448.0</ele>
      </trkpt>
      <trkpt lat="42.4413748" lon="82.4783472">
        <ele>2448.0</ele>
      </trkpt>
      <trkpt lat="42.4413184" lon="82.4782673">
        <ele>2448.0</ele>
      </trkpt>
      <trkpt lat="42.4412351" lon="82.4782472">
        <ele>2465.0</ele>
      </trkpt>
      <trkpt lat="42.4411367" lon="82.4782594">
        <ele>2465.0</ele>
      </trkpt>
      <trkpt lat="42.4410217" lon="82.4782572">
        <ele>2465.0</ele>
      </trkpt>
      <trkpt lat="42.4409034" lon="82.4782539">
        <ele>2468.0</ele>
      </trkpt>
      <trkpt lat="42.4407837" lon="82.4782444">
        <ele>2468.0</ele>
      </trkpt>
      <trkpt lat="42.4406743" lon="82.47827">
        <ele>2479.0</ele>
      </trkpt>
      <trkpt lat="42.4405707" lon="82.4782916">
        <ele>2479.0</ele>
      </trkpt>
      <trkpt lat="42.4404757" lon="82.4782493">
        <ele>2479.0</ele>
      </trkpt>
      <trkpt lat="42.4404013" lon="82.4781663">
        <ele>2468.0</ele>
      </trkpt>
      <trkpt lat="42.4403334" lon="82.4780787">
        <ele>2468.0</ele>
      </trkpt>
      <trkpt lat="42.4402523" lon="82.4779901">
        <ele>2468.0</ele>
      </trkpt>
      <trkpt lat="42.4402099" lon="82.4779965">
        <ele>2468.0</ele>
      </trkpt>
      <trkpt lat="42.4401868" lon="82.4779025">
        <ele>2458.0</ele>
      </trkpt>
      <trkpt lat="42.4401399" lon="82.4777754">
        <ele>2458.0</ele>
      </trkpt>
      <trkpt lat="42.4400874" lon="82.4776311">
        <ele>2458.0</ele>
      </trkpt>
      <trkpt lat="42.4400386" lon="82.4774832">
        <ele>2458.0</ele>
      </trkpt>
      <trkpt lat="42.4399943" lon="82.4773459">
        <ele>2454.0</ele>
      </trkpt>
      <trkpt lat="42.4399642" lon="82.4772093">
        <ele>2454.0</ele>
      </trkpt>
      <trkpt lat="42.4399649" lon="82.4770594">
        <ele>2453.0</ele>
      </trkpt>
      <trkpt lat="42.4399815" lon="82.4769085">
        <ele>2453.0</ele>
      </trkpt>
      <trkpt lat="42.4399641" lon="82.4767733">
        <ele>2448.0</ele>
      </trkpt>
      <trkpt lat="42.4399573" lon="82.4766444">
        <ele>2448.0</ele>
      </trkpt>
      <trkpt lat="42.4399918" lon="82.4765304">
        <ele>2448.0</ele>
      </trkpt>
      <trkpt lat="42.4400511" lon="82.4764202">
        <ele>2441.0</ele>
      </trkpt>
      <trkpt lat="42.4401264" lon="82.4762975">
        <ele>2441.0</ele>
      </trkpt>
      <trkpt lat="42.4401938" lon="82.476166">
        <ele>2427.0</ele>
      </trkpt>
      <trkpt lat="42.4402528" lon="82.4760303">
        <ele>2427.0</ele>
      </trkpt>
      <trkpt lat="42.4402603" lon="82.4758909">
        <ele>2422.0</ele>
      </trkpt>
      <trkpt lat="42.440263" lon="82.4758118">
        <ele>2422.0</ele>
      </trkpt>
      <trkpt lat="42.4402184" lon="82.4757194">
        <ele>2422.0</ele>
      </trkpt>
      <trkpt lat="42.4401864" lon="82.4756656">
        <ele>2419.0</ele>
      </trkpt>
      <trkpt lat="42.440167" lon="82.4755566">
        <ele>2419.0</ele>
      </trkpt>
      <trkpt lat="42.4401731" lon="82.4754334">
        <ele>2419.0</ele>
      </trkpt>
      <trkpt lat="42.4402021" lon="82.4752973">
        <ele>2416.0</ele>
      </trkpt>
      <trkpt lat="42.4402335" lon="82.4751535">
        <ele>2416.0</ele>
      </trkpt>
      <trkpt lat="42.4403135" lon="82.4750633">
        <ele>2413.0</ele>
      </trkpt>
      <trkpt lat="42.4404181" lon="82.4750278">
        <ele>2412.0</ele>
      </trkpt>
      <trkpt lat="42.4405141" lon="82.4749753">
        <ele>2412.0</ele>
      </trkpt>
      <trkpt lat="42.4405721" lon="82.4748779">
        <ele>2412.0</ele>
      </trkpt>
      <trkpt lat="42.440589" lon="82.4747495">
        <ele>2412.0</ele>
      </trkpt>
      <trkpt lat="42.4405779" lon="82.4746016">
        <ele>2412.0</ele>
      </trkpt>
      <trkpt lat="42.4405292" lon="82.474483">
        <ele>2410.0</ele>
      </trkpt>
      <trkpt lat="42.440472" lon="82.4743709">
        <ele>2410.0</ele>
      </trkpt>
      <trkpt lat="42.4404133" lon="82.4742498">
        <ele>2405.0</ele>
      </trkpt>
      <trkpt lat="42.440386" lon="82.4741092">
        <ele>2405.0</ele>
      </trkpt>
      <trkpt lat="42.4403873" lon="82.4739741">
        <ele>2411.0</ele>
      </trkpt>
      <trkpt lat="42.4403688" lon="82.4738409">
        <ele>2411.0</ele>
      </trkpt>
      <trkpt lat="42.4403201" lon="82.4737373">
        <ele>2433.0</ele>
      </trkpt>
      <trkpt lat="42.4402254" lon="82.4737019">
        <ele>2433.0</ele>
      </trkpt>
      <trkpt lat="42.4401181" lon="82.4736903">
        <ele>2417.0</ele>
      </trkpt>
      <trkpt lat="42.4400177" lon="82.4737095">
        <ele>2417.0</ele>
      </trkpt>
      <trkpt lat="42.43996" lon="82.4736285">
        <ele>2417.0</ele>
      </trkpt>
      <trkpt lat="42.4398776" lon="82.4735766">
        <ele>2417.0</ele>
      </trkpt>
      <trkpt lat="42.4397765" lon="82.4735618">
        <ele>2410.0</ele>
      </trkpt>
      <trkpt lat="42.439683" lon="82.4735146">
        <ele>2410.0</ele>
      </trkpt>
      <trkpt lat="42.4395844" lon="82.4734969">
        <ele>2410.0</ele>
      </trkpt>
      <trkpt lat="42.4394777" lon="82.4735191">
        <ele>2408.0</ele>
      </trkpt>
      <trkpt lat="42.4393772" lon="82.4735447">
        <ele>2408.0</ele>
      </trkpt>
      <trkpt lat="42.4392794" lon="82.4735828">
        <ele>2406.0</ele>
      </trkpt>
      <trkpt lat="42.4391878" lon="82.4736093">
        <ele>2406.0</ele>
      </trkpt>
      <trkpt lat="42.4390946" lon="82.4736151">
        <ele>2406.0</ele>
      </trkpt>
      <trkpt lat="42.4389978" lon="82.473617">
        <ele>2410.0</ele>
      </trkpt>
      <trkpt lat="42.4389039" lon="82.4736003">
        <ele>2410.0</ele>
      </trkpt>
      <trkpt lat="42.4387937" lon="82.4735816">
        <ele>2410.0</ele>
      </trkpt>
      <trkpt lat="42.4386825" lon="82.4735829">
        <ele>2414.0</ele>
      </trkpt>
      <trkpt lat="42.43857" lon="82.473596">
        <ele>2414.0</ele>
      </trkpt>
      <trkpt lat="42.4384614" lon="82.4736104">
        <ele>2416.0</ele>
      </trkpt>
      <trkpt lat="42.4383506" lon="82.4736202">
        <ele>2416.0</ele>
      </trkpt>
      <trkpt lat="42.4382542" lon="82.4736207">
        <ele>2416.0</ele>
      </trkpt>
      <trkpt lat="42.4381454" lon="82.4736208">
        <ele>2422.0</ele>
      </trkpt>
      <trkpt lat="42.4380323" lon="82.4736325">
        <ele>2422.0</ele>
      </trkpt>
      <trkpt lat="42.4379252" lon="82.4736593">
        <ele>2422.0</ele>
      </trkpt>
      <trkpt lat="42.437821" lon="82.4737191">
        <ele>2430.0</ele>
      </trkpt>
      <trkpt lat="42.4377214" lon="82.4737866">
        <ele>2410.0</ele>
      </trkpt>
      <trkpt lat="42.4376254" lon="82.4738461">
        <ele>2413.0</ele>
      </trkpt>
      <trkpt lat="42.4375356" lon="82.4739227">
        <ele>2413.0</ele>
      </trkpt>
      <trkpt lat="42.437446" lon="82.4739956">
        <ele>2413.0</ele>
      </trkpt>
      <trkpt lat="42.4373483" lon="82.4740627">
        <ele>2401.0</ele>
      </trkpt>
      <trkpt lat="42.4372487" lon="82.474118">
        <ele>2401.0</ele>
      </trkpt>
      <trkpt lat="42.4371468" lon="82.4741536">
        <ele>2401.0</ele>
      </trkpt>
      <trkpt lat="42.4370481" lon="82.4741936">
        <ele>2396.0</ele>
      </trkpt>
      <trkpt lat="42.4369446" lon="82.4742337">
        <ele>2396.0</ele>
      </trkpt>
      <trkpt lat="42.4368547" lon="82.4742754">
        <ele>2396.0</ele>
      </trkpt>
      <trkpt lat="42.436752" lon="82.4743072">
        <ele>2390.0</ele>
      </trkpt>
      <trkpt lat="42.436645" lon="82.4743273">
        <ele>2390.0</ele>
      </trkpt>
      <trkpt lat="42.4365477" lon="82.4743364">
        <ele>2390.0</ele>
      </trkpt>
      <trkpt lat="42.4364444" lon="82.4743336">
        <ele>2385.0</ele>
      </trkpt>
      <trkpt lat="42.4363345" lon="82.4743411">
        <ele>2385.0</ele>
      </trkpt>
      <trkpt lat="42.436223" lon="82.4743781">
        <ele>2384.0</ele>
      </trkpt>
      <trkpt lat="42.4361118" lon="82.4744086">
        <ele>2384.0</ele>
      </trkpt>
      <trkpt lat="42.435995" lon="82.4744203">
        <ele>2384.0</ele>
      </trkpt>
      <trkpt lat="42.4358806" lon="82.4744208">
        <ele>2388.0</ele>
      </trkpt>
      <trkpt lat="42.4357678" lon="82.4744229">
        <ele>2388.0</ele>
      </trkpt>
      <trkpt lat="42.4356691" lon="82.4744262">
        <ele>2388.0</ele>
      </trkpt>
      <trkpt lat="42.4355614" lon="82.4744256">
        <ele>2388.0</ele>
      </trkpt>
      <trkpt lat="42.4354571" lon="82.4744205">
        <ele>2388.0</ele>
      </trkpt>
      <trkpt lat="42.4353541" lon="82.4744073">
        <ele>2390.0</ele>
      </trkpt>
      <trkpt lat="42.4352437" lon="82.47441">
        <ele>2390.0</ele>
      </trkpt>
      <trkpt lat="42.4351417" lon="82.4744278">
        <ele>2390.0</ele>
      </trkpt>
      <trkpt lat="42.4351167" lon="82.4744351">
        <ele>2390.0</ele>
      </trkpt>
      <trkpt lat="42.4350359" lon="82.4744173">
        <ele>2390.0</ele>
      </trkpt>
      <trkpt lat="42.4349397" lon="82.4744158">
        <ele>2390.0</ele>
      </trkpt>
      <trkpt lat="42.434833" lon="82.4744089">
        <ele>2392.0</ele>
      </trkpt>
      <trkpt lat="42.4347252" lon="82.4744044">
        <ele>2392.0</ele>
      </trkpt>
      <trkpt lat="42.4346206" lon="82.4744152">
        <ele>2392.0</ele>
      </trkpt>
      <trkpt lat="42.4345144" lon="82.4744292">
        <ele>2395.0</ele>
      </trkpt>
      <trkpt lat="42.4344038" lon="82.4744211">
        <ele>2395.0</ele>
      </trkpt>
      <trkpt lat="42.434296" lon="82.474402">
        <ele>2392.0</ele>
      </trkpt>
      <trkpt lat="42.4342033" lon="82.4743745">
        <ele>2392.0</ele>
      </trkpt>
      <trkpt lat="42.434111" lon="82.4743438">
        <ele>2392.0</ele>
      </trkpt>
      <trkpt lat="42.4340207" lon="82.4742778">
        <ele>2389.0</ele>
      </trkpt>
      <trkpt lat="42.4339264" lon="82.4741963">
        <ele>2389.0</ele>
      </trkpt>
      <trkpt lat="42.4338292" lon="82.4741302">
        <ele>2389.0</ele>
      </trkpt>
      <trkpt lat="42.4337247" lon="82.4741053">
        <ele>2379.0</ele>
      </trkpt>
      <trkpt lat="42.43363" lon="82.474164">
        <ele>2379.0</ele>
      </trkpt>
      <trkpt lat="42.4335312" lon="82.474197">
        <ele>2379.0</ele>
      </trkpt>
      <trkpt lat="42.433431" lon="82.4741817">
        <ele>2382.0</ele>
      </trkpt>
      <trkpt lat="42.4333354" lon="82.4741629">
        <ele>2382.0</ele>
      </trkpt>
      <trkpt lat="42.4332421" lon="82.4741771">
        <ele>2382.0</ele>
      </trkpt>
      <trkpt lat="42.433163" lon="82.4742345">
        <ele>2385.0</ele>
      </trkpt>
      <trkpt lat="42.4330804" lon="82.4743108">
        <ele>2390.0</ele>
      </trkpt>
      <trkpt lat="42.4329857" lon="82.4743602">
        <ele>2390.0</ele>
      </trkpt>
      <trkpt lat="42.4328818" lon="82.4743663">
        <ele>2389.0</ele>
      </trkpt>
      <trkpt lat="42.4327751" lon="82.4743624">
        <ele>2389.0</ele>
      </trkpt>
      <trkpt lat="42.432665" lon="82.4743717">
        <ele>2389.0</ele>
      </trkpt>
      <trkpt lat="42.4325536" lon="82.4743735">
        <ele>2389.0</ele>
      </trkpt>
      <trkpt lat="42.4324518" lon="82.4744198">
        <ele>2389.0</ele>
      </trkpt>
      <trkpt lat="42.432368" lon="82.4745108">
        <ele>2389.0</ele>
      </trkpt>
      <trkpt lat="42.4322681" lon="82.4745847">
        <ele>2381.0</ele>
      </trkpt>
      <trkpt lat="42.4321568" lon="82.4746105">
        <ele>2381.0</ele>
      </trkpt>
      <trkpt lat="42.4320434" lon="82.4746638">
        <ele>2379.0</ele>
      </trkpt>
      <trkpt lat="42.431963" lon="82.4747712">
        <ele>2379.0</ele>
      </trkpt>
      <trkpt lat="42.4318783" lon="82.4748537">
        <ele>2379.0</ele>
      </trkpt>
      <trkpt lat="42.4317905" lon="82.4749295">
        <ele>2366.0</ele>
      </trkpt>
      <trkpt lat="42.431719" lon="82.4750464">
        <ele>2366.0</ele>
      </trkpt>
      <trkpt lat="42.4316511" lon="82.4751751">
        <ele>2367.0</ele>
      </trkpt>
      <trkpt lat="42.4315848" lon="82.4752863">
        <ele>2367.0</ele>
      </trkpt>
      <trkpt lat="42.4315302" lon="82.4754048">
        <ele>2367.0</ele>
      </trkpt>
      <trkpt lat="42.4314677" lon="82.4755063">
        <ele>2364.0</ele>
      </trkpt>
      <trkpt lat="42.4314001" lon="82.4756016">
        <ele>2364.0</ele>
      </trkpt>
      <trkpt lat="42.4313818" lon="82.4757177">
        <ele>2363.0</ele>
      </trkpt>
      <trkpt lat="42.4313822" lon="82.4758448">
        <ele>2363.0</ele>
      </trkpt>
      <trkpt lat="42.4313802" lon="82.4759751">
        <ele>2369.0</ele>
      </trkpt>
      <trkpt lat="42.4313482" lon="82.4760946">
        <ele>2369.0</ele>
      </trkpt>
      <trkpt lat="42.4312757" lon="82.4761773">
        <ele>2369.0</ele>
      </trkpt>
      <trkpt lat="42.4312069" lon="82.4762808">
        <ele>2373.0</ele>
      </trkpt>
      <trkpt lat="42.4311388" lon="82.4763776">
        <ele>2373.0</ele>
      </trkpt>
      <trkpt lat="42.4310656" lon="82.4764546">
        <ele>2373.0</ele>
      </trkpt>
      <trkpt lat="42.4309872" lon="82.476521">
        <ele>2373.0</ele>
      </trkpt>
      <trkpt lat="42.4309002" lon="82.4765876">
        <ele>2381.0</ele>
      </trkpt>
      <trkpt lat="42.4308081" lon="82.4766509">
        <ele>2381.0</ele>
      </trkpt>
      <trkpt lat="42.4307068" lon="82.4767076">
        <ele>2381.0</ele>
      </trkpt>
      <trkpt lat="42.4306049" lon="82.4767298">
        <ele>2387.0</ele>
      </trkpt>
      <trkpt lat="42.4304972" lon="82.4767406">
        <ele>2387.0</ele>
      </trkpt>
      <trkpt lat="42.4303953" lon="82.4767591">
        <ele>2389.0</ele>
      </trkpt>
      <trkpt lat="42.4302924" lon="82.4767835">
        <ele>2389.0</ele>
      </trkpt>
      <trkpt lat="42.4301891" lon="82.4768111">
        <ele>2393.0</ele>
      </trkpt>
      <trkpt lat="42.4300893" lon="82.4768409">
        <ele>2399.0</ele>
      </trkpt>
      <trkpt lat="42.4299898" lon="82.4768768">
        <ele>2399.0</ele>
      </trkpt>
      <trkpt lat="42.4298927" lon="82.4769081">
        <ele>2399.0</ele>
      </trkpt>
      <trkpt lat="42.429793" lon="82.4769436">
        <ele>2400.0</ele>
      </trkpt>
      <trkpt lat="42.4296999" lon="82.4770073">
        <ele>2400.0</ele>
      </trkpt>
      <trkpt lat="42.4296088" lon="82.477092">
        <ele>2405.0</ele>
      </trkpt>
      <trkpt lat="42.4294989" lon="82.477128">
        <ele>2403.0</ele>
      </trkpt>
      <trkpt lat="42.429389" lon="82.4770981">
        <ele>2403.0</ele>
      </trkpt>
      <trkpt lat="42.4292918" lon="82.4770221">
        <ele>2398.0</ele>
      </trkpt>
      <trkpt lat="42.4292001" lon="82.4769448">
        <ele>2398.0</ele>
      </trkpt>
      <trkpt lat="42.4291064" lon="82.4769083">
        <ele>2398.0</ele>
      </trkpt>
      <trkpt lat="42.4290025" lon="82.4768556">
        <ele>2403.0</ele>
      </trkpt>
      <trkpt lat="42.4288983" lon="82.476799">
        <ele>2388.0</ele>
      </trkpt>
      <trkpt lat="42.4287921" lon="82.4767434">
        <ele>2388.0</ele>
      </trkpt>
      <trkpt lat="42.4286839" lon="82.4766917">
        <ele>2404.0</ele>
      </trkpt>
      <trkpt lat="42.428581" lon="82.4766276">
        <ele>2404.0</ele>
      </trkpt>
      <trkpt lat="42.4284998" lon="82.4765516">
        <ele>2404.0</ele>
      </trkpt>
      <trkpt lat="42.4284263" lon="82.476439">
        <ele>2399.0</ele>
      </trkpt>
      <trkpt lat="42.4283665" lon="82.4763347">
        <ele>2399.0</ele>
      </trkpt>
      <trkpt lat="42.4282973" lon="82.4762212">
        <ele>2379.0</ele>
      </trkpt>
      <trkpt lat="42.4282013" lon="82.4761427">
        <ele>2379.0</ele>
      </trkpt>
      <trkpt lat="42.4280964" lon="82.4761054">
        <ele>2389.0</ele>
      </trkpt>
      <trkpt lat="42.4279901" lon="82.4760653">
        <ele>2389.0</ele>
      </trkpt>
      <trkpt lat="42.4278891" lon="82.4760032">
        <ele>2389.0</ele>
      </trkpt>
      <trkpt lat="42.4277878" lon="82.4759308">
        <ele>2367.0</ele>
      </trkpt>
      <trkpt lat="42.4276914" lon="82.4758668">
        <ele>2367.0</ele>
      </trkpt>
      <trkpt lat="42.4275898" lon="82.4758377">
        <ele>2361.0</ele>
      </trkpt>
      <trkpt lat="42.4274854" lon="82.4758274">
        <ele>2361.0</ele>
      </trkpt>
      <trkpt lat="42.4273735" lon="82.4758354">
        <ele>2361.0</ele>
      </trkpt>
      <trkpt lat="42.4272622" lon="82.4758489">
        <ele>2359.0</ele>
      </trkpt>
      <trkpt lat="42.4271538" lon="82.4758518">
        <ele>2359.0</ele>
      </trkpt>
      <trkpt lat="42.4270473" lon="82.475866">
        <ele>2355.0</ele>
      </trkpt>
      <trkpt lat="42.42694" lon="82.4758821">
        <ele>2355.0</ele>
      </trkpt>
      <trkpt lat="42.4268295" lon="82.4758915">
        <ele>2355.0</ele>
      </trkpt>
      <trkpt lat="42.4267203" lon="82.4759039">
        <ele>2349.0</ele>
      </trkpt>
      <trkpt lat="42.4266111" lon="82.4759094">
        <ele>2349.0</ele>
      </trkpt>
      <trkpt lat="42.4265047" lon="82.4758972">
        <ele>2352.0</ele>
      </trkpt>
      <trkpt lat="42.4264005" lon="82.4758737">
        <ele>2352.0</ele>
      </trkpt>
      <trkpt lat="42.4262915" lon="82.4758468">
        <ele>2352.0</ele>
      </trkpt>
      <trkpt lat="42.4261811" lon="82.4758255">
        <ele>2354.0</ele>
      </trkpt>
      <trkpt lat="42.4260715" lon="82.4758125">
        <ele>2354.0</ele>
      </trkpt>
      <trkpt lat="42.4259695" lon="82.4757852">
        <ele>2354.0</ele>
      </trkpt>
      <trkpt lat="42.4258624" lon="82.4757615">
        <ele>2354.0</ele>
      </trkpt>
      <trkpt lat="42.4257562" lon="82.4757343">
        <ele>2354.0</ele>
      </trkpt>
      <trkpt lat="42.4256519" lon="82.4757185">
        <ele>2356.0</ele>
      </trkpt>
      <trkpt lat="42.4255457" lon="82.4757269">
        <ele>2356.0</ele>
      </trkpt>
      <trkpt lat="42.425441" lon="82.4757546">
        <ele>2356.0</ele>
      </trkpt>
      <trkpt lat="42.4253368" lon="82.4757384">
        <ele>2360.0</ele>
      </trkpt>
      <trkpt lat="42.4252387" lon="82.4756762">
        <ele>2357.0</ele>
      </trkpt>
      <trkpt lat="42.425148" lon="82.4755834">
        <ele>2357.0</ele>
      </trkpt>
      <trkpt lat="42.4250537" lon="82.4754974">
        <ele>2362.0</ele>
      </trkpt>
      <trkpt lat="42.4249538" lon="82.4754293">
        <ele>2362.0</ele>
      </trkpt>
      <trkpt lat="42.4248534" lon="82.4753589">
        <ele>2357.0</ele>
      </trkpt>
      <trkpt lat="42.4247651" lon="82.4752656">
        <ele>2357.0</ele>
      </trkpt>
      <trkpt lat="42.4246982" lon="82.4751705">
        <ele>2357.0</ele>
      </trkpt>
      <trkpt lat="42.4246362" lon="82.4750798">
        <ele>2353.0</ele>
      </trkpt>
      <trkpt lat="42.4245494" lon="82.4749949">
        <ele>2366.0</ele>
      </trkpt>
      <trkpt lat="42.4244587" lon="82.4749072">
        <ele>2366.0</ele>
      </trkpt>
      <trkpt lat="42.4243714" lon="82.4748132">
        <ele>2361.0</ele>
      </trkpt>
      <trkpt lat="42.424299" lon="82.4747279">
        <ele>2386.0</ele>
      </trkpt>
      <trkpt lat="42.4242382" lon="82.4746118">
        <ele>2386.0</ele>
      </trkpt>
      <trkpt lat="42.4241568" lon="82.4745133">
        <ele>2370.0</ele>
      </trkpt>
      <trkpt lat="42.4240767" lon="82.4744392">
        <ele>2370.0</ele>
      </trkpt>
      <trkpt lat="42.4239827" lon="82.474407">
        <ele>2381.0</ele>
      </trkpt>
      <trkpt lat="42.4239044" lon="82.4743219">
        <ele>2381.0</ele>
      </trkpt>
      <trkpt lat="42.4238562" lon="82.4742245">
        <ele>2370.0</ele>
      </trkpt>
      <trkpt lat="42.4237892" lon="82.4741255">
        <ele>2370.0</ele>
      </trkpt>
      <trkpt lat="42.423711" lon="82.4740467">
        <ele>2385.0</ele>
      </trkpt>
      <trkpt lat="42.4236314" lon="82.4739681">
        <ele>2344.0</ele>
      </trkpt>
      <trkpt lat="42.4235687" lon="82.4738605">
        <ele>2344.0</ele>
      </trkpt>
      <trkpt lat="42.4234969" lon="82.4737557">
        <ele>2344.0</ele>
      </trkpt>
      <trkpt lat="42.4234085" lon="82.4736854">
        <ele>2337.0</ele>
      </trkpt>
      <trkpt lat="42.4233013" lon="82.4736836">
        <ele>2337.0</ele>
      </trkpt>
      <trkpt lat="42.4231927" lon="82.4736976">
        <ele>2339.0</ele>
      </trkpt>
      <trkpt lat="42.4230851" lon="82.4737062">
        <ele>2339.0</ele>
      </trkpt>
      <trkpt lat="42.4229835" lon="82.4736761">
        <ele>2339.0</ele>
      </trkpt>
      <trkpt lat="42.4228927" lon="82.4736032">
        <ele>2357.0</ele>
      </trkpt>
      <trkpt lat="42.4228121" lon="82.473508">
        <ele>2357.0</ele>
      </trkpt>
      <trkpt lat="42.4227302" lon="82.4734163">
        <ele>2340.0</ele>
      </trkpt>
      <trkpt lat="42.4226388" lon="82.473357">
        <ele>2342.0</ele>
      </trkpt>
      <trkpt lat="42.4225431" lon="82.473357">
        <ele>2342.0</ele>
      </trkpt>
      <trkpt lat="42.4224496" lon="82.4734038">
        <ele>2342.0</ele>
      </trkpt>
      <trkpt lat="42.4223639" lon="82.4734714">
        <ele>2342.0</ele>
      </trkpt>
      <trkpt lat="42.422303" lon="82.473575">
        <ele>2352.0</ele>
      </trkpt>
      <trkpt lat="42.4222883" lon="82.4736185">
        <ele>2352.0</ele>
      </trkpt>
      <trkpt lat="42.4222254" lon="82.4736597">
        <ele>2352.0</ele>
      </trkpt>
      <trkpt lat="42.4221379" lon="82.4736405">
        <ele>2352.0</ele>
      </trkpt>
      <trkpt lat="42.4220423" lon="82.4735826">
        <ele>2347.0</ele>
      </trkpt>
      <trkpt lat="42.4219477" lon="82.4735231">
        <ele>2347.0</ele>
      </trkpt>
      <trkpt lat="42.4218663" lon="82.4734423">
        <ele>2334.0</ele>
      </trkpt>
      <trkpt lat="42.4218288" lon="82.4733213">
        <ele>2334.0</ele>
      </trkpt>
      <trkpt lat="42.4218053" lon="82.4731921">
        <ele>2335.0</ele>
      </trkpt>
      <trkpt lat="42.4218003" lon="82.4731573">
        <ele>2335.0</ele>
      </trkpt>
      <trkpt lat="42.4217808" lon="82.4730649">
        <ele>2335.0</ele>
      </trkpt>
      <trkpt lat="42.4217179" lon="82.4729696">
        <ele>2335.0</ele>
      </trkpt>
      <trkpt lat="42.4216342" lon="82.47288">
        <ele>2339.0</ele>
      </trkpt>
      <trkpt lat="42.421529" lon="82.4728372">
        <ele>2339.0</ele>
      </trkpt>
      <trkpt lat="42.4214337" lon="82.4728618">
        <ele>2336.0</ele>
      </trkpt>
      <trkpt lat="42.4213893" lon="82.4729086">
        <ele>2336.0</ele>
      </trkpt>
      <trkpt lat="42.42131" lon="82.4729691">
        <ele>2338.0</ele>
      </trkpt>
      <trkpt lat="42.4212271" lon="82.473029">
        <ele>2337.0</ele>
      </trkpt>
      <trkpt lat="42.4211256" lon="82.4730449">
        <ele>2337.0</ele>
      </trkpt>
      <trkpt lat="42.421021" lon="82.4730217">
        <ele>2337.0</ele>
      </trkpt>
      <trkpt lat="42.420926" lon="82.4729652">
        <ele>2337.0</ele>
      </trkpt>
      <trkpt lat="42.4208434" lon="82.4728614">
        <ele>2336.0</ele>
      </trkpt>
      <trkpt lat="42.4207596" lon="82.4727477">
        <ele>2336.0</ele>
      </trkpt>
      <trkpt lat="42.4206702" lon="82.4727115">
        <ele>2331.0</ele>
      </trkpt>
      <trkpt lat="42.4205669" lon="82.4727545">
        <ele>2331.0</ele>
      </trkpt>
      <trkpt lat="42.4204523" lon="82.4727537">
        <ele>2331.0</ele>
      </trkpt>
      <trkpt lat="42.4203321" lon="82.4727454">
        <ele>2327.0</ele>
      </trkpt>
      <trkpt lat="42.4202151" lon="82.4727267">
        <ele>2327.0</ele>
      </trkpt>
      <trkpt lat="42.420125" lon="82.4726355">
        <ele>2323.0</ele>
      </trkpt>
      <trkpt lat="42.4200659" lon="82.4725282">
        <ele>2323.0</ele>
      </trkpt>
      <trkpt lat="42.4200073" lon="82.4724224">
        <ele>2323.0</ele>
      </trkpt>
      <trkpt lat="42.4199193" lon="82.4723406">
        <ele>2324.0</ele>
      </trkpt>
      <trkpt lat="42.4198211" lon="82.4722791">
        <ele>2319.0</ele>
      </trkpt>
      <trkpt lat="42.4197154" lon="82.4722383">
        <ele>2319.0</ele>
      </trkpt>
      <trkpt lat="42.4196123" lon="82.4721956">
        <ele>2319.0</ele>
      </trkpt>
      <trkpt lat="42.4195185" lon="82.4721615">
        <ele>2324.0</ele>
      </trkpt>
      <trkpt lat="42.4194817" lon="82.4721351">
        <ele>2324.0</ele>
      </trkpt>
      <trkpt lat="42.4194125" lon="82.4721054">
        <ele>2324.0</ele>
      </trkpt>
      <trkpt lat="42.419328" lon="82.4720818">
        <ele>2327.0</ele>
      </trkpt>
      <trkpt lat="42.4192312" lon="82.4721026">
        <ele>2325.0</ele>
      </trkpt>
      <trkpt lat="42.419129" lon="82.4721298">
        <ele>2325.0</ele>
      </trkpt>
      <trkpt lat="42.4190233" lon="82.4721243">
        <ele>2318.0</ele>
      </trkpt>
      <trkpt lat="42.4189392" lon="82.4720501">
        <ele>2322.0</ele>
      </trkpt>
      <trkpt lat="42.4189271" lon="82.4719145">
        <ele>2322.0</ele>
      </trkpt>
      <trkpt lat="42.4189449" lon="82.4717557">
        <ele>2328.0</ele>
      </trkpt>
      <trkpt lat="42.4189551" lon="82.4716283">
        <ele>2328.0</ele>
      </trkpt>
      <trkpt lat="42.4189399" lon="82.4715033">
        <ele>2325.0</ele>
      </trkpt>
      <trkpt lat="42.4189141" lon="82.471384">
        <ele>2325.0</ele>
      </trkpt>
      <trkpt lat="42.4189089" lon="82.4712409">
        <ele>2324.0</ele>
      </trkpt>
      <trkpt lat="42.4188992" lon="82.4710958">
        <ele>2324.0</ele>
      </trkpt>
      <trkpt lat="42.4188942" lon="82.4709645">
        <ele>2331.0</ele>
      </trkpt>
      <trkpt lat="42.4188456" lon="82.4708479">
        <ele>2331.0</ele>
      </trkpt>
      <trkpt lat="42.4187485" lon="82.4707937">
        <ele>2331.0</ele>
      </trkpt>
      <trkpt lat="42.4186425" lon="82.470771">
        <ele>2331.0</ele>
      </trkpt>
      <trkpt lat="42.4185315" lon="82.4707437">
        <ele>2331.0</ele>
      </trkpt>
      <trkpt lat="42.4184408" lon="82.4706787">
        <ele>2331.0</ele>
      </trkpt>
      <trkpt lat="42.418365" lon="82.470583">
        <ele>2331.0</ele>
      </trkpt>
      <trkpt lat="42.4182836" lon="82.470495">
        <ele>2331.0</ele>
      </trkpt>
      <trkpt lat="42.4181872" lon="82.4704338">
        <ele>2312.0</ele>
      </trkpt>
      <trkpt lat="42.4180965" lon="82.4703608">
        <ele>2330.0</ele>
      </trkpt>
      <trkpt lat="42.4180139" lon="82.4702742">
        <ele>2330.0</ele>
      </trkpt>
      <trkpt lat="42.417929" lon="82.470222">
        <ele>2330.0</ele>
      </trkpt>
      <trkpt lat="42.4178328" lon="82.4701905">
        <ele>2317.0</ele>
      </trkpt>
      <trkpt lat="42.4177374" lon="82.4701954">
        <ele>2317.0</ele>
      </trkpt>
      <trkpt lat="42.4176436" lon="82.4702223">
        <ele>2317.0</ele>
      </trkpt>
      <trkpt lat="42.4175469" lon="82.4702671">
        <ele>2311.0</ele>
      </trkpt>
      <trkpt lat="42.4174481" lon="82.4703105">
        <ele>2311.0</ele>
      </trkpt>
      <trkpt lat="42.4173377" lon="82.4703493">
        <ele>2297.0</ele>
      </trkpt>
      <trkpt lat="42.4172225" lon="82.4703349">
        <ele>2297.0</ele>
      </trkpt>
      <trkpt lat="42.4171095" lon="82.4702812">
        <ele>2297.0</ele>
      </trkpt>
      <trkpt lat="42.4170029" lon="82.4702421">
        <ele>2295.0</ele>
      </trkpt>
      <trkpt lat="42.4169008" lon="82.4702302">
        <ele>2295.0</ele>
      </trkpt>
      <trkpt lat="42.4168038" lon="82.4701894">
        <ele>2298.0</ele>
      </trkpt>
      <trkpt lat="42.416729" lon="82.4700932">
        <ele>2303.0</ele>
      </trkpt>
      <trkpt lat="42.4166744" lon="82.4699576">
        <ele>2303.0</ele>
      </trkpt>
      <trkpt lat="42.4166555" lon="82.4698657">
        <ele>2303.0</ele>
      </trkpt>
      <trkpt lat="42.4165761" lon="82.4698363">
        <ele>2300.0</ele>
      </trkpt>
      <trkpt lat="42.4164953" lon="82.4697468">
        <ele>2300.0</ele>
      </trkpt>
      <trkpt lat="42.4164281" lon="82.4696526">
        <ele>2300.0</ele>
      </trkpt>
      <trkpt lat="42.4163408" lon="82.4695461">
        <ele>2299.0</ele>
      </trkpt>
      <trkpt lat="42.4162564" lon="82.4694693">
        <ele>2299.0</ele>
      </trkpt>
      <trkpt lat="42.4161671" lon="82.4694042">
        <ele>2299.0</ele>
      </trkpt>
      <trkpt lat="42.4160779" lon="82.4693336">
        <ele>2299.0</ele>
      </trkpt>
      <trkpt lat="42.4159986" lon="82.4692581">
        <ele>2297.0</ele>
      </trkpt>
      <trkpt lat="42.4159197" lon="82.469185">
        <ele>2296.0</ele>
      </trkpt>
      <trkpt lat="42.4158364" lon="82.4691231">
        <ele>2296.0</ele>
      </trkpt>
      <trkpt lat="42.4157324" lon="82.4690679">
        <ele>2296.0</ele>
      </trkpt>
      <trkpt lat="42.4156385" lon="82.4690326">
        <ele>2303.0</ele>
      </trkpt>
      <trkpt lat="42.4155312" lon="82.46901">
        <ele>2309.0</ele>
      </trkpt>
      <trkpt lat="42.4154201" lon="82.4690001">
        <ele>2309.0</ele>
      </trkpt>
      <trkpt lat="42.4153054" lon="82.4689944">
        <ele>2313.0</ele>
      </trkpt>
      <trkpt lat="42.4151901" lon="82.4689882">
        <ele>2313.0</ele>
      </trkpt>
      <trkpt lat="42.4150789" lon="82.4690126">
        <ele>2319.0</ele>
      </trkpt>
      <trkpt lat="42.4149718" lon="82.4690753">
        <ele>2302.0</ele>
      </trkpt>
      <trkpt lat="42.4148863" lon="82.4691463">
        <ele>2302.0</ele>
      </trkpt>
      <trkpt lat="42.4148078" lon="82.4692156">
        <ele>2300.0</ele>
      </trkpt>
      <trkpt lat="42.4147231" lon="82.4692724">
        <ele>2300.0</ele>
      </trkpt>
      <trkpt lat="42.4146372" lon="82.4693171">
        <ele>2291.0</ele>
      </trkpt>
      <trkpt lat="42.4145912" lon="82.4693272">
        <ele>2291.0</ele>
      </trkpt>
      <trkpt lat="42.4145171" lon="82.4693578">
        <ele>2288.0</ele>
      </trkpt>
      <trkpt lat="42.4144262" lon="82.4693955">
        <ele>2288.0</ele>
      </trkpt>
      <trkpt lat="42.4143282" lon="82.4694256">
        <ele>2288.0</ele>
      </trkpt>
      <trkpt lat="42.4142279" lon="82.4694424">
        <ele>2293.0</ele>
      </trkpt>
      <trkpt lat="42.4141247" lon="82.4694361">
        <ele>2293.0</ele>
      </trkpt>
      <trkpt lat="42.4140216" lon="82.469415">
        <ele>2299.0</ele>
      </trkpt>
      <trkpt lat="42.4139176" lon="82.4693929">
        <ele>2299.0</ele>
      </trkpt>
      <trkpt lat="42.4138133" lon="82.4693848">
        <ele>2299.0</ele>
      </trkpt>
      <trkpt lat="42.4137058" lon="82.4693834">
        <ele>2304.0</ele>
      </trkpt>
      <trkpt lat="42.4136004" lon="82.469381">
        <ele>2304.0</ele>
      </trkpt>
      <trkpt lat="42.4135015" lon="82.4693568">
        <ele>2304.0</ele>
      </trkpt>
      <trkpt lat="42.4134086" lon="82.4692995">
        <ele>2310.0</ele>
      </trkpt>
      <trkpt lat="42.4133186" lon="82.4692401">
        <ele>2310.0</ele>
      </trkpt>
      <trkpt lat="42.4132313" lon="82.4691696">
        <ele>2310.0</ele>
      </trkpt>
      <trkpt lat="42.4131579" lon="82.4690666">
        <ele>2299.0</ele>
      </trkpt>
      <trkpt lat="42.4130859" lon="82.4689498">
        <ele>2303.0</ele>
      </trkpt>
      <trkpt lat="42.4130089" lon="82.468831">
        <ele>2303.0</ele>
      </trkpt>
      <trkpt lat="42.4129239" lon="82.4687195">
        <ele>2301.0</ele>
      </trkpt>
      <trkpt lat="42.4128241" lon="82.4686387">
        <ele>2290.0</ele>
      </trkpt>
      <trkpt lat="42.4127136" lon="82.4686206">
        <ele>2290.0</ele>
      </trkpt>
      <trkpt lat="42.412615" lon="82.4686578">
        <ele>2289.0</ele>
      </trkpt>
      <trkpt lat="42.4125155" lon="82.4686789">
        <ele>2289.0</ele>
      </trkpt>
      <trkpt lat="42.4124222" lon="82.46864">
        <ele>2289.0</ele>
      </trkpt>
      <trkpt lat="42.4123533" lon="82.4685354">
        <ele>2289.0</ele>
      </trkpt>
      <trkpt lat="42.4122801" lon="82.4684241">
        <ele>2291.0</ele>
      </trkpt>
      <trkpt lat="42.4121901" lon="82.4683409">
        <ele>2291.0</ele>
      </trkpt>
      <trkpt lat="42.4120871" lon="82.4683119">
        <ele>2291.0</ele>
      </trkpt>
      <trkpt lat="42.4119678" lon="82.4683257">
        <ele>2289.0</ele>
      </trkpt>
      <trkpt lat="42.4118656" lon="82.4683539">
        <ele>2289.0</ele>
      </trkpt>
      <trkpt lat="42.4117728" lon="82.4683814">
        <ele>2290.0</ele>
      </trkpt>
      <trkpt lat="42.4116699" lon="82.4684141">
        <ele>2290.0</ele>
      </trkpt>
      <trkpt lat="42.4115724" lon="82.4684442">
        <ele>2290.0</ele>
      </trkpt>
      <trkpt lat="42.4114789" lon="82.4684815">
        <ele>2298.0</ele>
      </trkpt>
      <trkpt lat="42.411391" lon="82.4685166">
        <ele>2298.0</ele>
      </trkpt>
      <trkpt lat="42.4113002" lon="82.4685543">
        <ele>2298.0</ele>
      </trkpt>
      <trkpt lat="42.4112081" lon="82.4685696">
        <ele>2292.0</ele>
      </trkpt>
      <trkpt lat="42.4111261" lon="82.4686207">
        <ele>2292.0</ele>
      </trkpt>
      <trkpt lat="42.4110351" lon="82.4686378">
        <ele>2292.0</ele>
      </trkpt>
      <trkpt lat="42.4109376" lon="82.4686397">
        <ele>2279.0</ele>
      </trkpt>
      <trkpt lat="42.4108444" lon="82.4686546">
        <ele>2279.0</ele>
      </trkpt>
      <trkpt lat="42.4107545" lon="82.4686877">
        <ele>2279.0</ele>
      </trkpt>
      <trkpt lat="42.4106643" lon="82.4687314">
        <ele>2263.0</ele>
      </trkpt>
      <trkpt lat="42.4105659" lon="82.4687788">
        <ele>2269.0</ele>
      </trkpt>
      <trkpt lat="42.4104656" lon="82.4688199">
        <ele>2269.0</ele>
      </trkpt>
      <trkpt lat="42.4103644" lon="82.4688588">
        <ele>2262.0</ele>
      </trkpt>
      <trkpt lat="42.4102753" lon="82.4689056">
        <ele>2262.0</ele>
      </trkpt>
      <trkpt lat="42.4101917" lon="82.4689895">
        <ele>2262.0</ele>
      </trkpt>
      <trkpt lat="42.4101132" lon="82.4690944">
        <ele>2260.0</ele>
      </trkpt>
      <trkpt lat="42.4100398" lon="82.4692021">
        <ele>2260.0</ele>
      </trkpt>
      <trkpt lat="42.4099587" lon="82.4692849">
        <ele>2260.0</ele>
      </trkpt>
      <trkpt lat="42.409869" lon="82.4693161">
        <ele>2274.0</ele>
      </trkpt>
      <trkpt lat="42.409768" lon="82.4693227">
        <ele>2260.0</ele>
      </trkpt>
      <trkpt lat="42.4096754" lon="82.4693529">
        <ele>2260.0</ele>
      </trkpt>
      <trkpt lat="42.4095993" lon="82.4694177">
        <ele>2260.0</ele>
      </trkpt>
      <trkpt lat="42.4095334" lon="82.4695037">
        <ele>2253.0</ele>
      </trkpt>
      <trkpt lat="42.4094665" lon="82.4696">
        <ele>2263.0</ele>
      </trkpt>
      <trkpt lat="42.4094023" lon="82.4696973">
        <ele>2263.0</ele>
      </trkpt>
      <trkpt lat="42.4093386" lon="82.4697989">
        <ele>2263.0</ele>
      </trkpt>
      <trkpt lat="42.4092502" lon="82.4698758">
        <ele>2260.0</ele>
      </trkpt>
      <trkpt lat="42.4091529" lon="82.4698974">
        <ele>2260.0</ele>
      </trkpt>
      <trkpt lat="42.4090558" lon="82.4699131">
        <ele>2260.0</ele>
      </trkpt>
      <trkpt lat="42.4089689" lon="82.4699558">
        <ele>2251.0</ele>
      </trkpt>
      <trkpt lat="42.408888" lon="82.4700174">
        <ele>2251.0</ele>
      </trkpt>
      <trkpt lat="42.4088085" lon="82.4700846">
        <ele>2251.0</ele>
      </trkpt>
      <trkpt lat="42.408728" lon="82.4701569">
        <ele>2251.0</ele>
      </trkpt>
      <trkpt lat="42.4086394" lon="82.4702286">
        <ele>2251.0</ele>
      </trkpt>
      <trkpt lat="42.4085532" lon="82.4702937">
        <ele>2251.0</ele>
      </trkpt>
      <trkpt lat="42.4084524" lon="82.4703512">
        <ele>2244.0</ele>
      </trkpt>
      <trkpt lat="42.4083465" lon="82.470367">
        <ele>2244.0</ele>
      </trkpt>
      <trkpt lat="42.4082414" lon="82.4703239">
        <ele>2244.0</ele>
      </trkpt>
      <trkpt lat="42.4081401" lon="82.4702611">
        <ele>2246.0</ele>
      </trkpt>
      <trkpt lat="42.4080345" lon="82.4702196">
        <ele>2246.0</ele>
      </trkpt>
      <trkpt lat="42.4079351" lon="82.4702105">
        <ele>2246.0</ele>
      </trkpt>
      <trkpt lat="42.4078371" lon="82.4702094">
        <ele>2252.0</ele>
      </trkpt>
      <trkpt lat="42.4077332" lon="82.4701998">
        <ele>2252.0</ele>
      </trkpt>
      <trkpt lat="42.4076864" lon="82.4702037">
        <ele>2252.0</ele>
      </trkpt>
      <trkpt lat="42.4076133" lon="82.4702008">
        <ele>2261.0</ele>
      </trkpt>
      <trkpt lat="42.4075363" lon="82.470154">
        <ele>2261.0</ele>
      </trkpt>
      <trkpt lat="42.407446" lon="82.4701283">
        <ele>2263.0</ele>
      </trkpt>
      <trkpt lat="42.4073551" lon="82.4700598">
        <ele>2264.0</ele>
      </trkpt>
      <trkpt lat="42.4072639" lon="82.4700016">
        <ele>2264.0</ele>
      </trkpt>
      <trkpt lat="42.4071686" lon="82.4699403">
        <ele>2264.0</ele>
      </trkpt>
      <trkpt lat="42.4070716" lon="82.4699012">
        <ele>2267.0</ele>
      </trkpt>
      <trkpt lat="42.4069787" lon="82.4698865">
        <ele>2267.0</ele>
      </trkpt>
      <trkpt lat="42.4068734" lon="82.4698831">
        <ele>2267.0</ele>
      </trkpt>
      <trkpt lat="42.406765" lon="82.4698664">
        <ele>2262.0</ele>
      </trkpt>
      <trkpt lat="42.4066553" lon="82.4698729">
        <ele>2262.0</ele>
      </trkpt>
      <trkpt lat="42.4065508" lon="82.4698784">
        <ele>2262.0</ele>
      </trkpt>
      <trkpt lat="42.4064478" lon="82.4698455">
        <ele>2282.0</ele>
      </trkpt>
      <trkpt lat="42.4063524" lon="82.4698487">
        <ele>2282.0</ele>
      </trkpt>
      <trkpt lat="42.4062609" lon="82.4698948">
        <ele>2258.0</ele>
      </trkpt>
      <trkpt lat="42.4061643" lon="82.4699545">
        <ele>2258.0</ele>
      </trkpt>
      <trkpt lat="42.4060745" lon="82.4700265">
        <ele>2258.0</ele>
      </trkpt>
      <trkpt lat="42.4059846" lon="82.4700616">
        <ele>2258.0</ele>
      </trkpt>
      <trkpt lat="42.4058896" lon="82.4700548">
        <ele>2256.0</ele>
      </trkpt>
      <trkpt lat="42.40579" lon="82.4700793">
        <ele>2256.0</ele>
      </trkpt>
      <trkpt lat="42.4056876" lon="82.4701259">
        <ele>2254.0</ele>
      </trkpt>
      <trkpt lat="42.4056051" lon="82.4701911">
        <ele>2239.0</ele>
      </trkpt>
      <trkpt lat="42.4055301" lon="82.4702649">
        <ele>2239.0</ele>
      </trkpt>
      <trkpt lat="42.4054617" lon="82.4703711">
        <ele>2239.0</ele>
      </trkpt>
      <trkpt lat="42.4053917" lon="82.4704703">
        <ele>2239.0</ele>
      </trkpt>
      <trkpt lat="42.4053053" lon="82.470558">
        <ele>2239.0</ele>
      </trkpt>
      <trkpt lat="42.4052024" lon="82.4705981">
        <ele>2239.0</ele>
      </trkpt>
      <trkpt lat="42.4051059" lon="82.4706081">
        <ele>2235.0</ele>
      </trkpt>
      <trkpt lat="42.4050021" lon="82.4706058">
        <ele>2235.0</ele>
      </trkpt>
      <trkpt lat="42.4048932" lon="82.4706107">
        <ele>2235.0</ele>
      </trkpt>
      <trkpt lat="42.4047897" lon="82.4706442">
        <ele>2233.0</ele>
      </trkpt>
      <trkpt lat="42.4046898" lon="82.4706962">
        <ele>2226.0</ele>
      </trkpt>
      <trkpt lat="42.4045912" lon="82.470748">
        <ele>2226.0</ele>
      </trkpt>
      <trkpt lat="42.4044948" lon="82.4707972">
        <ele>2228.0</ele>
      </trkpt>
      <trkpt lat="42.4043978" lon="82.4708436">
        <ele>2228.0</ele>
      </trkpt>
      <trkpt lat="42.4042992" lon="82.4708878">
        <ele>2233.0</ele>
      </trkpt>
      <trkpt lat="42.4041949" lon="82.4709268">
        <ele>2233.0</ele>
      </trkpt>
      <trkpt lat="42.4040886" lon="82.4709692">
        <ele>2233.0</ele>
      </trkpt>
      <trkpt lat="42.4039793" lon="82.471021">
        <ele>2233.0</ele>
      </trkpt>
      <trkpt lat="42.4038754" lon="82.4710812">
        <ele>2233.0</ele>
      </trkpt>
      <trkpt lat="42.4037776" lon="82.471149">
        <ele>2233.0</ele>
      </trkpt>
      <trkpt lat="42.4036833" lon="82.4712138">
        <ele>2238.0</ele>
      </trkpt>
      <trkpt lat="42.4035881" lon="82.4712496">
        <ele>2238.0</ele>
      </trkpt>
      <trkpt lat="42.4034903" lon="82.4712677">
        <ele>2231.0</ele>
      </trkpt>
      <trkpt lat="42.4033863" lon="82.471277">
        <ele>2248.0</ele>
      </trkpt>
      <trkpt lat="42.4032827" lon="82.4712992">
        <ele>2248.0</ele>
      </trkpt>
      <trkpt lat="42.4032117" lon="82.4713874">
        <ele>2248.0</ele>
      </trkpt>
      <trkpt lat="42.4032013" lon="82.4715048">
        <ele>2248.0</ele>
      </trkpt>
      <trkpt lat="42.4031852" lon="82.4716493">
        <ele>2261.0</ele>
      </trkpt>
      <trkpt lat="42.4031749" lon="82.4717011">
        <ele>2261.0</ele>
      </trkpt>
      <trkpt lat="42.4031551" lon="82.471799">
        <ele>2261.0</ele>
      </trkpt>
      <trkpt lat="42.4031286" lon="82.4719269">
        <ele>2249.0</ele>
      </trkpt>
      <trkpt lat="42.4030509" lon="82.472008">
        <ele>2249.0</ele>
      </trkpt>
      <trkpt lat="42.4029541" lon="82.4720467">
        <ele>2249.0</ele>
      </trkpt>
      <trkpt lat="42.4028506" lon="82.4720926">
        <ele>2244.0</ele>
      </trkpt>
      <trkpt lat="42.4027716" lon="82.4721751">
        <ele>2244.0</ele>
      </trkpt>
      <trkpt lat="42.4027005" lon="82.4722743">
        <ele>2244.0</ele>
      </trkpt>
      <trkpt lat="42.4026085" lon="82.4723443">
        <ele>2239.0</ele>
      </trkpt>
      <trkpt lat="42.4024935" lon="82.472385">
        <ele>2235.0</ele>
      </trkpt>
      <trkpt lat="42.4023839" lon="82.4723855">
        <ele>2235.0</ele>
      </trkpt>
      <trkpt lat="42.402272" lon="82.4723786">
        <ele>2234.0</ele>
      </trkpt>
      <trkpt lat="42.4021612" lon="82.47238">
        <ele>2234.0</ele>
      </trkpt>
      <trkpt lat="42.4020523" lon="82.4723898">
        <ele>2234.0</ele>
      </trkpt>
      <trkpt lat="42.4019495" lon="82.4724027">
        <ele>2234.0</ele>
      </trkpt>
      <trkpt lat="42.4018499" lon="82.4724162">
        <ele>2234.0</ele>
      </trkpt>
      <trkpt lat="42.4017447" lon="82.4724242">
        <ele>2236.0</ele>
      </trkpt>
      <trkpt lat="42.4016448" lon="82.4724322">
        <ele>2236.0</ele>
      </trkpt>
      <trkpt lat="42.4015407" lon="82.4724404">
        <ele>2236.0</ele>
      </trkpt>
      <trkpt lat="42.4014348" lon="82.4724494">
        <ele>2240.0</ele>
      </trkpt>
      <trkpt lat="42.4013279" lon="82.4724773">
        <ele>2240.0</ele>
      </trkpt>
      <trkpt lat="42.4012277" lon="82.4725288">
        <ele>2235.0</ele>
      </trkpt>
      <trkpt lat="42.4011364" lon="82.4725906">
        <ele>2235.0</ele>
      </trkpt>
      <trkpt lat="42.401043" lon="82.4726507">
        <ele>2249.0</ele>
      </trkpt>
      <trkpt lat="42.4009442" lon="82.4726959">
        <ele>2251.0</ele>
      </trkpt>
      <trkpt lat="42.4008509" lon="82.4726726">
        <ele>2251.0</ele>
      </trkpt>
      <trkpt lat="42.4007709" lon="82.4725873">
        <ele>2235.0</ele>
      </trkpt>
      <trkpt lat="42.4006896" lon="82.4724839">
        <ele>2237.0</ele>
      </trkpt>
      <trkpt lat="42.4005996" lon="82.4724311">
        <ele>2237.0</ele>
      </trkpt>
      <trkpt lat="42.4005027" lon="82.4724121">
        <ele>2237.0</ele>
      </trkpt>
      <trkpt lat="42.4004019" lon="82.4724188">
        <ele>2261.0</ele>
      </trkpt>
      <trkpt lat="42.4003003" lon="82.4724373">
        <ele>2261.0</ele>
      </trkpt>
      <trkpt lat="42.4002026" lon="82.4724658">
        <ele>2261.0</ele>
      </trkpt>
      <trkpt lat="42.4001031" lon="82.4725009">
        <ele>2256.0</ele>
      </trkpt>
      <trkpt lat="42.4000046" lon="82.4725186">
        <ele>2256.0</ele>
      </trkpt>
      <trkpt lat="42.3999037" lon="82.4725207">
        <ele>2256.0</ele>
      </trkpt>
      <trkpt lat="42.3998057" lon="82.4724791">
        <ele>2258.0</ele>
      </trkpt>
      <trkpt lat="42.3997255" lon="82.4724111">
        <ele>2258.0</ele>
      </trkpt>
      <trkpt lat="42.3997038" lon="82.4723541">
        <ele>2241.0</ele>
      </trkpt>
      <trkpt lat="42.3996858" lon="82.4722466">
        <ele>2241.0</ele>
      </trkpt>
      <trkpt lat="42.3996571" lon="82.4721148">
        <ele>2241.0</ele>
      </trkpt>
      <trkpt lat="42.3996121" lon="82.4719807">
        <ele>2233.0</ele>
      </trkpt>
      <trkpt lat="42.3995234" lon="82.4718977">
        <ele>2236.0</ele>
      </trkpt>
      <trkpt lat="42.3994141" lon="82.4718552">
        <ele>2236.0</ele>
      </trkpt>
      <trkpt lat="42.3993023" lon="82.4718023">
        <ele>2234.0</ele>
      </trkpt>
      <trkpt lat="42.3992166" lon="82.4717373">
        <ele>2234.0</ele>
      </trkpt>
      <trkpt lat="42.3991413" lon="82.4716419">
        <ele>2234.0</ele>
      </trkpt>
      <trkpt lat="42.3990475" lon="82.4715977">
        <ele>2234.0</ele>
      </trkpt>
      <trkpt lat="42.3989558" lon="82.4716399">
        <ele>2232.0</ele>
      </trkpt>
      <trkpt lat="42.3988733" lon="82.4717195">
        <ele>2232.0</ele>
      </trkpt>
      <trkpt lat="42.398778" lon="82.4717671">
        <ele>2232.0</ele>
      </trkpt>
      <trkpt lat="42.3986755" lon="82.4717776">
        <ele>2230.0</ele>
      </trkpt>
      <trkpt lat="42.3985766" lon="82.4717361">
        <ele>2230.0</ele>
      </trkpt>
      <trkpt lat="42.3984936" lon="82.4716414">
        <ele>2230.0</ele>
      </trkpt>
      <trkpt lat="42.3984492" lon="82.4715018">
        <ele>2222.0</ele>
      </trkpt>
      <trkpt lat="42.3984064" lon="82.4713567">
        <ele>2222.0</ele>
      </trkpt>
      <trkpt lat="42.3983294" lon="82.4712577">
        <ele>2222.0</ele>
      </trkpt>
      <trkpt lat="42.3982295" lon="82.4711872">
        <ele>2215.0</ele>
      </trkpt>
      <trkpt lat="42.3981406" lon="82.471131">
        <ele>2209.0</ele>
      </trkpt>
      <trkpt lat="42.3980432" lon="82.4710632">
        <ele>2209.0</ele>
      </trkpt>
      <trkpt lat="42.3979435" lon="82.471039">
        <ele>2209.0</ele>
      </trkpt>
      <trkpt lat="42.3978525" lon="82.4711079">
        <ele>2215.0</ele>
      </trkpt>
      <trkpt lat="42.3977949" lon="82.4712182">
        <ele>2215.0</ele>
      </trkpt>
      <trkpt lat="42.3977352" lon="82.4713282">
        <ele>2212.0</ele>
      </trkpt>
      <trkpt lat="42.3976689" lon="82.4714209">
        <ele>2212.0</ele>
      </trkpt>
      <trkpt lat="42.3975841" lon="82.4714626">
        <ele>2206.0</ele>
      </trkpt>
      <trkpt lat="42.3974965" lon="82.4715334">
        <ele>2206.0</ele>
      </trkpt>
      <trkpt lat="42.3974017" lon="82.4715846">
        <ele>2206.0</ele>
      </trkpt>
      <trkpt lat="42.3973076" lon="82.4716177">
        <ele>2206.0</ele>
      </trkpt>
      <trkpt lat="42.3972002" lon="82.4716373">
        <ele>2206.0</ele>
      </trkpt>
      <trkpt lat="42.3971003" lon="82.4716724">
        <ele>2206.0</ele>
      </trkpt>
      <trkpt lat="42.397008" lon="82.4717248">
        <ele>2208.0</ele>
      </trkpt>
      <trkpt lat="42.396919" lon="82.4717741">
        <ele>2208.0</ele>
      </trkpt>
      <trkpt lat="42.3968276" lon="82.4718313">
        <ele>2202.0</ele>
      </trkpt>
      <trkpt lat="42.3967592" lon="82.4718414">
        <ele>2205.0</ele>
      </trkpt>
      <trkpt lat="42.396722" lon="82.4719336">
        <ele>2205.0</ele>
      </trkpt>
      <trkpt lat="42.3966722" lon="82.4720513">
        <ele>2205.0</ele>
      </trkpt>
      <trkpt lat="42.3966117" lon="82.4721616">
        <ele>2201.0</ele>
      </trkpt>
      <trkpt lat="42.3965612" lon="82.4722749">
        <ele>2201.0</ele>
      </trkpt>
      <trkpt lat="42.3965037" lon="82.4723968">
        <ele>2197.0</ele>
      </trkpt>
      <trkpt lat="42.396431" lon="82.4725124">
        <ele>2197.0</ele>
      </trkpt>
      <trkpt lat="42.396345" lon="82.4725881">
        <ele>2197.0</ele>
      </trkpt>
      <trkpt lat="42.396241" lon="82.4726577">
        <ele>2195.0</ele>
      </trkpt>
      <trkpt lat="42.3961398" lon="82.4727368">
        <ele>2195.0</ele>
      </trkpt>
      <trkpt lat="42.3960387" lon="82.4728154">
        <ele>2195.0</ele>
      </trkpt>
      <trkpt lat="42.3959539" lon="82.4728814">
        <ele>2196.0</ele>
      </trkpt>
      <trkpt lat="42.395859" lon="82.4729496">
        <ele>2195.0</ele>
      </trkpt>
      <trkpt lat="42.3957533" lon="82.4730139">
        <ele>2195.0</ele>
      </trkpt>
      <trkpt lat="42.395655" lon="82.4730704">
        <ele>2200.0</ele>
      </trkpt>
      <trkpt lat="42.3955702" lon="82.4731302">
        <ele>2200.0</ele>
      </trkpt>
      <trkpt lat="42.3955445" lon="82.4731875">
        <ele>2200.0</ele>
      </trkpt>
      <trkpt lat="42.3955326" lon="82.4732967">
        <ele>2198.0</ele>
      </trkpt>
      <trkpt lat="42.3955296" lon="82.4734271">
        <ele>2198.0</ele>
      </trkpt>
      <trkpt lat="42.3955032" lon="82.4735666">
        <ele>2206.0</ele>
      </trkpt>
      <trkpt lat="42.3954429" lon="82.4735959">
        <ele>2206.0</ele>
      </trkpt>
      <trkpt lat="42.3953539" lon="82.473582">
        <ele>2215.0</ele>
      </trkpt>
      <trkpt lat="42.3952418" lon="82.4735494">
        <ele>2215.0</ele>
      </trkpt>
      <trkpt lat="42.3951446" lon="82.4735025">
        <ele>2215.0</ele>
      </trkpt>
      <trkpt lat="42.3950969" lon="82.4734494">
        <ele>2215.0</ele>
      </trkpt>
      <trkpt lat="42.3950238" lon="82.4733888">
        <ele>2215.0</ele>
      </trkpt>
      <trkpt lat="42.3949451" lon="82.4732975">
        <ele>2215.0</ele>
      </trkpt>
      <trkpt lat="42.3948635" lon="82.4731963">
        <ele>2215.0</ele>
      </trkpt>
      <trkpt lat="42.3947714" lon="82.4731333">
        <ele>2210.0</ele>
      </trkpt>
      <trkpt lat="42.3946794" lon="82.4730931">
        <ele>2210.0</ele>
      </trkpt>
      <trkpt lat="42.3945996" lon="82.4730311">
        <ele>2210.0</ele>
      </trkpt>
      <trkpt lat="42.3945121" lon="82.4729767">
        <ele>2214.0</ele>
      </trkpt>
      <trkpt lat="42.394416" lon="82.4729627">
        <ele>2214.0</ele>
      </trkpt>
      <trkpt lat="42.3943148" lon="82.4729793">
        <ele>2214.0</ele>
      </trkpt>
      <trkpt lat="42.394214" lon="82.4729865">
        <ele>2223.0</ele>
      </trkpt>
      <trkpt lat="42.3941121" lon="82.4729802">
        <ele>2223.0</ele>
      </trkpt>
      <trkpt lat="42.3940088" lon="82.4729478">
        <ele>2221.0</ele>
      </trkpt>
      <trkpt lat="42.3939139" lon="82.4728848">
        <ele>2229.0</ele>
      </trkpt>
      <trkpt lat="42.3938246" lon="82.4728093">
        <ele>2229.0</ele>
      </trkpt>
      <trkpt lat="42.3937347" lon="82.4727413">
        <ele>2235.0</ele>
      </trkpt>
      <trkpt lat="42.3936416" lon="82.4726859">
        <ele>2235.0</ele>
      </trkpt>
      <trkpt lat="42.3935435" lon="82.4726509">
        <ele>2235.0</ele>
      </trkpt>
      <trkpt lat="42.3934427" lon="82.4726385">
        <ele>2230.0</ele>
      </trkpt>
      <trkpt lat="42.3933415" lon="82.4726298">
        <ele>2230.0</ele>
      </trkpt>
      <trkpt lat="42.3932365" lon="82.4726236">
        <ele>2230.0</ele>
      </trkpt>
      <trkpt lat="42.3931321" lon="82.4726107">
        <ele>2223.0</ele>
      </trkpt>
      <trkpt lat="42.3930326" lon="82.4725773">
        <ele>2223.0</ele>
      </trkpt>
      <trkpt lat="42.3929416" lon="82.4725127">
        <ele>2223.0</ele>
      </trkpt>
      <trkpt lat="42.3928471" lon="82.4724479">
        <ele>2224.0</ele>
      </trkpt>
      <trkpt lat="42.3927467" lon="82.4723925">
        <ele>2224.0</ele>
      </trkpt>
      <trkpt lat="42.3926444" lon="82.4723365">
        <ele>2217.0</ele>
      </trkpt>
      <trkpt lat="42.3925442" lon="82.4722806">
        <ele>2216.0</ele>
      </trkpt>
      <trkpt lat="42.392445" lon="82.4722243">
        <ele>2216.0</ele>
      </trkpt>
      <trkpt lat="42.3923514" lon="82.4721614">
        <ele>2214.0</ele>
      </trkpt>
      <trkpt lat="42.3922596" lon="82.472094">
        <ele>2214.0</ele>
      </trkpt>
      <trkpt lat="42.3921608" lon="82.4720435">
        <ele>2216.0</ele>
      </trkpt>
      <trkpt lat="42.3920572" lon="82.472023">
        <ele>2212.0</ele>
      </trkpt>
      <trkpt lat="42.3919548" lon="82.4719962">
        <ele>2212.0</ele>
      </trkpt>
      <trkpt lat="42.3918649" lon="82.4719216">
        <ele>2212.0</ele>
      </trkpt>
      <trkpt lat="42.3917971" lon="82.4718111">
        <ele>2208.0</ele>
      </trkpt>
      <trkpt lat="42.3917363" lon="82.471683">
        <ele>2208.0</ele>
      </trkpt>
      <trkpt lat="42.3916667" lon="82.4715679">
        <ele>2208.0</ele>
      </trkpt>
      <trkpt lat="42.391583" lon="82.4714712">
        <ele>2209.0</ele>
      </trkpt>
      <trkpt lat="42.3914988" lon="82.4713838">
        <ele>2198.0</ele>
      </trkpt>
      <trkpt lat="42.3914149" lon="82.471294">
        <ele>2198.0</ele>
      </trkpt>
      <trkpt lat="42.3913391" lon="82.4712158">
        <ele>2201.0</ele>
      </trkpt>
      <trkpt lat="42.3912519" lon="82.4711321">
        <ele>2201.0</ele>
      </trkpt>
      <trkpt lat="42.3911808" lon="82.471133">
        <ele>2194.0</ele>
      </trkpt>
      <trkpt lat="42.3911337" lon="82.4710518">
        <ele>2194.0</ele>
      </trkpt>
      <trkpt lat="42.3910712" lon="82.4709611">
        <ele>2198.0</ele>
      </trkpt>
      <trkpt lat="42.3910635" lon="82.4708287">
        <ele>2198.0</ele>
      </trkpt>
      <trkpt lat="42.39107" lon="82.470699">
        <ele>2198.0</ele>
      </trkpt>
      <trkpt lat="42.391042" lon="82.4705681">
        <ele>2199.0</ele>
      </trkpt>
      <trkpt lat="42.3910056" lon="82.4704329">
        <ele>2199.0</ele>
      </trkpt>
      <trkpt lat="42.3909732" lon="82.4703001">
        <ele>2199.0</ele>
      </trkpt>
      <trkpt lat="42.3909375" lon="82.4701733">
        <ele>2198.0</ele>
      </trkpt>
      <trkpt lat="42.3909042" lon="82.4700509">
        <ele>2198.0</ele>
      </trkpt>
      <trkpt lat="42.3908707" lon="82.4699227">
        <ele>2198.0</ele>
      </trkpt>
      <trkpt lat="42.3908328" lon="82.4697861">
        <ele>2201.0</ele>
      </trkpt>
      <trkpt lat="42.3907999" lon="82.4696439">
        <ele>2201.0</ele>
      </trkpt>
      <trkpt lat="42.3907514" lon="82.4695238">
        <ele>2206.0</ele>
      </trkpt>
      <trkpt lat="42.3907115" lon="82.4694586">
        <ele>2206.0</ele>
      </trkpt>
      <trkpt lat="42.390647" lon="82.4693805">
        <ele>2201.0</ele>
      </trkpt>
      <trkpt lat="42.3905752" lon="82.4692892">
        <ele>2200.0</ele>
      </trkpt>
      <trkpt lat="42.3905029" lon="82.4691775">
        <ele>2200.0</ele>
      </trkpt>
      <trkpt lat="42.3904483" lon="82.4690571">
        <ele>2200.0</ele>
      </trkpt>
      <trkpt lat="42.3904603" lon="82.4689509">
        <ele>2207.0</ele>
      </trkpt>
      <trkpt lat="42.3904451" lon="82.4690631">
        <ele>2200.0</ele>
      </trkpt>
      <trkpt lat="42.3903712" lon="82.4691329">
        <ele>2196.0</ele>
      </trkpt>
      <trkpt lat="42.3903616" lon="82.4689944">
        <ele>2196.0</ele>
      </trkpt>
      <trkpt lat="42.39035" lon="82.4688583">
        <ele>2196.0</ele>
      </trkpt>
      <trkpt lat="42.3903496" lon="82.4687121">
        <ele>2198.0</ele>
      </trkpt>
      <trkpt lat="42.3903342" lon="82.4685667">
        <ele>2198.0</ele>
      </trkpt>
      <trkpt lat="42.3902925" lon="82.4684501">
        <ele>2198.0</ele>
      </trkpt>
      <trkpt lat="42.3902369" lon="82.4683443">
        <ele>2198.0</ele>
      </trkpt>
      <trkpt lat="42.390167" lon="82.4682546">
        <ele>2198.0</ele>
      </trkpt>
      <trkpt lat="42.3900874" lon="82.4681801">
        <ele>2192.0</ele>
      </trkpt>
      <trkpt lat="42.3899982" lon="82.4681306">
        <ele>2192.0</ele>
      </trkpt>
      <trkpt lat="42.3898993" lon="82.4681047">
        <ele>2192.0</ele>
      </trkpt>
      <trkpt lat="42.3898035" lon="82.4680782">
        <ele>2189.0</ele>
      </trkpt>
      <trkpt lat="42.3897104" lon="82.4680366">
        <ele>2189.0</ele>
      </trkpt>
      <trkpt lat="42.3896298" lon="82.4679711">
        <ele>2189.0</ele>
      </trkpt>
      <trkpt lat="42.3895532" lon="82.4679036">
        <ele>2187.0</ele>
      </trkpt>
      <trkpt lat="42.3895009" lon="82.4678018">
        <ele>2187.0</ele>
      </trkpt>
      <trkpt lat="42.3894719" lon="82.4676722">
        <ele>2187.0</ele>
      </trkpt>
      <trkpt lat="42.3894705" lon="82.4675333">
        <ele>2184.0</ele>
      </trkpt>
      <trkpt lat="42.3894708" lon="82.4673956">
        <ele>2184.0</ele>
      </trkpt>
      <trkpt lat="42.3894641" lon="82.4672555">
        <ele>2185.0</ele>
      </trkpt>
      <trkpt lat="42.3894521" lon="82.4671142">
        <ele>2185.0</ele>
      </trkpt>
      <trkpt lat="42.3894353" lon="82.4669626">
        <ele>2188.0</ele>
      </trkpt>
      <trkpt lat="42.3894048" lon="82.4668239">
        <ele>2188.0</ele>
      </trkpt>
      <trkpt lat="42.3893521" lon="82.4666974">
        <ele>2196.0</ele>
      </trkpt>
      <trkpt lat="42.389287" lon="82.4665787">
        <ele>2190.0</ele>
      </trkpt>
      <trkpt lat="42.3892233" lon="82.4664767">
        <ele>2195.0</ele>
      </trkpt>
      <trkpt lat="42.389143" lon="82.4664035">
        <ele>2195.0</ele>
      </trkpt>
      <trkpt lat="42.3890835" lon="82.4663115">
        <ele>2195.0</ele>
      </trkpt>
      <trkpt lat="42.3890192" lon="82.4662109">
        <ele>2184.0</ele>
      </trkpt>
      <trkpt lat="42.3889439" lon="82.466127">
        <ele>2184.0</ele>
      </trkpt>
      <trkpt lat="42.3888595" lon="82.4660672">
        <ele>2184.0</ele>
      </trkpt>
      <trkpt lat="42.3887743" lon="82.4660013">
        <ele>2184.0</ele>
      </trkpt>
      <trkpt lat="42.3887169" lon="82.4658928">
        <ele>2171.0</ele>
      </trkpt>
      <trkpt lat="42.3886885" lon="82.4657492">
        <ele>2171.0</ele>
      </trkpt>
      <trkpt lat="42.3886862" lon="82.4656033">
        <ele>2174.0</ele>
      </trkpt>
      <trkpt lat="42.3886257" lon="82.4655371">
        <ele>2174.0</ele>
      </trkpt>
      <trkpt lat="42.3885529" lon="82.4655043">
        <ele>2174.0</ele>
      </trkpt>
      <trkpt lat="42.38847" lon="82.4654654">
        <ele>2180.0</ele>
      </trkpt>
      <trkpt lat="42.3883644" lon="82.4654798">
        <ele>2180.0</ele>
      </trkpt>
      <trkpt lat="42.3883016" lon="82.4654778">
        <ele>2180.0</ele>
      </trkpt>
      <trkpt lat="42.3882252" lon="82.4655131">
        <ele>2180.0</ele>
      </trkpt>
      <trkpt lat="42.3881304" lon="82.4655458">
        <ele>2177.0</ele>
      </trkpt>
      <trkpt lat="42.3880292" lon="82.4655527">
        <ele>2177.0</ele>
      </trkpt>
      <trkpt lat="42.3879118" lon="82.4655426">
        <ele>2178.0</ele>
      </trkpt>
      <trkpt lat="42.3877822" lon="82.4655289">
        <ele>2178.0</ele>
      </trkpt>
      <trkpt lat="42.387669" lon="82.4655578">
        <ele>2178.0</ele>
      </trkpt>
      <trkpt lat="42.3875689" lon="82.4655602">
        <ele>2185.0</ele>
      </trkpt>
      <trkpt lat="42.3874579" lon="82.4655438">
        <ele>2185.0</ele>
      </trkpt>
      <trkpt lat="42.3873593" lon="82.4655389">
        <ele>2189.0</ele>
      </trkpt>
      <trkpt lat="42.3872524" lon="82.4655516">
        <ele>2189.0</ele>
      </trkpt>
      <trkpt lat="42.3871464" lon="82.4655708">
        <ele>2189.0</ele>
      </trkpt>
      <trkpt lat="42.3870331" lon="82.4655781">
        <ele>2184.0</ele>
      </trkpt>
      <trkpt lat="42.3869322" lon="82.4655767">
        <ele>2184.0</ele>
      </trkpt>
      <trkpt lat="42.3868233" lon="82.465573">
        <ele>2184.0</ele>
      </trkpt>
      <trkpt lat="42.3867094" lon="82.4655695">
        <ele>2177.0</ele>
      </trkpt>
      <trkpt lat="42.3865947" lon="82.4655565">
        <ele>2177.0</ele>
      </trkpt>
      <trkpt lat="42.3864818" lon="82.4655313">
        <ele>2173.0</ele>
      </trkpt>
      <trkpt lat="42.3863737" lon="82.4654849">
        <ele>2173.0</ele>
      </trkpt>
      <trkpt lat="42.3862701" lon="82.4654287">
        <ele>2173.0</ele>
      </trkpt>
      <trkpt lat="42.3861748" lon="82.4653806">
        <ele>2177.0</ele>
      </trkpt>
      <trkpt lat="42.3860774" lon="82.4653418">
        <ele>2177.0</ele>
      </trkpt>
      <trkpt lat="42.3859717" lon="82.4653045">
        <ele>2172.0</ele>
      </trkpt>
      <trkpt lat="42.3858671" lon="82.4652856">
        <ele>2172.0</ele>
      </trkpt>
      <trkpt lat="42.3857617" lon="82.4652829">
        <ele>2172.0</ele>
      </trkpt>
      <trkpt lat="42.3856519" lon="82.4652839">
        <ele>2167.0</ele>
      </trkpt>
      <trkpt lat="42.3855437" lon="82.4652915">
        <ele>2167.0</ele>
      </trkpt>
      <trkpt lat="42.3854364" lon="82.4653151">
        <ele>2167.0</ele>
      </trkpt>
      <trkpt lat="42.385336" lon="82.4653573">
        <ele>2165.0</ele>
      </trkpt>
      <trkpt lat="42.3852394" lon="82.4654015">
        <ele>2165.0</ele>
      </trkpt>
      <trkpt lat="42.3851433" lon="82.4654505">
        <ele>2167.0</ele>
      </trkpt>
      <trkpt lat="42.3850424" lon="82.4655028">
        <ele>2166.0</ele>
      </trkpt>
      <trkpt lat="42.3849383" lon="82.4655265">
        <ele>2166.0</ele>
      </trkpt>
      <trkpt lat="42.3848299" lon="82.4655225">
        <ele>2167.0</ele>
      </trkpt>
      <trkpt lat="42.3847206" lon="82.4655104">
        <ele>2167.0</ele>
      </trkpt>
      <trkpt lat="42.3846048" lon="82.4654974">
        <ele>2167.0</ele>
      </trkpt>
      <trkpt lat="42.3845038" lon="82.4654819">
        <ele>2164.0</ele>
      </trkpt>
      <trkpt lat="42.3843986" lon="82.4654587">
        <ele>2164.0</ele>
      </trkpt>
      <trkpt lat="42.3842956" lon="82.4654331">
        <ele>2162.0</ele>
      </trkpt>
      <trkpt lat="42.3841898" lon="82.4654458">
        <ele>2162.0</ele>
      </trkpt>
      <trkpt lat="42.3840947" lon="82.4655192">
        <ele>2162.0</ele>
      </trkpt>
      <trkpt lat="42.3840234" lon="82.4656313">
        <ele>2160.0</ele>
      </trkpt>
      <trkpt lat="42.3840068" lon="82.4657782">
        <ele>2168.0</ele>
      </trkpt>
      <trkpt lat="42.3840112" lon="82.4659156">
        <ele>2168.0</ele>
      </trkpt>
      <trkpt lat="42.3840068" lon="82.4660462">
        <ele>2173.0</ele>
      </trkpt>
      <trkpt lat="42.3839809" lon="82.4661761">
        <ele>2173.0</ele>
      </trkpt>
      <trkpt lat="42.3839486" lon="82.4662492">
        <ele>2173.0</ele>
      </trkpt>
      <trkpt lat="42.383967" lon="82.4663589">
        <ele>2174.0</ele>
      </trkpt>
      <trkpt lat="42.3839417" lon="82.4664717">
        <ele>2174.0</ele>
      </trkpt>
      <trkpt lat="42.3838706" lon="82.4665479">
        <ele>2175.0</ele>
      </trkpt>
      <trkpt lat="42.383778" lon="82.4666005">
        <ele>2175.0</ele>
      </trkpt>
      <trkpt lat="42.3836793" lon="82.4666634">
        <ele>2178.0</ele>
      </trkpt>
      <trkpt lat="42.3835903" lon="82.4667497">
        <ele>2178.0</ele>
      </trkpt>
      <trkpt lat="42.383495" lon="82.4668259">
        <ele>2177.0</ele>
      </trkpt>
      <trkpt lat="42.3833968" lon="82.4668933">
        <ele>2162.0</ele>
      </trkpt>
      <trkpt lat="42.3832963" lon="82.4669505">
        <ele>2162.0</ele>
      </trkpt>
      <trkpt lat="42.3831909" lon="82.467003">
        <ele>2157.0</ele>
      </trkpt>
      <trkpt lat="42.3830822" lon="82.4670402">
        <ele>2157.0</ele>
      </trkpt>
      <trkpt lat="42.3829746" lon="82.4670774">
        <ele>2157.0</ele>
      </trkpt>
      <trkpt lat="42.3828703" lon="82.4671266">
        <ele>2150.0</ele>
      </trkpt>
      <trkpt lat="42.3827714" lon="82.4671915">
        <ele>2150.0</ele>
      </trkpt>
      <trkpt lat="42.3826737" lon="82.4672545">
        <ele>2150.0</ele>
      </trkpt>
      <trkpt lat="42.3825739" lon="82.467309">
        <ele>2143.0</ele>
      </trkpt>
      <trkpt lat="42.3824752" lon="82.4673442">
        <ele>2143.0</ele>
      </trkpt>
      <trkpt lat="42.3823789" lon="82.4673672">
        <ele>2146.0</ele>
      </trkpt>
      <trkpt lat="42.3822797" lon="82.4673902">
        <ele>2144.0</ele>
      </trkpt>
      <trkpt lat="42.3821795" lon="82.4674208">
        <ele>2144.0</ele>
      </trkpt>
      <trkpt lat="42.382077" lon="82.4674585">
        <ele>2140.0</ele>
      </trkpt>
      <trkpt lat="42.3819707" lon="82.4674651">
        <ele>2140.0</ele>
      </trkpt>
      <trkpt lat="42.3818756" lon="82.4674025">
        <ele>2140.0</ele>
      </trkpt>
      <trkpt lat="42.3818008" lon="82.4672935">
        <ele>2133.0</ele>
      </trkpt>
      <trkpt lat="42.3817319" lon="82.4671869">
        <ele>2133.0</ele>
      </trkpt>
      <trkpt lat="42.3816965" lon="82.4672221">
        <ele>2133.0</ele>
      </trkpt>
      <trkpt lat="42.3816754" lon="82.467132">
        <ele>2133.0</ele>
      </trkpt>
      <trkpt lat="42.3816239" lon="82.4670265">
        <ele>2132.0</ele>
      </trkpt>
      <trkpt lat="42.3815539" lon="82.4669147">
        <ele>2132.0</ele>
      </trkpt>
      <trkpt lat="42.3815176" lon="82.4667889">
        <ele>2135.0</ele>
      </trkpt>
      <trkpt lat="42.3814858" lon="82.466663">
        <ele>2135.0</ele>
      </trkpt>
      <trkpt lat="42.3814608" lon="82.4665358">
        <ele>2135.0</ele>
      </trkpt>
      <trkpt lat="42.3813923" lon="82.4664605">
        <ele>2148.0</ele>
      </trkpt>
      <trkpt lat="42.3812999" lon="82.4664427">
        <ele>2148.0</ele>
      </trkpt>
      <trkpt lat="42.3811934" lon="82.4664608">
        <ele>2150.0</ele>
      </trkpt>
      <trkpt lat="42.3810978" lon="82.4664481">
        <ele>2150.0</ele>
      </trkpt>
      <trkpt lat="42.381012" lon="82.4664084">
        <ele>2150.0</ele>
      </trkpt>
      <trkpt lat="42.3809222" lon="82.4663727">
        <ele>2149.0</ele>
      </trkpt>
      <trkpt lat="42.380832" lon="82.4663647">
        <ele>2149.0</ele>
      </trkpt>
      <trkpt lat="42.3807338" lon="82.4663855">
        <ele>2149.0</ele>
      </trkpt>
      <trkpt lat="42.3806379" lon="82.4664203">
        <ele>2147.0</ele>
      </trkpt>
      <trkpt lat="42.3805393" lon="82.466463">
        <ele>2147.0</ele>
      </trkpt>
      <trkpt lat="42.3804452" lon="82.466508">
        <ele>2147.0</ele>
      </trkpt>
      <trkpt lat="42.3803531" lon="82.4665567">
        <ele>2144.0</ele>
      </trkpt>
      <trkpt lat="42.3802603" lon="82.4666027">
        <ele>2144.0</ele>
      </trkpt>
      <trkpt lat="42.3801603" lon="82.466654">
        <ele>2144.0</ele>
      </trkpt>
      <trkpt lat="42.3800549" lon="82.4667081">
        <ele>2147.0</ele>
      </trkpt>
      <trkpt lat="42.3799464" lon="82.4667571">
        <ele>2147.0</ele>
      </trkpt>
      <trkpt lat="42.3798517" lon="82.4667861">
        <ele>2145.0</ele>
      </trkpt>
      <trkpt lat="42.3797529" lon="82.4667915">
        <ele>2145.0</ele>
      </trkpt>
      <trkpt lat="42.3796536" lon="82.4667815">
        <ele>2145.0</ele>
      </trkpt>
      <trkpt lat="42.3795515" lon="82.4667748">
        <ele>2144.0</ele>
      </trkpt>
      <trkpt lat="42.3794503" lon="82.4667806">
        <ele>2144.0</ele>
      </trkpt>
      <trkpt lat="42.3793496" lon="82.4668009">
        <ele>2144.0</ele>
      </trkpt>
      <trkpt lat="42.3792482" lon="82.4668322">
        <ele>2141.0</ele>
      </trkpt>
      <trkpt lat="42.3791494" lon="82.4668663">
        <ele>2141.0</ele>
      </trkpt>
      <trkpt lat="42.3790505" lon="82.4668995">
        <ele>2141.0</ele>
      </trkpt>
      <trkpt lat="42.3789535" lon="82.4669324">
        <ele>2141.0</ele>
      </trkpt>
      <trkpt lat="42.3788556" lon="82.4669662">
        <ele>2141.0</ele>
      </trkpt>
      <trkpt lat="42.3787557" lon="82.4670053">
        <ele>2141.0</ele>
      </trkpt>
      <trkpt lat="42.3786541" lon="82.4670444">
        <ele>2143.0</ele>
      </trkpt>
      <trkpt lat="42.3785559" lon="82.467084">
        <ele>2139.0</ele>
      </trkpt>
      <trkpt lat="42.3784581" lon="82.4671331">
        <ele>2145.0</ele>
      </trkpt>
      <trkpt lat="42.3783622" lon="82.4671838">
        <ele>2145.0</ele>
      </trkpt>
      <trkpt lat="42.3782697" lon="82.4672414">
        <ele>2145.0</ele>
      </trkpt>
      <trkpt lat="42.3781792" lon="82.4673082">
        <ele>2147.0</ele>
      </trkpt>
      <trkpt lat="42.3780829" lon="82.4673678">
        <ele>2143.0</ele>
      </trkpt>
      <trkpt lat="42.3779857" lon="82.4674255">
        <ele>2143.0</ele>
      </trkpt>
      <trkpt lat="42.3778882" lon="82.4674766">
        <ele>2144.0</ele>
      </trkpt>
      <trkpt lat="42.3777893" lon="82.4675327">
        <ele>2144.0</ele>
      </trkpt>
      <trkpt lat="42.377688" lon="82.4675756">
        <ele>2144.0</ele>
      </trkpt>
      <trkpt lat="42.3775891" lon="82.4676154">
        <ele>2144.0</ele>
      </trkpt>
      <trkpt lat="42.3774907" lon="82.4676554">
        <ele>2135.0</ele>
      </trkpt>
      <trkpt lat="42.3773914" lon="82.4676937">
        <ele>2135.0</ele>
      </trkpt>
      <trkpt lat="42.3772932" lon="82.4677323">
        <ele>2136.0</ele>
      </trkpt>
      <trkpt lat="42.3771926" lon="82.4677486">
        <ele>2136.0</ele>
      </trkpt>
      <trkpt lat="42.3770947" lon="82.4677459">
        <ele>2136.0</ele>
      </trkpt>
      <trkpt lat="42.3769954" lon="82.4677295">
        <ele>2134.0</ele>
      </trkpt>
      <trkpt lat="42.3768958" lon="82.4677116">
        <ele>2134.0</ele>
      </trkpt>
      <trkpt lat="42.3767909" lon="82.4676967">
        <ele>2134.0</ele>
      </trkpt>
      <trkpt lat="42.3766787" lon="82.4676938">
        <ele>2134.0</ele>
      </trkpt>
      <trkpt lat="42.3765731" lon="82.4676918">
        <ele>2134.0</ele>
      </trkpt>
      <trkpt lat="42.3764679" lon="82.4676917">
        <ele>2141.0</ele>
      </trkpt>
      <trkpt lat="42.376364" lon="82.4676942">
        <ele>2141.0</ele>
      </trkpt>
      <trkpt lat="42.3762579" lon="82.4676926">
        <ele>2141.0</ele>
      </trkpt>
      <trkpt lat="42.3761599" lon="82.4676875">
        <ele>2154.0</ele>
      </trkpt>
      <trkpt lat="42.376063" lon="82.4676518">
        <ele>2154.0</ele>
      </trkpt>
      <trkpt lat="42.3759653" lon="82.4676082">
        <ele>2163.0</ele>
      </trkpt>
      <trkpt lat="42.3758698" lon="82.4675662">
        <ele>2163.0</ele>
      </trkpt>
      <trkpt lat="42.3757739" lon="82.4675638">
        <ele>2163.0</ele>
      </trkpt>
      <trkpt lat="42.3756867" lon="82.4676178">
        <ele>2164.0</ele>
      </trkpt>
      <trkpt lat="42.3756077" lon="82.467693">
        <ele>2164.0</ele>
      </trkpt>
      <trkpt lat="42.3755294" lon="82.4677769">
        <ele>2164.0</ele>
      </trkpt>
      <trkpt lat="42.3754422" lon="82.4678556">
        <ele>2164.0</ele>
      </trkpt>
      <trkpt lat="42.3753439" lon="82.4679052">
        <ele>2164.0</ele>
      </trkpt>
      <trkpt lat="42.375246" lon="82.4679387">
        <ele>2160.0</ele>
      </trkpt>
      <trkpt lat="42.3751499" lon="82.4679295">
        <ele>2160.0</ele>
      </trkpt>
      <trkpt lat="42.3750669" lon="82.4678672">
        <ele>2163.0</ele>
      </trkpt>
      <trkpt lat="42.375002" lon="82.4677568">
        <ele>2163.0</ele>
      </trkpt>
      <trkpt lat="42.3749617" lon="82.4676221">
        <ele>2164.0</ele>
      </trkpt>
      <trkpt lat="42.3749325" lon="82.4674805">
        <ele>2164.0</ele>
      </trkpt>
      <trkpt lat="42.3748914" lon="82.4673502">
        <ele>2163.0</ele>
      </trkpt>
      <trkpt lat="42.3748197" lon="82.4672478">
        <ele>2153.0</ele>
      </trkpt>
      <trkpt lat="42.3747348" lon="82.4671691">
        <ele>2153.0</ele>
      </trkpt>
      <trkpt lat="42.374645" lon="82.4670979">
        <ele>2153.0</ele>
      </trkpt>
      <trkpt lat="42.3745529" lon="82.4670231">
        <ele>2150.0</ele>
      </trkpt>
      <trkpt lat="42.3744686" lon="82.4669419">
        <ele>2150.0</ele>
      </trkpt>
      <trkpt lat="42.3743858" lon="82.4668514">
        <ele>2150.0</ele>
      </trkpt>
      <trkpt lat="42.374307" lon="82.4667558">
        <ele>2151.0</ele>
      </trkpt>
      <trkpt lat="42.3742206" lon="82.4666822">
        <ele>2144.0</ele>
      </trkpt>
      <trkpt lat="42.3741257" lon="82.4666521">
        <ele>2144.0</ele>
      </trkpt>
      <trkpt lat="42.3740231" lon="82.466638">
        <ele>2137.0</ele>
      </trkpt>
      <trkpt lat="42.3739227" lon="82.4666259">
        <ele>2137.0</ele>
      </trkpt>
      <trkpt lat="42.3738276" lon="82.466626">
        <ele>2137.0</ele>
      </trkpt>
      <trkpt lat="42.373725" lon="82.4666509">
        <ele>2133.0</ele>
      </trkpt>
      <trkpt lat="42.3736385" lon="82.4667072">
        <ele>2133.0</ele>
      </trkpt>
      <trkpt lat="42.3735596" lon="82.4667752">
        <ele>2133.0</ele>
      </trkpt>
      <trkpt lat="42.3734683" lon="82.4668402">
        <ele>2136.0</ele>
      </trkpt>
      <trkpt lat="42.3733675" lon="82.4668975">
        <ele>2136.0</ele>
      </trkpt>
      <trkpt lat="42.3732655" lon="82.4669369">
        <ele>2136.0</ele>
      </trkpt>
      <trkpt lat="42.3731642" lon="82.4669342">
        <ele>2133.0</ele>
      </trkpt>
      <trkpt lat="42.3730643" lon="82.4669209">
        <ele>2133.0</ele>
      </trkpt>
      <trkpt lat="42.3729937" lon="82.4669839">
        <ele>2133.0</ele>
      </trkpt>
      <trkpt lat="42.3729563" lon="82.4670935">
        <ele>2156.0</ele>
      </trkpt>
      <trkpt lat="42.3729025" lon="82.4671933">
        <ele>2149.0</ele>
      </trkpt>
      <trkpt lat="42.3728226" lon="82.4672546">
        <ele>2149.0</ele>
      </trkpt>
      <trkpt lat="42.3727746" lon="82.4672455">
        <ele>2149.0</ele>
      </trkpt>
      <trkpt lat="42.3726935" lon="82.4672529">
        <ele>2149.0</ele>
      </trkpt>
      <trkpt lat="42.3726025" lon="82.4672766">
        <ele>2130.0</ele>
      </trkpt>
      <trkpt lat="42.3725111" lon="82.4673082">
        <ele>2130.0</ele>
      </trkpt>
      <trkpt lat="42.372405" lon="82.4673319">
        <ele>2130.0</ele>
      </trkpt>
      <trkpt lat="42.3723086" lon="82.4673647">
        <ele>2126.0</ele>
      </trkpt>
      <trkpt lat="42.3722193" lon="82.4674356">
        <ele>2126.0</ele>
      </trkpt>
      <trkpt lat="42.3721373" lon="82.4675106">
        <ele>2126.0</ele>
      </trkpt>
      <trkpt lat="42.372065" lon="82.4675962">
        <ele>2117.0</ele>
      </trkpt>
      <trkpt lat="42.3720014" lon="82.467693">
        <ele>2121.0</ele>
      </trkpt>
      <trkpt lat="42.3719337" lon="82.4677987">
        <ele>2121.0</ele>
      </trkpt>
      <trkpt lat="42.3718611" lon="82.4679033">
        <ele>2121.0</ele>
      </trkpt>
      <trkpt lat="42.3717778" lon="82.4679867">
        <ele>2117.0</ele>
      </trkpt>
      <trkpt lat="42.3717076" lon="82.4680867">
        <ele>2117.0</ele>
      </trkpt>
      <trkpt lat="42.371677" lon="82.468217">
        <ele>2122.0</ele>
      </trkpt>
      <trkpt lat="42.3716421" lon="82.4683538">
        <ele>2122.0</ele>
      </trkpt>
      <trkpt lat="42.3715899" lon="82.468475">
        <ele>2125.0</ele>
      </trkpt>
      <trkpt lat="42.3715253" lon="82.468581">
        <ele>2122.0</ele>
      </trkpt>
      <trkpt lat="42.3714641" lon="82.4686967">
        <ele>2122.0</ele>
      </trkpt>
      <trkpt lat="42.3714174" lon="82.4688218">
        <ele>2123.0</ele>
      </trkpt>
      <trkpt lat="42.3713799" lon="82.4689384">
        <ele>2123.0</ele>
      </trkpt>
      <trkpt lat="42.3713301" lon="82.4690479">
        <ele>2126.0</ele>
      </trkpt>
      <trkpt lat="42.3712734" lon="82.4691528">
        <ele>2126.0</ele>
      </trkpt>
      <trkpt lat="42.3712133" lon="82.4692552">
        <ele>2122.0</ele>
      </trkpt>
      <trkpt lat="42.3711469" lon="82.4693522">
        <ele>2128.0</ele>
      </trkpt>
      <trkpt lat="42.3710778" lon="82.4694561">
        <ele>2128.0</ele>
      </trkpt>
      <trkpt lat="42.3710188" lon="82.4695681">
        <ele>2128.0</ele>
      </trkpt>
      <trkpt lat="42.3709793" lon="82.4696842">
        <ele>2135.0</ele>
      </trkpt>
      <trkpt lat="42.3709436" lon="82.4698118">
        <ele>2125.0</ele>
      </trkpt>
      <trkpt lat="42.3709205" lon="82.4699477">
        <ele>2129.0</ele>
      </trkpt>
      <trkpt lat="42.3709074" lon="82.4700877">
        <ele>2129.0</ele>
      </trkpt>
      <trkpt lat="42.3708933" lon="82.4702308">
        <ele>2128.0</ele>
      </trkpt>
      <trkpt lat="42.3708821" lon="82.470381">
        <ele>2128.0</ele>
      </trkpt>
      <trkpt lat="42.3708473" lon="82.4705217">
        <ele>2130.0</ele>
      </trkpt>
      <trkpt lat="42.3707803" lon="82.470637">
        <ele>2130.0</ele>
      </trkpt>
      <trkpt lat="42.3706867" lon="82.4707284">
        <ele>2122.0</ele>
      </trkpt>
      <trkpt lat="42.3705979" lon="82.4708182">
        <ele>2122.0</ele>
      </trkpt>
      <trkpt lat="42.3705154" lon="82.4709213">
        <ele>2122.0</ele>
      </trkpt>
      <trkpt lat="42.3704498" lon="82.4710356">
        <ele>2127.0</ele>
      </trkpt>
      <trkpt lat="42.3703859" lon="82.471157">
        <ele>2117.0</ele>
      </trkpt>
      <trkpt lat="42.3703293" lon="82.471282">
        <ele>2118.0</ele>
      </trkpt>
      <trkpt lat="42.3702726" lon="82.4714081">
        <ele>2118.0</ele>
      </trkpt>
      <trkpt lat="42.3702173" lon="82.4715211">
        <ele>2118.0</ele>
      </trkpt>
      <trkpt lat="42.3702017" lon="82.4715632">
        <ele>2121.0</ele>
      </trkpt>
      <trkpt lat="42.3701562" lon="82.4716421">
        <ele>2121.0</ele>
      </trkpt>
      <trkpt lat="42.3700876" lon="82.4717356">
        <ele>2112.0</ele>
      </trkpt>
      <trkpt lat="42.3700252" lon="82.4718378">
        <ele>2114.0</ele>
      </trkpt>
      <trkpt lat="42.3699591" lon="82.4719437">
        <ele>2114.0</ele>
      </trkpt>
      <trkpt lat="42.3698835" lon="82.4720429">
        <ele>2114.0</ele>
      </trkpt>
      <trkpt lat="42.3698035" lon="82.4721275">
        <ele>2109.0</ele>
      </trkpt>
      <trkpt lat="42.3697095" lon="82.4722053">
        <ele>2109.0</ele>
      </trkpt>
      <trkpt lat="42.3696172" lon="82.4722918">
        <ele>2109.0</ele>
      </trkpt>
      <trkpt lat="42.3695353" lon="82.4723756">
        <ele>2109.0</ele>
      </trkpt>
      <trkpt lat="42.3694549" lon="82.4724636">
        <ele>2109.0</ele>
      </trkpt>
      <trkpt lat="42.3693777" lon="82.4725535">
        <ele>2109.0</ele>
      </trkpt>
      <trkpt lat="42.3692916" lon="82.4726324">
        <ele>2103.0</ele>
      </trkpt>
      <trkpt lat="42.3691929" lon="82.4726756">
        <ele>2102.0</ele>
      </trkpt>
      <trkpt lat="42.3690884" lon="82.4727036">
        <ele>2102.0</ele>
      </trkpt>
      <trkpt lat="42.36901" lon="82.4727347">
        <ele>2104.0</ele>
      </trkpt>
      <trkpt lat="42.3689294" lon="82.4727764">
        <ele>2104.0</ele>
      </trkpt>
      <trkpt lat="42.3688404" lon="82.4727921">
        <ele>2104.0</ele>
      </trkpt>
      <trkpt lat="42.3687462" lon="82.472789">
        <ele>2107.0</ele>
      </trkpt>
      <trkpt lat="42.3686425" lon="82.4727985">
        <ele>2107.0</ele>
      </trkpt>
      <trkpt lat="42.3686425" lon="82.4728376">
        <ele>2107.0</ele>
      </trkpt>
      <trkpt lat="42.3685853" lon="82.4728303">
        <ele>2107.0</ele>
      </trkpt>
      <trkpt lat="42.3685076" lon="82.4728802">
        <ele>2107.0</ele>
      </trkpt>
      <trkpt lat="42.3684402" lon="82.4729734">
        <ele>2107.0</ele>
      </trkpt>
      <trkpt lat="42.3683692" lon="82.4730768">
        <ele>2107.0</ele>
      </trkpt>
      <trkpt lat="42.368298" lon="82.4731809">
        <ele>2107.0</ele>
      </trkpt>
      <trkpt lat="42.3682199" lon="82.4732644">
        <ele>2108.0</ele>
      </trkpt>
      <trkpt lat="42.3681292" lon="82.4733333">
        <ele>2101.0</ele>
      </trkpt>
      <trkpt lat="42.3680401" lon="82.4734087">
        <ele>2101.0</ele>
      </trkpt>
      <trkpt lat="42.3679507" lon="82.4734958">
        <ele>2103.0</ele>
      </trkpt>
      <trkpt lat="42.3678637" lon="82.4735669">
        <ele>2102.0</ele>
      </trkpt>
      <trkpt lat="42.3677829" lon="82.4736318">
        <ele>2102.0</ele>
      </trkpt>
      <trkpt lat="42.3676884" lon="82.4736813">
        <ele>2102.0</ele>
      </trkpt>
      <trkpt lat="42.3675935" lon="82.4737138">
        <ele>2106.0</ele>
      </trkpt>
      <trkpt lat="42.3674974" lon="82.473727">
        <ele>2106.0</ele>
      </trkpt>
      <trkpt lat="42.367403" lon="82.473727">
        <ele>2106.0</ele>
      </trkpt>
      <trkpt lat="42.3673074" lon="82.4737239">
        <ele>2110.0</ele>
      </trkpt>
      <trkpt lat="42.3672069" lon="82.4737355">
        <ele>2110.0</ele>
      </trkpt>
      <trkpt lat="42.3671072" lon="82.4737607">
        <ele>2125.0</ele>
      </trkpt>
      <trkpt lat="42.3670127" lon="82.4737816">
        <ele>2121.0</ele>
      </trkpt>
      <trkpt lat="42.3669158" lon="82.4738201">
        <ele>2121.0</ele>
      </trkpt>
      <trkpt lat="42.3668222" lon="82.4738526">
        <ele>2121.0</ele>
      </trkpt>
      <trkpt lat="42.3667348" lon="82.473889">
        <ele>2130.0</ele>
      </trkpt>
      <trkpt lat="42.3666371" lon="82.4739118">
        <ele>2130.0</ele>
      </trkpt>
      <trkpt lat="42.3665311" lon="82.473908">
        <ele>2130.0</ele>
      </trkpt>
      <trkpt lat="42.3664317" lon="82.4738522">
        <ele>2135.0</ele>
      </trkpt>
      <trkpt lat="42.3663555" lon="82.4737533">
        <ele>2135.0</ele>
      </trkpt>
      <trkpt lat="42.3662851" lon="82.4736437">
        <ele>2124.0</ele>
      </trkpt>
      <trkpt lat="42.3662114" lon="82.4735583">
        <ele>2134.0</ele>
      </trkpt>
      <trkpt lat="42.3661259" lon="82.4734898">
        <ele>2134.0</ele>
      </trkpt>
      <trkpt lat="42.3660465" lon="82.4733982">
        <ele>2121.0</ele>
      </trkpt>
      <trkpt lat="42.3659658" lon="82.4733151">
        <ele>2122.0</ele>
      </trkpt>
      <trkpt lat="42.3658725" lon="82.47326">
        <ele>2122.0</ele>
      </trkpt>
      <trkpt lat="42.3658286" lon="82.4732351">
        <ele>2122.0</ele>
      </trkpt>
      <trkpt lat="42.365747" lon="82.4732032">
        <ele>2122.0</ele>
      </trkpt>
      <trkpt lat="42.3656591" lon="82.4731731">
        <ele>2107.0</ele>
      </trkpt>
      <trkpt lat="42.3655561" lon="82.4731517">
        <ele>2107.0</ele>
      </trkpt>
      <trkpt lat="42.3654497" lon="82.473163">
        <ele>2107.0</ele>
      </trkpt>
      <trkpt lat="42.3653747" lon="82.4732018">
        <ele>2104.0</ele>
      </trkpt>
      <trkpt lat="42.3652799" lon="82.4732285">
        <ele>2104.0</ele>
      </trkpt>
      <trkpt lat="42.3652194" lon="82.4732805">
        <ele>2104.0</ele>
      </trkpt>
      <trkpt lat="42.3651863" lon="82.4733899">
        <ele>2104.0</ele>
      </trkpt>
      <trkpt lat="42.3651423" lon="82.473516">
        <ele>2111.0</ele>
      </trkpt>
      <trkpt lat="42.3650875" lon="82.4736454">
        <ele>2097.0</ele>
      </trkpt>
      <trkpt lat="42.365033" lon="82.473759">
        <ele>2100.0</ele>
      </trkpt>
      <trkpt lat="42.3649656" lon="82.4738678">
        <ele>2100.0</ele>
      </trkpt>
      <trkpt lat="42.3648903" lon="82.4739771">
        <ele>2100.0</ele>
      </trkpt>
      <trkpt lat="42.3648129" lon="82.4740633">
        <ele>2090.0</ele>
      </trkpt>
      <trkpt lat="42.3647366" lon="82.4741356">
        <ele>2090.0</ele>
      </trkpt>
      <trkpt lat="42.3646516" lon="82.4742036">
        <ele>2090.0</ele>
      </trkpt>
      <trkpt lat="42.3645588" lon="82.4742583">
        <ele>2077.0</ele>
      </trkpt>
      <trkpt lat="42.3644674" lon="82.4742962">
        <ele>2077.0</ele>
      </trkpt>
      <trkpt lat="42.3643692" lon="82.4743198">
        <ele>2087.0</ele>
      </trkpt>
      <trkpt lat="42.364268" lon="82.4743262">
        <ele>2083.0</ele>
      </trkpt>
      <trkpt lat="42.3641688" lon="82.4743521">
        <ele>2083.0</ele>
      </trkpt>
      <trkpt lat="42.3640829" lon="82.4744278">
        <ele>2083.0</ele>
      </trkpt>
      <trkpt lat="42.3640119" lon="82.4745289">
        <ele>2083.0</ele>
      </trkpt>
      <trkpt lat="42.3639337" lon="82.4746297">
        <ele>2086.0</ele>
      </trkpt>
      <trkpt lat="42.3638478" lon="82.4747263">
        <ele>2086.0</ele>
      </trkpt>
      <trkpt lat="42.3637496" lon="82.4747817">
        <ele>2085.0</ele>
      </trkpt>
      <trkpt lat="42.3636495" lon="82.4747563">
        <ele>2085.0</ele>
      </trkpt>
      <trkpt lat="42.3635538" lon="82.474727">
        <ele>2085.0</ele>
      </trkpt>
      <trkpt lat="42.3634663" lon="82.4747454">
        <ele>2081.0</ele>
      </trkpt>
      <trkpt lat="42.363384" lon="82.4748084">
        <ele>2081.0</ele>
      </trkpt>
      <trkpt lat="42.3633087" lon="82.474892">
        <ele>2082.0</ele>
      </trkpt>
      <trkpt lat="42.363225" lon="82.4749809">
        <ele>2082.0</ele>
      </trkpt>
      <trkpt lat="42.3631324" lon="82.4750453">
        <ele>2081.0</ele>
      </trkpt>
      <trkpt lat="42.3630326" lon="82.4750728">
        <ele>2081.0</ele>
      </trkpt>
      <trkpt lat="42.3629364" lon="82.4750495">
        <ele>2081.0</ele>
      </trkpt>
      <trkpt lat="42.3628789" lon="82.4749554">
        <ele>2084.0</ele>
      </trkpt>
      <trkpt lat="42.3628742" lon="82.4748916">
        <ele>2084.0</ele>
      </trkpt>
      <trkpt lat="42.362989" lon="82.4748768">
        <ele>2081.0</ele>
      </trkpt>
      <trkpt lat="42.362901" lon="82.4749482">
        <ele>2084.0</ele>
      </trkpt>
      <trkpt lat="42.3628305" lon="82.4748671">
        <ele>2084.0</ele>
      </trkpt>
      <trkpt lat="42.3627726" lon="82.4747503">
        <ele>2080.0</ele>
      </trkpt>
      <trkpt lat="42.36272" lon="82.4746704">
        <ele>2080.0</ele>
      </trkpt>
      <trkpt lat="42.3626924" lon="82.4745526">
        <ele>2081.0</ele>
      </trkpt>
      <trkpt lat="42.3626387" lon="82.4744298">
        <ele>2084.0</ele>
      </trkpt>
      <trkpt lat="42.3625728" lon="82.4743241">
        <ele>2084.0</ele>
      </trkpt>
      <trkpt lat="42.3624997" lon="82.4742404">
        <ele>2091.0</ele>
      </trkpt>
      <trkpt lat="42.3624068" lon="82.4742216">
        <ele>2091.0</ele>
      </trkpt>
      <trkpt lat="42.3623127" lon="82.4742344">
        <ele>2090.0</ele>
      </trkpt>
      <trkpt lat="42.3622147" lon="82.4742541">
        <ele>2090.0</ele>
      </trkpt>
      <trkpt lat="42.3621148" lon="82.4742387">
        <ele>2090.0</ele>
      </trkpt>
      <trkpt lat="42.3620219" lon="82.474174">
        <ele>2087.0</ele>
      </trkpt>
      <trkpt lat="42.3619327" lon="82.4741261">
        <ele>2087.0</ele>
      </trkpt>
      <trkpt lat="42.3618577" lon="82.4740531">
        <ele>2087.0</ele>
      </trkpt>
      <trkpt lat="42.361761" lon="82.4740615">
        <ele>2089.0</ele>
      </trkpt>
      <trkpt lat="42.3617359" lon="82.4740669">
        <ele>2089.0</ele>
      </trkpt>
      <trkpt lat="42.3616699" lon="82.4740516">
        <ele>2089.0</ele>
      </trkpt>
      <trkpt lat="42.361575" lon="82.4740226">
        <ele>2103.0</ele>
      </trkpt>
      <trkpt lat="42.3614738" lon="82.4739881">
        <ele>2100.0</ele>
      </trkpt>
      <trkpt lat="42.3613581" lon="82.4739706">
        <ele>2100.0</ele>
      </trkpt>
      <trkpt lat="42.3612421" lon="82.4739747">
        <ele>2110.0</ele>
      </trkpt>
      <trkpt lat="42.3611375" lon="82.4739297">
        <ele>2110.0</ele>
      </trkpt>
      <trkpt lat="42.3610529" lon="82.4738226">
        <ele>2110.0</ele>
      </trkpt>
      <trkpt lat="42.3609923" lon="82.4737113">
        <ele>2118.0</ele>
      </trkpt>
      <trkpt lat="42.3609353" lon="82.4736055">
        <ele>2114.0</ele>
      </trkpt>
      <trkpt lat="42.3608613" lon="82.4735269">
        <ele>2114.0</ele>
      </trkpt>
      <trkpt lat="42.3607644" lon="82.4734971">
        <ele>2114.0</ele>
      </trkpt>
      <trkpt lat="42.3606657" lon="82.473492">
        <ele>2108.0</ele>
      </trkpt>
      <trkpt lat="42.360571" lon="82.4734898">
        <ele>2108.0</ele>
      </trkpt>
      <trkpt lat="42.3604841" lon="82.4734316">
        <ele>2104.0</ele>
      </trkpt>
      <trkpt lat="42.3603944" lon="82.4733951">
        <ele>2102.0</ele>
      </trkpt>
      <trkpt lat="42.3602956" lon="82.4734054">
        <ele>2102.0</ele>
      </trkpt>
      <trkpt lat="42.3601935" lon="82.4734348">
        <ele>2102.0</ele>
      </trkpt>
      <trkpt lat="42.3600952" lon="82.4734459">
        <ele>2099.0</ele>
      </trkpt>
      <trkpt lat="42.3599906" lon="82.4734057">
        <ele>2099.0</ele>
      </trkpt>
      <trkpt lat="42.3599198" lon="82.4733148">
        <ele>2099.0</ele>
      </trkpt>
      <trkpt lat="42.3598578" lon="82.4731799">
        <ele>2099.0</ele>
      </trkpt>
      <trkpt lat="42.3598078" lon="82.473055">
        <ele>2099.0</ele>
      </trkpt>
      <trkpt lat="42.3597471" lon="82.4729597">
        <ele>2099.0</ele>
      </trkpt>
      <trkpt lat="42.3596735" lon="82.4728898">
        <ele>2096.0</ele>
      </trkpt>
      <trkpt lat="42.3595794" lon="82.4728197">
        <ele>2092.0</ele>
      </trkpt>
      <trkpt lat="42.3594814" lon="82.4727534">
        <ele>2092.0</ele>
      </trkpt>
      <trkpt lat="42.3593882" lon="82.4727034">
        <ele>2092.0</ele>
      </trkpt>
      <trkpt lat="42.3593018" lon="82.4726588">
        <ele>2088.0</ele>
      </trkpt>
      <trkpt lat="42.3592129" lon="82.4726273">
        <ele>2084.0</ele>
      </trkpt>
      <trkpt lat="42.3591168" lon="82.4725917">
        <ele>2084.0</ele>
      </trkpt>
      <trkpt lat="42.359016" lon="82.4725694">
        <ele>2076.0</ele>
      </trkpt>
      <trkpt lat="42.3589185" lon="82.4725307">
        <ele>2076.0</ele>
      </trkpt>
      <trkpt lat="42.3588018" lon="82.4725205">
        <ele>2076.0</ele>
      </trkpt>
      <trkpt lat="42.3586942" lon="82.47255">
        <ele>2076.0</ele>
      </trkpt>
      <trkpt lat="42.3585981" lon="82.4725865">
        <ele>2076.0</ele>
      </trkpt>
      <trkpt lat="42.3584999" lon="82.4726417">
        <ele>2074.0</ele>
      </trkpt>
      <trkpt lat="42.358391" lon="82.4726819">
        <ele>2070.0</ele>
      </trkpt>
      <trkpt lat="42.3582716" lon="82.4726847">
        <ele>2070.0</ele>
      </trkpt>
      <trkpt lat="42.3581523" lon="82.4726728">
        <ele>2074.0</ele>
      </trkpt>
      <trkpt lat="42.3580338" lon="82.4726689">
        <ele>2074.0</ele>
      </trkpt>
      <trkpt lat="42.3579187" lon="82.4726721">
        <ele>2074.0</ele>
      </trkpt>
      <trkpt lat="42.3578069" lon="82.4726824">
        <ele>2066.0</ele>
      </trkpt>
      <trkpt lat="42.3577163" lon="82.4727259">
        <ele>2066.0</ele>
      </trkpt>
      <trkpt lat="42.3576361" lon="82.4728012">
        <ele>2065.0</ele>
      </trkpt>
      <trkpt lat="42.3575611" lon="82.4729044">
        <ele>2065.0</ele>
      </trkpt>
      <trkpt lat="42.3574892" lon="82.4730088">
        <ele>2069.0</ele>
      </trkpt>
      <trkpt lat="42.3574138" lon="82.4731165">
        <ele>2069.0</ele>
      </trkpt>
      <trkpt lat="42.3573326" lon="82.4732218">
        <ele>2065.0</ele>
      </trkpt>
      <trkpt lat="42.3572437" lon="82.4733219">
        <ele>2065.0</ele>
      </trkpt>
      <trkpt lat="42.3571563" lon="82.4734096">
        <ele>2065.0</ele>
      </trkpt>
      <trkpt lat="42.3570639" lon="82.4734981">
        <ele>2063.0</ele>
      </trkpt>
      <trkpt lat="42.3569704" lon="82.4735905">
        <ele>2063.0</ele>
      </trkpt>
      <trkpt lat="42.3568715" lon="82.4736666">
        <ele>2063.0</ele>
      </trkpt>
      <trkpt lat="42.3567703" lon="82.4737307">
        <ele>2063.0</ele>
      </trkpt>
      <trkpt lat="42.3566674" lon="82.4737773">
        <ele>2068.0</ele>
      </trkpt>
      <trkpt lat="42.356565" lon="82.4737883">
        <ele>2068.0</ele>
      </trkpt>
      <trkpt lat="42.3564642" lon="82.4737869">
        <ele>2075.0</ele>
      </trkpt>
      <trkpt lat="42.3563674" lon="82.4737998">
        <ele>2075.0</ele>
      </trkpt>
      <trkpt lat="42.3562716" lon="82.473782">
        <ele>2075.0</ele>
      </trkpt>
      <trkpt lat="42.3562449" lon="82.4737615">
        <ele>2081.0</ele>
      </trkpt>
      <trkpt lat="42.3561734" lon="82.4737201">
        <ele>2074.0</ele>
      </trkpt>
      <trkpt lat="42.3560747" lon="82.4736997">
        <ele>2074.0</ele>
      </trkpt>
      <trkpt lat="42.355962" lon="82.4736929">
        <ele>2087.0</ele>
      </trkpt>
      <trkpt lat="42.3558501" lon="82.4736829">
        <ele>2087.0</ele>
      </trkpt>
      <trkpt lat="42.355738" lon="82.4736728">
        <ele>2087.0</ele>
      </trkpt>
      <trkpt lat="42.3556239" lon="82.4736725">
        <ele>2094.0</ele>
      </trkpt>
      <trkpt lat="42.355511" lon="82.4736766">
        <ele>2094.0</ele>
      </trkpt>
      <trkpt lat="42.3553994" lon="82.4736695">
        <ele>2094.0</ele>
      </trkpt>
      <trkpt lat="42.3552902" lon="82.4736451">
        <ele>2094.0</ele>
      </trkpt>
      <trkpt lat="42.3551871" lon="82.4735892">
        <ele>2094.0</ele>
      </trkpt>
      <trkpt lat="42.3550979" lon="82.4735413">
        <ele>2095.0</ele>
      </trkpt>
      <trkpt lat="42.3550099" lon="82.4735046">
        <ele>2095.0</ele>
      </trkpt>
      <trkpt lat="42.3549018" lon="82.4734839">
        <ele>2095.0</ele>
      </trkpt>
      <trkpt lat="42.3547923" lon="82.4734828">
        <ele>2094.0</ele>
      </trkpt>
      <trkpt lat="42.3546876" lon="82.4734707">
        <ele>2109.0</ele>
      </trkpt>
      <trkpt lat="42.3545828" lon="82.4734689">
        <ele>2109.0</ele>
      </trkpt>
      <trkpt lat="42.3544779" lon="82.473484">
        <ele>2099.0</ele>
      </trkpt>
      <trkpt lat="42.3543736" lon="82.4734864">
        <ele>2099.0</ele>
      </trkpt>
      <trkpt lat="42.3542698" lon="82.4734945">
        <ele>2106.0</ele>
      </trkpt>
      <trkpt lat="42.3541781" lon="82.4735209">
        <ele>2106.0</ele>
      </trkpt>
      <trkpt lat="42.3540913" lon="82.4735685">
        <ele>2106.0</ele>
      </trkpt>
      <trkpt lat="42.3540064" lon="82.473637">
        <ele>2123.0</ele>
      </trkpt>
      <trkpt lat="42.3539463" lon="82.4737369">
        <ele>2123.0</ele>
      </trkpt>
      <trkpt lat="42.3539153" lon="82.473864">
        <ele>2115.0</ele>
      </trkpt>
      <trkpt lat="42.353899" lon="82.474002">
        <ele>2115.0</ele>
      </trkpt>
      <trkpt lat="42.3539005" lon="82.4740628">
        <ele>2111.0</ele>
      </trkpt>
      <trkpt lat="42.3538972" lon="82.4741693">
        <ele>2111.0</ele>
      </trkpt>
      <trkpt lat="42.35384" lon="82.4742763">
        <ele>2111.0</ele>
      </trkpt>
      <trkpt lat="42.3537569" lon="82.4743744">
        <ele>2110.0</ele>
      </trkpt>
      <trkpt lat="42.3536622" lon="82.4744624">
        <ele>2120.0</ele>
      </trkpt>
      <trkpt lat="42.3535609" lon="82.4745419">
        <ele>2120.0</ele>
      </trkpt>
      <trkpt lat="42.3534805" lon="82.4746184">
        <ele>2122.0</ele>
      </trkpt>
      <trkpt lat="42.3534016" lon="82.474682">
        <ele>2123.0</ele>
      </trkpt>
      <trkpt lat="42.3532975" lon="82.474723">
        <ele>2123.0</ele>
      </trkpt>
      <trkpt lat="42.3532003" lon="82.474729">
        <ele>2123.0</ele>
      </trkpt>
      <trkpt lat="42.3531064" lon="82.4747104">
        <ele>2120.0</ele>
      </trkpt>
      <trkpt lat="42.3530126" lon="82.4746702">
        <ele>2120.0</ele>
      </trkpt>
      <trkpt lat="42.3529156" lon="82.4746329">
        <ele>2124.0</ele>
      </trkpt>
      <trkpt lat="42.3528018" lon="82.4745915">
        <ele>2124.0</ele>
      </trkpt>
      <trkpt lat="42.3527" lon="82.4745666">
        <ele>2136.0</ele>
      </trkpt>
      <trkpt lat="42.352596" lon="82.4745835">
        <ele>2118.0</ele>
      </trkpt>
      <trkpt lat="42.3524998" lon="82.4746396">
        <ele>2118.0</ele>
      </trkpt>
      <trkpt lat="42.3524128" lon="82.4747171">
        <ele>2118.0</ele>
      </trkpt>
      <trkpt lat="42.3523295" lon="82.474796">
        <ele>2115.0</ele>
      </trkpt>
      <trkpt lat="42.3522523" lon="82.4748845">
        <ele>2111.0</ele>
      </trkpt>
      <trkpt lat="42.3521857" lon="82.4749818">
        <ele>2111.0</ele>
      </trkpt>
      <trkpt lat="42.3521129" lon="82.4750822">
        <ele>2111.0</ele>
      </trkpt>
      <trkpt lat="42.3520318" lon="82.475179">
        <ele>2098.0</ele>
      </trkpt>
      <trkpt lat="42.3519477" lon="82.4752663">
        <ele>2098.0</ele>
      </trkpt>
      <trkpt lat="42.3518587" lon="82.4753504">
        <ele>2098.0</ele>
      </trkpt>
      <trkpt lat="42.3517857" lon="82.4754379">
        <ele>2087.0</ele>
      </trkpt>
      <trkpt lat="42.3517378" lon="82.4755556">
        <ele>2087.0</ele>
      </trkpt>
      <trkpt lat="42.3516926" lon="82.4756897">
        <ele>2087.0</ele>
      </trkpt>
      <trkpt lat="42.3516661" lon="82.475822">
        <ele>2076.0</ele>
      </trkpt>
      <trkpt lat="42.3516601" lon="82.4759692">
        <ele>2076.0</ele>
      </trkpt>
      <trkpt lat="42.351648" lon="82.4761008">
        <ele>2070.0</ele>
      </trkpt>
      <trkpt lat="42.3516057" lon="82.4762087">
        <ele>2070.0</ele>
      </trkpt>
      <trkpt lat="42.3515373" lon="82.4762885">
        <ele>2067.0</ele>
      </trkpt>
      <trkpt lat="42.3514601" lon="82.4763642">
        <ele>2064.0</ele>
      </trkpt>
      <trkpt lat="42.3513716" lon="82.4764335">
        <ele>2064.0</ele>
      </trkpt>
      <trkpt lat="42.3512775" lon="82.4764977">
        <ele>2064.0</ele>
      </trkpt>
      <trkpt lat="42.35119" lon="82.47657">
        <ele>2064.0</ele>
      </trkpt>
      <trkpt lat="42.3510962" lon="82.4766183">
        <ele>2064.0</ele>
      </trkpt>
      <trkpt lat="42.3510028" lon="82.4766373">
        <ele>2064.0</ele>
      </trkpt>
      <trkpt lat="42.3509174" lon="82.4766762">
        <ele>2063.0</ele>
      </trkpt>
      <trkpt lat="42.3508257" lon="82.4767196">
        <ele>2063.0</ele>
      </trkpt>
      <trkpt lat="42.3507291" lon="82.4767339">
        <ele>2063.0</ele>
      </trkpt>
      <trkpt lat="42.3506373" lon="82.4767042">
        <ele>2060.0</ele>
      </trkpt>
      <trkpt lat="42.3505499" lon="82.4766582">
        <ele>2060.0</ele>
      </trkpt>
      <trkpt lat="42.3504659" lon="82.4765851">
        <ele>2060.0</ele>
      </trkpt>
      <trkpt lat="42.3504163" lon="82.476472">
        <ele>2058.0</ele>
      </trkpt>
      <trkpt lat="42.3503863" lon="82.4763443">
        <ele>2058.0</ele>
      </trkpt>
      <trkpt lat="42.3503813" lon="82.4762001">
        <ele>2055.0</ele>
      </trkpt>
      <trkpt lat="42.3504104" lon="82.4760665">
        <ele>2055.0</ele>
      </trkpt>
      <trkpt lat="42.3504364" lon="82.4759313">
        <ele>2053.0</ele>
      </trkpt>
      <trkpt lat="42.3505017" lon="82.4758245">
        <ele>2053.0</ele>
      </trkpt>
      <trkpt lat="42.3505986" lon="82.4757562">
        <ele>2053.0</ele>
      </trkpt>
      <trkpt lat="42.3507091" lon="82.4757139">
        <ele>2066.0</ele>
      </trkpt>
      <trkpt lat="42.3508024" lon="82.4756457">
        <ele>2058.0</ele>
      </trkpt>
      <trkpt lat="42.3508649" lon="82.4755476">
        <ele>2058.0</ele>
      </trkpt>
      <trkpt lat="42.3509175" lon="82.4754251">
        <ele>2058.0</ele>
      </trkpt>
      <trkpt lat="42.3509783" lon="82.4753287">
        <ele>2063.0</ele>
      </trkpt>
      <trkpt lat="42.3510571" lon="82.4752588">
        <ele>2063.0</ele>
      </trkpt>
      <trkpt lat="42.351144" lon="82.4751993">
        <ele>2063.0</ele>
      </trkpt>
      <trkpt lat="42.3512063" lon="82.4750942">
        <ele>2059.0</ele>
      </trkpt>
      <trkpt lat="42.3512411" lon="82.4749692">
        <ele>2059.0</ele>
      </trkpt>
      <trkpt lat="42.3512919" lon="82.4748555">
        <ele>2070.0</ele>
      </trkpt>
      <trkpt lat="42.3513431" lon="82.4747403">
        <ele>2070.0</ele>
      </trkpt>
      <trkpt lat="42.3514033" lon="82.4746439">
        <ele>2070.0</ele>
      </trkpt>
      <trkpt lat="42.3514505" lon="82.4745307">
        <ele>2064.0</ele>
      </trkpt>
      <trkpt lat="42.3514854" lon="82.4743981">
        <ele>2064.0</ele>
      </trkpt>
      <trkpt lat="42.3514989" lon="82.4742425">
        <ele>2052.0</ele>
      </trkpt>
      <trkpt lat="42.351522" lon="82.4740964">
        <ele>2052.0</ele>
      </trkpt>
      <trkpt lat="42.3515801" lon="82.4739917">
        <ele>2054.0</ele>
      </trkpt>
      <trkpt lat="42.3516189" lon="82.4738614">
        <ele>2054.0</ele>
      </trkpt>
      <trkpt lat="42.3516779" lon="82.4737445">
        <ele>2044.0</ele>
      </trkpt>
      <trkpt lat="42.3517199" lon="82.4736275">
        <ele>2044.0</ele>
      </trkpt>
      <trkpt lat="42.3517476" lon="82.4734951">
        <ele>2044.0</ele>
      </trkpt>
      <trkpt lat="42.3517541" lon="82.4733651">
        <ele>2038.0</ele>
      </trkpt>
      <trkpt lat="42.3517534" lon="82.4732312">
        <ele>2038.0</ele>
      </trkpt>
      <trkpt lat="42.3517565" lon="82.4730793">
        <ele>2043.0</ele>
      </trkpt>
      <trkpt lat="42.3517839" lon="82.4729435">
        <ele>2043.0</ele>
      </trkpt>
      <trkpt lat="42.3518399" lon="82.4728361">
        <ele>2046.0</ele>
      </trkpt>
      <trkpt lat="42.3519367" lon="82.472783">
        <ele>2046.0</ele>
      </trkpt>
      <trkpt lat="42.352053" lon="82.4727762">
        <ele>2046.0</ele>
      </trkpt>
      <trkpt lat="42.3521499" lon="82.4727263">
        <ele>2060.0</ele>
      </trkpt>
      <trkpt lat="42.3521982" lon="82.4726082">
        <ele>2053.0</ele>
      </trkpt>
      <trkpt lat="42.3521661" lon="82.4724939">
        <ele>2053.0</ele>
      </trkpt>
      <trkpt lat="42.3521589" lon="82.4723512">
        <ele>2051.0</ele>
      </trkpt>
      <trkpt lat="42.3521542" lon="82.4722197">
        <ele>2051.0</ele>
      </trkpt>
      <trkpt lat="42.3521362" lon="82.47208">
        <ele>2053.0</ele>
      </trkpt>
      <trkpt lat="42.3521301" lon="82.4719509">
        <ele>2053.0</ele>
      </trkpt>
      <trkpt lat="42.3521109" lon="82.4718224">
        <ele>2053.0</ele>
      </trkpt>
      <trkpt lat="42.3520611" lon="82.4717068">
        <ele>2050.0</ele>
      </trkpt>
      <trkpt lat="42.3519905" lon="82.4716094">
        <ele>2050.0</ele>
      </trkpt>
      <trkpt lat="42.3519182" lon="82.4715077">
        <ele>2048.0</ele>
      </trkpt>
      <trkpt lat="42.3518392" lon="82.4714138">
        <ele>2048.0</ele>
      </trkpt>
      <trkpt lat="42.3517458" lon="82.471338">
        <ele>2049.0</ele>
      </trkpt>
      <trkpt lat="42.3516456" lon="82.4712815">
        <ele>2049.0</ele>
      </trkpt>
      <trkpt lat="42.3515461" lon="82.4712306">
        <ele>2049.0</ele>
      </trkpt>
      <trkpt lat="42.3514519" lon="82.471169">
        <ele>2052.0</ele>
      </trkpt>
      <trkpt lat="42.3513632" lon="82.4710944">
        <ele>2052.0</ele>
      </trkpt>
      <trkpt lat="42.3512768" lon="82.4710153">
        <ele>2052.0</ele>
      </trkpt>
      <trkpt lat="42.3511835" lon="82.4709656">
        <ele>2065.0</ele>
      </trkpt>
      <trkpt lat="42.351089" lon="82.4709525">
        <ele>2065.0</ele>
      </trkpt>
      <trkpt lat="42.3509908" lon="82.470971">
        <ele>2065.0</ele>
      </trkpt>
      <trkpt lat="42.3508928" lon="82.4710166">
        <ele>2051.0</ele>
      </trkpt>
      <trkpt lat="42.3507917" lon="82.4710457">
        <ele>2051.0</ele>
      </trkpt>
      <trkpt lat="42.350693" lon="82.4710636">
        <ele>2056.0</ele>
      </trkpt>
      <trkpt lat="42.3505904" lon="82.4710799">
        <ele>2056.0</ele>
      </trkpt>
      <trkpt lat="42.3504863" lon="82.4710868">
        <ele>2056.0</ele>
      </trkpt>
      <trkpt lat="42.3503856" lon="82.4711125">
        <ele>2065.0</ele>
      </trkpt>
      <trkpt lat="42.3502904" lon="82.4711595">
        <ele>2065.0</ele>
      </trkpt>
      <trkpt lat="42.3502021" lon="82.4712157">
        <ele>2065.0</ele>
      </trkpt>
      <trkpt lat="42.3501189" lon="82.471274">
        <ele>2057.0</ele>
      </trkpt>
      <trkpt lat="42.3500672" lon="82.4713235">
        <ele>2057.0</ele>
      </trkpt>
      <trkpt lat="42.3499889" lon="82.4713417">
        <ele>2057.0</ele>
      </trkpt>
      <trkpt lat="42.3499004" lon="82.4713869">
        <ele>2057.0</ele>
      </trkpt>
      <trkpt lat="42.3498218" lon="82.4714639">
        <ele>2069.0</ele>
      </trkpt>
      <trkpt lat="42.3497486" lon="82.471544">
        <ele>2052.0</ele>
      </trkpt>
      <trkpt lat="42.3496664" lon="82.471607">
        <ele>2052.0</ele>
      </trkpt>
      <trkpt lat="42.3495787" lon="82.471664">
        <ele>2062.0</ele>
      </trkpt>
      <trkpt lat="42.3494854" lon="82.4717122">
        <ele>2062.0</ele>
      </trkpt>
      <trkpt lat="42.3493879" lon="82.4717562">
        <ele>2062.0</ele>
      </trkpt>
      <trkpt lat="42.3492944" lon="82.4718057">
        <ele>2057.0</ele>
      </trkpt>
      <trkpt lat="42.3492028" lon="82.4718504">
        <ele>2057.0</ele>
      </trkpt>
      <trkpt lat="42.349119" lon="82.4719167">
        <ele>2057.0</ele>
      </trkpt>
      <trkpt lat="42.3490501" lon="82.4720102">
        <ele>2057.0</ele>
      </trkpt>
      <trkpt lat="42.3489815" lon="82.472106">
        <ele>2066.0</ele>
      </trkpt>
      <trkpt lat="42.3488999" lon="82.4721744">
        <ele>2066.0</ele>
      </trkpt>
      <trkpt lat="42.3488128" lon="82.4722224">
        <ele>2066.0</ele>
      </trkpt>
      <trkpt lat="42.3487262" lon="82.4722768">
        <ele>2076.0</ele>
      </trkpt>
      <trkpt lat="42.3486202" lon="82.4723125">
        <ele>2076.0</ele>
      </trkpt>
      <trkpt lat="42.3485203" lon="82.4723318">
        <ele>2076.0</ele>
      </trkpt>
      <trkpt lat="42.3484289" lon="82.4723606">
        <ele>2102.0</ele>
      </trkpt>
      <trkpt lat="42.3483367" lon="82.4723823">
        <ele>2076.0</ele>
      </trkpt>
      <trkpt lat="42.3482406" lon="82.4723895">
        <ele>2076.0</ele>
      </trkpt>
      <trkpt lat="42.3481421" lon="82.4723867">
        <ele>2074.0</ele>
      </trkpt>
      <trkpt lat="42.3480781" lon="82.4723886">
        <ele>2074.0</ele>
      </trkpt>
      <trkpt lat="42.3479903" lon="82.4723642">
        <ele>2074.0</ele>
      </trkpt>
      <trkpt lat="42.3478971" lon="82.4723221">
        <ele>2120.0</ele>
      </trkpt>
      <trkpt lat="42.3477858" lon="82.4722814">
        <ele>2120.0</ele>
      </trkpt>
      <trkpt lat="42.3476789" lon="82.4722722">
        <ele>2120.0</ele>
      </trkpt>
      <trkpt lat="42.347564" lon="82.4722828">
        <ele>2118.0</ele>
      </trkpt>
      <trkpt lat="42.3474645" lon="82.4722978">
        <ele>2118.0</ele>
      </trkpt>
      <trkpt lat="42.3473677" lon="82.4723246">
        <ele>2118.0</ele>
      </trkpt>
      <trkpt lat="42.3472737" lon="82.472349">
        <ele>2109.0</ele>
      </trkpt>
      <trkpt lat="42.3471697" lon="82.4723974">
        <ele>2072.0</ele>
      </trkpt>
      <trkpt lat="42.3470732" lon="82.4724596">
        <ele>2074.0</ele>
      </trkpt>
      <trkpt lat="42.3469811" lon="82.4725252">
        <ele>2074.0</ele>
      </trkpt>
      <trkpt lat="42.3468935" lon="82.4725925">
        <ele>2074.0</ele>
      </trkpt>
      <trkpt lat="42.3468096" lon="82.4726632">
        <ele>2056.0</ele>
      </trkpt>
      <trkpt lat="42.3467289" lon="82.4727379">
        <ele>2057.0</ele>
      </trkpt>
      <trkpt lat="42.346646" lon="82.47281">
        <ele>2057.0</ele>
      </trkpt>
      <trkpt lat="42.3465586" lon="82.4728581">
        <ele>2057.0</ele>
      </trkpt>
      <trkpt lat="42.3464686" lon="82.4728946">
        <ele>2063.0</ele>
      </trkpt>
      <trkpt lat="42.3463755" lon="82.4729156">
        <ele>2063.0</ele>
      </trkpt>
      <trkpt lat="42.3462794" lon="82.4729062">
        <ele>2063.0</ele>
      </trkpt>
      <trkpt lat="42.3461807" lon="82.4729018">
        <ele>2070.0</ele>
      </trkpt>
      <trkpt lat="42.3461263" lon="82.4729842">
        <ele>2059.0</ele>
      </trkpt>
      <trkpt lat="42.3461076" lon="82.4731107">
        <ele>2059.0</ele>
      </trkpt>
      <trkpt lat="42.3460864" lon="82.4732408">
        <ele>2043.0</ele>
      </trkpt>
      <trkpt lat="42.3460345" lon="82.4733476">
        <ele>2043.0</ele>
      </trkpt>
      <trkpt lat="42.3459696" lon="82.473452">
        <ele>2046.0</ele>
      </trkpt>
      <trkpt lat="42.3459066" lon="82.4735665">
        <ele>2035.0</ele>
      </trkpt>
      <trkpt lat="42.3458557" lon="82.4736898">
        <ele>2035.0</ele>
      </trkpt>
      <trkpt lat="42.3458139" lon="82.4738136">
        <ele>2028.0</ele>
      </trkpt>
      <trkpt lat="42.3457694" lon="82.4739331">
        <ele>2028.0</ele>
      </trkpt>
      <trkpt lat="42.3457249" lon="82.4740553">
        <ele>2023.0</ele>
      </trkpt>
      <trkpt lat="42.3456935" lon="82.4741817">
        <ele>2028.0</ele>
      </trkpt>
      <trkpt lat="42.3456674" lon="82.474314">
        <ele>2028.0</ele>
      </trkpt>
      <trkpt lat="42.3456291" lon="82.4744422">
        <ele>2028.0</ele>
      </trkpt>
      <trkpt lat="42.3455815" lon="82.4745677">
        <ele>2028.0</ele>
      </trkpt>
      <trkpt lat="42.3455138" lon="82.4746796">
        <ele>2023.0</ele>
      </trkpt>
      <trkpt lat="42.3454306" lon="82.4747712">
        <ele>2023.0</ele>
      </trkpt>
      <trkpt lat="42.3453452" lon="82.4748624">
        <ele>2035.0</ele>
      </trkpt>
      <trkpt lat="42.3452625" lon="82.4749527">
        <ele>2035.0</ele>
      </trkpt>
      <trkpt lat="42.3451785" lon="82.4750387">
        <ele>2035.0</ele>
      </trkpt>
      <trkpt lat="42.3450945" lon="82.4751246">
        <ele>2050.0</ele>
      </trkpt>
      <trkpt lat="42.3450065" lon="82.4752114">
        <ele>2048.0</ele>
      </trkpt>
      <trkpt lat="42.3449162" lon="82.4752969">
        <ele>2048.0</ele>
      </trkpt>
      <trkpt lat="42.3448309" lon="82.4753883">
        <ele>2063.0</ele>
      </trkpt>
      <trkpt lat="42.3447607" lon="82.4754879">
        <ele>2052.0</ele>
      </trkpt>
      <trkpt lat="42.344741" lon="82.4756076">
        <ele>2052.0</ele>
      </trkpt>
      <trkpt lat="42.3447693" lon="82.475671">
        <ele>2052.0</ele>
      </trkpt>
      <trkpt lat="42.3448193" lon="82.4757762">
        <ele>2047.0</ele>
      </trkpt>
      <trkpt lat="42.3449017" lon="82.4758724">
        <ele>2038.0</ele>
      </trkpt>
      <trkpt lat="42.3449918" lon="82.4759572">
        <ele>2038.0</ele>
      </trkpt>
      <trkpt lat="42.3450811" lon="82.4760485">
        <ele>2041.0</ele>
      </trkpt>
      <trkpt lat="42.345122" lon="82.4761739">
        <ele>2041.0</ele>
      </trkpt>
      <trkpt lat="42.3450797" lon="82.4762781">
        <ele>2052.0</ele>
      </trkpt>
      <trkpt lat="42.3449888" lon="82.4763542">
        <ele>2052.0</ele>
      </trkpt>
      <trkpt lat="42.3448774" lon="82.4764004">
        <ele>2052.0</ele>
      </trkpt>
      <trkpt lat="42.3447651" lon="82.4764407">
        <ele>2057.0</ele>
      </trkpt>
      <trkpt lat="42.3446694" lon="82.4764801">
        <ele>2057.0</ele>
      </trkpt>
      <trkpt lat="42.3445803" lon="82.4765577">
        <ele>2047.0</ele>
      </trkpt>
      <trkpt lat="42.344503" lon="82.4766416">
        <ele>2047.0</ele>
      </trkpt>
      <trkpt lat="42.3444161" lon="82.4767016">
        <ele>2047.0</ele>
      </trkpt>
      <trkpt lat="42.3443213" lon="82.47675">
        <ele>2047.0</ele>
      </trkpt>
      <trkpt lat="42.3442283" lon="82.4768039">
        <ele>2041.0</ele>
      </trkpt>
      <trkpt lat="42.3441397" lon="82.4768732">
        <ele>2041.0</ele>
      </trkpt>
      <trkpt lat="42.3440549" lon="82.4769489">
        <ele>2041.0</ele>
      </trkpt>
      <trkpt lat="42.3439614" lon="82.4769917">
        <ele>2034.0</ele>
      </trkpt>
      <trkpt lat="42.343858" lon="82.4770056">
        <ele>2034.0</ele>
      </trkpt>
      <trkpt lat="42.3437596" lon="82.4770157">
        <ele>2034.0</ele>
      </trkpt>
      <trkpt lat="42.3436648" lon="82.4770472">
        <ele>2033.0</ele>
      </trkpt>
      <trkpt lat="42.343576" lon="82.477101">
        <ele>2039.0</ele>
      </trkpt>
      <trkpt lat="42.3434893" lon="82.4771595">
        <ele>2039.0</ele>
      </trkpt>
      <trkpt lat="42.3433943" lon="82.4772011">
        <ele>2041.0</ele>
      </trkpt>
      <trkpt lat="42.3432889" lon="82.4772322">
        <ele>2041.0</ele>
      </trkpt>
      <trkpt lat="42.3431776" lon="82.4772401">
        <ele>2042.0</ele>
      </trkpt>
      <trkpt lat="42.3430823" lon="82.4771895">
        <ele>2042.0</ele>
      </trkpt>
      <trkpt lat="42.3430034" lon="82.4770974">
        <ele>2042.0</ele>
      </trkpt>
      <trkpt lat="42.3429344" lon="82.4769925">
        <ele>2023.0</ele>
      </trkpt>
      <trkpt lat="42.3428449" lon="82.4769083">
        <ele>2015.0</ele>
      </trkpt>
      <trkpt lat="42.3427381" lon="82.4768874">
        <ele>2015.0</ele>
      </trkpt>
      <trkpt lat="42.3426474" lon="82.4769273">
        <ele>2015.0</ele>
      </trkpt>
      <trkpt lat="42.3425637" lon="82.4769918">
        <ele>2006.0</ele>
      </trkpt>
      <trkpt lat="42.3425137" lon="82.4770065">
        <ele>2006.0</ele>
      </trkpt>
      <trkpt lat="42.3424796" lon="82.4771071">
        <ele>2011.0</ele>
      </trkpt>
      <trkpt lat="42.3424365" lon="82.4772202">
        <ele>2011.0</ele>
      </trkpt>
      <trkpt lat="42.3423963" lon="82.4773507">
        <ele>2011.0</ele>
      </trkpt>
      <trkpt lat="42.342396" lon="82.4774869">
        <ele>2023.0</ele>
      </trkpt>
      <trkpt lat="42.3424304" lon="82.4776083">
        <ele>2023.0</ele>
      </trkpt>
      <trkpt lat="42.3424767" lon="82.4777253">
        <ele>2032.0</ele>
      </trkpt>
      <trkpt lat="42.3425254" lon="82.477848">
        <ele>2032.0</ele>
      </trkpt>
      <trkpt lat="42.3425618" lon="82.4779793">
        <ele>2030.0</ele>
      </trkpt>
      <trkpt lat="42.3425878" lon="82.4781139">
        <ele>2030.0</ele>
      </trkpt>
      <trkpt lat="42.3426072" lon="82.4782485">
        <ele>2027.0</ele>
      </trkpt>
      <trkpt lat="42.3426219" lon="82.4783786">
        <ele>2027.0</ele>
      </trkpt>
      <trkpt lat="42.3426414" lon="82.4785131">
        <ele>2040.0</ele>
      </trkpt>
      <trkpt lat="42.3426648" lon="82.4786474">
        <ele>2040.0</ele>
      </trkpt>
      <trkpt lat="42.3426946" lon="82.4787829">
        <ele>2035.0</ele>
      </trkpt>
      <trkpt lat="42.3427279" lon="82.478917">
        <ele>2035.0</ele>
      </trkpt>
      <trkpt lat="42.3427682" lon="82.4790435">
        <ele>2034.0</ele>
      </trkpt>
      <trkpt lat="42.3428214" lon="82.4791531">
        <ele>2034.0</ele>
      </trkpt>
      <trkpt lat="42.342875" lon="82.4792639">
        <ele>2034.0</ele>
      </trkpt>
      <trkpt lat="42.3429241" lon="82.479379">
        <ele>2038.0</ele>
      </trkpt>
      <trkpt lat="42.3429765" lon="82.4794925">
        <ele>2038.0</ele>
      </trkpt>
      <trkpt lat="42.3430407" lon="82.4795958">
        <ele>2033.0</ele>
      </trkpt>
      <trkpt lat="42.343107" lon="82.4796911">
        <ele>2033.0</ele>
      </trkpt>
      <trkpt lat="42.3431733" lon="82.4797936">
        <ele>2033.0</ele>
      </trkpt>
      <trkpt lat="42.3432222" lon="82.4799094">
        <ele>2040.0</ele>
      </trkpt>
      <trkpt lat="42.3432584" lon="82.480039">
        <ele>2040.0</ele>
      </trkpt>
      <trkpt lat="42.3432828" lon="82.4801739">
        <ele>2037.0</ele>
      </trkpt>
      <trkpt lat="42.3433046" lon="82.4803082">
        <ele>2037.0</ele>
      </trkpt>
      <trkpt lat="42.3433404" lon="82.4804343">
        <ele>2032.0</ele>
      </trkpt>
      <trkpt lat="42.3433848" lon="82.4805577">
        <ele>2032.0</ele>
      </trkpt>
      <trkpt lat="42.3434205" lon="82.4806843">
        <ele>2032.0</ele>
      </trkpt>
      <trkpt lat="42.3434315" lon="82.4808202">
        <ele>2024.0</ele>
      </trkpt>
      <trkpt lat="42.3434331" lon="82.480958">
        <ele>2024.0</ele>
      </trkpt>
      <trkpt lat="42.3434443" lon="82.4810916">
        <ele>2019.0</ele>
      </trkpt>
      <trkpt lat="42.3434705" lon="82.48122">
        <ele>2019.0</ele>
      </trkpt>
      <trkpt lat="42.3434989" lon="82.4813472">
        <ele>2027.0</ele>
      </trkpt>
      <trkpt lat="42.3435272" lon="82.4814741">
        <ele>2027.0</ele>
      </trkpt>
      <trkpt lat="42.3435591" lon="82.4815972">
        <ele>2021.0</ele>
      </trkpt>
      <trkpt lat="42.3435877" lon="82.4817249">
        <ele>2021.0</ele>
      </trkpt>
      <trkpt lat="42.3436033" lon="82.4818592">
        <ele>2017.0</ele>
      </trkpt>
      <trkpt lat="42.3436163" lon="82.4819958">
        <ele>2017.0</ele>
      </trkpt>
      <trkpt lat="42.3436438" lon="82.4821292">
        <ele>2017.0</ele>
      </trkpt>
      <trkpt lat="42.3436822" lon="82.482256">
        <ele>2017.0</ele>
      </trkpt>
      <trkpt lat="42.3437127" lon="82.4823866">
        <ele>2013.0</ele>
      </trkpt>
      <trkpt lat="42.3437185" lon="82.4825231">
        <ele>2013.0</ele>
      </trkpt>
      <trkpt lat="42.343726" lon="82.4826587">
        <ele>2013.0</ele>
      </trkpt>
      <trkpt lat="42.343747" lon="82.482791">
        <ele>2013.0</ele>
      </trkpt>
      <trkpt lat="42.3437673" lon="82.482924">
        <ele>2025.0</ele>
      </trkpt>
      <trkpt lat="42.3437863" lon="82.4830572">
        <ele>2025.0</ele>
      </trkpt>
      <trkpt lat="42.3438008" lon="82.4831916">
        <ele>2025.0</ele>
      </trkpt>
      <trkpt lat="42.3438086" lon="82.483325">
        <ele>2016.0</ele>
      </trkpt>
      <trkpt lat="42.3438115" lon="82.4834573">
        <ele>2016.0</ele>
      </trkpt>
      <trkpt lat="42.3438069" lon="82.4835862">
        <ele>2017.0</ele>
      </trkpt>
      <trkpt lat="42.3437966" lon="82.483716">
        <ele>2017.0</ele>
      </trkpt>
      <trkpt lat="42.3437855" lon="82.4838488">
        <ele>2019.0</ele>
      </trkpt>
      <trkpt lat="42.3437728" lon="82.4839852">
        <ele>2019.0</ele>
      </trkpt>
      <trkpt lat="42.3437371" lon="82.4841169">
        <ele>2009.0</ele>
      </trkpt>
      <trkpt lat="42.3436919" lon="82.4842442">
        <ele>2009.0</ele>
      </trkpt>
      <trkpt lat="42.3436548" lon="82.4843736">
        <ele>2009.0</ele>
      </trkpt>
      <trkpt lat="42.3436326" lon="82.4845062">
        <ele>2009.0</ele>
      </trkpt>
      <trkpt lat="42.3436143" lon="82.4846398">
        <ele>2008.0</ele>
      </trkpt>
      <trkpt lat="42.3435903" lon="82.4847727">
        <ele>2008.0</ele>
      </trkpt>
      <trkpt lat="42.3435656" lon="82.484902">
        <ele>2008.0</ele>
      </trkpt>
      <trkpt lat="42.3435359" lon="82.4850301">
        <ele>2008.0</ele>
      </trkpt>
      <trkpt lat="42.3435084" lon="82.4851581">
        <ele>2008.0</ele>
      </trkpt>
      <trkpt lat="42.3434957" lon="82.4852873">
        <ele>2008.0</ele>
      </trkpt>
      <trkpt lat="42.3434697" lon="82.4854222">
        <ele>2003.0</ele>
      </trkpt>
      <trkpt lat="42.3434356" lon="82.4855537">
        <ele>2003.0</ele>
      </trkpt>
      <trkpt lat="42.3433941" lon="82.4856815">
        <ele>2003.0</ele>
      </trkpt>
      <trkpt lat="42.3433635" lon="82.4858156">
        <ele>2003.0</ele>
      </trkpt>
      <trkpt lat="42.3433304" lon="82.4859513">
        <ele>2003.0</ele>
      </trkpt>
      <trkpt lat="42.3433062" lon="82.4860897">
        <ele>2001.0</ele>
      </trkpt>
      <trkpt lat="42.3432873" lon="82.4862247">
        <ele>2001.0</ele>
      </trkpt>
      <trkpt lat="42.343276" lon="82.4863545">
        <ele>2001.0</ele>
      </trkpt>
      <trkpt lat="42.3432671" lon="82.4864814">
        <ele>2001.0</ele>
      </trkpt>
      <trkpt lat="42.3432665" lon="82.4866111">
        <ele>2001.0</ele>
      </trkpt>
      <trkpt lat="42.3432722" lon="82.4867484">
        <ele>2001.0</ele>
      </trkpt>
      <trkpt lat="42.3432816" lon="82.4868861">
        <ele>2001.0</ele>
      </trkpt>
      <trkpt lat="42.3432959" lon="82.4870227">
        <ele>2001.0</ele>
      </trkpt>
      <trkpt lat="42.3433241" lon="82.4871614">
        <ele>2001.0</ele>
      </trkpt>
      <trkpt lat="42.3433478" lon="82.4872981">
        <ele>2001.0</ele>
      </trkpt>
      <trkpt lat="42.3433581" lon="82.4874439">
        <ele>2000.0</ele>
      </trkpt>
      <trkpt lat="42.3433747" lon="82.4875757">
        <ele>2000.0</ele>
      </trkpt>
      <trkpt lat="42.3434069" lon="82.4876961">
        <ele>1997.0</ele>
      </trkpt>
      <trkpt lat="42.343426" lon="82.4878307">
        <ele>1997.0</ele>
      </trkpt>
      <trkpt lat="42.3434599" lon="82.4879526">
        <ele>1996.0</ele>
      </trkpt>
      <trkpt lat="42.3435081" lon="82.4880779">
        <ele>2006.0</ele>
      </trkpt>
      <trkpt lat="42.3435354" lon="82.4882153">
        <ele>2008.0</ele>
      </trkpt>
      <trkpt lat="42.3435441" lon="82.4883434">
        <ele>2008.0</ele>
      </trkpt>
      <trkpt lat="42.3435245" lon="82.488469">
        <ele>2008.0</ele>
      </trkpt>
      <trkpt lat="42.3434881" lon="82.4885922">
        <ele>2008.0</ele>
      </trkpt>
      <trkpt lat="42.3434494" lon="82.488711">
        <ele>1997.0</ele>
      </trkpt>
      <trkpt lat="42.343438" lon="82.4888367">
        <ele>1997.0</ele>
      </trkpt>
      <trkpt lat="42.3434413" lon="82.4889674">
        <ele>1997.0</ele>
      </trkpt>
      <trkpt lat="42.3434423" lon="82.4891003">
        <ele>1995.0</ele>
      </trkpt>
      <trkpt lat="42.3434173" lon="82.4892238">
        <ele>1995.0</ele>
      </trkpt>
      <trkpt lat="42.3433503" lon="82.4893079">
        <ele>1995.0</ele>
      </trkpt>
      <trkpt lat="42.3432864" lon="82.4894081">
        <ele>1995.0</ele>
      </trkpt>
      <trkpt lat="42.3432161" lon="82.489431">
        <ele>1995.0</ele>
      </trkpt>
      <trkpt lat="42.3431657" lon="82.4895194">
        <ele>1991.0</ele>
      </trkpt>
      <trkpt lat="42.3431043" lon="82.4896213">
        <ele>1991.0</ele>
      </trkpt>
      <trkpt lat="42.343029" lon="82.489726">
        <ele>1991.0</ele>
      </trkpt>
      <trkpt lat="42.3429698" lon="82.489826">
        <ele>1991.0</ele>
      </trkpt>
      <trkpt lat="42.3429272" lon="82.4899388">
        <ele>1995.0</ele>
      </trkpt>
      <trkpt lat="42.3429084" lon="82.490064">
        <ele>1989.0</ele>
      </trkpt>
      <trkpt lat="42.3428989" lon="82.4901983">
        <ele>1990.0</ele>
      </trkpt>
      <trkpt lat="42.3428932" lon="82.4903349">
        <ele>1990.0</ele>
      </trkpt>
      <trkpt lat="42.342865" lon="82.490465">
        <ele>1990.0</ele>
      </trkpt>
      <trkpt lat="42.3428176" lon="82.4905807">
        <ele>1990.0</ele>
      </trkpt>
      <trkpt lat="42.3427591" lon="82.4906882">
        <ele>1990.0</ele>
      </trkpt>
      <trkpt lat="42.3426905" lon="82.4907917">
        <ele>1989.0</ele>
      </trkpt>
      <trkpt lat="42.3426174" lon="82.4908876">
        <ele>1986.0</ele>
      </trkpt>
      <trkpt lat="42.3425493" lon="82.4909898">
        <ele>1985.0</ele>
      </trkpt>
      <trkpt lat="42.3424851" lon="82.4910949">
        <ele>1985.0</ele>
      </trkpt>
      <trkpt lat="42.3424283" lon="82.4911978">
        <ele>1985.0</ele>
      </trkpt>
      <trkpt lat="42.3423734" lon="82.4912985">
        <ele>1984.0</ele>
      </trkpt>
      <trkpt lat="42.3423118" lon="82.4913954">
        <ele>1981.0</ele>
      </trkpt>
      <trkpt lat="42.3422509" lon="82.4914941">
        <ele>1981.0</ele>
      </trkpt>
      <trkpt lat="42.3421938" lon="82.4915932">
        <ele>1980.0</ele>
      </trkpt>
      <trkpt lat="42.3421378" lon="82.4917153">
        <ele>1980.0</ele>
      </trkpt>
      <trkpt lat="42.3420753" lon="82.4918189">
        <ele>1981.0</ele>
      </trkpt>
      <trkpt lat="42.3420057" lon="82.491926">
        <ele>1981.0</ele>
      </trkpt>
      <trkpt lat="42.3419477" lon="82.4920408">
        <ele>1981.0</ele>
      </trkpt>
      <trkpt lat="42.3418998" lon="82.4921643">
        <ele>1987.0</ele>
      </trkpt>
      <trkpt lat="42.3418498" lon="82.4922845">
        <ele>1987.0</ele>
      </trkpt>
      <trkpt lat="42.341792" lon="82.4923931">
        <ele>1986.0</ele>
      </trkpt>
      <trkpt lat="42.3417234" lon="82.4924954">
        <ele>1986.0</ele>
      </trkpt>
      <trkpt lat="42.3416526" lon="82.4925962">
        <ele>1986.0</ele>
      </trkpt>
      <trkpt lat="42.3415714" lon="82.4926689">
        <ele>1993.0</ele>
      </trkpt>
      <trkpt lat="42.3414946" lon="82.4927582">
        <ele>1976.0</ele>
      </trkpt>
      <trkpt lat="42.3414384" lon="82.4928627">
        <ele>1976.0</ele>
      </trkpt>
      <trkpt lat="42.3413607" lon="82.4929576">
        <ele>1978.0</ele>
      </trkpt>
      <trkpt lat="42.341314" lon="82.4930654">
        <ele>1978.0</ele>
      </trkpt>
      <trkpt lat="42.3413012" lon="82.4931868">
        <ele>1978.0</ele>
      </trkpt>
      <trkpt lat="42.3412912" lon="82.493329">
        <ele>1980.0</ele>
      </trkpt>
      <trkpt lat="42.3412477" lon="82.4934574">
        <ele>1977.0</ele>
      </trkpt>
      <trkpt lat="42.3411782" lon="82.4935664">
        <ele>1978.0</ele>
      </trkpt>
      <trkpt lat="42.3411055" lon="82.4936634">
        <ele>1978.0</ele>
      </trkpt>
      <trkpt lat="42.341031" lon="82.4937589">
        <ele>1977.0</ele>
      </trkpt>
      <trkpt lat="42.3409714" lon="82.4938639">
        <ele>1977.0</ele>
      </trkpt>
      <trkpt lat="42.3409257" lon="82.4939888">
        <ele>1977.0</ele>
      </trkpt>
      <trkpt lat="42.3408931" lon="82.4941232">
        <ele>1979.0</ele>
      </trkpt>
      <trkpt lat="42.3408545" lon="82.4942534">
        <ele>1979.0</ele>
      </trkpt>
      <trkpt lat="42.3408005" lon="82.4943728">
        <ele>1980.0</ele>
      </trkpt>
      <trkpt lat="42.3407317" lon="82.4944771">
        <ele>1980.0</ele>
      </trkpt>
      <trkpt lat="42.3406604" lon="82.4945837">
        <ele>1978.0</ele>
      </trkpt>
      <trkpt lat="42.3405948" lon="82.4946924">
        <ele>1978.0</ele>
      </trkpt>
      <trkpt lat="42.3405391" lon="82.4948074">
        <ele>1978.0</ele>
      </trkpt>
      <trkpt lat="42.3404807" lon="82.4949197">
        <ele>1977.0</ele>
      </trkpt>
      <trkpt lat="42.3404269" lon="82.4950354">
        <ele>1977.0</ele>
      </trkpt>
      <trkpt lat="42.3403687" lon="82.4951507">
        <ele>1977.0</ele>
      </trkpt>
      <trkpt lat="42.3402937" lon="82.4952318">
        <ele>1977.0</ele>
      </trkpt>
      <trkpt lat="42.3401973" lon="82.495263">
        <ele>1977.0</ele>
      </trkpt>
      <trkpt lat="42.3400916" lon="82.49526">
        <ele>1976.0</ele>
      </trkpt>
      <trkpt lat="42.3399819" lon="82.4952617">
        <ele>1976.0</ele>
      </trkpt>
      <trkpt lat="42.3398773" lon="82.4952915">
        <ele>1976.0</ele>
      </trkpt>
      <trkpt lat="42.3397826" lon="82.4953502">
        <ele>1975.0</ele>
      </trkpt>
      <trkpt lat="42.3396956" lon="82.4954239">
        <ele>1974.0</ele>
      </trkpt>
      <trkpt lat="42.3396209" lon="82.4955168">
        <ele>1974.0</ele>
      </trkpt>
      <trkpt lat="42.3395716" lon="82.4956393">
        <ele>1976.0</ele>
      </trkpt>
      <trkpt lat="42.3395009" lon="82.4957306">
        <ele>1975.0</ele>
      </trkpt>
      <trkpt lat="42.3394347" lon="82.4958245">
        <ele>1975.0</ele>
      </trkpt>
      <trkpt lat="42.3393945" lon="82.4958743">
        <ele>1975.0</ele>
      </trkpt>
      <trkpt lat="42.3393313" lon="82.495935">
        <ele>1975.0</ele>
      </trkpt>
      <trkpt lat="42.3392838" lon="82.4960504">
        <ele>1978.0</ele>
      </trkpt>
      <trkpt lat="42.3392104" lon="82.496125">
        <ele>1978.0</ele>
      </trkpt>
      <trkpt lat="42.3391183" lon="82.4961889">
        <ele>1978.0</ele>
      </trkpt>
      <trkpt lat="42.3390285" lon="82.4962656">
        <ele>1979.0</ele>
      </trkpt>
      <trkpt lat="42.3389499" lon="82.4963473">
        <ele>1977.0</ele>
      </trkpt>
      <trkpt lat="42.3388675" lon="82.4964372">
        <ele>1977.0</ele>
      </trkpt>
      <trkpt lat="42.3388053" lon="82.4965337">
        <ele>1979.0</ele>
      </trkpt>
      <trkpt lat="42.3387552" lon="82.4966366">
        <ele>1979.0</ele>
      </trkpt>
      <trkpt lat="42.3386926" lon="82.4967269">
        <ele>1976.0</ele>
      </trkpt>
      <trkpt lat="42.338615" lon="82.4967908">
        <ele>1976.0</ele>
      </trkpt>
      <trkpt lat="42.338531" lon="82.4968551">
        <ele>1975.0</ele>
      </trkpt>
      <trkpt lat="42.3384484" lon="82.4969254">
        <ele>1974.0</ele>
      </trkpt>
      <trkpt lat="42.3383745" lon="82.497014">
        <ele>1974.0</ele>
      </trkpt>
      <trkpt lat="42.3383105" lon="82.4971178">
        <ele>1979.0</ele>
      </trkpt>
      <trkpt lat="42.3382477" lon="82.4972221">
        <ele>1979.0</ele>
      </trkpt>
      <trkpt lat="42.3382331" lon="82.4972428">
        <ele>1979.0</ele>
      </trkpt>
      <trkpt lat="42.3381822" lon="82.4972992">
        <ele>1980.0</ele>
      </trkpt>
      <trkpt lat="42.338109" lon="82.497365">
        <ele>1999.0</ele>
      </trkpt>
      <trkpt lat="42.3380126" lon="82.4974166">
        <ele>1999.0</ele>
      </trkpt>
      <trkpt lat="42.3379071" lon="82.4974299">
        <ele>1987.0</ele>
      </trkpt>
      <trkpt lat="42.3378033" lon="82.4974442">
        <ele>1987.0</ele>
      </trkpt>
      <trkpt lat="42.3377033" lon="82.4974573">
        <ele>1987.0</ele>
      </trkpt>
      <trkpt lat="42.3376012" lon="82.4974885">
        <ele>1970.0</ele>
      </trkpt>
      <trkpt lat="42.3375034" lon="82.4975246">
        <ele>1970.0</ele>
      </trkpt>
      <trkpt lat="42.3374076" lon="82.4975619">
        <ele>1970.0</ele>
      </trkpt>
      <trkpt lat="42.3373303" lon="82.4976363">
        <ele>1965.0</ele>
      </trkpt>
      <trkpt lat="42.3372762" lon="82.497752">
        <ele>1968.0</ele>
      </trkpt>
      <trkpt lat="42.3372179" lon="82.4978814">
        <ele>1968.0</ele>
      </trkpt>
      <trkpt lat="42.3371589" lon="82.4980092">
        <ele>1970.0</ele>
      </trkpt>
      <trkpt lat="42.3370945" lon="82.4981342">
        <ele>1970.0</ele>
      </trkpt>
      <trkpt lat="42.3370247" lon="82.498249">
        <ele>1966.0</ele>
      </trkpt>
      <trkpt lat="42.3369647" lon="82.4983489">
        <ele>1966.0</ele>
      </trkpt>
      <trkpt lat="42.3368908" lon="82.4984521">
        <ele>1966.0</ele>
      </trkpt>
      <trkpt lat="42.3368159" lon="82.4985532">
        <ele>1974.0</ele>
      </trkpt>
      <trkpt lat="42.3367421" lon="82.4986522">
        <ele>1964.0</ele>
      </trkpt>
      <trkpt lat="42.3366578" lon="82.4987452">
        <ele>1964.0</ele>
      </trkpt>
      <trkpt lat="42.3365562" lon="82.4988199">
        <ele>1979.0</ele>
      </trkpt>
      <trkpt lat="42.3364522" lon="82.4988873">
        <ele>1981.0</ele>
      </trkpt>
      <trkpt lat="42.3363449" lon="82.4989444">
        <ele>1981.0</ele>
      </trkpt>
      <trkpt lat="42.3362415" lon="82.4990101">
        <ele>1984.0</ele>
      </trkpt>
      <trkpt lat="42.3361391" lon="82.4990657">
        <ele>2004.0</ele>
      </trkpt>
      <trkpt lat="42.3360744" lon="82.4990829">
        <ele>2004.0</ele>
      </trkpt>
      <trkpt lat="42.3359823" lon="82.4990327">
        <ele>2004.0</ele>
      </trkpt>
      <trkpt lat="42.3358818" lon="82.4989917">
        <ele>1985.0</ele>
      </trkpt>
      <trkpt lat="42.3357998" lon="82.4989089">
        <ele>1985.0</ele>
      </trkpt>
      <trkpt lat="42.335737" lon="82.4987947">
        <ele>1985.0</ele>
      </trkpt>
      <trkpt lat="42.3356444" lon="82.4987607">
        <ele>1970.0</ele>
      </trkpt>
      <trkpt lat="42.3355553" lon="82.4988291">
        <ele>1970.0</ele>
      </trkpt>
      <trkpt lat="42.3355074" lon="82.4989466">
        <ele>1970.0</ele>
      </trkpt>
      <trkpt lat="42.3354616" lon="82.4990891">
        <ele>1990.0</ele>
      </trkpt>
      <trkpt lat="42.3354008" lon="82.4992129">
        <ele>1963.0</ele>
      </trkpt>
      <trkpt lat="42.3353293" lon="82.4993101">
        <ele>1978.0</ele>
      </trkpt>
      <trkpt lat="42.3352579" lon="82.4994077">
        <ele>1978.0</ele>
      </trkpt>
      <trkpt lat="42.3351866" lon="82.4994985">
        <ele>1978.0</ele>
      </trkpt>
      <trkpt lat="42.3351045" lon="82.4995852">
        <ele>1971.0</ele>
      </trkpt>
      <trkpt lat="42.335023" lon="82.4996646">
        <ele>1971.0</ele>
      </trkpt>
      <trkpt lat="42.3349466" lon="82.499748">
        <ele>1971.0</ele>
      </trkpt>
      <trkpt lat="42.3348579" lon="82.4998168">
        <ele>1961.0</ele>
      </trkpt>
      <trkpt lat="42.3347556" lon="82.4998574">
        <ele>1961.0</ele>
      </trkpt>
      <trkpt lat="42.3346535" lon="82.4998625">
        <ele>1976.0</ele>
      </trkpt>
      <trkpt lat="42.3345582" lon="82.4998614">
        <ele>1970.0</ele>
      </trkpt>
      <trkpt lat="42.3344459" lon="82.4998431">
        <ele>1958.0</ele>
      </trkpt>
      <trkpt lat="42.3343302" lon="82.4998111">
        <ele>1958.0</ele>
      </trkpt>
      <trkpt lat="42.3342251" lon="82.4998341">
        <ele>1957.0</ele>
      </trkpt>
      <trkpt lat="42.3341601" lon="82.4999214">
        <ele>1964.0</ele>
      </trkpt>
      <trkpt lat="42.3341387" lon="82.5000579">
        <ele>1964.0</ele>
      </trkpt>
      <trkpt lat="42.3341082" lon="82.5001949">
        <ele>1979.0</ele>
      </trkpt>
      <trkpt lat="42.3340608" lon="82.5003089">
        <ele>1979.0</ele>
      </trkpt>
      <trkpt lat="42.3339791" lon="82.5003976">
        <ele>1966.0</ele>
      </trkpt>
      <trkpt lat="42.3338824" lon="82.5004636">
        <ele>1980.0</ele>
      </trkpt>
      <trkpt lat="42.3337892" lon="82.5005186">
        <ele>1980.0</ele>
      </trkpt>
      <trkpt lat="42.3337008" lon="82.5005799">
        <ele>1979.0</ele>
      </trkpt>
      <trkpt lat="42.3336184" lon="82.5006525">
        <ele>1979.0</ele>
      </trkpt>
      <trkpt lat="42.3335526" lon="82.5007559">
        <ele>1987.0</ele>
      </trkpt>
      <trkpt lat="42.3334919" lon="82.5008727">
        <ele>1987.0</ele>
      </trkpt>
      <trkpt lat="42.3334406" lon="82.500995">
        <ele>1995.0</ele>
      </trkpt>
      <trkpt lat="42.3334144" lon="82.5011387">
        <ele>1995.0</ele>
      </trkpt>
      <trkpt lat="42.3333898" lon="82.5012884">
        <ele>1991.0</ele>
      </trkpt>
      <trkpt lat="42.3333621" lon="82.5014391">
        <ele>1991.0</ele>
      </trkpt>
      <trkpt lat="42.3333131" lon="82.5015565">
        <ele>2021.0</ele>
      </trkpt>
      <trkpt lat="42.3332701" lon="82.5016806">
        <ele>2021.0</ele>
      </trkpt>
      <trkpt lat="42.3332253" lon="82.5018092">
        <ele>2038.0</ele>
      </trkpt>
      <trkpt lat="42.3331752" lon="82.5019402">
        <ele>2009.0</ele>
      </trkpt>
      <trkpt lat="42.3331204" lon="82.5020583">
        <ele>2009.0</ele>
      </trkpt>
      <trkpt lat="42.3331399" lon="82.5020872">
        <ele>2002.0</ele>
      </trkpt>
      <trkpt lat="42.3330968" lon="82.5021539">
        <ele>2002.0</ele>
      </trkpt>
      <trkpt lat="42.3330284" lon="82.5022485">
        <ele>2002.0</ele>
      </trkpt>
      <trkpt lat="42.3329583" lon="82.5023411">
        <ele>2002.0</ele>
      </trkpt>
      <trkpt lat="42.3328798" lon="82.5024294">
        <ele>1995.0</ele>
      </trkpt>
      <trkpt lat="42.3328038" lon="82.5025111">
        <ele>1995.0</ele>
      </trkpt>
      <trkpt lat="42.3327266" lon="82.5025916">
        <ele>1995.0</ele>
      </trkpt>
      <trkpt lat="42.3326445" lon="82.5026739">
        <ele>2007.0</ele>
      </trkpt>
      <trkpt lat="42.3326053" lon="82.5027302">
        <ele>1984.0</ele>
      </trkpt>
      <trkpt lat="42.3325307" lon="82.5028258">
        <ele>1984.0</ele>
      </trkpt>
      <trkpt lat="42.3324546" lon="82.502926">
        <ele>2029.0</ele>
      </trkpt>
      <trkpt lat="42.3323779" lon="82.5030134">
        <ele>2029.0</ele>
      </trkpt>
      <trkpt lat="42.3322984" lon="82.5030958">
        <ele>2009.0</ele>
      </trkpt>
      <trkpt lat="42.332212" lon="82.5031594">
        <ele>2009.0</ele>
      </trkpt>
      <trkpt lat="42.3321204" lon="82.5031896">
        <ele>2009.0</ele>
      </trkpt>
      <trkpt lat="42.3320185" lon="82.5032074">
        <ele>2025.0</ele>
      </trkpt>
      <trkpt lat="42.3319063" lon="82.5032462">
        <ele>2025.0</ele>
      </trkpt>
      <trkpt lat="42.3317957" lon="82.5032847">
        <ele>2008.0</ele>
      </trkpt>
      <trkpt lat="42.3316901" lon="82.503314">
        <ele>2008.0</ele>
      </trkpt>
      <trkpt lat="42.3315822" lon="82.5033264">
        <ele>2008.0</ele>
      </trkpt>
      <trkpt lat="42.3314761" lon="82.503308">
        <ele>2000.0</ele>
      </trkpt>
      <trkpt lat="42.3313876" lon="82.5032622">
        <ele>2000.0</ele>
      </trkpt>
      <trkpt lat="42.3313077" lon="82.5032007">
        <ele>2000.0</ele>
      </trkpt>
      <trkpt lat="42.3312279" lon="82.5031413">
        <ele>1987.0</ele>
      </trkpt>
      <trkpt lat="42.3311389" lon="82.5030676">
        <ele>1987.0</ele>
      </trkpt>
      <trkpt lat="42.3310444" lon="82.50299">
        <ele>1987.0</ele>
      </trkpt>
      <trkpt lat="42.3309574" lon="82.5029237">
        <ele>1982.0</ele>
      </trkpt>
      <trkpt lat="42.3308764" lon="82.5028614">
        <ele>1974.0</ele>
      </trkpt>
      <trkpt lat="42.330797" lon="82.5028">
        <ele>1974.0</ele>
      </trkpt>
      <trkpt lat="42.3307105" lon="82.5027554">
        <ele>1974.0</ele>
      </trkpt>
      <trkpt lat="42.3306221" lon="82.5027687">
        <ele>1964.0</ele>
      </trkpt>
      <trkpt lat="42.3305521" lon="82.50279">
        <ele>1964.0</ele>
      </trkpt>
      <trkpt lat="42.33047" lon="82.5027766">
        <ele>1964.0</ele>
      </trkpt>
      <trkpt lat="42.3303801" lon="82.5027709">
        <ele>1962.0</ele>
      </trkpt>
      <trkpt lat="42.3302853" lon="82.5027682">
        <ele>1962.0</ele>
      </trkpt>
      <trkpt lat="42.3301938" lon="82.5027424">
        <ele>1962.0</ele>
      </trkpt>
      <trkpt lat="42.3301049" lon="82.5026929">
        <ele>1977.0</ele>
      </trkpt>
      <trkpt lat="42.3300138" lon="82.5026664">
        <ele>1977.0</ele>
      </trkpt>
      <trkpt lat="42.3299215" lon="82.5026674">
        <ele>1977.0</ele>
      </trkpt>
      <trkpt lat="42.329816" lon="82.5026664">
        <ele>1966.0</ele>
      </trkpt>
      <trkpt lat="42.3297089" lon="82.50269">
        <ele>1966.0</ele>
      </trkpt>
      <trkpt lat="42.3296222" lon="82.5027772">
        <ele>1966.0</ele>
      </trkpt>
      <trkpt lat="42.32956" lon="82.502904">
        <ele>1969.0</ele>
      </trkpt>
      <trkpt lat="42.3294829" lon="82.5029963">
        <ele>1972.0</ele>
      </trkpt>
      <trkpt lat="42.3293946" lon="82.5030598">
        <ele>1972.0</ele>
      </trkpt>
      <trkpt lat="42.3293" lon="82.5030991">
        <ele>1976.0</ele>
      </trkpt>
      <trkpt lat="42.329202" lon="82.5031167">
        <ele>1976.0</ele>
      </trkpt>
      <trkpt lat="42.3291035" lon="82.5031309">
        <ele>1976.0</ele>
      </trkpt>
      <trkpt lat="42.3290028" lon="82.5031388">
        <ele>1978.0</ele>
      </trkpt>
      <trkpt lat="42.3288963" lon="82.5031381">
        <ele>1978.0</ele>
      </trkpt>
      <trkpt lat="42.3287925" lon="82.5031402">
        <ele>1978.0</ele>
      </trkpt>
      <trkpt lat="42.3286949" lon="82.5031476">
        <ele>1992.0</ele>
      </trkpt>
      <trkpt lat="42.328599" lon="82.5031774">
        <ele>1992.0</ele>
      </trkpt>
      <trkpt lat="42.328506" lon="82.5032105">
        <ele>2011.0</ele>
      </trkpt>
      <trkpt lat="42.3284133" lon="82.5032315">
        <ele>2010.0</ele>
      </trkpt>
      <trkpt lat="42.3283184" lon="82.5032377">
        <ele>2010.0</ele>
      </trkpt>
      <trkpt lat="42.3282232" lon="82.5032289">
        <ele>2010.0</ele>
      </trkpt>
      <trkpt lat="42.3281254" lon="82.503254">
        <ele>2007.0</ele>
      </trkpt>
      <trkpt lat="42.3280492" lon="82.5032809">
        <ele>2007.0</ele>
      </trkpt>
      <trkpt lat="42.3279706" lon="82.5033429">
        <ele>2007.0</ele>
      </trkpt>
      <trkpt lat="42.3279002" lon="82.5034491">
        <ele>1998.0</ele>
      </trkpt>
      <trkpt lat="42.3278272" lon="82.503569">
        <ele>2004.0</ele>
      </trkpt>
      <trkpt lat="42.327748" lon="82.5036645">
        <ele>2004.0</ele>
      </trkpt>
      <trkpt lat="42.3276958" lon="82.503707">
        <ele>2004.0</ele>
      </trkpt>
      <trkpt lat="42.3276185" lon="82.5037424">
        <ele>2011.0</ele>
      </trkpt>
      <trkpt lat="42.3275313" lon="82.5037865">
        <ele>2012.0</ele>
      </trkpt>
      <trkpt lat="42.3275678" lon="82.5037475">
        <ele>2011.0</ele>
      </trkpt>
      <trkpt lat="42.3275113" lon="82.5037729">
        <ele>2012.0</ele>
      </trkpt>
      <trkpt lat="42.3274294" lon="82.5038256">
        <ele>2012.0</ele>
      </trkpt>
      <trkpt lat="42.3273395" lon="82.5038777">
        <ele>2016.0</ele>
      </trkpt>
      <trkpt lat="42.3272472" lon="82.5039281">
        <ele>2016.0</ele>
      </trkpt>
      <trkpt lat="42.327191" lon="82.5039434">
        <ele>2016.0</ele>
      </trkpt>
      <trkpt lat="42.3270991" lon="82.503973">
        <ele>2016.0</ele>
      </trkpt>
      <trkpt lat="42.3270762" lon="82.5039613">
        <ele>2011.0</ele>
      </trkpt>
      <trkpt lat="42.3269937" lon="82.5039274">
        <ele>2011.0</ele>
      </trkpt>
      <trkpt lat="42.3268986" lon="82.503888">
        <ele>2011.0</ele>
      </trkpt>
      <trkpt lat="42.3267999" lon="82.5038545">
        <ele>2004.0</ele>
      </trkpt>
      <trkpt lat="42.3266987" lon="82.5038146">
        <ele>2004.0</ele>
      </trkpt>
      <trkpt lat="42.326618" lon="82.5037224">
        <ele>2009.0</ele>
      </trkpt>
      <trkpt lat="42.3265314" lon="82.5036872">
        <ele>2009.0</ele>
      </trkpt>
      <trkpt lat="42.3264445" lon="82.503706">
        <ele>2010.0</ele>
      </trkpt>
      <trkpt lat="42.3263586" lon="82.503749">
        <ele>2010.0</ele>
      </trkpt>
      <trkpt lat="42.3262689" lon="82.5038005">
        <ele>2006.0</ele>
      </trkpt>
      <trkpt lat="42.3261869" lon="82.5038683">
        <ele>1999.0</ele>
      </trkpt>
      <trkpt lat="42.3261067" lon="82.5039377">
        <ele>1999.0</ele>
      </trkpt>
      <trkpt lat="42.3260284" lon="82.5040092">
        <ele>1999.0</ele>
      </trkpt>
      <trkpt lat="42.3259497" lon="82.5040799">
        <ele>1997.0</ele>
      </trkpt>
      <trkpt lat="42.3258714" lon="82.504176">
        <ele>1997.0</ele>
      </trkpt>
      <trkpt lat="42.3258084" lon="82.5042766">
        <ele>1997.0</ele>
      </trkpt>
      <trkpt lat="42.3257629" lon="82.5043877">
        <ele>1995.0</ele>
      </trkpt>
      <trkpt lat="42.3257168" lon="82.5045182">
        <ele>1995.0</ele>
      </trkpt>
      <trkpt lat="42.3256765" lon="82.5046576">
        <ele>1991.0</ele>
      </trkpt>
      <trkpt lat="42.3256368" lon="82.5047804">
        <ele>1991.0</ele>
      </trkpt>
      <trkpt lat="42.3256018" lon="82.5049033">
        <ele>1976.0</ele>
      </trkpt>
      <trkpt lat="42.3255674" lon="82.5050258">
        <ele>1976.0</ele>
      </trkpt>
      <trkpt lat="42.3255312" lon="82.5051491">
        <ele>1977.0</ele>
      </trkpt>
      <trkpt lat="42.3254559" lon="82.5052498">
        <ele>1977.0</ele>
      </trkpt>
      <trkpt lat="42.3253625" lon="82.5053164">
        <ele>1973.0</ele>
      </trkpt>
      <trkpt lat="42.3252749" lon="82.5053952">
        <ele>1973.0</ele>
      </trkpt>
      <trkpt lat="42.3251935" lon="82.5054908">
        <ele>1974.0</ele>
      </trkpt>
      <trkpt lat="42.3250959" lon="82.5055195">
        <ele>1967.0</ele>
      </trkpt>
      <trkpt lat="42.325009" lon="82.5054381">
        <ele>1967.0</ele>
      </trkpt>
      <trkpt lat="42.324912" lon="82.5054247">
        <ele>1967.0</ele>
      </trkpt>
      <trkpt lat="42.3248159" lon="82.505402">
        <ele>1968.0</ele>
      </trkpt>
      <trkpt lat="42.3247175" lon="82.5053744">
        <ele>1968.0</ele>
      </trkpt>
      <trkpt lat="42.3246193" lon="82.5053534">
        <ele>1968.0</ele>
      </trkpt>
      <trkpt lat="42.3245915" lon="82.5053431">
        <ele>1968.0</ele>
      </trkpt>
      <trkpt lat="42.3245129" lon="82.5053061">
        <ele>1966.0</ele>
      </trkpt>
      <trkpt lat="42.3244245" lon="82.5052511">
        <ele>1966.0</ele>
      </trkpt>
      <trkpt lat="42.3243393" lon="82.5051973">
        <ele>1966.0</ele>
      </trkpt>
      <trkpt lat="42.3242671" lon="82.5050998">
        <ele>1967.0</ele>
      </trkpt>
      <trkpt lat="42.3241993" lon="82.5049849">
        <ele>1967.0</ele>
      </trkpt>
      <trkpt lat="42.3241383" lon="82.504879">
        <ele>1967.0</ele>
      </trkpt>
      <trkpt lat="42.3240735" lon="82.5047691">
        <ele>1975.0</ele>
      </trkpt>
      <trkpt lat="42.3240043" lon="82.5046762">
        <ele>1956.0</ele>
      </trkpt>
      <trkpt lat="42.3239332" lon="82.5045978">
        <ele>1956.0</ele>
      </trkpt>
      <trkpt lat="42.3238536" lon="82.5045205">
        <ele>1959.0</ele>
      </trkpt>
      <trkpt lat="42.3237662" lon="82.5044417">
        <ele>1959.0</ele>
      </trkpt>
      <trkpt lat="42.3236811" lon="82.5043559">
        <ele>1952.0</ele>
      </trkpt>
      <trkpt lat="42.3236025" lon="82.5042755">
        <ele>1960.0</ele>
      </trkpt>
      <trkpt lat="42.323527" lon="82.5041911">
        <ele>1960.0</ele>
      </trkpt>
      <trkpt lat="42.3234369" lon="82.5041136">
        <ele>1952.0</ele>
      </trkpt>
      <trkpt lat="42.3233657" lon="82.5040816">
        <ele>1952.0</ele>
      </trkpt>
      <trkpt lat="42.3231638" lon="82.5041652">
        <ele>1940.0</ele>
      </trkpt>
      <trkpt lat="42.3230318" lon="82.5042402">
        <ele>1940.0</ele>
      </trkpt>
      <trkpt lat="42.3229179" lon="82.5042936">
        <ele>1940.0</ele>
      </trkpt>
      <trkpt lat="42.3228144" lon="82.5043297">
        <ele>1932.0</ele>
      </trkpt>
      <trkpt lat="42.32272" lon="82.50437">
        <ele>1932.0</ele>
      </trkpt>
      <trkpt lat="42.3226243" lon="82.5044035">
        <ele>1934.0</ele>
      </trkpt>
      <trkpt lat="42.3225419" lon="82.50446">
        <ele>1934.0</ele>
      </trkpt>
      <trkpt lat="42.3224659" lon="82.5045474">
        <ele>1934.0</ele>
      </trkpt>
      <trkpt lat="42.3223889" lon="82.5046318">
        <ele>1928.0</ele>
      </trkpt>
      <trkpt lat="42.3223192" lon="82.5047184">
        <ele>1929.0</ele>
      </trkpt>
      <trkpt lat="42.3222495" lon="82.5047979">
        <ele>1929.0</ele>
      </trkpt>
      <trkpt lat="42.3221698" lon="82.5048792">
        <ele>1926.0</ele>
      </trkpt>
      <trkpt lat="42.3220919" lon="82.5049641">
        <ele>1926.0</ele>
      </trkpt>
      <trkpt lat="42.3220254" lon="82.505052">
        <ele>1925.0</ele>
      </trkpt>
      <trkpt lat="42.321956" lon="82.5051399">
        <ele>1924.0</ele>
      </trkpt>
      <trkpt lat="42.321896" lon="82.5052432">
        <ele>1924.0</ele>
      </trkpt>
      <trkpt lat="42.3218342" lon="82.5053478">
        <ele>1924.0</ele>
      </trkpt>
      <trkpt lat="42.3217704" lon="82.5054456">
        <ele>1929.0</ele>
      </trkpt>
      <trkpt lat="42.3217072" lon="82.5055482">
        <ele>1929.0</ele>
      </trkpt>
      <trkpt lat="42.321643" lon="82.5056507">
        <ele>1929.0</ele>
      </trkpt>
      <trkpt lat="42.3215783" lon="82.5057483">
        <ele>1930.0</ele>
      </trkpt>
      <trkpt lat="42.3215117" lon="82.5058512">
        <ele>1938.0</ele>
      </trkpt>
      <trkpt lat="42.321451" lon="82.5059559">
        <ele>1938.0</ele>
      </trkpt>
      <trkpt lat="42.3214043" lon="82.5060773">
        <ele>1935.0</ele>
      </trkpt>
      <trkpt lat="42.3213617" lon="82.5062084">
        <ele>1935.0</ele>
      </trkpt>
      <trkpt lat="42.3213174" lon="82.5063329">
        <ele>1936.0</ele>
      </trkpt>
      <trkpt lat="42.3212756" lon="82.5064546">
        <ele>1936.0</ele>
      </trkpt>
      <trkpt lat="42.3212346" lon="82.5065763">
        <ele>1935.0</ele>
      </trkpt>
      <trkpt lat="42.3211808" lon="82.5066883">
        <ele>1935.0</ele>
      </trkpt>
      <trkpt lat="42.3210985" lon="82.5067783">
        <ele>1935.0</ele>
      </trkpt>
      <trkpt lat="42.3210075" lon="82.5068648">
        <ele>1936.0</ele>
      </trkpt>
      <trkpt lat="42.3209283" lon="82.5069574">
        <ele>1939.0</ele>
      </trkpt>
      <trkpt lat="42.3208543" lon="82.507063">
        <ele>1939.0</ele>
      </trkpt>
      <trkpt lat="42.3207879" lon="82.5071706">
        <ele>1940.0</ele>
      </trkpt>
      <trkpt lat="42.3207247" lon="82.5072821">
        <ele>1940.0</ele>
      </trkpt>
      <trkpt lat="42.3206994" lon="82.5073481">
        <ele>1940.0</ele>
      </trkpt>
      <trkpt lat="42.320666" lon="82.5074442">
        <ele>1940.0</ele>
      </trkpt>
      <trkpt lat="42.3206069" lon="82.5075434">
        <ele>1940.0</ele>
      </trkpt>
      <trkpt lat="42.320533" lon="82.5076263">
        <ele>1940.0</ele>
      </trkpt>
      <trkpt lat="42.3205199" lon="82.5075836">
        <ele>1940.0</ele>
      </trkpt>
      <trkpt lat="42.3204489" lon="82.50757">
        <ele>1940.0</ele>
      </trkpt>
      <trkpt lat="42.3204285" lon="82.5075449">
        <ele>1940.0</ele>
      </trkpt>
      <trkpt lat="42.3204706" lon="82.5076315">
        <ele>1940.0</ele>
      </trkpt>
      <trkpt lat="42.3204225" lon="82.5077052">
        <ele>1941.0</ele>
      </trkpt>
      <trkpt lat="42.3203477" lon="82.507793">
        <ele>1940.0</ele>
      </trkpt>
      <trkpt lat="42.3202693" lon="82.5078935">
        <ele>1940.0</ele>
      </trkpt>
      <trkpt lat="42.3201952" lon="82.5079822">
        <ele>1939.0</ele>
      </trkpt>
      <trkpt lat="42.3201639" lon="82.5080142">
        <ele>1939.0</ele>
      </trkpt>
      <trkpt lat="42.320101" lon="82.5080883">
        <ele>1932.0</ele>
      </trkpt>
      <trkpt lat="42.3200246" lon="82.5081848">
        <ele>1932.0</ele>
      </trkpt>
      <trkpt lat="42.3199522" lon="82.5082778">
        <ele>1925.0</ele>
      </trkpt>
      <trkpt lat="42.3198651" lon="82.5083523">
        <ele>1925.0</ele>
      </trkpt>
      <trkpt lat="42.3197695" lon="82.5084149">
        <ele>1925.0</ele>
      </trkpt>
      <trkpt lat="42.319683" lon="82.5084726">
        <ele>1924.0</ele>
      </trkpt>
      <trkpt lat="42.3195812" lon="82.5085092">
        <ele>1920.0</ele>
      </trkpt>
      <trkpt lat="42.3194729" lon="82.5085337">
        <ele>1920.0</ele>
      </trkpt>
      <trkpt lat="42.3193683" lon="82.5085561">
        <ele>1920.0</ele>
      </trkpt>
      <trkpt lat="42.3192707" lon="82.508577">
        <ele>1920.0</ele>
      </trkpt>
      <trkpt lat="42.3191687" lon="82.5085824">
        <ele>1920.0</ele>
      </trkpt>
      <trkpt lat="42.3190614" lon="82.5085973">
        <ele>1920.0</ele>
      </trkpt>
      <trkpt lat="42.3189541" lon="82.5086256">
        <ele>1922.0</ele>
      </trkpt>
      <trkpt lat="42.3188461" lon="82.508662">
        <ele>1922.0</ele>
      </trkpt>
      <trkpt lat="42.3187417" lon="82.5087088">
        <ele>1925.0</ele>
      </trkpt>
      <trkpt lat="42.3186416" lon="82.5087594">
        <ele>1922.0</ele>
      </trkpt>
      <trkpt lat="42.3185513" lon="82.5088149">
        <ele>1922.0</ele>
      </trkpt>
      <trkpt lat="42.3184605" lon="82.5088602">
        <ele>1923.0</ele>
      </trkpt>
      <trkpt lat="42.3183698" lon="82.508909">
        <ele>1923.0</ele>
      </trkpt>
      <trkpt lat="42.3182727" lon="82.50896">
        <ele>1923.0</ele>
      </trkpt>
      <trkpt lat="42.3181712" lon="82.5090072">
        <ele>1921.0</ele>
      </trkpt>
      <trkpt lat="42.3180703" lon="82.5090645">
        <ele>1922.0</ele>
      </trkpt>
      <trkpt lat="42.3179716" lon="82.5091265">
        <ele>1922.0</ele>
      </trkpt>
      <trkpt lat="42.31788" lon="82.5091842">
        <ele>1924.0</ele>
      </trkpt>
      <trkpt lat="42.3177826" lon="82.5092441">
        <ele>1924.0</ele>
      </trkpt>
      <trkpt lat="42.3176825" lon="82.5092978">
        <ele>1924.0</ele>
      </trkpt>
      <trkpt lat="42.3175815" lon="82.5093528">
        <ele>1925.0</ele>
      </trkpt>
      <trkpt lat="42.3174812" lon="82.5094026">
        <ele>1925.0</ele>
      </trkpt>
      <trkpt lat="42.3173797" lon="82.5094492">
        <ele>1925.0</ele>
      </trkpt>
      <trkpt lat="42.3172729" lon="82.5094908">
        <ele>1924.0</ele>
      </trkpt>
      <trkpt lat="42.3171659" lon="82.5095263">
        <ele>1924.0</ele>
      </trkpt>
      <trkpt lat="42.317063" lon="82.5095542">
        <ele>1922.0</ele>
      </trkpt>
      <trkpt lat="42.3169589" lon="82.509589">
        <ele>1920.0</ele>
      </trkpt>
      <trkpt lat="42.3168478" lon="82.509622">
        <ele>1920.0</ele>
      </trkpt>
      <trkpt lat="42.3167408" lon="82.5096576">
        <ele>1923.0</ele>
      </trkpt>
      <trkpt lat="42.3166373" lon="82.5096972">
        <ele>1923.0</ele>
      </trkpt>
      <trkpt lat="42.316537" lon="82.5097265">
        <ele>1923.0</ele>
      </trkpt>
      <trkpt lat="42.3164305" lon="82.50977">
        <ele>1914.0</ele>
      </trkpt>
      <trkpt lat="42.3163181" lon="82.5098123">
        <ele>1914.0</ele>
      </trkpt>
      <trkpt lat="42.3162132" lon="82.5098291">
        <ele>1912.0</ele>
      </trkpt>
      <trkpt lat="42.316121" lon="82.5098462">
        <ele>1912.0</ele>
      </trkpt>
      <trkpt lat="42.3160218" lon="82.5098785">
        <ele>1912.0</ele>
      </trkpt>
      <trkpt lat="42.3159223" lon="82.5099136">
        <ele>1911.0</ele>
      </trkpt>
      <trkpt lat="42.315823" lon="82.5099512">
        <ele>1911.0</ele>
      </trkpt>
      <trkpt lat="42.3157178" lon="82.5099785">
        <ele>1911.0</ele>
      </trkpt>
      <trkpt lat="42.3156064" lon="82.5100089">
        <ele>1910.0</ele>
      </trkpt>
      <trkpt lat="42.3155009" lon="82.5100388">
        <ele>1910.0</ele>
      </trkpt>
      <trkpt lat="42.3153985" lon="82.5100716">
        <ele>1912.0</ele>
      </trkpt>
      <trkpt lat="42.3152984" lon="82.5101045">
        <ele>1912.0</ele>
      </trkpt>
      <trkpt lat="42.3152042" lon="82.5100888">
        <ele>1912.0</ele>
      </trkpt>
      <trkpt lat="42.3151105" lon="82.5101284">
        <ele>1914.0</ele>
      </trkpt>
      <trkpt lat="42.3150224" lon="82.5102054">
        <ele>1913.0</ele>
      </trkpt>
      <trkpt lat="42.3149239" lon="82.5102649">
        <ele>1913.0</ele>
      </trkpt>
      <trkpt lat="42.3148306" lon="82.5103277">
        <ele>1913.0</ele>
      </trkpt>
      <trkpt lat="42.3147549" lon="82.5104063">
        <ele>1913.0</ele>
      </trkpt>
      <trkpt lat="42.314781" lon="82.5105161">
        <ele>1911.0</ele>
      </trkpt>
      <trkpt lat="42.3148736" lon="82.51053">
        <ele>1911.0</ele>
      </trkpt>
      <trkpt lat="42.314979" lon="82.5105258">
        <ele>1911.0</ele>
      </trkpt>
      <trkpt lat="42.314979" lon="82.5105258">
        <ele>1911.0</ele>
      </trkpt>
    </trkseg>
  </trk>
</gpx>